Datetime,Temps_heures,Longitude_deg,Longitude_deroulee_deg,Longitude_modele_deg,Residu_phase_deg
2026-01-01 01:00:00,0.0,-16.66699745598501,-16.66699745598501,-16.742429653421897,0.07543219743689034
2026-01-01 02:00:00,1.0,-14.565367210237055,-14.565367210237055,-14.645861283467381,0.08049407323032684
2026-01-01 03:00:00,2.0,-12.46385838473568,-12.46385838473568,-12.549292913512865,0.08543452877718485
2026-01-01 04:00:00,3.0,-10.362471396497968,-10.362471396497968,-10.452724543558347,0.0902531470603795
2026-01-01 05:00:00,4.0,-8.261206757825976,-8.261206757825976,-8.35615617360383,0.09494941577785405
2026-01-01 06:00:00,5.0,-6.1600652475733355,-6.1600652475733355,-6.259587803649313,0.09952255607597768
2026-01-01 07:00:00,6.0,-4.059047873684861,-4.059047873684861,-4.163019433694797,0.10397156000993552
2026-01-01 08:00:00,7.0,-1.9581556603835055,-1.9581556603835055,-2.0664510637402795,0.10829540335677418
2026-01-01 09:00:00,8.0,0.1426101248429089,0.1426101248429089,0.030117306214237194,0.11249281862867168
2026-01-01 10:00:00,9.0,2.2432480521624023,2.2432480521624023,2.126685676168754,0.11656237599364803
2026-01-01 11:00:00,10.0,4.343756568637825,4.343756568637825,4.223254046123271,0.12050252251455373
2026-01-01 12:00:00,11.0,6.4441340197176675,6.4441340197176675,6.319822416077788,0.12431160363987989
2026-01-01 13:00:00,12.0,8.544378660945075,8.544378660945075,8.416390786032304,0.1279878749127702
2026-01-01 14:00:00,13.0,10.644488664326232,10.644488664326232,10.512959155986822,0.13152950833941088
2026-01-01 15:00:00,14.0,12.744462121977136,12.744462121977136,12.609527525941338,0.13493459603579722
2026-01-01 16:00:00,15.0,14.84429704882396,14.84429704882396,14.706095895895858,0.1382011529281006
2026-01-01 17:00:00,16.0,16.943991385765038,16.943991385765038,16.80266426585037,0.14132711991466557
2026-01-01 18:00:00,17.0,19.043543004486004,19.043543004486004,18.899232635804886,0.14431036868111835
2026-01-01 19:00:00,18.0,21.142949714864155,21.142949714864155,20.995801005759407,0.1471487091047474
2026-01-01 20:00:00,19.0,23.24220927551663,23.24220927551663,23.092369375713925,0.1498398998027033
2026-01-01 21:00:00,20.0,25.34131940752249,25.34131940752249,25.18893774566844,0.15238166185405033
2026-01-01 22:00:00,21.0,27.440277810712406,27.440277810712406,27.285506115622955,0.15477169508945116
2026-01-01 23:00:00,22.0,29.53908218123409,29.53908218123409,29.38207448557747,0.1570076956566196
2026-01-02 00:00:00,23.0,31.637730228440336,31.637730228440336,31.478642855531998,0.15908737290833783
2026-01-02 01:00:00,24.0,33.7362196885916,33.7362196885916,33.57521122548651,0.16100846310509057
2026-01-02 02:00:00,25.0,35.83454833249378,35.83454833249378,35.67177959544102,0.16276873705276
2026-01-02 03:00:00,26.0,37.93271396407638,37.93271396407638,37.76834796539554,0.1643659986808414
2026-01-02 04:00:00,27.0,40.030714407119376,40.030714407119376,39.86491633535007,0.16579807176930808
2026-01-02 05:00:00,28.0,42.12854747791011,42.12854747791011,41.96148470530458,0.16706277260552888
2026-01-02 06:00:00,29.0,44.226210942597824,44.226210942597824,44.05805307525909,0.16815786733872945
2026-01-02 07:00:00,30.0,46.32370245944159,46.32370245944159,46.15462144521362,0.16908101422797026
2026-01-02 08:00:00,31.0,48.42101950803937,48.42101950803937,48.25118981516813,0.16982969287124264
2026-01-02 09:00:00,32.0,50.51815930998747,50.51815930998747,50.34775818512264,0.17040112486482117
2026-01-02 10:00:00,33.0,52.615118824751555,52.615118824751555,52.44432655507716,0.1707922696743947
2026-01-02 11:00:00,34.0,54.711894669474084,54.711894669474084,54.54089492503167,0.1709997444424118
2026-01-02 12:00:00,35.0,56.808483125197164,56.808483125197164,56.6374632949862,0.17101983021096323
2026-01-02 13:00:00,36.0,58.904880201957575,58.904880201957575,58.734031664940716,0.17084853701685868
2026-01-02 14:00:00,37.0,61.001081638989056,61.001081638989056,60.83060003489523,0.1704816040938274
2026-01-02 15:00:00,38.0,63.097082932816875,63.097082932816875,62.92716840484975,0.16991452796712106
2026-01-02 16:00:00,39.0,65.19287938358202,65.19287938358202,65.02373677480426,0.16914260877775197
2026-01-02 17:00:00,40.0,67.28846615183532,67.28846615183532,67.12030514475879,0.16816100707653844
2026-01-02 18:00:00,41.0,69.3838383199938,69.3838383199938,69.2168735147133,0.16696480528049992
2026-01-02 19:00:00,42.0,71.47899095453846,71.47899095453846,71.31344188466781,0.16554906987065196
2026-01-02 20:00:00,43.0,73.57391916675448,73.57391916675448,73.41001025462234,0.1639089121321404
2026-01-02 21:00:00,44.0,75.66861817129,75.66861817129,75.50657862457685,0.1620395467131639
2026-01-02 22:00:00,45.0,77.76308334297255,77.76308334297255,77.60314699453136,0.15993634844119406
2026-01-02 23:00:00,46.0,79.85731027313103,79.85731027313103,79.69971536448588,0.15759490864514106
2026-01-03 00:00:00,47.0,81.9512948271046,81.9512948271046,81.79628373444041,0.15501109266419683
2026-01-03 01:00:00,48.0,84.045033204677,84.045033204677,83.89285210439492,0.1521811002820763
2026-01-03 02:00:00,49.0,86.1385220048727,86.1385220048727,85.98942047434943,0.1491015305232619
2026-01-03 03:00:00,50.0,88.23175829592287,88.23175829592287,88.08598884430394,0.14576945161893454
2026-01-03 04:00:00,51.0,90.32473969028649,90.32473969028649,90.18255721425847,0.14218247602801465
2026-01-03 05:00:00,52.0,92.41746442342986,92.41746442342986,92.27912558421299,0.1383388392168807
2026-01-03 06:00:00,53.0,94.509931433636,94.509931433636,94.3756939541675,0.1342374794685063
2026-01-03 07:00:00,54.0,96.60214043841049,96.60214043841049,96.47226232412203,0.12987811428846735
2026-01-03 08:00:00,55.0,98.69409200099855,98.69409200099855,98.56883069407652,0.125261306922032
2026-01-03 09:00:00,56.0,100.78578757797654,100.78578757797654,100.66539906403105,0.1203885139454875
2026-01-03 10:00:00,57.0,102.87722953558621,102.87722953558621,102.76196743398557,0.11526210160062937
2026-01-03 11:00:00,58.0,104.96842111808533,104.96842111808533,104.85853580394009,0.1098853141452525
2026-01-03 12:00:00,59.0,107.05936634540437,107.05936634540437,106.95510417389461,0.10426217150977156
2026-01-03 13:00:00,60.0,109.15006988661023,109.15006988661023,109.05167254384914,0.09839734276109209
2026-01-03 14:00:00,61.0,111.24053714562535,111.24053714562535,111.14824091380363,0.09229623182172703
2026-01-03 15:00:00,62.0,113.33077413256406,113.33077413256406,113.24480928375816,0.08596484880590216
2026-01-03 16:00:00,63.0,115.42078748364614,115.42078748364614,115.34137765371266,0.07940982993347968
2026-01-03 17:00:00,64.0,117.51058452994717,117.51058452994717,117.43794602366718,0.07263850627997584
2026-01-03 18:00:00,65.0,119.60017334750373,119.60017334750373,119.53451439362172,0.06565895388201431
2026-01-03 19:00:00,66.0,121.68956279355751,121.68956279355751,121.63108276357622,0.05848002998129894
2026-01-03 20:00:00,67.0,123.77876253125261,123.77876253125261,123.72765113353074,0.05111139772186248
2026-01-03 21:00:00,68.0,125.86778304369224,125.86778304369224,125.82421950348524,0.04356354020699883
2026-01-03 22:00:00,69.0,127.95663563762002,127.95663563762002,127.92078787343976,0.03584776418025885
2026-01-03 23:00:00,70.0,130.0453324368483,130.0453324368483,130.0173562433943,0.027976193454017285
2026-01-04 00:00:00,71.0,132.1338863656932,132.1338863656932,132.1139246133488,0.01996175234440612
2026-01-04 01:00:00,72.0,134.2223111229199,134.2223111229199,134.2104929833033,0.011818139616592277
2026-01-04 02:00:00,73.0,136.31062114694134,136.31062114694134,136.30706135325784,0.003559793683504512
2026-01-04 03:00:00,74.0,138.39883157317905,138.39883157317905,138.40362972321236,-0.004798150033293303
2026-01-04 04:00:00,75.0,140.48695818456287,140.48695818456287,140.5001980931669,-0.013239908603999581
2026-01-04 05:00:00,76.0,142.575017356118,142.575017356118,142.5967664631214,-0.021749107003420014
2026-01-04 06:00:00,77.0,144.66302599449074,144.66302599449074,144.6933348330759,-0.03030883858516917
2026-01-04 07:00:00,78.0,146.75100147313518,146.75100147313518,146.78990320303043,-0.038901729895268244
2026-01-04 08:00:00,79.0,148.8389615637614,148.8389615637614,148.88647157298493,-0.047510009223530665
2026-01-04 09:00:00,80.0,150.9269243645743,150.9269243645743,150.98303994293946,-0.05611557836517057
2026-01-04 10:00:00,81.0,153.01490822584157,153.01490822584157,153.07960831289398,-0.06470008705242339
2026-01-04 11:00:00,82.0,155.10293167344747,155.10293167344747,155.17617668284848,-0.07324500940100959
2026-01-04 12:00:00,83.0,157.19101333132878,157.19101333132878,157.272745052803,-0.08173172147424534
2026-01-04 13:00:00,84.0,159.2791718440596,159.2791718440596,159.3693134227575,-0.09014157869792165
2026-01-04 14:00:00,85.0,161.36742580134643,161.36742580134643,161.46588179271203,-0.09845599136560372
2026-01-04 15:00:00,86.0,163.4557936668054,163.4557936668054,163.56245016266658,-0.10665649586117369
2026-01-04 16:00:00,87.0,165.54429370342876,165.54429370342876,165.65901853262108,-0.11472482919230521
2026-01-04 17:00:00,88.0,167.63294387936122,167.63294387936122,167.7555869025756,-0.12264302321437048
2026-01-04 18:00:00,89.0,169.72176181197685,169.72176181197685,169.85215527253013,-0.13039346055326803
2026-01-04 19:00:00,90.0,171.81076470258478,171.81076470258478,171.94872364248462,-0.13795893989984412
2026-01-04 20:00:00,91.0,173.8999692671479,173.8999692671479,174.04529201243915,-0.1453227452912537
2026-01-04 21:00:00,92.0,175.98939166945064,175.98939166945064,176.14186038239367,-0.15246871294303987
2026-01-04 22:00:00,93.0,178.07904745783608,178.07904745783608,178.23842875234817,-0.15938129451209704
2026-01-04 23:00:00,94.0,-179.83104849407232,180.16895150592768,180.3349971223027,-0.16604561637500895
2026-01-05 00:00:00,95.0,-177.74088204270296,182.25911795729704,182.4315654922572,-0.17244753496015885
2026-01-05 01:00:00,96.0,-175.65043982618366,184.34956017381634,184.52813386221172,-0.17857368839538282
2026-01-05 02:00:00,97.0,-173.55970931259012,186.44029068740988,186.62470223216624,-0.18441154475637353
2026-01-05 03:00:00,98.0,-171.46867884494742,188.53132115505258,188.72127060212077,-0.18994944706817055
2026-01-05 04:00:00,99.0,-169.37733768288484,190.62266231711516,190.8178389720753,-0.19517665496012143
2026-01-05 05:00:00,100.0,-167.28567604052535,192.71432395947465,192.9144073420298,-0.20008338255511737
2026-01-05 06:00:00,101.0,-165.19368511984968,194.80631488015032,195.01097571198432,-0.2046608318339934
2026-01-05 07:00:00,102.0,-163.1013571384586,196.8986428615414,197.10754408193884,-0.20890122039744513
2026-01-05 08:00:00,103.0,-161.00868535040382,198.99131464959618,199.20411245189334,-0.21279780229716092
2026-01-05 09:00:00,104.0,-158.9156640586123,201.0843359413877,201.30068082184786,-0.2163448804601623
2026-01-05 10:00:00,105.0,-156.82228861741785,203.17771138258215,203.3972491918024,-0.21953780922024577
2026-01-05 11:00:00,106.0,-154.72855542388365,205.27144457611635,205.49381756175688,-0.22237298564053912
2026-01-05 12:00:00,107.0,-152.63446189699854,207.36553810300143,207.5903859317114,-0.22484782870997652
2026-01-05 13:00:00,108.0,-150.54000644453907,209.45999355546093,209.68695430166593,-0.2269607462050231
2026-01-05 14:00:00,109.0,-148.44518841854665,211.55481158145335,211.78352267162043,-0.2287110901671001
2026-01-05 15:00:00,110.0,-146.3500080621871,213.6499919378129,213.88009104157496,-0.23009910376205517
2026-01-05 16:00:00,111.0,-144.2544664535882,215.7455335464118,215.97665941152948,-0.23112586511767363
2026-01-05 17:00:00,112.0,-142.15856545660856,217.84143454339144,218.073227781484,-0.23179323809255933
2026-01-05 18:00:00,113.0,-140.06230769514838,219.93769230485162,220.16979615143853,-0.23210384658689642
2026-01-05 19:00:00,114.0,-137.9656965939327,222.0343034060673,222.26636452139306,-0.23206111532576043
2026-01-05 20:00:00,115.0,-135.8687364288381,224.1312635711619,224.36293289134753,-0.23166932018564582
2026-01-05 21:00:00,116.0,-133.77143238273842,226.22856761726158,226.45950126130205,-0.230933644040477
2026-01-05 22:00:00,117.0,-131.67379061415267,228.32620938584733,228.55606963125658,-0.22986024540925024
2026-01-05 23:00:00,118.0,-129.5758182447256,230.4241817552744,230.6526380012111,-0.2284562459367089
2026-01-06 00:00:00,119.0,-127.47752330287886,232.5224766971211,232.74920637116563,-0.2267296740445248
2026-01-06 01:00:00,120.0,-125.37891464353447,234.62108535646553,234.84577474112015,-0.22468938465463237
2026-01-06 02:00:00,121.0,-123.28000185689692,236.71999814310306,236.94234311107465,-0.22234496797158204
2026-01-06 03:00:00,122.0,-121.18079517459404,238.81920482540596,239.03891148102917,-0.219706655623201
2026-01-06 04:00:00,123.0,-119.08130537827934,240.91869462172065,241.1354798509837,-0.2167852292630544
2026-01-06 05:00:00,124.0,-116.98154371359064,243.01845628640936,243.23204822093822,-0.21359193452885883
2026-01-06 06:00:00,125.0,-114.88152181081688,245.11847818918312,245.32861659089275,-0.21013840170962686
2026-01-06 07:00:00,126.0,-112.78125161254682,247.21874838745316,247.42518496084722,-0.20643657339405305
2026-01-06 08:00:00,127.0,-110.68074530783873,249.31925469216128,249.52175333080174,-0.2024986386404618
2026-01-06 09:00:00,128.0,-108.58001527199602,251.419984728004,251.61832170075627,-0.19833697275226653
2026-01-06 10:00:00,129.0,-106.47907401081376,253.52092598918622,253.7148900707108,-0.19396408152457634
2026-01-06 11:00:00,130.0,-104.37793410814868,255.62206589185132,255.81145844066532,-0.18939254881399886
2026-01-06 12:00:00,131.0,-102.27660817582972,257.7233918241703,257.9080268106198,-0.184634986449535
2026-01-06 13:00:00,132.0,-100.175108805232,259.824891194768,260.0045951805743,-0.17970398580631833
2026-01-06 14:00:00,133.0,-98.07344852024073,261.92655147975927,262.10116355052884,-0.17461207076958785
2026-01-06 15:00:00,134.0,-95.97163973178499,264.028360268215,264.19773192048336,-0.169371652268379
2026-01-06 16:00:00,135.0,-93.8696946945651,266.1303053054349,266.2943002904379,-0.16399498500303386
2026-01-06 17:00:00,136.0,-91.76762546697475,268.2323745330253,268.39086866039236,-0.15849412736710808
2026-01-06 18:00:00,137.0,-89.66544387546817,270.33455612453184,270.4874370303469,-0.15288090581508237
2026-01-06 19:00:00,138.0,-87.56316148468687,272.4368385153131,272.5840054003014,-0.1471668849883029
2026-01-06 20:00:00,139.0,-85.46078957448559,274.5392104255144,274.68057377025593,-0.14136334474155507
2026-01-06 21:00:00,140.0,-83.35833912453481,276.64166087546516,276.77714214021046,-0.13548126474531116
2026-01-06 22:00:00,141.0,-81.25582077792701,278.74417922207294,278.873710510165,-0.12953128809204265
2026-01-06 23:00:00,142.0,-79.15324478918645,280.84675521081357,280.9702788801195,-0.12352366930590644
2026-01-07 00:00:00,143.0,-77.0506210535624,282.9493789464376,283.06684725007403,-0.11746830363641689
2026-01-07 01:00:00,144.0,-74.94795908793786,285.0520409120621,285.16341562002856,-0.11137470796641562
2026-01-07 02:00:00,145.0,-72.8452680166344,287.1547319833656,287.2599839899831,-0.10525200661748506
2026-01-07 03:00:00,146.0,-70.74255656389546,289.25744343610455,289.3565523599376,-0.09910892383305092
2026-01-07 04:00:00,147.0,-68.63983305131528,291.36016694868476,291.4531207298921,-0.09295378120732355
2026-01-07 05:00:00,148.0,-66.5371053989347,293.46289460106533,293.5496890998466,-0.08679449878129168
2026-01-07 06:00:00,149.0,-64.43438112911313,295.56561887088685,295.6462574698011,-0.0806385989142462
2026-01-07 07:00:00,150.0,-62.33166737258848,297.66833262741153,297.74282583975565,-0.07449321234413629
2026-01-07 08:00:00,151.0,-60.22897087634621,299.77102912365376,299.8393942097102,-0.06836508605641442
2026-01-07 09:00:00,152.0,-58.12629801302809,301.8737019869719,301.9359625796647,-0.062260592692778546
2026-01-07 10:00:00,153.0,-56.02365479163072,303.97634520836925,304.0325309496192,-0.05618574124989658
2026-01-07 11:00:00,154.0,-53.92104686918724,306.07895313081275,306.1290993195737,-0.05014618876094763
2026-01-07 12:00:00,155.0,-51.81847956301807,308.18152043698194,308.2256676895282,-0.04414725254630436
2026-01-07 13:00:00,156.0,-49.71595786300892,310.28404213699105,310.32223605948275,-0.03819392249169544
2026-01-07 14:00:00,157.0,-47.613486443259866,312.38651355674017,312.4188044294373,-0.032290872697126966
2026-01-07 15:00:00,158.0,-45.511069672379215,314.4889303276208,314.51537279939174,-0.026442471770989465
2026-01-07 16:00:00,159.0,-43.40871162168898,316.591288378311,316.61194116934627,-0.02065279103527826
2026-01-07 17:00:00,160.0,-41.306416070669655,318.6935839293304,318.7085095393008,-0.01492560997044866
2026-01-07 18:00:00,161.0,-39.2041865090716,320.79581349092837,320.8050779092553,-0.009264418326948042
2026-01-07 19:00:00,162.0,-37.102026135198294,322.8979738648017,322.90164627920984,-0.003672414408174326
2026-01-07 20:00:00,163.0,-34.999937849814195,325.00006215018584,324.9982146491643,0.0018475010214821315
2026-01-07 21:00:00,164.0,-32.897924244789884,327.10207575521014,327.0947830191189,0.007292736091269639
2026-01-07 22:00:00,165.0,-30.795987584763605,329.2040124152364,329.1913513890734,0.012661026163000794
2026-01-07 23:00:00,166.0,-28.69412977852303,331.30587022147694,331.28791975902794,0.017950462449021955
2026-01-08 00:00:00,167.0,-26.592352334221367,333.40764766577865,333.38448812898247,0.023159536796204264
2026-01-08 01:00:00,168.0,-24.490656325839073,335.5093436741609,335.48105649893694,0.028287175224002214
2026-01-08 02:00:00,169.0,-22.389042565044644,337.61095743495537,337.57762486889146,0.03333256606391931
2026-01-08 03:00:00,170.0,-20.2875114875098,339.7124885124902,339.674193238846,0.03829527364423684
2026-01-08 04:00:00,171.0,-18.18606328292019,341.8139367170798,341.7707616088005,0.04317510827931983
2026-01-08 05:00:00,172.0,-16.084698081313537,343.91530191868645,343.86732997875504,0.04797193993145223
2026-01-08 06:00:00,173.0,-13.983416071266026,346.016583928734,345.96389834870956,0.052685580024427435
2026-01-08 07:00:00,174.0,-11.882217567599733,348.1177824324003,348.06046671866403,0.05731571373625639
2026-01-08 08:00:00,175.0,-9.781103042799488,350.2188969572005,350.15703508861856,0.061861868581953854
2026-01-08 09:00:00,176.0,-7.680073133702315,352.3199268662977,352.2536034585731,0.06632340772460284
2026-01-08 10:00:00,177.0,-5.57912863289906,354.4208713671009,354.3501718285276,0.07069953857333537
2026-01-08 11:00:00,178.0,-3.4782704724272935,356.5217295275727,356.44674019848213,0.07498932909057074
2026-01-08 12:00:00,179.0,-1.377499705589347,358.62250029441066,358.5433085684366,0.07919172597405061
2026-01-08 13:00:00,180.0,0.7231825089610177,360.72318250896103,360.6398769383911,0.08330557056989209
2026-01-08 14:00:00,181.0,2.823774918356443,362.82377491835643,362.73644530834565,0.08732961001078839
2026-01-08 15:00:00,182.0,4.924276180908065,364.92427618090807,364.8330136783002,0.09126250260788867
2026-01-08 16:00:00,183.0,7.024684866143772,367.0246848661438,366.9295820482547,0.09510281788906651
2026-01-08 17:00:00,184.0,9.124999450984662,369.12499945098466,369.0261504182092,0.09884903277543516
2026-01-08 18:00:00,185.0,11.225218314300799,371.22521831430083,371.1227187881637,0.10249952613710302
2026-01-08 19:00:00,186.0,13.325339732406029,373.325339732406,373.2192871581182,0.10605257428777803
2026-01-08 20:00:00,187.0,15.425361877877837,375.42536187787783,375.31585552807275,0.10950634980506174
2026-01-08 21:00:00,188.0,17.52528282338245,377.52528282338244,377.41242389802727,0.11285892535515539
2026-01-08 22:00:00,189.0,19.625100550933993,379.625100550934,379.5089922679818,0.11610828295219246
2026-01-08 23:00:00,190.0,21.724812965234314,381.72481296523426,381.6055606379363,0.11925232729799388
2026-01-09 00:00:00,191.0,23.824417907468742,383.8244179074687,383.70212900789085,0.12228889957788941
2026-01-09 01:00:00,192.0,25.92391316324344,385.92391316324347,385.7986973778454,0.12521578539810982
2026-01-09 02:00:00,193.0,28.023296455336364,388.0232964553363,387.8952657477999,0.1280307075364632
2026-01-09 03:00:00,194.0,30.122565408716035,390.122565408716,389.9918341177544,0.13073129096162756
2026-01-09 04:00:00,195.0,32.22171760632498,392.221717606325,392.0884024877089,0.13331511861611073
2026-01-09 05:00:00,196.0,34.32075059956573,394.3207505995657,394.1849708576634,0.1357797419023101
2026-01-09 06:00:00,197.0,36.41966180023818,396.41966180023815,396.28153922761794,0.1381225726202412
2026-01-09 07:00:00,198.0,38.51844849097516,398.5184484909752,398.37810759757247,0.14034089340270858
2026-01-09 08:00:00,199.0,40.61710774356188,400.61710774356186,400.474675967527,0.14243177603489587
2026-01-09 09:00:00,200.0,42.71563634037058,402.71563634037057,402.57124433748146,0.14439200288911827
2026-01-09 10:00:00,201.0,44.814030707026156,404.8140307070261,404.667812707436,0.14621799959013895
2026-01-09 11:00:00,202.0,46.9122868614613,406.91228686146127,406.7643810773905,0.14790578407077454
2026-01-09 12:00:00,203.0,49.01040038200835,409.01040038200836,408.86094944734504,0.1494509346632982
2026-01-09 13:00:00,204.0,51.10836639512882,411.1083663951288,410.95751781729956,0.15084857782926686
2026-01-09 14:00:00,205.0,53.20617958179989,413.20617958179986,413.0540861872541,0.15209339454576964
2026-01-09 15:00:00,206.0,55.303834200450154,415.3038342004502,415.15065455720855,0.15317964324160355
2026-01-09 16:00:00,207.0,57.401324123638695,417.4013241236387,417.2472229271631,0.15410119647558282
2026-01-09 17:00:00,208.0,59.4986428853631,419.4986428853631,419.3437912971176,0.1548515882454831
2026-01-09 18:00:00,209.0,61.59578373591191,421.59578373591194,421.44035966707213,0.15542406883978582
2026-01-09 19:00:00,210.0,63.6927397014817,423.6927397014817,423.53692803702666,0.1558116644550129
2026-01-09 20:00:00,211.0,65.78950364628434,425.78950364628434,425.6334964069811,0.15600723930320673
2026-01-09 21:00:00,212.0,67.88606833550064,427.8860683355006,427.73006477693565,0.15600355856492895
2026-01-09 22:00:00,213.0,69.98242649811034,429.9824264981103,429.82663314689023,0.1557933512201258
2026-01-09 23:00:00,214.0,72.07857088928316,432.0785708892832,431.92320151684476,0.1553693724384486
2026-01-10 00:00:00,215.0,74.1744943525996,434.1744943525996,434.0197698867993,0.1547244658003176
2026-01-10 01:00:00,216.0,76.27018988288339,436.2701898828834,436.1163382567538,0.15385162612961958
2026-01-10 02:00:00,217.0,78.36565069091576,438.36565069091574,438.2129066267083,0.15274406420751238
2026-01-10 03:00:00,218.0,80.46087027190784,440.4608702719078,440.3094749966628,0.15139527524503452
2026-01-10 04:00:00,219.0,82.55584248058165,442.55584248058165,442.40604336661727,0.1497991139643987
2026-01-10 05:00:00,220.0,84.6505616174559,444.65056161745593,444.5026117365718,0.14794988088413236
2026-01-10 06:00:00,221.0,86.74502253404339,446.74502253404336,446.5991801065263,0.14584242751706888
2026-01-10 07:00:00,222.0,88.83922077909186,448.8392207790919,448.69574847648084,0.14347230261103042
2026-01-10 08:00:00,223.0,90.93315242704986,450.93315242704983,450.79231684643537,0.14083558061449142
2026-01-10 09:00:00,224.0,93.02681435389903,453.02681435389906,452.8888852163899,0.13792913750914
2026-01-10 10:00:00,225.0,95.12020440664693,455.1202044066469,454.9854535863444,0.134750820302502
2026-01-10 11:00:00,226.0,97.21332134349868,457.21332134349865,457.08202195629895,0.13129938719972298
2026-01-10 12:00:00,227.0,99.30616475964901,459.30616475964905,459.17859032625347,0.1275744333955786
2026-01-10 13:00:00,228.0,101.39873501872445,461.3987350187245,461.275158696208,0.12357632251647364
2026-01-10 14:00:00,229.0,103.49103320215694,463.491033202157,463.3717270661625,0.11930613599445886
2026-01-10 15:00:00,230.0,105.58306108248107,465.5830610824811,465.46829543611693,0.11476564636415913
2026-01-10 16:00:00,231.0,107.67482112158669,467.6748211215867,467.56486380607146,0.10995731551524943
2026-01-10 17:00:00,232.0,109.76631649124333,469.76631649124334,469.661432176026,0.10488431521736295
2026-01-10 18:00:00,233.0,111.85755111067743,471.8575511106775,471.7580005459805,0.09955056469694529
2026-01-10 19:00:00,234.0,113.94852969454672,473.94852969454666,473.85456891593503,0.09396077861162161
2026-01-10 20:00:00,235.0,116.03925780421329,476.03925780421326,475.95113728588956,0.08812051832368976
2026-01-10 21:00:00,236.0,118.12974189563317,478.12974189563323,478.0477056558441,0.08203623978909592
2026-01-10 22:00:00,237.0,120.2199893582827,480.2199893582827,480.1442740257986,0.0757153324840653
2026-01-10 23:00:00,238.0,122.31000854114149,482.3100085411415,482.24084239575313,0.06916614538835093
2026-01-11 00:00:00,239.0,124.39980876362745,484.3998087636274,484.33741076570766,0.06239799791972632
2026-01-11 01:00:00,240.0,126.4894003113062,486.48940031130616,486.43397913566224,0.05542117564395139
2026-01-11 02:00:00,241.0,128.57879441794606,488.5787944179461,488.53054750561665,0.0482469123294215
2026-01-11 03:00:00,242.0,130.66800323683546,490.66800323683543,490.6271158755712,0.04088736126426376
2026-01-11 04:00:00,243.0,132.7570398050127,492.75703980501277,492.7236842455257,0.03335555948705572
2026-01-11 05:00:00,244.0,134.8459180039901,494.8459180039901,494.82025261548023,0.025665388509875754
2026-01-11 06:00:00,245.0,136.93465251952185,496.9346525195218,496.91682098543475,0.017831534087085186
2026-01-11 07:00:00,246.0,139.02325880083805,499.02325880083805,499.0133893553893,0.00986944544875954
2026-01-11 08:00:00,247.0,141.11175301644835,501.1117530164483,501.1099577253438,0.0017952911045148801
2026-01-11 09:00:00,248.0,143.20015199905055,503.20015199905055,503.20652609529833,-0.006374096247770373
2026-01-11 10:00:00,249.0,145.28847313554374,505.28847313554377,505.30309446525285,-0.014621329709098555
2026-01-11 11:00:00,250.0,147.37673429168203,507.37673429168206,507.3996628352074,-0.022928543525319152
2026-01-11 12:00:00,251.0,149.46495378406655,509.46495378406655,509.4962312051618,-0.031277421095246005
2026-01-11 13:00:00,252.0,151.55315028391732,511.5531502839174,511.5927995751163,-0.0396492911989753
2026-01-11 14:00:00,253.0,153.64134273933107,513.6413427393311,513.6893679450709,-0.048025205739801964
2026-01-11 15:00:00,254.0,155.72955029552742,515.7295502955274,515.7859363150254,-0.05638601949797691
2026-01-11 16:00:00,255.0,157.81779221375683,517.8177922137569,517.88250468498,-0.06471247122304515
2026-01-11 17:00:00,256.0,159.90608778953182,519.9060877895319,519.9790730549345,-0.07298526540259885
2026-01-11 18:00:00,257.0,161.99445627081394,521.994456270814,522.075641424889,-0.0811851540749985
2026-01-11 19:00:00,258.0,164.0829167767414,524.0829167767414,524.1722097948435,-0.08929301810206117
2026-01-11 20:00:00,259.0,166.1714882174235,526.1714882174235,526.268778164798,-0.09728994737450733
2026-01-11 21:00:00,260.0,168.26018921525923,528.2601892152593,528.3653465347526,-0.105157319493286
2026-01-11 22:00:00,261.0,170.34903802817024,530.3490380281703,530.4619149047071,-0.11287687653676554
2026-01-11 23:00:00,262.0,172.43805247507927,532.4380524750793,532.5584832746615,-0.12043079958219857
2026-01-12 00:00:00,263.0,174.52724986392255,534.5272498639226,534.655051644616,-0.12780178069342973
2026-01-12 01:00:00,264.0,176.6166469224675,536.6166469224675,536.7516200145706,-0.13497309210309977
2026-01-12 02:00:00,265.0,178.70625973221743,538.7062597322174,538.8481883845251,-0.1419286523076251
2026-01-12 03:00:00,266.0,-179.2038963342799,540.7961036657201,540.9447567544796,-0.1486530887594421
2026-01-12 04:00:00,267.0,-177.11380667234513,542.886193327655,543.0413251244341,-0.15513179677922537
2026-01-12 05:00:00,268.0,-175.02345749986344,544.9765425001366,545.1378934943887,-0.1613509942520647
2026-01-12 06:00:00,269.0,-172.93283590725858,547.0671640927415,547.2344618643432,-0.16729777160176537
2026-01-12 07:00:00,270.0,-170.84192990217647,549.1580700978235,549.3310302342977,-0.17296013647423156
2026-01-12 08:00:00,271.0,-168.75072844822196,551.2492715517781,551.4275986042522,-0.17832705247417988
2026-01-12 09:00:00,272.0,-166.65922149691636,553.3407785030836,553.5241669742067,-0.1833884711230475
2026-01-12 10:00:00,273.0,-164.56740001163445,555.4325999883656,555.6207353441612,-0.18813535579559207
2026-01-12 11:00:00,274.0,-162.47525598138682,557.5247440186132,557.7173037141157,-0.19255969550253302
2026-01-12 12:00:00,275.0,-160.38278242051157,559.6172175794884,559.8138720840702,-0.19665450458185946
2026-01-12 13:00:00,276.0,-158.28997341647627,561.7100265835237,561.9104404540248,-0.20041387050109144
2026-01-12 14:00:00,277.0,-156.19682391359723,563.8031760864028,564.0070088239793,-0.20383273757650816
2026-01-12 15:00:00,278.0,-154.10332990251086,565.896670097489,566.1035771939338,-0.20690709644474437
2026-01-12 16:00:00,279.0,-152.00948836991967,567.9905116300804,568.2001455638883,-0.20963393380799086
2026-01-12 17:00:00,280.0,-149.91529713096,570.08470286904,570.2967139338429,-0.2120110648028854
2026-01-12 18:00:00,281.0,-147.8207547799406,572.1792452200594,572.3932823037974,-0.21403708373794458
2026-01-12 19:00:00,282.0,-145.72586071234952,574.2741392876504,574.4898506737519,-0.21571138610147536
2026-01-12 20:00:00,283.0,-143.63061518227155,576.3693848177285,576.5864190437063,-0.21703422597786443
2026-01-12 21:00:00,284.0,-141.5350193686158,578.4649806313842,578.6829874136608,-0.2180067822767006
2026-01-12 22:00:00,285.0,-139.43907543137243,580.5609245686276,580.7795557836154,-0.2186312149877801
2026-01-12 23:00:00,286.0,-137.3427865458159,582.6572134541842,582.8761241535699,-0.21891069938575825
2026-01-13 00:00:00,287.0,-135.24615690831791,584.753843091682,584.9726925235244,-0.21884943184237157
2026-01-13 01:00:00,288.0,-133.14919171227606,586.850808287724,587.0692608934789,-0.21845260575498215
2026-01-13 02:00:00,289.0,-131.05189709659024,588.9481029034098,589.1658292634335,-0.21772636002372908
2026-01-13 03:00:00,290.0,-128.9542800720842,591.0457199279158,591.262397633388,-0.2166777054722203
2026-01-13 04:00:00,291.0,-126.85634843321255,593.1436515667874,593.3589660033425,-0.215314436555131
2026-01-13 05:00:00,292.0,-124.75811066328583,595.2418893367142,595.455534373297,-0.21364503658296669
2026-01-13 06:00:00,293.0,-122.65957584127345,597.3404241587265,597.5521027432516,-0.21167858452509355
2026-01-13 07:00:00,294.0,-120.5607535570378,599.4392464429621,599.648671113206,-0.20942467024383435
2026-01-13 08:00:00,295.0,-118.46165383969186,601.5383461603082,601.7452394831605,-0.20689332285239767
2026-01-13 09:00:00,296.0,-116.36228710077422,603.6377128992258,603.841807853115,-0.2040949538893071
2026-01-13 10:00:00,297.0,-114.26266409026755,605.7373359097325,605.9383762230697,-0.20104031333718206
2026-01-13 11:00:00,298.0,-112.16279585935553,607.8372041406445,608.0349445930242,-0.19774045237961296
2026-01-13 12:00:00,299.0,-110.06269371946368,609.9373062805363,610.1315129629787,-0.19420668244233427
2026-01-13 13:00:00,300.0,-107.96236918283377,612.0376308171662,612.2280813329332,-0.19045051576692662
2026-01-13 14:00:00,301.0,-105.86183386594352,614.1381661340564,614.3246497028878,-0.18648356883126374
2026-01-13 15:00:00,302.0,-103.7610993338176,616.2389006661823,616.4212180728423,-0.18231740665988502
2026-01-13 16:00:00,303.0,-101.66017718088544,618.3398228191145,618.5177864427968,-0.17796362368224497
2026-01-13 17:00:00,304.0,-99.55907919247677,620.4409208075233,620.6143548127513,-0.1734340052280487
2026-01-13 18:00:00,305.0,-97.45781700512137,622.5421829948787,622.7109231827058,-0.16874018782711686
2026-01-13 19:00:00,306.0,-95.35640216740416,624.6435978325958,624.8074915526603,-0.16389372006443964
2026-01-13 20:00:00,307.0,-93.25484610370737,626.7451538962927,626.9040599226148,-0.1589060263221587
2026-01-13 21:00:00,308.0,-91.15316008055827,628.8468399194418,629.0006282925693,-0.15378837312756835
2026-01-13 22:00:00,309.0,-89.05135517571837,630.9486448242816,631.0971966625239,-0.14855183824219528
2026-01-13 23:00:00,310.0,-86.94944225009988,633.0505577499001,633.1937650324784,-0.143207282578264
2026-01-14 00:00:00,311.0,-84.84743192255267,635.1525680774473,635.2903334024329,-0.13776532498560023
2026-01-14 01:00:00,312.0,-82.74533454753217,637.2546654524679,637.3869017723874,-0.13223631991955692
2026-01-14 02:00:00,313.0,-80.64316019563962,639.3568398043604,639.483470142342,-0.12663033798151582
2026-01-14 03:00:00,314.0,-78.54091863701892,641.4590813629811,641.5800385122965,-0.12095714931537403
2026-01-14 04:00:00,315.0,-76.43861932759633,643.5613806724037,643.6766068822509,-0.11522620984719245
2026-01-14 05:00:00,316.0,-74.33627139815279,645.6637286018472,645.7731752522054,-0.10944665035823457
2026-01-14 06:00:00,317.0,-72.23388364621073,647.7661163537894,647.86974362216,-0.10362726837063375
2026-01-14 07:00:00,318.0,-70.13146453068285,649.8685354693171,649.9663119921145,-0.09777652279734395
2026-01-14 08:00:00,319.0,-68.02902216915399,651.9709778308461,652.062880362069,-0.09190253122294359
2026-01-14 09:00:00,320.0,-65.92656433753746,654.0734356624625,654.1594487320235,-0.0860130695609499
2026-01-14 10:00:00,321.0,-63.824098471666765,656.1759015283333,656.256017101978,-0.08011557364480863
2026-01-14 11:00:00,322.0,-61.72163167017066,658.2783683298294,658.3525854719326,-0.0742171421032174
2026-01-14 12:00:00,323.0,-59.619170697792214,660.3808293022078,660.4491538418871,-0.06832453967930154
2026-01-14 13:00:00,324.0,-57.51672198824708,662.4832780117529,662.5457222118416,-0.06244420008873686
2026-01-14 14:00:00,325.0,-55.41429164593322,664.5857083540667,664.6422905817961,-0.05658222772941245
2026-01-14 15:00:00,326.0,-53.31188544653414,666.6881145534659,666.7388589517506,-0.05074439828466721
2026-01-14 16:00:00,327.0,-51.20950883811976,668.7904911618803,668.8354273217051,-0.044936159824830554
2026-01-14 17:00:00,328.0,-49.107166947152045,670.8928330528479,670.9319956916596,-0.039162638811702496
2026-01-14 18:00:00,329.0,-47.00486459835738,672.9951354016425,673.0285640616141,-0.033428659971575306
2026-01-14 19:00:00,330.0,-44.90260644157164,675.0973935584284,675.1251324315687,-0.027738873140334217
2026-01-14 20:00:00,331.0,-42.800396482803926,677.199603517196,677.2217008015232,-0.022097284327156942
2026-01-14 21:00:00,332.0,-40.69823838395782,679.3017616160422,679.3182691714777,-0.01650755543553444
2026-01-14 22:00:00,333.0,-38.596135641241254,681.4038643587587,681.4148375414322,-0.010973182673559644
2026-01-14 23:00:00,334.0,-36.49409141327913,683.5059085867208,683.5114059113868,-0.005497324665964047
2026-01-15 00:00:00,335.0,-34.39210840708016,685.6078915929198,685.6079742813413,-8.268842151258932e-05
2026-01-15 01:00:00,336.0,-32.29018882374924,687.7098111762508,687.7045426512957,0.005268524955044537
2026-01-15 02:00:00,337.0,-30.188334359363946,689.811665640636,689.8011110212502,0.010554619385749453
2026-01-15 03:00:00,338.0,-28.086546251590388,691.9134537484096,691.8976793912047,0.015774357204820077
2026-01-15 04:00:00,339.0,-25.984825359478226,694.0151746405218,693.9942477611593,0.020926879362451606
2026-01-15 05:00:00,340.0,-23.883172262436663,696.1168277375633,696.0908161311138,0.026011606449517055
2026-01-15 06:00:00,341.0,-21.781587364540865,698.2184126354591,698.1873845010683,0.03102813439074214
2026-01-15 07:00:00,342.0,-19.680070991854826,700.3199290081452,700.2839528710228,0.03597613712227647
2026-01-15 08:00:00,343.0,-17.57862347310466,702.4213765268954,702.3805212409774,0.04085528591796728
2026-01-15 09:00:00,344.0,-15.477245197460983,704.522754802539,704.4770896109319,0.045665191607077514
2026-01-15 10:00:00,345.0,-13.375936647011098,706.6240633529889,706.5736579808864,0.05040537210240011
2026-01-15 11:00:00,346.0,-11.27469840532312,708.7253015946768,708.670226350841,0.055075243835863895
2026-01-15 12:00:00,347.0,-9.173531146918219,710.8264688530818,710.7667947207955,0.05967413228632224
2026-01-15 13:00:00,348.0,-7.072435615086834,712.9275643849132,712.86336309075,0.06420129416323497
2026-01-15 14:00:00,349.0,-4.971412596946553,715.0285874030534,714.9599314607045,0.06865594234893442
2026-01-15 15:00:00,350.0,-2.8704629046270647,717.1295370953729,717.056499830659,0.07303726471397265
2026-01-15 16:00:00,351.0,-0.7695873697172284,719.2304126302828,719.1530682006136,0.07734442966919955
2026-01-15 17:00:00,352.0,1.3312131455799314,721.3312131455799,721.2496365705681,0.08157657501183739
2026-01-15 18:00:00,353.0,3.4319377228951358,723.4319377228951,723.3462049405226,0.08573278237254836
2026-01-15 19:00:00,354.0,5.532585357932793,725.5325853579328,725.4427733104772,0.08981204745572223
2026-01-15 20:00:00,355.0,7.633154946664792,727.6331549466647,727.5393416804317,0.09381326623312107
2026-01-15 21:00:00,356.0,9.733645319598967,729.733645319599,729.6359100503862,0.09773526921275297
2026-01-15 22:00:00,357.0,11.834055256748059,731.834055256748,731.7324784203407,0.10157683640732565
2026-01-15 23:00:00,358.0,13.934383428496163,733.9343834284962,733.8290467902951,0.1053366382010685
2026-01-16 00:00:00,359.0,16.034628437581798,736.0346284375818,735.9256151602497,0.10901327733213845
2026-01-16 01:00:00,360.0,18.134788773626155,738.1347887736262,738.0221835302042,0.11260524342198522
2026-01-16 02:00:00,361.0,20.234862819735415,740.2348628197354,740.1187519001587,0.11611091957675806
2026-01-16 03:00:00,362.0,22.334848865533047,742.3348488655331,742.2153202701132,0.11952859541984483
2026-01-16 04:00:00,363.0,24.434745113361586,744.4347451133616,744.3118886400678,0.12285647329380088
2026-01-16 05:00:00,364.0,26.534549669679222,746.5345496696792,746.4084570100223,0.12609265965697417
2026-01-16 06:00:00,365.0,28.634260518183414,748.6342605181834,748.5050253799768,0.12923513820664767
2026-01-16 07:00:00,366.0,30.73387547486761,750.7338754748677,750.6015937499313,0.1322817249363261
2026-01-16 08:00:00,367.0,32.83339212803335,752.8333921280333,752.6981621198859,0.1352300081475229
2026-01-16 09:00:00,368.0,34.93280776824123,754.9328077682412,754.7947304898404,0.1380772784008169
2026-01-16 10:00:00,369.0,37.032119314321825,757.0321193143218,756.8912988597948,0.14082045452699044
2026-01-16 11:00:00,370.0,39.131323241937324,759.1313232419374,758.9878672297493,0.14345601218800544
2026-01-16 12:00:00,371.0,41.23041552086933,761.2304155208693,761.0844355997039,0.14597992116542147
2026-01-16 13:00:00,372.0,43.329391566312594,763.3293915663127,763.1810039696584,0.14838759665424656
2026-01-16 14:00:00,373.0,45.428246208106195,765.4282462081062,765.2775723396129,0.15067386849328426
2026-01-16 15:00:00,374.0,47.526973680174876,767.5269736801748,767.3741407095674,0.15283297060742232
2026-01-16 16:00:00,375.0,49.625567630638535,769.6255676306386,769.470709079522,0.15485855111660599
2026-01-16 17:00:00,376.0,51.72402115123064,771.7240211512307,771.5672774494765,0.15674370175418756
2026-01-16 18:00:00,377.0,53.8223268229884,773.8223268229884,773.663845819431,0.15848100355740105
2026-01-16 19:00:00,378.0,55.92047677374858,775.9204767737485,775.7604141893855,0.16006258436303794
2026-01-16 20:00:00,379.0,58.01846274185736,778.0184627418573,777.8569825593399,0.16148018251736693
2026-01-16 21:00:00,380.0,60.11627613965001,780.11627613965,779.9535509292945,0.16272521035552723
2026-01-16 22:00:00,381.0,62.21390810951909,782.2139081095191,782.050119299249,0.1637888102700767
2026-01-16 23:00:00,382.0,64.31134956444632,784.3113495644463,784.1466876692035,0.1646618952427593
2026-01-17 00:00:00,383.0,66.40859120317256,786.4085912031726,786.243256039158,0.1653351640144788
2026-01-17 01:00:00,384.0,68.50562370289109,788.5056237028911,788.3398244091126,0.16579929377846625
2026-01-17 02:00:00,385.0,70.60243765800747,790.6024376580074,790.4363927790671,0.1660448789403025
2026-01-17 03:00:00,386.0,72.6990237514997,792.6990237514997,792.5329611490216,0.16606260247806232
2026-01-17 04:00:00,387.0,74.79537289703164,794.7953728970317,794.6295295189761,0.1658433780555024
2026-01-17 05:00:00,388.0,76.8914762029347,796.8914762029348,796.7260978889307,0.16537831400403527
2026-01-17 06:00:00,389.0,78.98732504383365,798.9873250438336,798.8226662588852,0.16465878494841363
2026-01-17 07:00:00,390.0,81.08291118573199,801.082911185732,800.9192346288396,0.16367655689229726
2026-01-17 08:00:00,391.0,83.17822692513712,803.1782269251371,803.0158029987941,0.16242392634294103
2026-01-17 09:00:00,392.0,85.27326521549905,805.273265215499,805.1123713687487,0.16089384675030416
2026-01-17 10:00:00,393.0,87.36801976507253,807.3680197650725,807.2089397387032,0.15908002636930824
2026-01-17 11:00:00,394.0,89.46248509936021,809.4624850993602,809.3055081086577,0.15697699070242044
2026-01-17 12:00:00,395.0,91.5566565885576,811.5566565885576,811.4020764786123,0.1545801099453469
2026-01-17 13:00:00,396.0,93.65053044587481,813.6505304458748,813.4986448485669,0.15188559730800527
2026-01-17 14:00:00,397.0,95.74410370625226,815.7441037062523,815.5952132185214,0.14889048773096503
2026-01-17 15:00:00,398.0,97.83737419684928,817.8373741968493,817.6917815884759,0.14559260837336066
2026-01-17 16:00:00,399.0,99.93034051085498,819.930340510855,819.7883499584304,0.1419905524245606
2026-01-17 17:00:00,400.0,102.0230019947974,822.0230019947974,821.8849183283849,0.13808366641258354
2026-01-17 18:00:00,401.0,104.11535875682114,824.1153587568211,823.9814866983394,0.13387205848178463
2026-01-17 19:00:00,402.0,106.2074116996297,826.2074116996297,826.0780550682939,0.12935663133587047
2026-01-17 20:00:00,403.0,108.29916257726987,828.2991625772698,828.1746234382484,0.12453913902143589
2026-01-17 21:00:00,404.0,110.39061407002585,830.3906140700259,830.271191808203,0.11942226182295317
2026-01-17 22:00:00,405.0,112.48176986678777,832.4817698667878,832.3677601781575,0.11400968863028361
2026-01-17 23:00:00,406.0,114.57263473977426,834.5726347397742,834.464328548112,0.10830619166227307
2026-01-18 00:00:00,407.0,116.66321459284954,836.6632145928496,836.5608969180665,0.10231767478309231
2026-01-18 01:00:00,408.0,118.7535164623108,838.7535164623108,838.6574652880211,0.0960511742897934
2026-01-18 02:00:00,409.0,120.84354844835167,840.8435484483516,840.7540336579756,0.08951479037608888
2026-01-18 03:00:00,410.0,122.93331955684027,842.9333195568403,842.8506020279301,0.08271752891018859
2026-01-18 04:00:00,411.0,125.02283987370315,845.0228398737032,844.9471703978845,0.0756694758186589
2026-01-18 05:00:00,412.0,127.11212082277022,847.1121208227702,847.043738767839,0.06838205493119186
2026-01-18 06:00:00,413.0,129.2011747140193,849.2011747140193,849.1403071377936,0.06086757622571192
2026-01-18 07:00:00,414.0,131.2900148458433,851.2900148458433,851.2368755077481,0.05313933809516792
2026-01-18 08:00:00,415.0,133.3786554598957,853.3786554598958,853.3334438777026,0.04521158219312194
2026-01-18 09:00:00,416.0,135.46711168982094,855.467111689821,855.4300122476571,0.03709944216381843
2026-01-18 10:00:00,417.0,137.55539950435795,857.555399504358,857.5265806176117,0.028818886746284803
2026-01-18 11:00:00,418.0,139.64353564531893,859.6435356453189,859.6231489875662,0.0203866577527009
2026-01-18 12:00:00,419.0,141.7315375609627,861.7315375609627,861.7197173575207,0.011820203441935977
2026-01-18 13:00:00,420.0,143.81942333529733,863.8194233352973,863.8162857274752,0.0031376078220774458
2026-01-18 14:00:00,421.0,145.90721161386753,865.9072116138675,865.9128540974298,-0.005642483562240266
2026-01-18 15:00:00,422.0,147.99492152660645,867.9949215266064,868.0094224673842,-0.014500940777777183
2026-01-18 16:00:00,423.0,150.08257260835595,870.0825726083559,870.1059908373387,-0.023418228982764612
2026-01-18 17:00:00,424.0,152.17018471767585,872.1701847176759,872.2025592072932,-0.03237448961735705
2026-01-18 18:00:00,425.0,154.25777795456415,874.2577779545642,874.2991275772478,-0.04134962268361489
2026-01-18 19:00:00,426.0,156.34537257768486,876.3453725776848,876.3956959472023,-0.050323369517480815
2026-01-18 20:00:00,427.0,158.43298892164609,878.4329889216461,878.4922643171568,-0.05927539551068148
2026-01-18 21:00:00,428.0,160.520647314783,880.520647314783,880.5888326871113,-0.06818537232832048
2026-01-18 22:00:00,429.0,162.6083679977921,882.6083679977921,882.6854010570659,-0.07703305927377731
2026-01-18 23:00:00,430.0,164.69617104345534,884.6961710434554,884.7819694270204,-0.08579838356509337
2026-01-19 00:00:00,431.0,166.78407627761342,886.7840762776134,886.8785377969749,-0.09446151936152704
2026-01-19 01:00:00,432.0,168.87210320155145,888.8721032015515,888.9751061669294,-0.10300296537804439
2026-01-19 02:00:00,433.0,170.9602709160814,890.9602709160814,891.0716745368838,-0.11140362080246234
2026-01-19 03:00:00,434.0,173.0485980478892,893.0485980478892,893.1682429068384,-0.11964485894925818
2026-01-19 04:00:00,435.0,175.137102679157,895.137102679157,895.2648112767929,-0.12770859763593198
2026-01-19 05:00:00,436.0,177.22580228200863,897.2258022820085,897.3613796467474,-0.1355773647388695
2026-01-19 06:00:00,437.0,179.31471365977555,899.3147136597755,899.457948016702,-0.14323435692643177
2026-01-19 07:00:00,438.0,-178.59614695632118,901.4038530436787,901.5545163866564,-0.15066334297762446
2026-01-19 08:00:00,439.0,-176.5067644487673,903.4932355512327,903.651084756611,-0.15784920537834798
2026-01-19 09:00:00,440.0,-174.41712453265563,905.5828754673444,905.7476531265655,-0.16477765922112506
2026-01-19 10:00:00,441.0,-172.32721358915475,907.6727864108453,907.84422149652,-0.17143508567481977
2026-01-19 11:00:00,442.0,-170.23701886997225,909.7629811300277,909.9407898664746,-0.17780873644677345
2026-01-19 12:00:00,443.0,-168.1465286046544,911.8534713953457,912.0373582364291,-0.18388684108352402
2026-01-19 13:00:00,444.0,-166.0557320371058,913.9442679628942,914.1339266063836,-0.18965864348937506
2026-01-19 14:00:00,445.0,-163.96461941440327,916.0353805855967,916.2304949763382,-0.19511439074142825
2026-01-19 15:00:00,446.0,-161.8731819481758,918.1268180518241,918.3270633462927,-0.2002452944684895
2026-01-19 16:00:00,447.0,-159.7814117659657,920.2185882340343,920.4236317162472,-0.2050434822129072
2026-01-19 17:00:00,448.0,-157.68930186676644,922.3106981332336,922.5202000862017,-0.20950195296804633
2026-01-19 18:00:00,449.0,-155.59684609124926,924.4031539087507,924.6167684561561,-0.21361454740544672
2026-01-19 19:00:00,450.0,-153.50403911311093,926.4959608868891,926.7133368261108,-0.21737593922167883
2026-01-19 20:00:00,451.0,-151.4108764536925,928.5891235463074,928.8099051960652,-0.2207816497576997
2026-01-19 21:00:00,452.0,-149.31735451781338,930.6826454821867,930.9064735660198,-0.22382808383317032
2026-01-19 22:00:00,453.0,-147.22347064496185,932.7765293550382,933.0030419359742,-0.2265125809359818
2026-01-19 23:00:00,454.0,-145.1292231669311,934.8707768330688,935.0996103059289,-0.22883347286001307
2026-01-20 00:00:00,455.0,-143.03461146102268,936.9653885389773,937.1961786758833,-0.23079013690598907
2026-01-20 01:00:00,456.0,-140.93963598736065,939.0603640126394,939.2927470458379,-0.23238303319849618
2026-01-20 02:00:00,457.0,-138.8442982999277,941.1557017000722,941.3893154157923,-0.23361371572011538
2026-01-20 03:00:00,458.0,-136.7486010238371,943.2513989761629,943.485883785747,-0.2344848095840434
2026-01-20 04:00:00,459.0,-134.65254779621748,945.3474522037825,945.5824521557014,-0.23499995191892958
2026-01-20 05:00:00,460.0,-132.55614317494874,947.4438568250513,947.6790205256558,-0.235163700604564
2026-01-20 06:00:00,461.0,-130.45939252831172,949.5406074716882,949.7755888956104,-0.23498142392220198
2026-01-20 07:00:00,462.0,-128.36230192927775,951.6376980707223,951.8721572655649,-0.2344591948424936
2026-01-20 08:00:00,463.0,-126.26487809045832,953.7351219095418,953.9687256355195,-0.23360372597769546
2026-01-20 09:00:00,464.0,-124.16712838937575,955.8328716106242,956.0652940054739,-0.23242239484962535
2026-01-20 10:00:00,465.0,-122.06906084242236,957.9309391575777,958.1618623754285,-0.23092321785084283
2026-01-20 11:00:00,466.0,-119.97068387699278,960.0293161230073,960.258430745383,-0.22911462237566652
2026-01-20 12:00:00,467.0,-117.87200640931812,962.1279935906819,962.3549991153376,-0.22700552465572604
2026-01-20 13:00:00,468.0,-115.77303776600057,964.2269622339994,964.451567485292,-0.22460525129257378
2026-01-20 14:00:00,469.0,-113.67378763720572,966.3262123627943,966.5481358552466,-0.22192349245233686
2026-01-20 15:00:00,470.0,-111.57426603102289,968.4257339689772,968.644704225201,-0.21897025622389238
2026-01-20 16:00:00,471.0,-109.47448322898848,970.5255167710114,970.7412725951555,-0.2157558241440263
2026-01-20 17:00:00,472.0,-107.374449742806,972.625550257194,972.8378409651101,-0.21229070791603816
2026-01-20 18:00:00,473.0,-105.27417627233274,974.7258237276673,974.9344093350645,-0.208585607397311
2026-01-20 19:00:00,474.0,-103.17367366493718,976.8263263350627,977.0309777050192,-0.2046513699564023
2026-01-20 20:00:00,475.0,-101.07295287634923,978.9270471236508,979.1275460749736,-0.20049895132280787
2026-01-20 21:00:00,476.0,-98.97202493313183,981.0279750668682,981.2241144449282,-0.19613937806008047
2026-01-20 22:00:00,477.0,-96.87090089688746,983.1290991031125,983.3206828148826,-0.1915837117701881
2026-01-20 23:00:00,478.0,-94.76959183028713,985.2304081697129,985.4172511848373,-0.1868430151243758
2026-01-21 00:00:00,479.0,-92.668108764976,987.3318912350239,987.5138195547917,-0.1819283197677558
2026-01-21 01:00:00,480.0,-90.56646267138782,989.4335373286123,989.6103879247463,-0.17685059613406254
2026-01-21 02:00:00,481.0,-88.4646644305056,991.5353355694944,991.7069562947007,-0.17162072520639807
2026-01-21 03:00:00,482.0,-86.3627248076572,993.6372751923428,993.8035246646551,-0.16624947231231138
2026-01-21 04:00:00,483.0,-84.2606544285407,995.7393455714594,995.9000930346098,-0.16074746315045652
2026-01-21 05:00:00,484.0,-82.15846375782037,997.8415362421795,997.9966614045642,-0.1551251623846962
2026-01-21 06:00:00,485.0,-80.05616308076989,999.9438369192302,1000.0932297745188,-0.14939285528868826
2026-01-21 07:00:00,486.0,-77.9537624884493,1002.0462375115507,1002.1897981444732,-0.14356063292256693
2026-01-21 08:00:00,487.0,-75.85127186658062,1004.1487281334195,1004.2863665144279,-0.13763838100843145
2026-01-21 09:00:00,488.0,-73.748700887308,1006.2512991126919,1006.3829348843823,-0.13163577169041918
2026-01-21 10:00:00,489.0,-71.64605900089157,1008.3539409991083,1008.4795032543369,-0.1255622552286237
2026-01-21 11:00:00,490.0,-69.54335542039632,1010.4566445796038,1010.5760716242913,-0.11942704468764984
2026-01-21 12:00:00,491.0,-67.44059908564013,1012.5594009143599,1012.6726399942459,-0.11323907988591722
2026-01-21 13:00:00,492.0,-65.33779869343117,1014.6622013065688,1014.7692083642004,-0.10700705763159042
2026-01-21 14:00:00,493.0,-63.23496266499735,1016.7650373350026,1016.8657767341549,-0.1007393991522742
2026-01-21 15:00:00,494.0,-61.13209918516775,1018.8679008148323,1018.9623451041095,-0.09444428927720805
2026-01-21 16:00:00,495.0,-59.02921619759894,1020.970783802401,1021.058913474064,-0.08812967166287199
2026-01-21 17:00:00,496.0,-56.92632134095559,1023.0736786590445,1023.1554818440186,-0.0818031849740627
2026-01-21 18:00:00,497.0,-54.82342193899839,1025.1765780610017,1025.252050213973,-0.07547215297135147
2026-01-21 19:00:00,498.0,-52.7205250098693,1027.2794749901307,1027.3486185839276,-0.06914359379687887
2026-01-21 20:00:00,499.0,-50.61763727279921,1029.3823627272006,1029.445186953882,-0.06282422668130497
2026-01-21 21:00:00,500.0,-48.51476514087903,1031.485234859121,1031.5417553238367,-0.056520464715757064
2026-01-21 22:00:00,501.0,-46.4119146966847,1033.5880853033152,1033.638323693791,-0.05023839047585508
2026-01-21 23:00:00,502.0,-44.30909165358628,1035.6909083464138,1035.7348920637455,-0.04398371733171417
2026-01-22 00:00:00,503.0,-42.20630130961431,1037.7936986903856,1037.8314604337002,-0.037761743314533434
2026-01-22 01:00:00,504.0,-40.103548502923275,1039.8964514970767,1039.9280288036546,-0.031577306577838346
2026-01-22 02:00:00,505.0,-38.00083757833522,1041.9991624216648,1042.0245971736092,-0.02543475194435572
2026-01-22 03:00:00,506.0,-35.8981723733667,1044.1018276266334,1044.1211655435636,-0.019337916930300257
2026-01-22 04:00:00,507.0,-33.795556229795636,1046.2044437702043,1046.2177339135183,-0.013290143313840666
2026-01-22 05:00:00,508.0,-31.692992033520966,1048.307007966479,1048.3143022834727,-0.007294316993709169
2026-01-22 06:00:00,509.0,-29.590482281563123,1050.4095177184367,1050.4108706534273,-0.0013529349905119674
2026-01-22 07:00:00,510.0,-27.4880291709408,1052.5119708290592,1052.5074390233817,0.004531805677479175
2026-01-22 08:00:00,511.0,-25.38563470025718,1054.6143652997428,1054.6040073933364,0.010357906406494411
2026-01-22 09:00:00,512.0,-23.28330077156767,1056.7166992284324,1056.7005757632908,0.016123465141580026
2026-01-22 10:00:00,513.0,-21.181029277908532,1058.8189707220915,1058.7971441332452,0.02182658884630872
2026-01-22 11:00:00,514.0,-19.078822161160186,1060.9211778388399,1060.8937125031998,0.027465335640093267
2026-01-22 12:00:00,515.0,-16.976681426087588,1063.0233185739123,1062.9902808731542,0.033037700758149526
2026-01-22 13:00:00,516.0,-14.874609099801722,1065.1253909001982,1065.0868492431089,0.038541657089370594
2026-01-22 14:00:00,517.0,-12.77260713182741,1067.2273928681725,1067.1834176130633,0.043975255109253125
2026-01-22 15:00:00,518.0,-10.670677238702458,1069.3293227612976,1069.279985983018,0.049336778279661764
2026-01-22 16:00:00,519.0,-8.568821110402316,1071.4311788895977,1071.3765543529723,0.054624536625436065
2026-01-22 17:00:00,520.0,-6.467040613303838,1073.5329593866961,1073.473122722927,0.05983666376920184
2026-01-22 18:00:00,521.0,-4.365337445869563,1075.6346625541303,1075.5696910928814,0.0649714612489592
2026-01-22 19:00:00,522.0,-2.2637132873793853,1077.7362867126205,1077.666259462836,0.0700272497845572
2026-01-22 20:00:00,523.0,-0.16216978757598627,1079.837830212424,1079.7628278327904,0.0750023796335799
2026-01-22 21:00:00,524.0,1.939291425405079,1081.9392914254051,1081.8593962027448,0.07989522266021344
2026-01-22 22:00:00,525.0,4.040668729689797,1084.0406687296897,1083.9559645726995,0.08470415699021462
2026-01-22 23:00:00,526.0,6.141960494161135,1086.1419604941611,1086.052532942654,0.0894275515071064
2026-01-23 00:00:00,527.0,8.243165066845,1088.243165066845,1088.1491013126085,0.0940637542364868
2026-01-23 01:00:00,528.0,10.344280768515285,1090.3442807685153,1090.245669682563,0.0986110859523506
2026-01-23 02:00:00,529.0,12.44530589067145,1092.4453058906713,1092.3422380525176,0.10306783815374781
2026-01-23 03:00:00,530.0,14.546238695450915,1094.546238695451,1094.438806422472,0.10743227297888314
2026-01-23 04:00:00,531.0,16.64707741404867,1096.6470774140487,1096.5353747924266,0.11170262162206493
2026-01-23 05:00:00,532.0,18.747820239825476,1098.7478202398254,1098.631943162381,0.11587707744436923
2026-01-23 06:00:00,533.0,20.84846531246812,1100.848465312468,1100.7285115323357,0.11995378013234019
2026-01-23 07:00:00,534.0,22.949010690274683,1102.9490106902747,1102.82507990229,0.12393078798451944
2026-01-23 08:00:00,535.0,25.049454308804215,1105.0494543088041,1104.9216482722445,0.12780603655955344
2026-01-23 09:00:00,536.0,27.149793925658937,1107.149793925659,1107.0182166421991,0.1315772834597287
2026-01-23 10:00:00,537.0,29.25002705294084,1109.2500270529408,1109.1147850121536,0.13524204078718582
2026-01-23 11:00:00,538.0,31.350150880804733,1111.3501508808047,1111.2113533821082,0.13879749869641256
2026-01-23 12:00:00,539.0,33.45016219736146,1113.4501621973616,1113.3079217520626,0.14224044529881877
2026-01-23 13:00:00,540.0,35.55005731181147,1115.5500573118113,1115.4044901220173,0.14556718979407296
2026-01-23 14:00:00,541.0,37.64983198896531,1117.6498319889654,1117.5010584919717,0.1487734969936262
2026-01-23 15:00:00,542.0,39.749481404130435,1119.7494814041304,1119.5976268619263,0.1518545422040604
2026-01-23 16:00:00,543.0,41.8490001276884,1121.8490001276884,1121.6941952318807,0.15480489580755574
2026-01-23 17:00:00,544.0,43.94838214865694,1123.948382148657,1123.7907636018351,0.15761854682181134
2026-01-23 18:00:00,545.0,46.04762094643044,1126.0476209464305,1125.8873319717898,0.16028897464053474
2026-01-23 19:00:00,546.0,48.14670937847166,1128.1467093784715,1127.9839003417442,0.16280903672739463
2026-01-23 20:00:00,547.0,50.24563998252548,1130.2456399825255,1130.0804687116988,0.16517127082652544
2026-01-23 21:00:00,548.0,52.344404897544564,1132.3444048975446,1132.1770370816532,0.16736781589118974
2026-01-23 22:00:00,549.0,54.44299574471974,1134.4429957447198,1134.2736054516079,0.16939029311189915
2026-01-23 23:00:00,550.0,56.54140380896824,1136.5414038089682,1136.3701738215623,0.171229987405887
2026-01-24 00:00:00,551.0,58.63962014920668,1138.6396201492066,1138.466742191517,0.17287795768963624
2026-01-24 01:00:00,552.0,60.73763566759871,1140.7376356675986,1140.5633105614713,0.17432510612723923
2026-01-24 02:00:00,553.0,62.83544115963631,1142.8354411596363,1142.659878931426,0.17556222821034287
2026-01-24 03:00:00,554.0,64.93302736050131,1144.9330273605012,1144.7564473013804,0.17658005912076363
2026-01-24 04:00:00,555.0,67.03038499796335,1147.0303849979634,1146.8530156713348,0.17736932662845506
2026-01-24 05:00:00,556.0,69.12750485768177,1149.1275048576817,1148.9495840412894,0.17792081639231566
2026-01-24 06:00:00,557.0,71.2243778629737,1151.2243778629736,1151.0461524112438,0.17822545172972173
2026-01-24 07:00:00,558.0,73.32099516782581,1153.320995167826,1153.1427207811985,0.17827438662734527
2026-01-24 08:00:00,559.0,75.41734825919482,1155.4173482591948,1155.239289151153,0.17805910804183783
2026-01-24 09:00:00,560.0,77.51342906255432,1157.5134290625542,1157.3358575211075,0.17757154144661405
2026-01-24 10:00:00,561.0,79.60923004332135,1159.6092300433213,1159.432425891062,0.1768041522592824
2026-01-24 11:00:00,562.0,81.70474429634952,1161.7047442963494,1161.5289942610166,0.17575003533278502
2026-01-24 12:00:00,563.0,83.79996561620318,1163.7999656162033,1163.625562630971,0.17440298523211975
2026-01-24 13:00:00,564.0,85.89488854249146,1165.8948885424916,1165.7221310009256,0.17275754156574277
2026-01-24 14:00:00,565.0,87.98950837716048,1167.9895083771605,1167.8186993708803,0.1708090062802546
2026-01-24 15:00:00,566.0,90.08382117429156,1170.0838211742916,1169.9152677408347,0.16855343345697696
2026-01-24 16:00:00,567.0,92.17782370755495,1172.1778237075548,1172.0118361107893,0.16598759676566766
2026-01-24 17:00:00,568.0,94.27151342590192,1174.271513425902,1174.1084044807437,0.16310894515822333
2026-01-24 18:00:00,569.0,96.36488841417169,1176.3648884141717,1176.2049728506984,0.15991556347336233
2026-01-24 19:00:00,570.0,98.45794738183525,1178.4579473818353,1178.3015412206528,0.15640616118265172
2026-01-24 20:00:00,571.0,100.55068970984141,1180.5506897098414,1180.3981095906074,0.1525801192341239
2026-01-24 21:00:00,572.0,102.64311559219212,1182.643115592192,1182.4946779605618,0.14843763163041887
2026-01-24 22:00:00,573.0,104.73522616522224,1184.7352261652222,1184.5912463305165,0.1439798347058643
2026-01-24 23:00:00,574.0,106.82702343255123,1186.8270234325512,1186.6878147004709,0.13920873208044832
2026-01-25 00:00:00,575.0,108.9185104029168,1188.9185104029168,1188.7843830704255,0.13412733249131906
2026-01-25 01:00:00,576.0,111.0096911196172,1191.0096911196172,1190.88095144038,0.12873967923729157
2026-01-25 02:00:00,577.0,113.10057068885233,1193.1005706888523,1192.9775198103343,0.12305087851804793
2026-01-25 03:00:00,578.0,115.19115529785124,1195.1911552978513,1195.074088180289,0.1170671175623828
2026-01-25 04:00:00,579.0,117.28145222323094,1197.2814522232309,1197.1706565502434,0.1107956729876173
2026-01-25 05:00:00,580.0,119.37146983007237,1199.3714698300723,1199.267224920198,0.10424490987443918
2026-01-25 06:00:00,581.0,121.46121756222983,1201.4612175622299,1201.3637932901524,0.09742427207745749
2026-01-25 07:00:00,582.0,123.5507059244083,1203.5507059244082,1203.460361660107,0.09034426430132661
2026-01-25 08:00:00,583.0,125.63994645654411,1205.639946456544,1205.5569300300615,0.08301642648267599
2026-01-25 09:00:00,584.0,127.72895170101035,1207.7289517010104,1207.6534984000161,0.07545330099426578
2026-01-25 10:00:00,585.0,129.81773516314007,1209.8177351631402,1209.7500667699705,0.06766839316967241
2026-01-25 11:00:00,586.0,131.90631126552503,1211.9063112655251,1211.8466351399252,0.059676125599989985
2026-01-25 12:00:00,587.0,133.9946952965185,1213.9946952965186,1213.9432035098796,0.05149178663897068
2026-01-25 13:00:00,588.0,136.0829033533614,1216.0829033533614,1216.039771879834,0.04313147352737903
2026-01-25 14:00:00,589.0,138.17095228037687,1218.170952280377,1218.1363402497886,0.03461203058824982
2026-01-25 15:00:00,590.0,140.258859602756,1220.258859602756,1220.232908619743,0.02595098301293026
2026-01-25 16:00:00,591.0,142.34664345658183,1222.346643456582,1222.3294769896977,0.01716646688419524
2026-01-25 17:00:00,592.0,144.43432251590053,1224.4343225159005,1224.426045359652,0.008277156248418465
2026-01-25 18:00:00,593.0,146.52191591779112,1226.5219159177911,1226.5226137296067,-0.0006978118156496126
2026-01-25 19:00:00,594.0,148.6094431864229,1228.609443186423,1228.6191820995612,-0.009738913138146255
2026-01-25 20:00:00,595.0,150.69692415686728,1230.6969241568672,1230.7157504695158,-0.01882631264851283
2026-01-25 21:00:00,596.0,152.78437889873263,1232.7843788987327,1232.8123188394702,-0.027939940737508506
2026-01-25 22:00:00,597.0,154.87182763820638,1234.8718276382065,1234.9088872094248,-0.03705957121835591
2026-01-25 23:00:00,598.0,156.95929067442978,1236.95929067443,1237.0054555793793,-0.04616490494937596
2026-01-26 00:00:00,599.0,159.04678828180434,1239.0467882818043,1239.1020239493337,-0.05523566752922854
2026-01-26 01:00:00,600.0,161.134340624723,1241.1343406247229,1241.1985923192883,-0.06425169456529352
2026-01-26 02:00:00,601.0,163.22196776569962,1243.2219677656997,1243.2951606892427,-0.07319292354305346
2026-01-26 03:00:00,602.0,165.3096895271656,1245.3096895271656,1245.3917290591974,-0.08203953203172847
2026-01-26 04:00:00,603.0,167.3975253962908,1247.3975253962908,1247.4882974291518,-0.09077203286092475
2026-01-26 05:00:00,604.0,169.48549446039556,1249.4854944603956,1249.5848657991064,-0.09937133871083018
2026-01-26 06:00:00,605.0,171.57361534628865,1251.5736153462885,1251.6814341690608,-0.10781882277216029
2026-01-26 07:00:00,606.0,173.66190616062713,1253.661906160627,1253.7780025390155,-0.11609637838832677
2026-01-26 08:00:00,607.0,175.7503844299241,1255.7503844299242,1255.8745709089699,-0.1241864790456859
2026-01-26 09:00:00,608.0,177.83906704042124,1257.8390670404212,1257.9711392789245,-0.1320722385032224
2026-01-26 10:00:00,609.0,179.92797017944886,1259.927970179449,1260.067707648879,-0.13973746942996804
2026-01-26 11:00:00,610.0,-177.98289071908596,1262.0171092809142,1262.1642760188333,-0.1471667379192
2026-01-26 12:00:00,611.0,-175.89350102196164,1264.1064989780384,1264.260844388788,-0.1543454107495496
2026-01-26 13:00:00,612.0,-173.80384693365625,1266.1961530663436,1266.3574127587424,-0.16125969239872018
2026-01-26 14:00:00,613.0,-171.71391552083662,1268.2860844791633,1268.453981128697,-0.16789664953365635
2026-01-26 15:00:00,614.0,-169.62369472328484,1270.3763052767151,1270.5505494986514,-0.17424422193638545
2026-01-26 16:00:00,615.0,-167.5331733518451,1272.466826648155,1272.647117868606,-0.18029122045116028
2026-01-26 17:00:00,616.0,-165.4423410757877,1274.5576589242123,1274.7436862385605,-0.18602731434814088
2026-01-26 18:00:00,617.0,-163.35118840377856,1276.6488115962215,1276.8402546085151,-0.19144301229360144
2026-01-26 19:00:00,618.0,-161.25970666417672,1278.7402933358235,1278.9368229784695,-0.19652964264616515
2026-01-26 20:00:00,619.0,-159.1678879914204,1280.8321120085795,1281.033391348424,-0.20127933984443722
2026-01-26 21:00:00,620.0,-157.07572532557336,1282.9242746744264,1283.1299597183786,-0.20568504395205833
2026-01-26 22:00:00,621.0,-154.9832124314715,1285.0167875685286,1285.226528088333,-0.20974051980454203
2026-01-26 23:00:00,622.0,-152.89034394214954,1287.1096560578503,1287.3230964582876,-0.21344040043723
2026-01-27 00:00:00,623.0,-150.79711542817378,1289.2028845718262,1289.419664828242,-0.21678025641588794
2026-01-27 01:00:00,624.0,-148.70352349004105,1291.2964765099591,1291.5162331981967,-0.2197566882376715
2026-01-27 02:00:00,625.0,-146.6095658648365,1293.3904341351633,1293.612801568151,-0.22236743298769412
2026-01-27 03:00:00,626.0,-144.51524153082866,1295.4847584691713,1295.7093699381057,-0.22461146893439213
2026-01-27 04:00:00,627.0,-142.42055056217725,1297.5794494378226,1297.8059383080601,-0.2264888702375123
2026-01-27 05:00:00,628.0,-140.3254939231457,1299.6745060768542,1299.9025066780148,-0.22800060116062604
2026-01-27 06:00:00,629.0,-138.23007362080847,1301.7699263791915,1301.9990750479692,-0.22914866877765108
2026-01-27 07:00:00,630.0,-136.13429255586996,1303.86570744413,1304.0956434179236,-0.2299359737935396
2026-01-27 08:00:00,631.0,-134.03815445872212,1305.9618455412779,1306.1922117878783,-0.2303662466003713
2026-01-27 09:00:00,632.0,-131.94166383067878,1308.0583361693211,1308.2887801578327,-0.2304439885114913
2026-01-27 10:00:00,633.0,-129.84482588978938,1310.1551741102107,1310.3853485277873,-0.2301744175766647
2026-01-27 11:00:00,634.0,-127.74764652053204,1312.252353479468,1312.4819168977417,-0.22956341827374185
2026-01-27 12:00:00,635.0,-125.65013222665466,1314.3498677733453,1314.5784852676964,-0.22861749435115933
2026-01-27 13:00:00,636.0,-123.55229008645716,1316.447709913543,1316.6750536376508,-0.22734372410801812
2026-01-27 14:00:00,637.0,-121.4541277098782,1318.545872290122,1318.7716220076054,-0.22574971748356637
2026-01-27 15:00:00,638.0,-119.35565319685172,1320.6443468031482,1320.8681903775598,-0.22384357441157623
2026-01-27 16:00:00,639.0,-117.25687509652728,1322.7431249034726,1322.9647587475145,-0.22163384404186712
2026-01-27 17:00:00,640.0,-115.15780236708898,1324.8421976329112,1325.0613271174689,-0.21912948455783932
2026-01-27 18:00:00,641.0,-113.05844433605422,1326.9415556639458,1327.1578954874233,-0.21633982347765562
2026-01-27 19:00:00,642.0,-110.95881066106557,1329.0411893389344,1329.254463857378,-0.21327451844354897
2026-01-27 20:00:00,643.0,-108.85891129129362,1331.1410887087063,1331.3510322273323,-0.20994351862607136
2026-01-27 21:00:00,644.0,-106.75875642962205,1333.241243570378,1333.447600597287,-0.20635702690918142
2026-01-27 22:00:00,645.0,-104.65835649577289,1335.341643504227,1335.5441689672414,-0.20252546301433383
2026-01-27 23:00:00,646.0,-102.55772209044176,1337.4422779095582,1337.640737337196,-0.1984594276378677
2026-01-28 00:00:00,647.0,-100.4568639603689,1339.543136039631,1339.7373057071504,-0.19416966751945797
2026-01-28 01:00:00,648.0,-98.3557929641366,1341.6442070358635,1341.833874077105,-0.18966704124173828
2026-01-28 02:00:00,649.0,-96.25452003849571,1343.7454799615043,1343.9304424470595,-0.18496248555530023
2026-01-28 03:00:00,650.0,-94.15305616544283,1345.8469438345571,1346.0270108170141,-0.180066982457052
2026-01-28 04:00:00,651.0,-92.05141234151434,1347.9485876584856,1348.1235791869685,-0.17499152848305674
2026-01-28 05:00:00,652.0,-89.94959955349105,1350.0504004465088,1350.220147556923,-0.16974711041418394
2026-01-28 06:00:00,653.0,-87.84762876987502,1352.152371230125,1352.3167159268776,-0.16434469675262986
2026-01-28 07:00:00,654.0,-85.74551085771986,1354.2544891422801,1354.413284296832,-0.15879515455199023
2026-01-28 08:00:00,655.0,-83.6432566936237,1356.3567433063763,1356.5098526667866,-0.1531093604103745
2026-01-28 09:00:00,656.0,-81.5408770569998,1358.4591229430002,1358.606421036741,-0.1472980937409652
2026-01-28 10:00:00,657.0,-79.43838254300513,1360.5616174569948,1360.7029894066957,-0.14137194970094913
2026-01-28 11:00:00,658.0,-77.33578360951213,1362.6642163904878,1362.79955777665,-0.13534138616235625
2026-01-28 12:00:00,659.0,-75.23309058350948,1364.7669094164905,1364.8961261466047,-0.1292167301142871
2026-01-28 13:00:00,660.0,-73.13031364741335,1366.8696863525868,1366.9926945165591,-0.12300816397258423
2026-01-28 14:00:00,661.0,-71.0274628177928,1368.9725371822071,1369.0892628865138,-0.11672570430665394
2026-01-28 15:00:00,662.0,-68.92454792358869,1371.0754520764112,1371.1858312564682,-0.11037918005699235
2026-01-28 16:00:00,663.0,-66.8215785872144,1373.1784214127856,1373.2823996264228,-0.10397821363709277
2026-01-28 17:00:00,664.0,-64.71856420942117,1375.2814357905788,1375.3789679963775,-0.09753220579848362
2026-01-28 18:00:00,665.0,-62.615513957149766,1377.3844860428503,1377.4755363663319,-0.09105032348151854
2026-01-28 19:00:00,666.0,-60.512436752566316,1379.4875632474336,1379.5721047362865,-0.08454148885269125
2026-01-28 20:00:00,667.0,-58.40934126098087,1381.590658739019,1381.668673106241,-0.07801436722178479
2026-01-28 21:00:00,668.0,-56.3062358753102,1383.6937641246898,1383.7652414761956,-0.07147735150570145
2026-01-28 22:00:00,669.0,-54.20312869513192,1385.796871304868,1385.86180984615,-0.06493854128178772
2026-01-28 23:00:00,670.0,-52.100027499151594,1387.8999725008484,1387.9583782161046,-0.058405715256138725
2026-01-29 00:00:00,671.0,-49.99693971102326,1390.0030602889767,1390.054946586059,-0.05188629708215161
2026-01-29 01:00:00,672.0,-47.89387235986875,1392.1061276401313,1392.1515149560134,-0.0453873158821577
2026-01-29 02:00:00,673.0,-45.79083203845178,1394.2091679615482,1394.248083325968,-0.03891536441982071
2026-01-29 03:00:00,674.0,-43.6878248636841,1396.312175136316,1396.3446516959225,-0.03247655960650223
2026-01-29 04:00:00,675.0,-41.58485644585702,1398.415143554143,1398.4412200658771,-0.02607651173405154
2026-01-29 05:00:00,676.0,-39.48193187457725,1400.5180681254228,1400.5377884358315,-0.01972031040871344
2026-01-29 06:00:00,677.0,-37.379055730702945,1402.620944269297,1402.6343568057862,-0.013412536489047668
2026-01-29 07:00:00,678.0,-35.276232134482676,1404.7237678655174,1404.7309251757406,-0.007157310223140553
2026-01-29 08:00:00,679.0,-33.17346484045332,1406.8265351595467,1406.8274935456952,-0.0009583861484180358
2026-01-29 09:00:00,680.0,-31.070757389307175,1408.9292426106929,1408.9240619156496,0.005180695043331173
2026-01-29 10:00:00,681.0,-28.968113234788856,1411.0318867652113,1411.0206302856043,0.011256479607014466
2026-01-29 11:00:00,682.0,-26.865535747541255,1413.1344642524587,1413.1171986555587,0.017265596900089733
2026-01-29 12:00:00,683.0,-24.76302827589283,1415.2369717241072,1415.213767025513,0.02320469859417584
2026-01-29 13:00:00,684.0,-22.660594115569687,1417.3394058844303,1417.3103353954677,0.029070488962686086
2026-01-29 14:00:00,685.0,-20.558236489530902,1419.4417635104692,1419.4069037654222,0.03485974504707155
2026-01-29 15:00:00,686.0,-18.455958525760632,1421.5440414742395,1421.5034721353768,0.04056933886269055
2026-01-29 16:00:00,687.0,-16.353763237202404,1423.6462367627978,1423.6000405053312,0.046196257466531096
2026-01-29 17:00:00,688.0,-14.251653506321542,1425.7483464936784,1425.6966088752858,0.051737618392620935
2026-01-29 18:00:00,689.0,-12.149632075390178,1427.8503679246098,1427.7931772452403,0.05719067936956348
2026-01-29 19:00:00,690.0,-10.047701542505937,1429.9522984574942,1429.889745615195,0.06255284229923362
2026-01-29 20:00:00,691.0,-7.945864362573332,1432.0541356374267,1431.9863139851493,0.06782165227747228
2026-01-29 21:00:00,692.0,-5.84412285198027,1434.1558771480197,1434.082882355104,0.07299479291577024
2026-01-29 22:00:00,693.0,-3.742479195475234,1436.2575208045248,1436.1794507250584,0.07807007946638485
2026-01-29 23:00:00,694.0,-1.6409354537682628,1438.3590645462316,1438.2760190950128,0.0830454512189313
2026-01-30 00:00:00,695.0,0.46050642938028913,1440.4605064293803,1440.3725874649674,0.08791896441298734
2026-01-30 01:00:00,696.0,2.561844621385248,1442.5618446213853,1442.4691558349218,0.09268878646342729
2026-01-30 02:00:00,697.0,4.663077396583519,1444.6630773965835,1444.5657242048765,0.09735319170712985
2026-01-30 03:00:00,698.0,6.764203132996027,1446.764203132996,1446.6622925748309,0.1019105581652243
2026-01-30 04:00:00,699.0,8.865220308822343,1448.8652203088222,1448.7588609447855,0.10635936403684713
2026-01-30 05:00:00,700.0,10.96612749662127,1450.9661274966213,1450.85542931474,0.11069818188132217
2026-01-30 06:00:00,701.0,13.066923352477922,1453.066923352478,1452.9519976846946,0.11492566778330855
2026-01-30 07:00:00,702.0,15.16760659704287,1455.1676065970428,1455.048566054649,0.11904054239384496
2026-01-30 08:00:00,703.0,17.268175985312542,1457.2681759853124,1457.1451344246036,0.12304156070887179
2026-01-30 09:00:00,704.0,19.368630262586983,1459.368630262587,1459.241702794558,0.12692746802898097
2026-01-30 10:00:00,705.0,21.468968105397938,1461.468968105398,1461.3382711645124,0.13069694088557443
2026-01-30 11:00:00,706.0,23.56918804855357,1463.5691880485535,1463.434839534467,0.13434851408657308
2026-01-30 12:00:00,707.0,25.669288402970263,1465.6692884029703,1465.5314079044215,0.13788049854879667
2026-01-30 13:00:00,708.0,27.769267169469053,1467.7692671694692,1467.6279762743761,0.14129089509302398
2026-01-30 14:00:00,709.0,29.869121868763386,1469.8691218687634,1469.7245446443305,0.14457722443281099
2026-01-30 15:00:00,710.0,31.968849547513646,1471.9688495475136,1471.8211130142852,0.14773653322843514
2026-01-30 16:00:00,711.0,34.068446736816774,1474.068446736817,1473.9176813842396,0.15076535257724713
2026-01-30 17:00:00,712.0,36.1679093988559,1476.1679093988557,1476.0142497541942,0.15365964466157087
2026-01-30 18:00:00,713.0,38.26723291282942,1478.2672329128295,1478.1108181241486,0.15641478868077935
2026-01-30 19:00:00,714.0,40.36641208565472,1480.3664120856547,1480.2073864941033,0.1590255915513931
2026-01-30 20:00:00,715.0,42.46544117818524,1482.465441178185,1482.3039548640577,0.16148631412747114
2026-01-30 21:00:00,716.0,44.564313941102554,1484.5643139411027,1484.400523234012,0.16379070709049895
2026-01-30 22:00:00,717.0,46.66302365684107,1486.663023656841,1486.4970916039667,0.16593205287428978
2026-01-30 23:00:00,718.0,48.76156318531867,1488.7615631853187,1488.5936599739211,0.16790321139739167
2026-01-31 00:00:00,719.0,50.859925012199696,1490.8599250121997,1490.6902283438758,0.1696966683238573
2026-01-31 01:00:00,720.0,52.9581012991129,1492.9581012991127,1492.7867967138302,0.17130458528262482
2026-01-31 02:00:00,721.0,55.05608393580229,1495.0560839358022,1494.8833650837848,0.17271885201741916
2026-01-31 03:00:00,722.0,57.153864594651814,1497.1538645946518,1496.9799334537392,0.17393114091255288
2026-01-31 04:00:00,723.0,59.25143478839476,1499.2514347883948,1499.076501823694,0.17493296470091058
2026-01-31 05:00:00,724.0,61.348785932064914,1501.3487859320649,1501.1730701936483,0.17571573841647195
2026-01-31 06:00:00,725.0,63.44590941032331,1503.4459094103233,1503.269638563603,0.17627084672029367
2026-01-31 07:00:00,726.0,65.54279665115199,1505.542796651152,1505.3662069335574,0.17658971759452083
2026-01-31 08:00:00,727.0,67.6394392065003,1507.6394392065001,1507.4627753035118,0.1766639029884298
2026-01-31 09:00:00,728.0,69.73582883976697,1509.735828839767,1509.5593436734664,0.17648516630047534
2026-01-31 10:00:00,729.0,71.83195761898442,1511.8319576189845,1511.6559120434208,0.17604557556355555
2026-01-31 11:00:00,730.0,73.92781801323821,1513.9278180132383,1513.7524804133755,0.1753375998627383
2026-01-31 12:00:00,731.0,76.02340298821956,1516.0234029882197,1515.8490487833299,0.17435420488970885
2026-01-31 13:00:00,732.0,78.11870609490191,1518.1187060949019,1517.9456171532845,0.1730889416174484
2026-01-31 14:00:00,733.0,80.21372154319776,1520.2137215431978,1520.042185523239,0.17153601995882728
2026-01-31 15:00:00,734.0,82.30844425014702,1522.308444250147,1522.1387538931936,0.16969035695348425
2026-01-31 16:00:00,735.0,84.40286978288738,1524.4028697828874,1524.235322263148,0.16754751973931042
2026-01-31 17:00:00,736.0,86.49699433485999,1526.4969943348601,1526.3318906331026,0.16510370175742214
2026-01-31 18:00:00,737.0,88.59081467824274,1528.5908146782429,1528.428459003057,0.16235567518571895
2026-01-31 19:00:00,738.0,90.68432810588652,1530.6843281058866,1530.5250273730114,0.1593007328750844
2026-01-31 20:00:00,739.0,92.77753248108986,1532.77753248109,1532.621595742966,0.15593673812379458
2026-01-31 21:00:00,740.0,94.8704263052316,1534.8704263052316,1534.7181641129205,0.152262192311072
2026-01-31 22:00:00,741.0,96.96300879371624,1536.9630087937162,1536.8147324828751,0.14827631084099632
2026-01-31 23:00:00,742.0,99.0552799528555,1539.0552799528555,1538.9113008528295,0.14397910002582356
2026-02-01 00:00:00,743.0,101.14724065225494,1541.147240652255,1541.0078692227842,0.13937142947072897
2026-02-01 01:00:00,744.0,103.23889268896971,1543.2388926889696,1543.1044375927386,0.13445509623104
2026-02-01 02:00:00,745.0,105.33023884113301,1545.330238841133,1545.2010059626932,0.12923287843974693
2026-02-01 03:00:00,746.0,107.42128290993564,1547.4212829099356,1547.2975743326476,0.1237085772879749
2026-02-01 04:00:00,747.0,109.51202974975597,1549.512029749756,1549.394142702602,0.11788704715384399
2026-02-01 05:00:00,748.0,111.60248528690968,1551.6024852869098,1551.4907110725567,0.11177421435298421
2026-02-01 06:00:00,749.0,113.69265652792696,1553.6926565279268,1553.587279442511,0.10537708541571265
2026-02-01 07:00:00,750.0,115.7825515584801,1555.78255155848,1555.6838478124657,0.09870374601429609
2026-02-01 08:00:00,751.0,117.87217953409936,1557.8721795340994,1557.7804161824201,0.09176335167919167
2026-02-01 09:00:00,752.0,119.96155066364885,1559.961550663649,1559.8769845523748,0.08456611127400443
2026-02-01 10:00:00,753.0,122.05067618622124,1562.0506761862212,1561.9735529223292,0.07712326389193805
2026-02-01 11:00:00,754.0,124.1395683417035,1564.1395683417036,1564.0701212922838,0.06944704941963406
2026-02-01 12:00:00,755.0,126.22824033484963,1566.2282403348497,1566.1666896622382,0.06155067261125457
2026-02-01 13:00:00,756.0,128.3167062924045,1568.3167062924044,1568.2632580321929,0.0534482602115519
2026-02-01 14:00:00,757.0,130.40498121286566,1570.4049812128656,1570.3598264021473,0.04515481071816765
2026-02-01 15:00:00,758.0,132.49308090915585,1572.4930809091559,1572.456394772102,0.036686137054093834
2026-02-01 16:00:00,759.0,134.58102194625084,1574.5810219462508,1574.5529631420563,0.028058804194400225
2026-02-01 17:00:00,760.0,136.66882157928404,1576.668821579284,1576.649531512011,0.019290067273149147
2026-02-01 18:00:00,761.0,138.75649770366024,1578.7564977036602,1578.7460998819656,0.010397821694792296
2026-02-01 19:00:00,762.0,140.84406878132955,1580.8440687813295,1580.84266825192,0.0014005294096256676
2026-02-01 20:00:00,763.0,142.93155375006933,1582.9315537500693,1582.9392366218747,-0.00768287180519707
2026-02-01 21:00:00,764.0,145.018971968978,1585.0189719689781,1585.035804991829,-0.016833022850906477
2026-02-01 22:00:00,765.0,147.10634313072225,1587.1063431307223,1587.1323733617837,-0.026030231061318125
2026-02-01 23:00:00,766.0,149.1936871929499,1589.19368719295,1589.2289417317381,-0.035254538788211956
2026-02-02 00:00:00,767.0,151.28102430322252,1591.2810243032225,1591.3255101016928,-0.04448579847015789
2026-02-02 01:00:00,768.0,153.36837472123744,1593.3683747212374,1593.4220784716472,-0.05370375040964734
2026-02-02 02:00:00,769.0,155.45575874034174,1595.4557587403417,1595.5186468416016,-0.06288810125981915
2026-02-02 03:00:00,770.0,157.54319660944384,1597.5431966094436,1597.6152152115562,-0.07201860211242046
2026-02-02 04:00:00,771.0,159.63070845598108,1599.630708455981,1599.7117835815106,-0.08107512552951786
2026-02-02 05:00:00,772.0,161.71831421037163,1601.7183142103718,1601.8083519514653,-0.09003774109352825
2026-02-02 06:00:00,773.0,163.8060335322595,1603.8060335322596,1603.9049203214197,-0.09888678916005814
2026-02-02 07:00:00,774.0,165.8938857388096,1605.8938857388096,1606.0014886913743,-0.107602952564603
2026-02-02 08:00:00,775.0,167.98188973531694,1607.9818897353168,1608.0980570613287,-0.11616732601176735
2026-02-02 09:00:00,776.0,170.07006394846894,1610.070063948469,1610.1946254312834,-0.12456148281439573
2026-02-02 10:00:00,777.0,172.15842626273033,1612.1584262627302,1612.2911938012378,-0.1327675385075161
2026-02-02 11:00:00,778.0,174.2469939605077,1614.2469939605076,1614.3877621711924,-0.1407682106847003
2026-02-02 12:00:00,779.0,176.33578366696165,1616.3357836669616,1616.4843305411468,-0.14854687418521687
2026-02-02 13:00:00,780.0,178.42481130054438,1618.4248113005444,1618.5808989111013,-0.15608761055679612
2026-02-02 14:00:00,781.0,-179.48590796949503,1620.514092030505,1620.677467281056,-0.16337525055089408
2026-02-02 15:00:00,782.0,-177.3963597573145,1622.6036402426855,1622.7740356510103,-0.17039540832469804
2026-02-02 16:00:00,783.0,-175.30653048511303,1624.693469514887,1624.870604020965,-0.177134506077856
2026-02-02 17:00:00,784.0,-173.21640739712362,1626.7835926028763,1626.9671723909194,-0.1835797880430495
2026-02-02 18:00:00,785.0,-171.12597856229303,1628.874021437707,1629.063740760874,-0.18971932316702328
2026-02-02 19:00:00,786.0,-169.03523286559277,1630.964767134407,1631.1603091308284,-0.19554199642120804
2026-02-02 20:00:00,787.0,-166.94415998875658,1633.0558400112434,1633.256877500783,-0.20103748953967054
2026-02-02 21:00:00,788.0,-164.85275038233485,1635.1472496176652,1635.3534458707375,-0.20619625307216502
2026-02-02 22:00:00,789.0,-162.7609952593191,1637.239004740681,1637.450014240692,-0.21100950001121746
2026-02-02 23:00:00,790.0,-160.66888665251142,1639.3311133474886,1639.5465826106465,-0.21546926315793297
2026-02-03 00:00:00,791.0,-158.57641741751948,1641.4235825824805,1641.643150980601,-0.21956839812036832
2026-02-03 01:00:00,792.0,-156.48358137377346,1643.5164186262264,1643.7397193505556,-0.22330072432904702
2026-02-03 02:00:00,793.0,-154.39037342216324,1645.609626577837,1645.83628772051,-0.22666114267310727
2026-02-03 03:00:00,794.0,-152.2967896056039,1647.7032103943961,1647.9328560904646,-0.22964569606844462
2026-02-03 04:00:00,795.0,-150.20282712469566,1649.7971728753043,1650.029424460419,-0.23225158511459013
2026-02-03 05:00:00,796.0,-148.10848432007708,1651.8915156799228,1652.1259928303737,-0.23447715045072343
2026-02-03 06:00:00,797.0,-146.01376063199632,1653.9862393680037,1654.222561200328,-0.23632183232446144
2026-02-03 07:00:00,798.0,-143.91865654618348,1656.0813434538165,1656.3191295702827,-0.23778611646624756
2026-02-03 08:00:00,799.0,-141.8231735334317,1658.1768264665684,1658.4156979402371,-0.23887147366878694
2026-02-03 09:00:00,800.0,-139.7273139885107,1660.2726860114892,1660.5122663101915,-0.23958029870228006
2026-02-03 10:00:00,801.0,-137.63108117225727,1662.3689188277426,1662.6088346801462,-0.23991585240349395
2026-02-03 11:00:00,802.0,-135.53447915901472,1664.4655208409854,1664.7054030501006,-0.23988220911528926
2026-02-03 12:00:00,803.0,-133.4375127901067,1666.5624872098933,1666.8019714200552,-0.2394842101619755
2026-02-03 13:00:00,804.0,-131.34018763281586,1668.659812367184,1668.8985397900096,-0.23872742282554976
2026-02-03 14:00:00,805.0,-129.24250994344212,1670.7574900565578,1670.9951081599643,-0.2376181034064802
2026-02-03 15:00:00,806.0,-127.14448663249625,1672.8555133675038,1673.0916765299187,-0.23616316241490148
2026-02-03 16:00:00,807.0,-125.04612522997508,1674.953874770025,1675.1882448998733,-0.234370129848321
2026-02-03 17:00:00,808.0,-122.94743384898156,1677.0525661510185,1677.2848132698277,-0.23224711880933047
2026-02-03 18:00:00,809.0,-120.848421146696,1679.151578853304,1679.3813816397824,-0.22980278647831687
2026-02-03 19:00:00,810.0,-118.74909628282875,1681.2509037171712,1681.4779500097368,-0.22704629256554604
2026-02-03 20:00:00,811.0,-116.64946887708936,1683.3505311229105,1683.5745183796912,-0.2239872567806836
2026-02-03 21:00:00,812.0,-114.549548968705,1685.450451031295,1685.6710867496458,-0.22063571835089846
2026-02-03 22:00:00,813.0,-112.44934698228214,1687.5506530177179,1687.7676551196002,-0.21700210188236665
2026-02-03 23:00:00,814.0,-110.3488737048119,1689.651126295188,1689.864223489555,-0.2130971943668454
2026-02-04 00:00:00,815.0,-108.24814027757682,1691.7518597224232,1691.9607918595093,-0.2089321370860675
2026-02-04 01:00:00,816.0,-106.14715814259014,1693.8528418574099,1694.057360229464,-0.20451837205405016
2026-02-04 02:00:00,817.0,-104.04593887115225,1695.9540611288478,1696.1539285994184,-0.19986747057064358
2026-02-04 03:00:00,818.0,-101.94449428183192,1698.055505718168,1698.250496969373,-0.1949912512049446
2026-02-04 04:00:00,819.0,-99.8428363956755,1700.1571636043245,1700.3470653393274,-0.18990173500290908
2026-02-04 05:00:00,820.0,-97.74097737044298,1702.259022629557,1702.443633709282,-0.1846110797250838
2026-02-04 06:00:00,821.0,-95.63892946040866,1704.3610705395913,1704.5402020792365,-0.17913153964520948
2026-02-04 07:00:00,822.0,-93.53670498690023,1706.4632950131,1706.6367704491909,-0.1734754360910581
2026-02-04 08:00:00,823.0,-91.43431631216188,1708.5656836878381,1708.7333388191455,-0.16765513130749976
2026-02-04 09:00:00,824.0,-89.33177581344152,1710.6682241865585,1710.8299071891,-0.16168300254144494
2026-02-04 10:00:00,825.0,-87.22909585648074,1712.7709041435194,1712.9264755590546,-0.15557141553525433
2026-02-04 11:00:00,826.0,-85.12628876860353,1714.8737112313963,1715.023043929009,-0.1493326976126308
2026-02-04 12:00:00,827.0,-83.02336681189912,1716.9766331881008,1717.1196122989636,-0.14297911086282836
2026-02-04 13:00:00,828.0,-80.92034215692935,1719.0796578430707,1719.216180668918,-0.13652282584738853
2026-02-04 14:00:00,829.0,-78.81722685718776,1721.1827731428123,1721.3127490388727,-0.1299758960604387
2026-02-04 15:00:00,830.0,-76.71403282431328,1723.285967175687,1723.409317408827,-0.12335023314031415
2026-02-04 16:00:00,831.0,-74.61077180387471,1725.3892281961253,1725.5058857787817,-0.11665758265642784
2026-02-04 17:00:00,832.0,-72.50745535140663,1727.4925446485934,1727.6024541487361,-0.10990950014284934
2026-02-04 18:00:00,833.0,-70.40409480828701,1729.595905191713,1729.6990225186905,-0.10311732697758888
2026-02-04 19:00:00,834.0,-68.30070127698487,1731.699298723015,1731.7955908886452,-0.09629216563004503
2026-02-04 20:00:00,835.0,-66.19728559516115,1733.8027144048388,1733.8921592585996,-0.08944485376080645
2026-02-04 21:00:00,836.0,-64.0938583080661,1735.906141691934,1735.9887276285542,-0.08258593662034039
2026-02-04 22:00:00,837.0,-61.9904296386414,1738.0095703613586,1738.0852959985086,-0.07572563715015022
2026-02-04 23:00:00,838.0,-59.88700945471161,1740.1129905452883,1740.1818643684633,-0.06887382317492137
2026-02-05 00:00:00,839.0,-57.78360723264755,1742.2163927673525,1742.2784327384177,-0.062039971065218386
2026-02-05 01:00:00,840.0,-55.68023201692163,1744.3197679830782,1744.3750011083723,-0.05523312529406054
2026-02-05 02:00:00,841.0,-53.576892375067196,1746.4231076249328,1746.4715694783267,-0.048461853393957255
2026-02-05 03:00:00,842.0,-51.4735963477219,1748.526403652278,1748.5681378482814,-0.04173419600337078
2026-02-05 04:00:00,843.0,-49.37035131977418,1750.629648680226,1750.6647062182358,-0.03505753800997823
2026-02-05 05:00:00,844.0,-47.26716418488227,1752.7328358151178,1752.7612745881902,-0.02843877307257219
2026-02-05 06:00:00,845.0,-45.16404115675715,1754.835958843243,1754.8578429581448,-0.021884114902110743
2026-02-05 07:00:00,846.0,-43.06098767591057,1756.9390123240894,1756.9544113280992,-0.015399004009889835
2026-02-05 08:00:00,847.0,-40.958008552611,1759.041991447389,1759.0509796980539,-0.008988250664977703
2026-02-05 09:00:00,848.0,-38.8551080995441,1761.1448919004558,1761.1475480680083,-0.002656167552555344
2026-02-05 10:00:00,849.0,-36.75229024165677,1763.2477097583433,1763.244116437963,0.003593320380207912
2026-02-05 11:00:00,850.0,-34.64955859732894,1765.350441402671,1765.3406848079173,0.009756594753549149
2026-02-05 12:00:00,851.0,-32.546916530162136,1767.4530834698378,1767.437253177872,0.01583029196570743
2026-02-05 13:00:00,852.0,-30.444367174389495,1769.5556328256105,1769.5338215478264,0.021811277783905004
2026-02-05 14:00:00,853.0,-28.34191343931899,1771.658086560681,1771.630389917781,0.027696642899916534
2026-02-05 15:00:00,854.0,-26.239557999469113,1773.760442000531,1773.7269582877354,0.033483712795386374
2026-02-05 16:00:00,855.0,-24.13730327731233,1775.8626967226876,1775.82352665769,0.03917006499763538
2026-02-05 17:00:00,856.0,-22.03515142498583,1777.9648485750142,1777.9200950276445,0.04475354736952969
2026-02-05 18:00:00,857.0,-19.933104310152025,1780.0668956898478,1780.0166633975991,0.05023229224885279
2026-02-05 19:00:00,858.0,-17.831163509581916,1782.168836490418,1782.1132317675535,0.055604722864374914
2026-02-05 20:00:00,859.0,-15.72933031218685,1784.270669687813,1784.2098001375082,0.06086955030511517
2026-02-05 21:00:00,860.0,-13.62760573133373,1786.3723942686663,1786.3063685074628,0.0660257612036054
2026-02-05 22:00:00,861.0,-11.525990524544918,1788.4740094754552,1788.4029368774172,0.07107259803802798
2026-02-05 23:00:00,862.0,-9.424485217324323,1790.5755147826756,1790.4995052473719,0.0760095353038056
2026-02-06 00:00:00,863.0,-7.323090127106673,1792.6769098728932,1792.5960736173263,0.08083625556712856
2026-02-06 01:00:00,864.0,-5.22180538348113,1794.778194616519,1794.692641987281,0.08555262923805206
2026-02-06 02:00:00,865.0,-3.1206309422381704,1796.8793690577618,1796.7892103572353,0.0901587005265915
2026-02-06 03:00:00,866.0,-1.0195665938539689,1798.980433406146,1798.8857787271897,0.09465467895629019
2026-02-06 04:00:00,867.0,1.0813880277146364,1801.0813880277146,1800.9823470971444,0.0990409305704182
2026-02-06 05:00:00,868.0,3.1822334219534687,1803.1822334219535,1803.0789154670988,0.1033179548546818
2026-02-06 06:00:00,869.0,5.2829701587470534,1805.282970158747,1805.1754838370534,0.1074863216936426
2026-02-06 07:00:00,870.0,7.383598860927406,1807.3835988609276,1807.2720522070078,0.111546653919701
2026-02-06 08:00:00,871.0,9.484120306421278,1809.4841203064213,1809.3686205769625,0.11549972945887431
2026-02-06 09:00:00,872.0,11.58453525409256,1811.5845352540925,1811.465188946917,0.1193463071756322
2026-02-06 10:00:00,873.0,13.684844433982622,1813.6848444339826,1813.5617573168715,0.12308711711118914
2026-02-06 11:00:00,874.0,15.785048498451777,1815.7850484984517,1815.658325686826,0.12672281162590984
2026-02-06 12:00:00,875.0,17.88514793634572,1817.8851479363457,1817.7548940567804,0.13025387956545112
2026-02-06 13:00:00,876.0,19.985142970577026,1819.985142970577,1819.8514624267348,0.1336805438422192
2026-02-06 14:00:00,877.0,22.085033454140728,1822.0850334541406,1821.9480307966896,0.1370026574510785
2026-02-06 15:00:00,878.0,24.18481877501202,1824.184818775012,1824.044599166644,0.14021960836801858
2026-02-06 16:00:00,879.0,26.284497776607374,1826.2844977766074,1826.1411675365985,0.14333024000901062
2026-02-06 17:00:00,880.0,28.384068697466734,1828.3840686974668,1828.2377359065529,0.1463327909138667
2026-02-06 18:00:00,881.0,30.483529131447114,1830.4835291314473,1830.3343042765077,0.14922485493953697
2026-02-06 19:00:00,882.0,32.582876007919744,1832.5828760079196,1832.4308726464621,0.15200336145761997
2026-02-06 20:00:00,883.0,34.68210559015873,1834.682105590159,1834.5274410164163,0.15466457374261025
2026-02-06 21:00:00,884.0,36.78121348924083,1836.781213489241,1836.6240093863707,0.1572041028702606
2026-02-06 22:00:00,885.0,38.88019469030021,1838.8801946903002,1838.7205777563256,0.15961693397461327
2026-02-06 23:00:00,886.0,40.979043587865775,1840.9790435878658,1840.81714612628,0.16189746158584517
2026-02-07 00:00:00,887.0,43.07775402722341,1843.0777540272234,1842.9137144962344,0.164039530988878
2026-02-07 01:00:00,888.0,45.17631934926046,1845.1763193492604,1845.0102828661888,0.1660364830715401
2026-02-07 02:00:00,889.0,47.27473243702578,1847.274732437026,1847.1068512361433,0.16788120088259445
2026-02-07 03:00:00,890.0,49.37298576322687,1849.3729857632266,1849.2034196060981,0.16956615712856488
2026-02-07 04:00:00,891.0,51.47107143901904,1851.471071439019,1851.2999879760525,0.17108346296639626
2026-02-07 05:00:00,892.0,53.56898126564489,1853.5689812656447,1853.396556346007,0.17242491963774986
2026-02-07 06:00:00,893.0,55.66670679165992,1855.66670679166,1855.4931247159614,0.17358207569863188
2026-02-07 07:00:00,894.0,57.764239379531695,1857.7642393795315,1857.5896930859162,0.17454629361542498
2026-02-07 08:00:00,895.0,59.86157028621242,1859.8615702862126,1859.6862614558706,0.17530883034192574
2026-02-07 09:00:00,896.0,61.95869076274705,1861.958690762747,1861.782829825825,0.1758609369219004
2026-02-07 10:00:00,897.0,64.05559210096571,1864.055592100966,1863.8793981957795,0.1761939051863448
2026-02-07 11:00:00,898.0,66.15226573853069,1866.1522657385306,1865.9759665657339,0.17629917279667165
2026-02-07 12:00:00,899.0,68.24870330205694,1868.248703302057,1868.0725349356887,0.17616836636835015
2026-02-07 13:00:00,900.0,70.34489675011841,1870.3448967501183,1870.1691033056431,0.17579344447515827
2026-02-07 14:00:00,901.0,72.44083852824689,1872.440838528247,1872.2656716755976,0.1751668526493677
2026-02-07 15:00:00,902.0,74.53652162844786,1874.5365216284476,1874.362240045552,0.17428158289567244
2026-02-07 16:00:00,903.0,76.63193959026,1876.6319395902601,1876.4588084155068,0.17313117475334128
2026-02-07 17:00:00,904.0,78.72708647327565,1878.7270864732754,1878.5553767854612,0.1717096878141899
2026-02-07 18:00:00,905.0,80.82195682395795,1880.8219568239579,1880.6519451554157,0.1700116685422202
2026-02-07 19:00:00,906.0,82.91654565281397,1882.9165456528137,1882.74851352537,0.1680321274436496
2026-02-07 20:00:00,907.0,85.01084843175134,1885.0108484317514,1884.8450818953245,0.1657665364267963
2026-02-07 21:00:00,908.0,87.10486111595614,1887.1048611159563,1886.9416502652793,0.1632108506769675
2026-02-07 22:00:00,909.0,89.19858019003445,1889.1985801900341,1889.0382186352338,0.16036155480045552
2026-02-07 23:00:00,910.0,91.29200273456813,1891.292002734568,1891.1347870051882,0.15721572937985825
2026-02-08 00:00:00,911.0,93.38512650671424,1893.3851265067142,1893.2313553751426,0.15377113157147207
2026-02-08 01:00:00,912.0,95.47795002705273,1895.4779500270527,1895.3279237450975,0.15002628195509554
2026-02-08 02:00:00,913.0,97.57047266454659,1897.5704726645467,1897.4244921150519,0.1459805494948381
2026-02-08 03:00:00,914.0,99.66269471216734,1899.6626947121674,1899.5210604850063,0.1416342271612095
2026-02-08 04:00:00,915.0,101.75461744736833,1901.7546174473682,1901.6176288549607,0.1369885924074586
2026-02-08 05:00:00,916.0,103.84624317401537,1903.8462431740156,1903.7141972249156,0.13204594909997092
2026-02-08 06:00:00,917.0,105.93757524541853,1905.9375752454184,1905.81076559487,0.1268096505485378
2026-02-08 07:00:00,918.0,108.02861807147906,1908.0286180714793,1907.9073339648244,0.12128410665481838
2026-02-08 08:00:00,919.0,110.1193771163073,1910.119377116307,1910.0039023347788,0.11547478152829771
2026-02-08 09:00:00,920.0,112.20985889547792,1912.2098588954782,1912.1004707047332,0.1093881907448011
2026-02-08 10:00:00,921.0,114.30007098368532,1914.3000709836854,1914.197039074688,0.10303190899733133
2026-02-08 11:00:00,922.0,116.39002204301435,1916.3900220430146,1916.2936074446425,0.09641459837196294
2026-02-08 12:00:00,923.0,118.47972187810214,1918.4797218781023,1918.390175814597,0.08954606350527605
2026-02-08 13:00:00,924.0,120.56918131389871,1920.5691813138985,1920.4867441845513,0.08243712934724327
2026-02-08 14:00:00,925.0,122.65841197487984,1922.6584119748798,1922.5833125545062,0.0750994203735357
2026-02-08 15:00:00,926.0,124.74742651462476,1924.7474265146245,1924.6798809244606,0.0675455901639647
2026-02-08 16:00:00,927.0,126.83623850613812,1926.8362385061382,1926.776449294415,0.059789211723114785
2026-02-08 17:00:00,928.0,128.92486237116083,1928.9248623711608,1928.8730176643694,0.051844706791218054
2026-02-08 18:00:00,929.0,131.01331332235193,1931.013313322352,1930.9695860343238,0.0437272880278786
2026-02-08 19:00:00,930.0,133.10160730768354,1933.1016073076835,1933.0661544042787,0.03545290340478109
2026-02-08 20:00:00,931.0,135.18976095238366,1935.1897609523837,1935.162722774233,0.027038178150440968
2026-02-08 21:00:00,932.0,137.27779149699728,1937.277791496997,1937.2592911441875,0.018500352809487232
2026-02-08 22:00:00,933.0,139.365716731682,1939.365716731682,1939.355859514142,0.009857217539832503
2026-02-08 23:00:00,934.0,141.45355492744895,1941.453554927449,1941.4524278840968,0.00112704335203236
2026-02-09 00:00:00,935.0,143.54132476515954,1943.5413247651595,1943.5489962540512,-0.007671488891687142
2026-02-09 01:00:00,936.0,145.62904526298715,1945.6290452629871,1945.6455646240056,-0.016519361018502873
2026-02-09 02:00:00,937.0,147.7167357028988,1947.7167357028986,1947.7421329939602,-0.025397291061505973
2026-02-09 03:00:00,938.0,149.80441555658214,1949.8044155565822,1949.8387013639149,-0.034285807332733946
2026-02-09 04:00:00,939.0,151.89210441116086,1951.8921044111607,1951.9352697338693,-0.04316532270871469
2026-02-09 05:00:00,940.0,153.97982189500743,1953.9798218950075,1954.0318381038237,-0.05201620881626833
2026-02-09 06:00:00,941.0,156.06758760396278,1956.067587603963,1956.1284064737783,-0.060818869815269155
2026-02-09 07:00:00,942.0,158.1554210282961,1958.1554210282964,1958.2249748437328,-0.06955381543639444
2026-02-09 08:00:00,943.0,160.24334148077486,1960.2433414807747,1960.3215432136874,-0.07820173291275268
2026-02-09 09:00:00,944.0,162.33136802625825,1962.3313680262584,1962.4181115836418,-0.08674355738362424
2026-02-09 10:00:00,945.0,164.41951941327605,1964.4195194132758,1964.5146799535964,-0.09516054032045679
2026-02-09 11:00:00,946.0,166.50781400810865,1966.5078140081087,1966.6112483235509,-0.10343431544220714
2026-02-09 12:00:00,947.0,168.59626973194258,1968.5962697319426,1968.7078166935055,-0.11154696156310179
2026-02-09 13:00:00,948.0,170.68490400173835,1970.6849040017382,1970.8043850634601,-0.11948106172184556
2026-02-09 14:00:00,949.0,172.77373367551468,1972.7737336755147,1972.9009534334145,-0.12721975789978254
2026-02-09 15:00:00,950.0,174.86277500281258,1974.8627750028127,1974.997521803369,-0.13474680055612695
2026-02-09 16:00:00,951.0,176.95204344844396,1976.9520434484439,1977.0940901733234,-0.1420467248793422
2026-02-09 17:00:00,952.0,179.0415540670035,1979.0415540670033,1979.1906585432782,-0.14910447627474077
2026-02-09 18:00:00,953.0,-178.86867879718596,1981.1313212028142,1981.2872269132326,-0.15590571041831816
2026-02-09 19:00:00,954.0,-176.7786417056098,1983.2213582943903,1983.383795283187,-0.16243698879664403
2026-02-09 20:00:00,955.0,-174.68832196791388,1985.3116780320863,1985.4803636531415,-0.16868562105516335
2026-02-09 21:00:00,956.0,-172.5977075527158,1987.4022924472843,1987.5769320230963,-0.17463957581198258
2026-02-09 22:00:00,957.0,-170.50678706247868,1989.4932129375213,1989.6735003930507,-0.18028745552935052
2026-02-09 23:00:00,958.0,-168.4155497617163,1991.5844502382836,1991.7700687630052,-0.1856185247215651
2026-02-10 00:00:00,959.0,-166.32398564400714,1993.676014355993,1993.8666371329596,-0.19062277696666516
2026-02-10 01:00:00,960.0,-164.2320855217324,1995.7679144782676,1995.9632055029144,-0.19529102464672238
2026-02-10 02:00:00,961.0,-162.13984112276447,1997.8601588772358,1998.0597738728688,-0.19961499563303947
2026-02-10 03:00:00,962.0,-160.04724518014285,1999.952754819857,2000.1563422428233,-0.20358742296618956
2026-02-10 04:00:00,963.0,-157.95429150369978,2002.0457084963002,2002.2529106127777,-0.20720211647742584
2026-02-10 05:00:00,964.0,-155.86097502624722,2004.1390249737528,2004.349478982732,-0.21045400897908847
2026-02-10 06:00:00,965.0,-153.7672918209285,2006.2327081790716,2006.446047352687,-0.2133391736152682
2026-02-10 07:00:00,966.0,-151.67323909030472,2008.3267609096954,2008.5426157226414,-0.21585481294593914
2026-02-10 08:00:00,967.0,-149.57881513133592,2010.4211848686639,2010.6391840925958,-0.21799922393174892
2026-02-10 09:00:00,968.0,-147.48401928330046,2012.5159807166995,2012.7357524625502,-0.21977174585068
2026-02-10 10:00:00,969.0,-145.3888518675671,2014.6111481324328,2014.832320832505,-0.221172700072084
2026-02-10 11:00:00,970.0,-143.29331412870218,2016.7066858712979,2016.9288892024595,-0.2222033311615621
2026-02-10 12:00:00,971.0,-141.1974081853972,2018.8025918146027,2019.0254575724139,-0.22286575781106172
2026-02-10 13:00:00,972.0,-139.10113699689092,2020.898863003109,2021.1220259423683,-0.2231629392591403
2026-02-10 14:00:00,973.0,-137.00450434571337,2022.9954956542867,2023.2185943123227,-0.22309865803597254
2026-02-10 15:00:00,974.0,-134.90751483050818,2025.092485169492,2025.3151626822776,-0.22267751278557638
2026-02-10 16:00:00,975.0,-132.81017385324873,2027.1898261467513,2027.411731052232,-0.2219049054804921
2026-02-10 17:00:00,976.0,-130.71248757329346,2029.2875124267066,2029.5082994221864,-0.22078699547971326
2026-02-10 18:00:00,977.0,-128.61446278648083,2031.3855372135192,2031.6048677921408,-0.21933057862160502
2026-02-10 19:00:00,978.0,-126.51610689911128,2033.4838931008885,2033.7014361620957,-0.21754306120706884
2026-02-10 20:00:00,979.0,-124.41742815548974,2035.5825718445105,2035.79800453205,-0.21543268753957948
2026-02-10 21:00:00,980.0,-122.31843535590528,2037.6815646440948,2037.8945729020045,-0.21300825790962505
2026-02-10 22:00:00,981.0,-120.21913786013488,2039.7808621398651,2039.991141271959,-0.21027913209382615
2026-02-10 23:00:00,982.0,-118.1195455801925,2041.8804544198074,2042.0877096419133,-0.20725522210591737
2026-02-11 00:00:00,983.0,-116.01966895062239,2043.9803310493774,2044.1842780118682,-0.20394696249067198
2026-02-11 01:00:00,984.0,-113.9195188889934,2046.0804811110067,2046.2808463818226,-0.2003652708158149
2026-02-11 02:00:00,985.0,-111.81910675324609,2048.180893246754,2048.377414751777,-0.19652150502307444
2026-02-11 03:00:00,986.0,-109.71844429882351,2050.2815557011763,2050.4739831217316,-0.19242742055491596
2026-02-11 04:00:00,987.0,-107.61754363644279,2052.382456363557,2052.5705514916863,-0.18809512812898893
2026-02-11 05:00:00,988.0,-105.51641719039898,2054.483582809601,2054.6671198616405,-0.18353705203978282
2026-02-11 06:00:00,989.0,-103.41507765701037,2056.5849223429896,2056.763688231595,-0.17876588860562173
2026-02-11 07:00:00,990.0,-101.31353796289088,2058.686462037109,2058.8602566015497,-0.17379456444060112
2026-02-11 08:00:00,991.0,-99.2118112229607,2060.788188777039,2060.9568249715044,-0.1686361944651594
2026-02-11 09:00:00,992.0,-97.1099106983304,2062.8900893016694,2063.0533933414586,-0.1633040397892236
2026-02-11 10:00:00,993.0,-95.00784975435573,2064.9921502456446,2065.149961711413,-0.1578114657687846
2026-02-11 11:00:00,994.0,-92.90564181922616,2067.0943581807737,2067.246530081368,-0.15217190059375207
2026-02-11 12:00:00,995.0,-90.8033003434282,2069.1966996565716,2069.343098451322,-0.1463987947502837
2026-02-11 13:00:00,996.0,-88.70083876033782,2071.2991612396618,2071.4396668212767,-0.14050558161488322
2026-02-11 14:00:00,997.0,-86.5982704480716,2073.4017295519284,2073.5362351912313,-0.13450563930280734
2026-02-11 15:00:00,998.0,-84.49560869259412,2075.504391307406,2075.632803561186,-0.1284122537797381
2026-02-11 16:00:00,999.0,-82.3928666519583,2077.6071333480418,2077.72937193114,-0.1222385830983029
2026-02-11 17:00:00,1000.0,-80.29005732146474,2079.7099426785353,2079.8259403010948,-0.11599762255955079
2026-02-11 18:00:00,1001.0,-78.18719349946686,2081.812806500533,2081.9225086710494,-0.10970217051644267
2026-02-11 19:00:00,1002.0,-76.08428775352392,2083.915712246476,2084.019077041004,-0.10336479452786425
2026-02-11 20:00:00,1003.0,-73.98135238660788,2086.018647613392,2086.115645410958,-0.09699779756597038
2026-02-11 21:00:00,1004.0,-71.87839940309117,2088.121600596909,2088.212213780913,-0.09061318400368952
2026-02-11 22:00:00,1005.0,-69.77544047520365,2090.2245595247964,2090.3087821508675,-0.08422262607122011
2026-02-11 23:00:00,1006.0,-67.67248694118581,2092.327513058814,2092.405350520822,-0.07783746200774654
2026-02-12 00:00:00,1007.0,-65.56954965345565,2094.4304503465446,2094.5019188907763,-0.07146854423183478
2026-02-12 01:00:00,1008.0,-63.466639011988555,2096.5333609880117,2096.598487260731,-0.06512627271924176
2026-02-12 02:00:00,1009.0,-61.363764971192296,2098.6362350288077,2098.6950556306856,-0.05882060187779891
2026-02-12 03:00:00,1010.0,-59.2609369732957,2100.739063026704,2100.7916240006402,-0.05256097393591037
2026-02-12 04:00:00,1011.0,-57.1581638556046,2102.8418361443955,2102.8881923705944,-0.046356226199003446
2026-02-12 05:00:00,1012.0,-55.05545376456991,2104.9445462354297,2104.984760740549,-0.04021450511898152
2026-02-12 06:00:00,1013.0,-52.95281409697506,2107.047185903025,2107.0813291105037,-0.034143207478898
2026-02-12 07:00:00,1014.0,-50.85025147789737,2109.1497485221025,2109.1778974804583,-0.02814895835563083
2026-02-12 08:00:00,1015.0,-48.74777177655726,2111.2522282234427,2111.2744658504125,-0.022237626969935004
2026-02-12 09:00:00,1016.0,-46.64538015478429,2113.3546198452154,2113.371034220367,-0.016414375151378596
2026-02-12 10:00:00,1017.0,-44.543081138565775,2115.456918861434,2115.4676025903213,-0.010683728887286647
2026-02-12 11:00:00,1018.0,-42.440878700898665,2117.559121299101,2117.5641709602764,-0.005049661175121951
2026-02-12 12:00:00,1019.0,-40.33877634376891,2119.661223656231,2119.6607393302306,0.00048432600042281216
2026-02-12 13:00:00,1020.0,-38.23677716831159,2121.7632228316884,2121.7573077001853,0.005915131503472796
2026-02-12 14:00:00,1021.0,-36.13488392478477,2123.865116075215,2123.8538760701394,0.011240005075724282
2026-02-12 15:00:00,1022.0,-34.03309903760208,2125.966900962398,2125.9504444400945,0.016456522303596444
2026-02-12 16:00:00,1023.0,-31.9314246049476,2128.0685753950524,2128.0470128100487,0.021562585003765473
2026-02-12 17:00:00,1024.0,-29.82986237702907,2130.170137622971,2130.1435811800034,0.02655644296777725
2026-02-12 18:00:00,1025.0,-27.728413721334427,2132.2715862786654,2132.2401495499576,0.03143672870774982
2026-02-12 19:00:00,1026.0,-25.627079586787488,2134.3729204132123,2134.336717919912,0.0362024933004613
2026-02-12 20:00:00,1027.0,-23.525860480781624,2136.4741395192186,2136.433286289867,0.04085322935166714
2026-02-12 21:00:00,1028.0,-21.42475647288962,2138.57524352711,2138.5298546598215,0.04538886728894734
2026-02-12 22:00:00,1029.0,-19.32376723558062,2140.6762327644196,2140.6264230297757,0.04980973464368567
2026-02-12 23:00:00,1030.0,-17.222892124234402,2142.7771078757655,2142.7229913997303,0.0541164760354383
2026-02-13 00:00:00,1031.0,-15.122130284498711,2144.877869715501,2144.819559769685,0.05830994581635623
2026-02-13 01:00:00,1032.0,-13.021480487442224,2146.978519512558,2146.9161281396396,0.06239137291816391
2026-02-13 02:00:00,1033.0,-10.920941070674173,2149.0790589293256,2149.0126965095938,0.06636241973180895
2026-02-13 03:00:00,1034.0,-8.820510187751644,2151.1794898122484,2151.1092648795484,0.0702249327002719
2026-02-13 04:00:00,1035.0,-6.72018571998424,2153.2798142800157,2153.2058332495026,0.0739810305130576
2026-02-13 05:00:00,1036.0,-4.619965328832505,2155.3800346711673,2155.3024016194577,0.07763305170978824
2026-02-13 06:00:00,1037.0,-2.5198464869380763,2157.480153513062,2157.398969989412,0.08118352364979592
2026-02-13 07:00:00,1038.0,-0.4198264980347743,2159.580173501965,2159.4955383593665,0.0846351425986952
2026-02-13 08:00:00,1039.0,1.6800974837575877,2161.6800974837574,2161.5921067293207,0.08799075443661418
2026-02-13 09:00:00,1040.0,3.7799284264714363,2163.7799284264715,2163.6886750992758,0.09125332719570785
2026-02-13 10:00:00,1041.0,5.879669378594142,2165.8796693785944,2165.78524346923,0.09442590936425663
2026-02-13 11:00:00,1042.0,7.979323410122338,2167.979323410122,2167.8818118391846,0.0975115709378079
2026-02-13 12:00:00,1043.0,10.078893536305698,2170.0788935363057,2169.978380209139,0.10051332716687883
2026-02-13 13:00:00,1044.0,12.178382626584552,2172.1783826265846,2172.074948579094,0.1034340474907039
2026-02-13 14:00:00,1045.0,14.27779330324035,2174.2777933032403,2174.171516949048,0.10627635419224421
2026-02-13 15:00:00,1046.0,16.377127835649976,2176.37712783565,2176.2680853190027,0.10904251664744145
2026-02-13 16:00:00,1047.0,18.476388036727794,2178.4763880367277,2178.364653688957,0.1117343477708356
2026-02-13 17:00:00,1048.0,20.575575168152024,2180.5755751681518,2180.4612220589115,0.11435310924053148
2026-02-13 18:00:00,1049.0,22.67468986033195,2182.674689860332,2182.557790428866,0.1168994314654687
2026-02-13 19:00:00,1050.0,24.77373205182772,2184.7737320518277,2184.654358798821,0.11937325300689795
2026-02-13 20:00:00,1051.0,26.87270095115446,2186.8727009511545,2186.750927168775,0.12177378237915586
2026-02-13 21:00:00,1052.0,28.971595021674286,2188.971595021674,2188.8474955387296,0.12409948294462561
2026-02-13 22:00:00,1053.0,31.070411987710624,2191.0704119877105,2190.9440639086843,0.1263480790261015
2026-02-13 23:00:00,1054.0,33.169148857236436,2193.1691488572365,2193.040632278639,0.1285165785975276
2026-02-14 00:00:00,1055.0,35.26780195363508,2195.267801953635,2195.137200648593,0.13060130504191256
2026-02-14 01:00:00,1056.0,37.366366946273295,2197.3663669462735,2197.2337690185477,0.13259792772577272
2026-02-14 02:00:00,1057.0,39.4648388671352,2199.4648388671353,2199.330337388502,0.13450147863328057
2026-02-14 03:00:00,1058.0,41.56321209873267,2201.563212098733,2201.426905758457,0.13630634027588212
2026-02-14 04:00:00,1059.0,43.6614805955182,2203.6614805955182,2203.523474128411,0.13800646710694198
2026-02-14 05:00:00,1060.0,45.759637593304575,2205.759637593305,2205.620042498366,0.13959509493893948
2026-02-14 06:00:00,1061.0,47.857675829532276,2207.857675829532,2207.71661086832,0.1410649612120964
2026-02-14 07:00:00,1062.0,49.955587820609686,2209.9555878206097,2209.813179238275,0.14240858233467382
2026-02-14 08:00:00,1063.0,52.05336576099394,2212.053365760994,2211.9097476082293,0.14361815276463377
2026-02-14 09:00:00,1064.0,54.15100151200217,2214.151001512002,2214.006315978184,0.14468553381815788
2026-02-14 10:00:00,1065.0,56.24848665734799,2216.248486657348,2216.102884348138,0.1456023092097653
2026-02-14 11:00:00,1066.0,58.34581260184134,2218.3458126018413,2218.199452718093,0.1463598837482325
2026-02-14 12:00:00,1067.0,60.442970691136075,2220.4429706911365,2220.2960210880474,0.14694960308870048
2026-02-14 13:00:00,1068.0,62.53995233342287,2222.539952333423,2222.392589458002,0.14736287542100254
2026-02-14 14:00:00,1069.0,64.63674910809628,2224.6367491080964,2224.489157827956,0.14759128013980305
2026-02-14 15:00:00,1070.0,66.73335285123883,2226.733352851239,2226.585726197911,0.14762665332813676
2026-02-14 16:00:00,1071.0,68.82975571283498,2228.829755712835,2228.6822945678655,0.1474611449691246
2026-02-14 17:00:00,1072.0,70.92595018556156,2230.9259501855613,2230.77886293782,0.1470872477413418
2026-02-14 18:00:00,1073.0,73.02192910943026,2233.0219291094304,2232.8754313077743,0.14649780165581203
2026-02-14 19:00:00,1074.0,75.11768566016137,2235.1176856601614,2234.971999677729,0.1456859824325815
2026-02-14 20:00:00,1075.0,77.2132133316615,2237.213213331662,2237.0685680476836,0.14464528397784704
2026-02-14 21:00:00,1076.0,79.30850592412654,2239.308505924126,2239.165136417638,0.14336950648817304
2026-02-14 22:00:00,1077.0,81.40355754890484,2241.4035575489047,2241.2617047875924,0.14185276131221067
2026-02-14 23:00:00,1078.0,83.49836265919143,2243.4983626591916,2243.358273157547,0.14008950164442477
2026-02-15 00:00:00,1079.0,85.59291611179094,2245.592916111791,2245.4548415275012,0.13807458428953198
2026-02-15 01:00:00,1080.0,87.68721325954722,2247.687213259547,2247.5514098974563,0.13580336209094626
2026-02-15 02:00:00,1081.0,89.78125006661672,2249.7812500666164,2249.6479782674105,0.13327179920588705
2026-02-15 03:00:00,1082.0,91.87502322966964,2251.8750232296693,2251.744546637365,0.130476592304359
2026-02-15 04:00:00,1083.0,93.96853027754952,2253.9685302775497,2253.84111500732,0.12741527022992488
2026-02-15 05:00:00,1084.0,96.06176961027208,2256.061769610272,2255.9376833772744,0.12408623299768212
2026-02-15 06:00:00,1085.0,98.1547404260591,2258.154740426059,2258.0342517472286,0.12048867883020131
2026-02-15 07:00:00,1086.0,100.24744277297755,2260.2474427729776,2260.1308201171832,0.1166226557942639
2026-02-15 08:00:00,1087.0,102.33987789979953,2262.3398778997994,2262.227388487138,0.11248941266174182
2026-02-15 09:00:00,1088.0,104.43204797223069,2264.4320479722305,2264.323956857092,0.10809111513857499
2026-02-15 10:00:00,1089.0,106.52395614280138,2266.523956142801,2266.4205252270467,0.10343091575433079
2026-02-15 11:00:00,1090.0,108.61560658706216,2268.6156065870623,2268.5170935970013,0.09851299006088568
2026-02-15 12:00:00,1091.0,110.70700451040703,2270.707004510407,2270.613661966956,0.09334254345112733
2026-02-15 13:00:00,1092.0,112.79815613927856,2272.7981561392785,2272.71023033691,0.08792580236820678
2026-02-15 14:00:00,1093.0,114.88906870379172,2274.889068703792,2274.806798706865,0.08226999692678412
2026-02-15 15:00:00,1094.0,116.97975041487896,2276.9797504148787,2276.9033670768194,0.07638333805944549
2026-02-15 16:00:00,1095.0,119.07021043697215,2279.070210436972,2278.999935446774,0.07027499019833358
2026-02-15 17:00:00,1096.0,121.16045885631468,2281.1604588563146,2281.0965038167283,0.0639550395864418
2026-02-15 18:00:00,1097.0,123.25050664473757,2283.2505066447375,2283.193072186683,0.05743445805450596
2026-02-15 19:00:00,1098.0,125.34036561880777,2285.340365618808,2285.2896405566376,0.050725062170265234
2026-02-15 20:00:00,1099.0,127.43004839445157,2287.430048394451,2287.386208926592,0.04383946785942758
2026-02-15 21:00:00,1100.0,129.51956833735173,2289.5195683373518,2289.4827772965464,0.03679104080530112
2026-02-15 22:00:00,1101.0,131.60893950955597,2291.608939509556,2291.579345666501,0.029593843054965274
2026-02-15 23:00:00,1102.0,133.6981766128066,2293.6981766128065,2293.6759140364557,0.022262576351048096
2026-02-16 00:00:00,1103.0,135.78729492910637,2295.7872949291063,2295.7724824064103,0.014812522696370177
2026-02-16 01:00:00,1104.0,137.87631025900356,2297.8763102590037,2297.8690507763645,0.007259482639174033
2026-02-16 02:00:00,1105.0,139.96523885802253,2299.9652388580225,2299.965619146319,-0.00038028829644417986
2026-02-16 03:00:00,1106.0,142.05409737160934,2302.0540973716093,2302.0621875162738,-0.008090144664429694
2026-02-16 04:00:00,1107.0,144.1429027689145,2304.1429027689146,2304.1587558862284,-0.01585311731378026
2026-02-16 05:00:00,1108.0,146.23167227570514,2306.231672275705,2306.2553242561826,-0.023651980477589034
2026-02-16 06:00:00,1109.0,148.32042330668784,2308.320423306688,2308.351892626137,-0.03146931944914155
2026-02-16 07:00:00,1110.0,150.4091733975279,2310.409173397528,2310.4484609960914,-0.03928759856375303
2026-02-16 08:00:00,1111.0,152.49794013686787,2312.497940136868,2312.5450293660465,-0.047089229178570134
2026-02-16 09:00:00,1112.0,154.58674109867096,2314.5867410986707,2314.6415977360007,-0.054856637329940824
2026-02-16 10:00:00,1113.0,156.67559379167807,2316.6755937916782,2316.7381661059553,-0.06257231427705916
2026-02-16 11:00:00,1114.0,158.76451557144898,2318.764515571449,2318.8347344759095,-0.07021890446073928
2026-02-16 12:00:00,1115.0,160.85352353051536,2320.8535235305153,2320.9313028458646,-0.07777931534888397
2026-02-16 13:00:00,1116.0,162.94263450559754,2322.9426345055977,2323.027871215819,-0.08523671022125634
2026-02-16 14:00:00,1117.0,165.03186503684017,2325.0318650368404,2325.1244395857734,-0.09257454893309715
2026-02-16 15:00:00,1118.0,167.1212312961513,2327.121231296151,2327.2210079557276,-0.09977665957643125
2026-02-16 16:00:00,1119.0,169.21074901343138,2329.2107490134313,2329.3175763256827,-0.1068273122510234
2026-02-16 17:00:00,1120.0,171.30043341757965,2331.30043341758,2331.414144695637,-0.1137112780572046
2026-02-16 18:00:00,1121.0,173.39029919951554,2333.3902991995155,2333.5107130655915,-0.12041386607579986
2026-02-16 19:00:00,1122.0,175.4803604970759,2335.4803604970757,2335.6072814355457,-0.12692093846991057
2026-02-16 20:00:00,1123.0,177.57063089649296,2337.570630896493,2337.7038498055003,-0.13321890900710165
2026-02-16 21:00:00,1124.0,179.66112344209714,2339.661123442097,2339.800418175455,-0.13929473335794645
2026-02-16 22:00:00,1125.0,-178.24814935526325,2341.7518506447364,2341.8969865454096,-0.14513590067290014
2026-02-16 23:00:00,1126.0,-176.15717552007555,2343.8428244799243,2343.993554915364,-0.1507304354395401
2026-02-17 00:00:00,1127.0,-174.06594363138336,2345.9340563686164,2346.0901232853184,-0.15606691670186906
2026-02-17 01:00:00,1128.0,-171.97444286351154,2348.0255571364883,2348.186691655273,-0.16113451878484975
2026-02-17 02:00:00,1129.0,-169.88266304878067,2350.1173369512194,2350.2832600252277,-0.16592307400822584
2026-02-17 03:00:00,1130.0,-167.7905947587254,2352.2094052412745,2352.379828395182,-0.1704231539076089
2026-02-17 04:00:00,1131.0,-165.69822939645917,2354.3017706035407,2354.4763967651365,-0.1746261615957509
2026-02-17 05:00:00,1132.0,-163.6055592894904,2356.3944407105096,2356.5729651350907,-0.17852442458140935
2026-02-17 06:00:00,1133.0,-161.51257776997295,2358.487422230027,2358.669533505046,-0.18211127501866023
2026-02-17 07:00:00,1134.0,-159.41927922858332,2360.5807207714165,2360.766101875,-0.18538110358356072
2026-02-17 08:00:00,1135.0,-157.32565912955042,2362.674340870449,2362.8626702449546,-0.18832937450509424
2026-02-17 09:00:00,1136.0,-155.23171397847503,2364.768286021525,2364.959238614909,-0.1909525933838602
2026-02-17 10:00:00,1137.0,-153.1374412422412,2366.862558757759,2367.055806984864,-0.19324822710479125
2026-02-17 11:00:00,1138.0,-151.04283923242045,2368.95716076758,2369.152375354818,-0.19521458723852742
2026-02-17 12:00:00,1139.0,-148.94790698114264,2371.0520930188572,2371.2489437247727,-0.196850705915308
2026-02-17 13:00:00,1140.0,-146.85264440042323,2373.1473555995767,2373.345512094727,-0.19815649515030384
2026-02-17 14:00:00,1141.0,-144.7570523731781,2375.2429476268217,2375.442080464682,-0.1991328378602021
2026-02-17 15:00:00,1142.0,-142.66113245693342,2377.3388675430665,2377.538648834636,-0.1997812915698565
2026-02-17 16:00:00,1143.0,-140.56488696572,2379.4351130342798,2379.635217204591,-0.20010417031080707
2026-02-17 17:00:00,1144.0,-138.46831894362535,2381.5316810563745,2381.731785574545,-0.20010451817046437
2026-02-17 18:00:00,1145.0,-136.3714321414598,2383.62856785854,2383.8283539444997,-0.19978608595935668
2026-02-17 19:00:00,1146.0,-134.27423099454384,2385.725769005456,2385.9249223144543,-0.19915330899833972
2026-02-17 20:00:00,1147.0,-132.17672060014547,2387.8232793998545,2388.021490684409,-0.19821128455446954
2026-02-17 21:00:00,1148.0,-130.07890669373134,2389.9210933062686,2390.118059054363,-0.196965748094625
2026-02-17 22:00:00,1149.0,-127.9807956237316,2392.0192043762686,2392.2146274243178,-0.1954230480491041
2026-02-17 23:00:00,1150.0,-125.88239432486652,2394.1176056751337,2394.3111957942724,-0.19359011913893254
2026-02-18 00:00:00,1151.0,-123.78371029025558,2396.216289709744,2396.407764164227,-0.1914744544826537
2026-02-18 01:00:00,1152.0,-121.68475154257021,2398.31524845743,2398.5043325341812,-0.1890840767517001
2026-02-18 02:00:00,1153.0,-119.58552660444842,2400.4144733955513,2400.600900904136,-0.18642750858441576
2026-02-18 03:00:00,1154.0,-117.48604446832063,2402.513955531679,2402.69746927409,-0.18351374241098886
2026-02-18 04:00:00,1155.0,-115.38631456572837,2404.6136854342717,2404.794037644045,-0.18035220977356697
2026-02-18 05:00:00,1156.0,-113.28634673617678,2406.7136532638233,2406.8906060139993,-0.17695275017615883
2026-02-18 06:00:00,1157.0,-111.18615119554673,2408.8138488044533,2408.987174383954,-0.17332557950055602
2026-02-18 07:00:00,1158.0,-109.08573850410396,2410.914261495896,2411.083742753908,-0.1694812580122936
2026-02-18 08:00:00,1159.0,-106.98511953416502,2413.0148804658347,2413.1803111238632,-0.1654306580283019
2026-02-18 09:00:00,1160.0,-104.88430543750144,2415.1156945624984,2415.2768794938174,-0.16118493131912143
2026-02-18 10:00:00,1161.0,-102.7833076125764,2417.216692387424,2417.373447863772,-0.15675547634827383
2026-02-18 11:00:00,1162.0,-100.68213767170177,2419.3178623282984,2419.4700162337263,-0.15215390542817492
2026-02-18 12:00:00,1163.0,-98.58080740818012,2421.41919259182,2421.566584603681,-0.14739201186098447
2026-02-18 13:00:00,1164.0,-96.47932876345813,2423.520671236542,2423.6631529736355,-0.14248173709370515
2026-02-18 14:00:00,1165.0,-94.37771379427421,2425.6222862057257,2425.75972134359,-0.13743513786432482
2026-02-18 15:00:00,1166.0,-92.27597463974479,2427.7240253602554,2427.8562897135444,-0.13226435328933492
2026-02-18 16:00:00,1167.0,-90.17412358720539,2429.825876412795,2429.952858083499,-0.12698167070416388
2026-02-18 17:00:00,1168.0,-88.07217273617212,2431.9278272638276,2432.0494264534536,-0.12159918962602342
2026-02-18 18:00:00,1169.0,-85.97013418042134,2434.029865819579,2434.1459948234083,-0.11612900382941742
2026-02-18 19:00:00,1170.0,-83.86802009119884,2436.131979908801,2436.2425631933625,-0.1105832845616658
2026-02-18 20:00:00,1171.0,-81.76584256685669,2438.2341574331435,2438.339131563317,-0.10497413017360722
2026-02-18 21:00:00,1172.0,-79.66361354862269,2440.3363864513776,2440.4356999332717,-0.09931348189443995
2026-02-18 22:00:00,1173.0,-77.56134477601705,2442.438655223983,2442.5322683032264,-0.09361307924329677
2026-02-18 23:00:00,1174.0,-75.45904776051637,2444.5409522394834,2444.6288366731806,-0.08788443369730566
2026-02-19 00:00:00,1175.0,-73.35673376150419,2446.643266238496,2446.725405043135,-0.08213880463947178
2026-02-19 01:00:00,1176.0,-71.25441375400317,2448.745586245997,2448.8219734130894,-0.07638716709268828
2026-02-19 02:00:00,1177.0,-69.15209838285752,2450.8479016171427,2450.9185417830445,-0.07064016590183594
2026-02-19 03:00:00,1178.0,-67.04979790266067,2452.950202097339,2453.0151101529987,-0.0649080556596699
2026-02-19 04:00:00,1179.0,-64.94752210658801,2455.052477893412,2455.1116785229533,-0.059200629541374276
2026-02-19 05:00:00,1180.0,-62.84528025021865,2457.154719749781,2457.208246892908,-0.05352714312635922
2026-02-19 06:00:00,1181.0,-60.74308097829326,2459.256919021707,2459.3048152628626,-0.04789624115573517
2026-02-19 07:00:00,1182.0,-58.64093226307188,2461.3590677369284,2461.4013836328168,-0.04231589588878671
2026-02-19 08:00:00,1183.0,-56.53884136249611,2463.461158637504,2463.4979520027714,-0.03679336526743208
2026-02-19 09:00:00,1184.0,-54.436814804733324,2465.5631851952667,2465.594520372726,-0.03133517745903274
2026-02-19 10:00:00,1185.0,-52.33485840295059,2467.6651415970496,2467.69108874268,-0.02594714563085864
2026-02-19 11:00:00,1186.0,-50.232977300440936,2469.767022699559,2469.787657112635,-0.02063441307589985
2026-02-19 12:00:00,1187.0,-48.13117604168314,2471.868823958317,2471.8842254825895,-0.015401524272462984
2026-02-19 13:00:00,1188.0,-46.02945865980765,2473.9705413401925,2473.980793852544,-0.010252512351562314
2026-02-19 14:00:00,1189.0,-43.927828765623076,2476.072171234377,2476.0773622224983,-0.005190988121510391
2026-02-19 15:00:00,1190.0,-41.826289618325376,2478.1737103816745,2478.173930592453,-0.00022021077862039844
2026-02-19 16:00:00,1191.0,-39.72484415394973,2480.2751558460504,2480.2704989624076,0.004656883642655887
2026-02-19 17:00:00,1192.0,-37.62349494547812,2482.3765050545217,2482.3670673323622,0.009437722159685141
2026-02-19 18:00:00,1193.0,-35.52224406956507,2484.477755930435,2484.4636357023164,0.014120228118394517
2026-02-19 19:00:00,1194.0,-33.421093103813796,2486.5789068961863,2486.560204072271,0.018702823914808694
2026-02-19 20:00:00,1195.0,-31.32004328124576,2488.6799567187545,2488.6567724422257,0.02318427652858742
2026-02-19 21:00:00,1196.0,-29.219095308493728,2490.7809046915063,2490.7533408121803,0.02756387932617734
2026-02-19 22:00:00,1197.0,-27.11824943694304,2492.881750563057,2492.8499091821345,0.03184138092223599
2026-02-19 23:00:00,1198.0,-25.017505466212242,2494.9824945337878,2494.946477552089,0.036016981698832745
2026-02-20 00:00:00,1199.0,-22.916862752409205,2497.0831372475905,2497.043045922044,0.04009132554679508
2026-02-20 01:00:00,1200.0,-20.81632022436509,2499.183679775635,2499.1396142919984,0.04406548363663574
2026-02-20 02:00:00,1201.0,-18.71587640661719,2501.284123593383,2501.2361826619526,0.04794093143021588
2026-02-20 03:00:00,1202.0,-16.615529446214428,2503.384470553786,2503.3327510319073,0.05171952187859251
2026-02-20 04:00:00,1203.0,-14.515277140424185,2505.484722859576,2505.429319401862,0.055403457714043806
2026-02-20 05:00:00,1204.0,-12.415116963368169,2507.584883036632,2507.5258877718165,0.05899526481564627
2026-02-20 06:00:00,1205.0,-10.315046090971606,2509.684953909028,2509.6224561417707,0.06249776725744156
2026-02-20 07:00:00,1206.0,-8.215061425004826,2511.7849385749955,2511.7190245117254,0.06591406327016042
2026-02-20 08:00:00,1207.0,-6.115159618188373,2513.8848403818115,2513.8155928816795,0.06924750013183761
2026-02-20 09:00:00,1208.0,-4.0153371031757885,2515.984662896824,2515.9121612516346,0.07250164518965097
2026-02-20 10:00:00,1209.0,-1.9155901286402854,2518.0844098713596,2518.008729621589,0.07568024977075263
2026-02-20 11:00:00,1210.0,0.1840851943602109,2520.1840851943603,2520.1052979915435,0.07878720281680453
2026-02-20 12:00:00,1211.0,2.283692833084506,2522.2836928330844,2522.2018663614977,0.08182647158663277
2026-02-20 13:00:00,1212.0,4.383236759186949,2524.3832367591867,2524.2984347314527,0.08480202773423387
2026-02-20 14:00:00,1213.0,6.482720859861928,2526.4827208598617,2526.395003101407,0.08771775845476353
2026-02-20 15:00:00,1214.0,8.582148835481835,2528.582148835482,2528.4915714713616,0.09057736412054701
2026-02-20 16:00:00,1215.0,10.681524087196385,2530.6815240871965,2530.5881398413158,0.09338424588058207
2026-02-20 17:00:00,1216.0,12.780849600229601,2532.7808496002294,2532.684708211271,0.09614138895891405
2026-02-20 18:00:00,1217.0,14.880127831020921,2534.8801278310207,2534.781276581225,0.09885124979573187
2026-02-20 19:00:00,1218.0,16.979360608812737,2536.979360608813,2536.8778449511797,0.10151565763316925
2026-02-20 20:00:00,1219.0,19.078549064675094,2539.078549064675,2538.974413321134,0.10413574354120157
2026-02-20 21:00:00,1220.0,21.17769360316108,2541.177693603161,2541.0709816910885,0.10671191207254256
2026-02-20 22:00:00,1221.0,23.276793862291843,2543.276793862292,2543.167550061043,0.10924380124851833
2026-02-20 23:00:00,1222.0,25.375848726674537,2545.3758487266746,2545.2641184309978,0.1117302956769981
2026-02-21 00:00:00,1223.0,27.474856342181887,2547.474856342182,2547.360686800952,0.11416954122996699
2026-02-21 01:00:00,1224.0,29.57381407401379,2549.573814074014,2549.4572551709066,0.1165589031074291
2026-02-21 02:00:00,1225.0,31.672718538225542,2551.6727185382256,2551.5538235408612,0.11889499736408331
2026-02-21 03:00:00,1226.0,33.77156564086603,2553.771565640866,2553.650391910816,0.12117373005019606
2026-02-21 04:00:00,1227.0,35.870350617210896,2555.870350617211,2555.74696028077,0.12339033644081726
2026-02-21 05:00:00,1228.0,37.96906806819493,2557.9690680681947,2557.8435286507247,0.12553941747017916
2026-02-21 06:00:00,1229.0,40.06771199446519,2560.0677119944653,2559.940097020679,0.12761497378612427
2026-02-21 07:00:00,1230.0,42.16627583058077,2562.166275830581,2562.036665390634,0.1296104399470223
2026-02-21 08:00:00,1231.0,44.264752482896945,2564.264752482897,2564.133233760588,0.13151872230874093
2026-02-21 09:00:00,1232.0,46.36313437473814,2566.363134374738,2566.229802130543,0.13333224419523976
2026-02-21 10:00:00,1233.0,48.46141350175723,2568.461413501757,2568.326370500497,0.1350430012599666
2026-02-21 11:00:00,1234.0,50.559581499080345,2570.55958149908,2570.422938870452,0.13664262862823187
2026-02-21 12:00:00,1235.0,52.65762972014294,2572.657629720143,2572.5195072404063,0.13812247973669628
2026-02-21 13:00:00,1236.0,54.755549325234746,2574.755549325235,2574.616075610361,0.1394737148739065
2026-02-21 14:00:00,1237.0,56.85333137589298,2576.853331375893,2576.712643980315,0.14068739557793686
2026-02-21 15:00:00,1238.0,58.950966929623604,2578.9509669296235,2578.8092123502697,0.14175457935402005
2026-02-21 16:00:00,1239.0,61.04844712820494,2581.048447128205,2580.9057807202244,0.142666407980587
2026-02-21 17:00:00,1240.0,63.14576327226104,2583.1457632722613,2583.002349090179,0.1434141820822311
2026-02-21 18:00:00,1241.0,65.24290687512882,2585.2429068751285,2585.098917460133,0.14398941499537898
2026-02-21 19:00:00,1242.0,67.33986969054857,2587.3398696905483,2587.195485830088,0.14438386046079466
2026-02-21 20:00:00,1243.0,69.43664371168863,2589.4366437116887,2589.2920542000425,0.14458951164610617
2026-02-21 21:00:00,1244.0,71.533221143811,2591.533221143811,2591.388622569997,0.14459857381400143
2026-02-21 22:00:00,1245.0,73.62959435988897,2593.629594359889,2593.4851909399513,0.1444034199373588
2026-02-21 23:00:00,1246.0,75.72575585813242,2595.7257558581323,2595.581759309906,0.1439965482265777
2026-02-22 00:00:00,1247.0,77.82169825312877,2597.8216982531285,2597.6783276798606,0.14337057326799363
2026-02-22 01:00:00,1248.0,79.91741448928916,2599.9174144892895,2599.774896049815,0.14251843947421047
2026-02-22 02:00:00,1249.0,82.01289796652415,2602.012897966524,2601.8714644197694,0.1414335467547879
2026-02-22 03:00:00,1250.0,84.10814252317901,2604.108142523179,2603.968032789724,0.1401097334550335
2026-02-22 04:00:00,1251.0,86.20314260187125,2606.203142601871,2606.064601159678,0.1385414421926683
2026-02-22 05:00:00,1252.0,88.29789331364756,2608.297893313648,2608.1611695296333,0.13672378401444932
2026-02-22 06:00:00,1253.0,90.39239050564636,2610.3923905056463,2610.2577378995875,0.13465260605883161
2026-02-22 07:00:00,1254.0,92.48663082413938,2612.486630824139,2612.354306269542,0.1323245545971066
2026-02-22 08:00:00,1255.0,94.58061176898632,2614.5806117689863,2614.4508746394963,0.12973712948979077
2026-02-22 09:00:00,1256.0,96.67433173811352,2616.674331738114,2616.5474430094514,0.1268887286622808
2026-02-22 10:00:00,1257.0,98.7677900620653,2618.767790062065,2618.6440113794056,0.12377868265962115
2026-02-22 11:00:00,1258.0,100.86098702934181,2620.860987029342,2620.74057974936,0.12040727998183565
2026-02-22 12:00:00,1259.0,102.9539239034236,2622.9539239034234,2622.8371481193144,0.11677578410890238
2026-02-22 13:00:00,1260.0,105.04660293230764,2625.0466029323075,2624.933716489269,0.11288644303855021
2026-02-22 14:00:00,1261.0,107.13902735119532,2627.1390273511956,2627.0302848592237,0.10874249197156292
2026-02-22 15:00:00,1262.0,109.23120137877505,2629.231201378775,2629.1268532291783,0.10434814959689134
2026-02-22 16:00:00,1263.0,111.32313020738572,2631.3231302073855,2631.2234215991325,0.09970860825300183
2026-02-22 17:00:00,1264.0,113.41481998725371,2633.414819987254,2633.319989969087,0.09483001816657392
2026-02-22 18:00:00,1265.0,115.50627780496735,2635.5062778049673,2635.416558339042,0.08971946592528494
2026-02-22 19:00:00,1266.0,117.59751165637773,2637.5975116563777,2637.5131267089964,0.08438494738131613
2026-02-22 20:00:00,1267.0,119.68853041417954,2639.6885304141792,2639.6096950789506,0.07883533522862549
2026-02-22 21:00:00,1268.0,121.77934379051324,2641.7793437905134,2641.7062634489052,0.0730803416081741
2026-02-22 22:00:00,1269.0,123.86996229502768,2643.869962295028,2643.80283181886,0.06713047616775812
2026-02-22 23:00:00,1270.0,125.9603971889422,2645.9603971889424,2645.8994001888145,0.06099700012767471
2026-02-23 00:00:00,1271.0,128.05066043574035,2648.05066043574,2647.9959685587687,0.05469187697143778
2026-02-23 01:00:00,1272.0,130.1407646492156,2650.1407646492157,2650.0925369287233,0.04822772049230788
2026-02-23 02:00:00,1273.0,132.2307230396673,2652.2307230396673,2652.1891052986775,0.041617740989502494
2026-02-23 03:00:00,1274.0,134.32054935911353,2654.3205493591136,2654.2856736686326,0.034875690480826255
2026-02-23 04:00:00,1275.0,136.4102578774673,2656.4102578774673,2656.382242038587,0.02801583888016367
2026-02-23 05:00:00,1276.0,138.49986320057377,2658.4998632005736,2658.4788104085414,0.021052792032297145
2026-02-23 06:00:00,1277.0,140.58938030056268,2660.5893803005624,2660.575378778496,0.014001522066695984
2026-02-23 07:00:00,1278.0,142.67882449384274,2662.6788244938425,2662.6719471484507,0.006877345391945545
2026-02-23 08:00:00,1279.0,144.76821133326337,2664.7682113332635,2664.768515518405,-0.00030418514184980263
2026-02-23 09:00:00,1280.0,146.85755652770533,2666.857556527705,2666.8650838883595,-0.007527360654409897
2026-02-23 10:00:00,1281.0,148.94687587746222,2668.946875877462,2668.961652258314,-0.014776380851936591
2026-02-23 11:00:00,1282.0,151.0361852170653,2671.0361852170654,2671.0582206282684,-0.022035411203003813
2026-02-23 12:00:00,1283.0,153.12550036023404,2673.1255003602337,2673.154788998223,-0.029288637989328216
2026-02-23 13:00:00,1284.0,155.21483704428735,2675.2148370442874,2675.2513573681777,-0.03652032389026234
2026-02-23 14:00:00,1285.0,157.30421087354384,2677.3042108735435,2677.3479257381323,-0.04371486458832219
2026-02-23 15:00:00,1286.0,159.39363726290838,2679.393637262908,2679.4444941080865,-0.05085684517808013
2026-02-23 16:00:00,1287.0,161.48313138395358,2681.4831313839536,2681.541062478041,-0.057931094087609686
2026-02-23 17:00:00,1288.0,163.57270811634456,2683.5727081163445,2683.6376308479958,-0.06492273165130591
2026-02-23 18:00:00,1289.0,165.6623820074311,2685.6623820074315,2685.7341992179504,-0.07181721051890899
2026-02-23 19:00:00,1290.0,167.75216724227317,2687.752167242273,2687.8307675879046,-0.0786003456314942
2026-02-23 20:00:00,1291.0,169.8420776253234,2689.8420776253233,2689.927335957859,-0.08525833253576734
2026-02-23 21:00:00,1292.0,171.93212657353084,2691.9321265735307,2692.023904327814,-0.09177775428296771
2026-02-23 22:00:00,1293.0,174.02232711885867,2694.022327118859,2694.1204726977685,-0.09814557890966523
2026-02-23 23:00:00,1294.0,176.1126919162487,2696.112691916249,2696.2170410677227,-0.10434915147385512
2026-02-24 00:00:00,1295.0,178.20323325110527,2698.2032332511053,2698.3136094376773,-0.1103761865718506
2026-02-24 01:00:00,1296.0,-179.70603696134833,2700.293963038652,2700.410177807632,-0.1162147689802969
2026-02-24 02:00:00,1297.0,-177.61510719361817,2702.3848928063817,2702.5067461775866,-0.12185337120469096
2026-02-24 03:00:00,1298.0,-175.52396634925395,2704.476033650746,2704.603314547541,-0.12728089679477034
2026-02-24 04:00:00,1299.0,-173.43260383918266,2706.567396160817,2706.6998829174954,-0.1324867566778256
2026-02-24 05:00:00,1300.0,-171.34100969416693,2708.658990305833,2708.79645128745,-0.13746098161700723
2026-02-24 06:00:00,1301.0,-169.24917470867774,2710.750825291322,2710.8930196574047,-0.14219436608231711
2026-02-24 07:00:00,1302.0,-167.1570905541116,2712.8429094458884,2712.989588027359,-0.1466785814706201
2026-02-24 08:00:00,1303.0,-165.06474973779572,2714.935250262204,2715.0861563973135,-0.15090613510915943
2026-02-24 09:00:00,1304.0,-162.97214565261734,2717.0278543473823,2717.1827247672677,-0.15487041988523706
2026-02-24 10:00:00,1305.0,-160.87927254344567,2719.1207274565545,2719.279293137223,-0.15856568066810575
2026-02-24 11:00:00,1306.0,-158.78612546034734,2721.2138745396524,2721.375861507177,-0.16198696752458724
2026-02-24 12:00:00,1307.0,-156.6927002237481,2723.3072997762515,2723.4724298771316,-0.16513010087973415
2026-02-24 13:00:00,1308.0,-154.5989933973243,2725.401006602676,2725.568998247086,-0.1679916444101584
2026-02-24 14:00:00,1309.0,-152.50500226651235,2727.4949977334877,2727.665566617041,-0.1705688835530487
2026-02-24 15:00:00,1310.0,-150.41072482139563,2729.589275178604,2729.762134986995,-0.172859808390817
2026-02-24 16:00:00,1311.0,-148.3161597429852,2731.6838402570147,2731.8587033569497,-0.1748630999347146
2026-02-24 17:00:00,1312.0,-146.22130639192875,2733.778693608071,2733.955271726904,-0.17657811883279464
2026-02-24 18:00:00,1313.0,-144.12616479866466,2735.873835201335,2736.0518400968585,-0.17800489552311805
2026-02-24 19:00:00,1314.0,-142.03073565408087,2737.969264345919,2738.148408466813,-0.17914412089422027
2026-02-24 20:00:00,1315.0,-139.93502029985655,2740.0649797001433,2740.244976836768,-0.17999713662436728
2026-02-24 21:00:00,1316.0,-137.83902071785366,2742.1609792821464,2742.341545206722,-0.18056592457590684
2026-02-24 22:00:00,1317.0,-135.74273951814368,2744.2572604818565,2744.4381135766766,-0.1808530948200985
2026-02-24 23:00:00,1318.0,-133.6461799254733,2746.3538200745265,2746.5346819466313,-0.18086187210474408
2026-02-25 00:00:00,1319.0,-131.54934576416096,2748.450654235839,2748.631250316586,-0.1805960807467054
2026-02-25 01:00:00,1320.0,-129.4522414415486,2750.5477585584513,2750.72781868654,-0.18006012808894906
2026-02-25 02:00:00,1321.0,-127.35487193019715,2752.645128069803,2752.8243870564947,-0.17925898669188264
2026-02-25 03:00:00,1322.0,-125.25724274900595,2754.742757250994,2754.9209554264494,-0.1781981754552108
2026-02-25 04:00:00,1323.0,-123.15935994334728,2756.840640056653,2757.017523796404,-0.17688373975132543
2026-02-25 05:00:00,1324.0,-121.06123006414695,2758.938769935853,2759.114092166358,-0.17532223050509285
2026-02-25 06:00:00,1325.0,-118.9628601456095,2761.0371398543903,2761.210660536313,-0.17352068192243944
2026-02-25 07:00:00,1326.0,-116.86425768098891,2763.135742319011,2763.307228906267,-0.17148658725625524
2026-02-25 08:00:00,1327.0,-114.76543059545328,2765.2345694045466,2765.403797276222,-0.16922787167529554
2026-02-25 09:00:00,1328.0,-112.66638721468557,2767.3336127853145,2767.5003656461763,-0.16675286086208113
2026-02-25 10:00:00,1329.0,-110.56713622627662,2769.4328637737235,2769.596934016131,-0.16407024240737644
2026-02-25 11:00:00,1330.0,-108.4676867102248,2771.532313289775,2771.693502386085,-0.16118909631013145
2026-02-25 12:00:00,1331.0,-106.36804806802475,2773.6319519319754,2773.79007075604,-0.15811882406485214
2026-02-25 13:00:00,1332.0,-104.26822997362265,2775.731770026377,2775.8866391259944,-0.15486909961734568
2026-02-25 14:00:00,1333.0,-102.1682423590292,2777.831757640971,2777.983207495949,-0.15144985497823182
2026-02-25 15:00:00,1334.0,-100.0680953921159,2779.9319046078845,2780.0797758659032,-0.14787125801910914
2026-02-25 16:00:00,1335.0,-97.96779944818752,2782.0322005518124,2782.176344235858,-0.14414368404521508
2026-02-25 17:00:00,1336.0,-95.86736507704455,2784.1326349229553,2784.2729126058125,-0.14027768285729655
2026-02-25 18:00:00,1337.0,-93.76680296711564,2786.233197032884,2786.369480975767,-0.13628394288268814
2026-02-25 19:00:00,1338.0,-91.66612390792544,2788.3338760920747,2788.4660493457213,-0.1321732536470059
2026-02-25 20:00:00,1339.0,-89.56533875173166,2790.434661248268,2790.562617715676,-0.12795646740759992
2026-02-25 21:00:00,1340.0,-87.4644583746853,2792.5355416253146,2792.6591860856306,-0.12364446031597887
2026-02-25 22:00:00,1341.0,-85.36349363739507,2794.636506362605,2794.7557544555852,-0.11924809298015357
2026-02-25 23:00:00,1342.0,-83.2624553443617,2796.7375446556384,2796.8523228255394,-0.11477816990131826
2026-02-26 00:00:00,1343.0,-81.1613542014309,2798.838645798569,2798.948891195494,-0.11024539692505159
2026-02-26 01:00:00,1344.0,-79.06020077023192,2800.939799229768,2801.0454595654483,-0.10566033568030342
2026-02-26 02:00:00,1345.0,-76.95900541854792,2803.0409945814517,2803.1420279354033,-0.10103335395134266
2026-02-26 03:00:00,1346.0,-74.85777826573755,2805.1422217342624,2805.2385963053575,-0.09637457109516427
2026-02-26 04:00:00,1347.0,-72.75652912271703,2807.243470877283,2807.335164675312,-0.09169379802925688
2026-02-26 05:00:00,1348.0,-70.6552674266558,2809.344732573344,2809.4317330452664,-0.08700047192244914
2026-02-26 06:00:00,1349.0,-68.55400217146412,2811.445997828536,2811.5283014152214,-0.08230358668559197
2026-02-26 07:00:00,1350.0,-66.45274183639579,2813.547258163604,2813.6248697851756,-0.0776116215716173
2026-02-26 08:00:00,1351.0,-64.35149431666659,2815.6485056833335,2815.7214381551303,-0.0729324717969029
2026-02-26 09:00:00,1352.0,-62.25026686189277,2817.749733138107,2817.8180065250845,-0.06827338697753996
2026-02-26 10:00:00,1353.0,-60.1490660303038,2819.850933969696,2819.9145748950396,-0.06364092534318742
2026-02-26 11:00:00,1354.0,-58.04789766890253,2821.952102331097,2822.0111432649937,-0.059040933896517545
2026-02-26 12:00:00,1355.0,-55.94676693167673,2824.0532330683236,2824.1077116349484,-0.0544785666249192
2026-02-26 13:00:00,1356.0,-53.845678426333095,2826.154321573667,2826.2042800049026,-0.04995843123592253
2026-02-26 14:00:00,1357.0,-51.744636248485115,2828.255363751515,2828.300848374857,-0.045484623342309516
2026-02-26 15:00:00,1358.0,-49.64364408704346,2830.3563559129566,2830.397416744812,-0.04106083185541659
2026-02-26 16:00:00,1359.0,-47.542705303718776,2832.457294696281,2832.4939851147665,-0.03669041848536341
2026-02-26 17:00:00,1360.0,-45.44182289230715,2834.558177107693,2834.5905534847207,-0.03237637702791746
2026-02-26 18:00:00,1361.0,-43.34099944609497,2836.659000553905,2836.6871218546753,-0.02812130077037312
2026-02-26 19:00:00,1362.0,-41.24023712938442,2838.7597628706158,2838.78369022463,-0.023927354014544506
2026-02-26 20:00:00,1363.0,-39.139537652885856,2840.8604623471138,2840.8802585945846,-0.01979624747056946
2026-02-26 21:00:00,1364.0,-37.038902254302194,2842.9610977456978,2842.9768269645388,-0.015729218840971837
2026-02-26 22:00:00,1365.0,-34.938331685654695,2845.0616683143453,2845.0733953344934,-0.011727020148110296
2026-02-26 23:00:00,1366.0,-32.83782620838365,2847.1621737916166,2847.1699637044476,-0.007789912831340539
2026-02-27 00:00:00,1367.0,-30.737385596443186,2849.2626144035567,2849.2665320744027,-0.0039176708459442485
2026-02-27 01:00:00,1368.0,-28.637009146795375,2851.362990853205,2851.363100444357,-0.00010959115234396821
2026-02-27 02:00:00,1369.0,-26.536695696075615,2853.4633043039244,2853.4596688143115,0.003635489612701471
2026-02-27 03:00:00,1370.0,-24.436443641840174,2855.56355635816,2855.5562371842657,0.007319173893859235
2026-02-27 04:00:00,1371.0,-22.33625096674507,2857.6637490332546,2857.652805554221,0.01094347903401491
2026-02-27 05:00:00,1372.0,-20.2361152642213,2859.7638847357784,2859.749373924175,0.014510811603481335
2026-02-27 06:00:00,1373.0,-18.136033764659295,2861.8639662353407,2861.8459422941296,0.018023941210955133
2026-02-27 07:00:00,1374.0,-16.036003361729627,2863.96399663827,2863.9425106640842,0.02148597418623328
2026-02-27 08:00:00,1375.0,-13.936020639178736,2866.0639793608216,2866.039079034039,0.02490032678253868
2026-02-27 09:00:00,1376.0,-11.836081899177401,2868.1639181008227,2868.135647403993,0.02827069682938131
2026-02-27 10:00:00,1377.0,-9.736183193999345,2870.2638168060007,2870.2322157739477,0.03160103205280869
2026-02-27 11:00:00,1378.0,-7.63632036340656,2872.363679636593,2872.3287841439023,0.03489549269121703
2026-02-27 12:00:00,1379.0,-5.536489080562709,2874.463510919437,2874.4253525138565,0.03815840558055855
2026-02-27 13:00:00,1380.0,-3.4366849095345025,2876.5633150904655,2876.521920883811,0.04139420665398393
2026-02-27 14:00:00,1381.0,-1.336903377430991,2878.663096622569,2878.618489253766,0.04460736880299459
2026-02-27 15:00:00,1382.0,0.7628599360702073,2880.76285993607,2880.7150576237204,0.047802312350069924
2026-02-27 16:00:00,1383.0,2.862609285392969,2882.862609285393,2882.8116259936746,0.05098329171832873
2026-02-27 17:00:00,1384.0,4.96234864052514,2884.962348640525,2884.9081943636293,0.05415427689546217
2026-02-27 18:00:00,1385.0,7.062081569258506,2887.062081569258,2887.004762733584,0.05731883567443463
2026-02-27 19:00:00,1386.0,9.161811111036787,2889.1618111110365,2889.1013311035385,0.06048000749833435
2026-02-27 20:00:00,1387.0,11.261539675401872,2891.2615396754018,2891.1978994734927,0.06364020190897736
2026-02-27 21:00:00,1388.0,13.361268964164356,2893.361268964164,2893.2944678434474,0.06680112071705506
2026-02-27 22:00:00,1389.0,15.460999915503654,2895.4609999155036,2895.391036213402,0.06996370210172295
2026-02-27 23:00:00,1390.0,17.56073266748801,2897.5607326674876,2897.4876045833566,0.07312808413141954
2026-02-28 00:00:00,1391.0,19.660466538110906,2899.660466538111,2899.584172953311,0.07629358479995714
2026-02-28 01:00:00,1392.0,21.760200018827863,2901.7602000188276,2901.6807413232655,0.07945869556241346
2026-02-28 02:00:00,1393.0,23.8599307787022,2903.859930778702,2903.77730969322,0.0826210854819642
2026-02-28 03:00:00,1394.0,25.95965567657992,2905.95965567658,2905.8738780631747,0.08577761340535173
2026-02-28 04:00:00,1395.0,28.059370779168407,2908.0593707791686,2907.970446433129,0.08892434603942768
2026-02-28 05:00:00,1396.0,30.159071383443333,2910.159071383443,2910.0670148030836,0.09205658035976368
2026-02-28 06:00:00,1397.0,32.25875204241671,2912.2587520424167,2912.163583173038,0.09516886937833488
2026-02-28 07:00:00,1398.0,34.358406593928855,2914.3584065939285,2914.260151542993,0.09825505093603838
2026-02-28 08:00:00,1399.0,36.45802819275153,2916.4580281927515,2916.356719912947,0.10130827980461672
2026-02-28 09:00:00,1400.0,38.55760934687387,2918.557609346874,2918.4532882829017,0.10432106397246134
2026-02-28 10:00:00,1401.0,40.65714195934947,2920.6571419593497,2920.549856652856,0.1072853064935877
2026-02-28 11:00:00,1402.0,42.75661737744724,2922.756617377447,2922.646425022811,0.11019235463651775
2026-02-28 12:00:00,1403.0,44.856026450967455,2924.8560264509674,2924.742993392765,0.11303305820211644
2026-02-28 13:00:00,1404.0,46.95535960128678,2926.955359601287,2926.8395617627198,0.11579783856717439
2026-02-28 14:00:00,1405.0,49.0546069017181,2929.054606901718,2928.936130132674,0.11847676904404816
2026-02-28 15:00:00,1406.0,51.15375816771048,2931.1537581677107,2931.032698502629,0.1210596650818016
2026-02-28 16:00:00,1407.0,53.252803051699395,2933.2528030516996,2933.1292668725832,0.12353617911614778
2026-02-28 17:00:00,1408.0,55.35173113124957,2935.3517311312494,2935.225835242538,0.12589588871183016
2026-02-28 18:00:00,1409.0,57.45053196944455,2937.4505319694445,2937.322403612492,0.1281283569522468
2026-02-28 19:00:00,1410.0,59.54919519189437,2939.5491951918943,2939.4189719824467,0.13022320944775287
2026-02-28 20:00:00,1411.0,61.647710609955936,2941.647710609956,2941.5155403524013,0.13217025755472533
2026-02-28 21:00:00,1412.0,63.74606812705701,2943.7460681270572,2943.612108722356,0.1339594047013576
2026-02-28 22:00:00,1413.0,65.8442576750951,2945.844257675095,2945.70867709231,0.13558058278470822
2026-02-28 23:00:00,1414.0,67.94226918857576,2947.9422691885757,2947.805245462265,0.13702372631101006
2026-03-01 00:00:00,1415.0,70.04009262473154,2950.040092624731,2949.9018138322194,0.13827879251183914
2026-03-01 01:00:00,1416.0,72.1377180189614,2952.137718018961,2951.998382202174,0.1393358167873402
2026-03-01 02:00:00,1417.0,74.2351355652438,2954.235135565244,2954.0949505721283,0.14018499311553434
2026-03-01 03:00:00,1418.0,76.33233571188975,2956.3323357118898,2956.191518942083,0.14081676980686175
2026-03-01 04:00:00,1419.0,78.42930926413334,2958.4293092641333,2958.288087312037,0.14122195209615337
2026-03-01 05:00:00,1420.0,80.52604748652124,2960.526047486521,2960.384655681992,0.14139180452901165
2026-03-01 06:00:00,1421.0,82.62254219972867,2962.6225421997287,2962.4812240519464,0.14131814778216983
2026-03-01 07:00:00,1422.0,84.71878586814731,2964.7187858681473,2964.577792421901,0.14099344624650242
2026-03-01 08:00:00,1423.0,86.81477167622349,2966.8147716762232,2966.674360791855,0.14041088436807272
2026-03-01 09:00:00,1424.0,88.91049359295299,2968.9104935929527,2968.7709291618103,0.1395644311426573
2026-03-01 10:00:00,1425.0,91.00594642507534,2971.0059464250753,2970.8674975317645,0.13844889331090474
2026-03-01 11:00:00,1426.0,93.1011258602956,2973.1011258602953,2972.964065901719,0.137059958576425
2026-03-01 12:00:00,1427.0,95.1960285022694,2975.1960285022697,2975.0606342716733,0.1353942305961658
2026-03-01 13:00:00,1428.0,97.2906518991142,2977.290651899114,2977.1572026416284,0.1334492574859173
2026-03-01 14:00:00,1429.0,99.38499456687593,2979.384994566876,2979.2537710115826,0.1312235552931114
2026-03-01 15:00:00,1430.0,101.47905600872807,2981.479056008728,2981.350339381537,0.12871662719088373
2026-03-01 16:00:00,1431.0,103.57283672975662,2983.5728367297565,2983.4469077514914,0.12592897826515947
2026-03-01 17:00:00,1432.0,105.66633824606113,2985.666338246061,2985.543476121446,0.12286212461521265
2026-03-01 18:00:00,1433.0,107.75956308564861,2987.7595630856486,2987.6400444914007,0.11951859424768184
2026-03-01 19:00:00,1434.0,109.85251477729787,2989.8525147772975,2989.7366128613553,0.11590191594249145
2026-03-01 20:00:00,1435.0,111.94519782231724,2991.945197822317,2991.8331812313095,0.11201659100749067
2026-03-01 21:00:00,1436.0,114.0376176430036,2994.0376176430036,2993.929749601264,0.10786804173942219
2026-03-01 22:00:00,1437.0,116.12978059681622,2996.1297805968165,2996.0263179712188,0.10346262559749173
2026-03-01 23:00:00,1438.0,118.2216940212086,2998.2216940212084,2998.1228863411734,0.09880768003524543
2026-03-02 00:00:00,1439.0,120.31336610000209,3000.3133661000024,3000.2194547111276,0.09391138887452664
2026-03-02 01:00:00,1440.0,122.40480585499553,3002.4048058549956,3002.316023081082,0.08878277391328973
2026-03-02 02:00:00,1441.0,124.49602311076235,3004.4960231107625,3004.4125914510364,0.0834316597259689
2026-03-02 03:00:00,1442.0,126.58702845420393,3006.587028454204,3006.5091598209915,0.07786863321252217
2026-03-02 04:00:00,1443.0,128.6778331900717,3008.677833190072,3008.6057281909457,0.07210499912603295
2026-03-02 05:00:00,1444.0,130.7684492933961,3010.768449293396,3010.7022965609003,0.06615273249568311
2026-03-02 06:00:00,1445.0,132.85888935950837,3012.8588893595083,3012.7988649308545,0.060024428653877804
2026-03-02 07:00:00,1446.0,134.94916655212876,3014.949166552129,3014.8954333008096,0.053733251319415344
2026-03-02 08:00:00,1447.0,137.03929454983393,3017.0392945498343,3016.992001670764,0.04729287907012586
2026-03-02 09:00:00,1448.0,139.12928749111543,3019.1292874911155,3019.0885700407184,0.040717450397135306
2026-03-02 10:00:00,1449.0,141.21915991819958,3021.2191599181997,3021.1851384106726,0.03402150752680448
2026-03-02 11:00:00,1450.0,143.30892671981286,3023.308926719813,3023.2817067806277,0.027219939185400714
2026-03-02 12:00:00,1451.0,145.3986030731398,3025.39860307314,3025.378275150582,0.02032792255768984
2026-03-02 13:00:00,1452.0,147.48820438532178,3027.4882043853218,3027.4748435205365,0.013360864785085615
2026-03-02 14:00:00,1453.0,149.57774623497448,3029.5777462349747,3029.5714118904907,0.006334344483747548
2026-03-02 15:00:00,1454.0,151.66724431435784,3031.667244314358,3031.6679802604453,-0.0007359460875720748
2026-03-02 16:00:00,1455.0,153.75671437299908,3033.7567143729993,3033.7645486304,-0.007834257401002487
2026-03-02 17:00:00,1456.0,155.84617216375156,3035.8461721637514,3035.8611170003546,-0.014944836602983168
2026-03-02 18:00:00,1457.0,157.93563339244847,3037.9356333924484,3037.957685370309,-0.02205197786045979
2026-03-02 19:00:00,1458.0,160.0251136724479,3040.025113672448,3040.0542537402634,-0.029140067815641497
2026-03-02 20:00:00,1459.0,162.11462848539924,3042.1146284853994,3042.150822110218,-0.03619362481888079
2026-03-02 21:00:00,1460.0,164.2041931493408,3044.204193149341,3044.2473904801727,-0.04319733083192699
2026-03-02 22:00:00,1461.0,166.29382279452938,3046.293822794529,3046.343958850127,-0.05013605559769913
2026-03-02 23:00:00,1462.0,168.38353234578778,3048.383532345788,3048.4405272200815,-0.05699487429384025
2026-03-03 00:00:00,1463.0,170.47333650700287,3050.473336507003,3050.5370955900357,-0.06375908303306155
2026-03-03 01:00:00,1464.0,172.56324984914238,3052.5632498491423,3052.633663959991,-0.07041411084859414
2026-03-03 02:00:00,1465.0,174.65328657218987,3054.65328657219,3054.730232329945,-0.07694575775519562
2026-03-03 03:00:00,1466.0,176.7434606729749,3056.743460672975,3056.8268006998996,-0.08334002692496867
2026-03-03 04:00:00,1467.0,178.8337859719841,3058.833785971984,3058.923369069854,-0.08958309787014523
2026-03-03 05:00:00,1468.0,-179.07572410188823,3060.924275898112,3061.019937439809,-0.09566154169732793
2026-03-03 06:00:00,1469.0,-176.98505667406764,3063.014943325932,3063.116505809763,-0.10156248383097763
2026-03-03 07:00:00,1470.0,-174.89419954133265,3065.105800458667,3065.2130741797178,-0.10727372105049787
2026-03-03 08:00:00,1471.0,-172.80314124900883,3067.1968587509914,3067.309642549672,-0.11278379868092288
2026-03-03 09:00:00,1472.0,-170.71187113439694,3069.288128865603,3069.406210919627,-0.11808205402392613
2026-03-03 10:00:00,1473.0,-168.62037934309578,3071.379620656904,3071.502779289581,-0.12315863267727185
2026-03-03 11:00:00,1474.0,-166.5286568253172,3073.4713431746827,3073.599347659536,-0.12800448485290314
2026-03-03 12:00:00,1475.0,-164.4366953192993,3075.5633046807006,3075.6959160294905,-0.13261134878961142
2026-03-03 13:00:00,1476.0,-162.34448732839937,3077.6555126716007,3077.7924843994447,-0.13697172784408626
2026-03-03 14:00:00,1477.0,-160.25202609741746,3079.7479739025825,3079.8890527693993,-0.1410788668170037
2026-03-03 15:00:00,1478.0,-158.15930559227343,3081.840694407727,3081.985621139354,-0.14492673162719544
2026-03-03 16:00:00,1479.0,-156.0663204854984,3083.933679514502,3084.0821895093086,-0.14850999480669086
2026-03-03 17:00:00,1480.0,-153.9730661482921,3086.0269338517082,3086.178757879263,-0.15182402755472477
2026-03-03 18:00:00,1481.0,-151.87953864833443,3088.1204613516657,3088.2753262492174,-0.15486489755195829
2026-03-03 19:00:00,1482.0,-149.78573475130656,3090.2142652486937,3090.371894619172,-0.15762937047859585
2026-03-03 20:00:00,1483.0,-147.69165192333972,3092.30834807666,3092.4684629891267,-0.1601149124664147
2026-03-03 21:00:00,1484.0,-145.597288331508,3094.402711668492,3094.565031359081,-0.1623196905889266
2026-03-03 22:00:00,1485.0,-143.50264284012485,3096.497357159875,3096.6615997290355,-0.16424256916033161
2026-03-03 23:00:00,1486.0,-141.407715002071,3098.592284997929,3098.75816809899,-0.16588310106120424
2026-03-04 00:00:00,1487.0,-139.31250504671485,3100.6874949532853,3100.854736468945,-0.16724151565950984
2026-03-04 01:00:00,1488.0,-137.2170138692001,3102.7829861308,3102.951304838899,-0.1683187080991073
2026-03-04 02:00:00,1489.0,-135.12124302993806,3104.8787569700617,3105.0478732088536,-0.16911623879167445
2026-03-04 03:00:00,1490.0,-133.0251947779962,3106.974805222004,3107.1444415788083,-0.16963635680442077
2026-03-04 04:00:00,1491.0,-130.9288720258491,3109.071127974151,3109.241009948763,-0.16988197461187737
2026-03-04 05:00:00,1492.0,-128.83227826464062,3111.1677217353595,3111.337578318717,-0.16985658335777817
2026-03-04 06:00:00,1493.0,-126.73541762492151,3113.2645823750786,3113.4341466886717,-0.16956431359317106
2026-03-04 07:00:00,1494.0,-124.63829483902694,3115.361705160973,3115.530715058626,-0.169009897652848
2026-03-04 08:00:00,1495.0,-122.5409152208527,3117.4590847791474,3117.627283428581,-0.16819864943332716
2026-03-04 09:00:00,1496.0,-120.44328464471418,3119.5567153552856,3119.723851798535,-0.16713644324954358
2026-03-04 10:00:00,1497.0,-118.34540952315517,3121.654590476845,3121.82042016849,-0.16582969164485664
2026-03-04 11:00:00,1498.0,-116.24729678361724,3123.752703216383,3123.916988538444,-0.16428532206114746
2026-03-04 12:00:00,1499.0,-114.14895384392061,3125.8510461560795,3126.013556908399,-0.1625107523193374
2026-03-04 13:00:00,1500.0,-112.05038858653653,3127.9496114134636,3128.1101252783533,-0.1605138648899731
2026-03-04 14:00:00,1501.0,-109.95160933163528,3130.048390668365,3130.206693648308,-0.15830297994288528
2026-03-04 15:00:00,1502.0,-107.85262480887235,3132.1473751911276,3132.303262018262,-0.1558868271343966
2026-03-04 16:00:00,1503.0,-105.75344412782796,3134.246555872172,3134.399830388217,-0.15327451604495648
2026-03-04 17:00:00,1504.0,-103.65407674695055,3136.3459232530495,3136.4963987581714,-0.1504755051218641
2026-03-04 18:00:00,1505.0,-101.55453244079075,3138.445467559209,3138.592967128126,-0.1474995689166039
2026-03-04 19:00:00,1506.0,-99.45482126526794,3140.545178734732,3140.68953549808,-0.14435676334809938
2026-03-04 20:00:00,1507.0,-97.35495352071283,3142.645046479287,3142.786103868035,-0.14105738874761928
2026-03-04 21:00:00,1508.0,-95.25493971249095,3144.745060287509,3144.8826722379895,-0.1376119504805592
2026-03-04 22:00:00,1509.0,-93.15479050914263,3146.8452094908575,3146.979240607944,-0.13403111708647422
2026-03-04 23:00:00,1510.0,-91.05451669815095,3148.945483301849,3149.0758089778983,-0.13032567604931883
2026-03-05 00:00:00,1511.0,-88.95412913961609,3151.0458708603837,3151.172377347853,-0.12650648746902932
2026-03-05 01:00:00,1512.0,-86.85363871815616,3153.146361281844,3153.2689457178076,-0.12258443596380186
2026-03-05 02:00:00,1513.0,-84.75305629309271,3155.246943706907,3155.365514087762,-0.11857038085476942
2026-03-05 03:00:00,1514.0,-82.65239264614702,3157.3476073538527,3157.4620824577164,-0.11447510386363734
2026-03-05 04:00:00,1515.0,-80.55165842410894,3159.448341575891,3159.558650827671,-0.11030925178005564
2026-03-05 05:00:00,1516.0,-78.4508640707816,3161.549135929218,3161.6552191976252,-0.10608326840690878
2026-03-05 06:00:00,1517.0,-76.35001973739124,3163.6499802626086,3163.7517875675803,-0.10180730497146918
2026-03-05 07:00:00,1518.0,-74.24913517252813,3165.750864827472,3165.8483559375345,-0.09749111006253149
2026-03-05 08:00:00,1519.0,-72.1482198023613,3167.8517801976386,3167.944924307489,-0.0931441098504136
2026-03-05 09:00:00,1520.0,-70.04728258211225,3169.9527174178875,3170.0414926774433,-0.08877525955576553
2026-03-05 10:00:00,1521.0,-67.94633180975077,3172.053668190249,3172.1380610473984,-0.08439285714906233
2026-03-05 11:00:00,1522.0,-65.84537508329292,3174.1546249167072,3174.2346294173526,-0.08000450064547458
2026-03-05 12:00:00,1523.0,-63.74441932263716,3176.255580677363,3176.3311977873072,-0.07561710994433785
2026-03-05 13:00:00,1524.0,-61.64347082748414,3178.356529172516,3178.4277661572614,-0.07123698474557771
2026-03-05 14:00:00,1525.0,-59.54253534838843,3180.4574646516116,3180.5243345272165,-0.06686987560482802
2026-03-05 15:00:00,1526.0,-57.44161815383898,3182.558381846161,3182.6209028971707,-0.06252105100985329
2026-03-05 16:00:00,1527.0,-55.3407240820549,3184.6592759179453,3184.7174712671253,-0.058195349180130994
2026-03-05 17:00:00,1528.0,-53.239857571551134,3186.760142428449,3186.8140396370795,-0.05389720863070975
2026-03-05 18:00:00,1529.0,-51.13902266917856,3188.8609773308212,3188.910608007034,-0.049630676212651624
2026-03-05 19:00:00,1530.0,-49.03822301806138,3190.961776981939,3191.007176376989,-0.04539939505033317
2026-03-05 20:00:00,1531.0,-46.93746183051024,3193.06253816949,3193.1037447469434,-0.0412065774535009
2026-03-05 21:00:00,1532.0,-44.836741852538786,3195.163258147461,3195.2003131168976,-0.03705496943673348
2026-03-05 22:00:00,1533.0,-42.7360653270832,3197.263934672917,3197.2968814868523,-0.032946813935334496
2026-03-05 23:00:00,1534.0,-40.635433962513424,3199.3645660374864,3199.393449856807,-0.02888381932058912
2026-03-06 00:00:00,1535.0,-38.5348489116824,3201.4651510883177,3201.4900182267615,-0.024867138443725404
2026-03-06 01:00:00,1536.0,-36.43431076477507,3203.565689235225,3203.5865865967157,-0.020897361491116262
2026-03-06 02:00:00,1537.0,-34.333819556815534,3205.6661804431847,3205.6831549666704,-0.01697452348570674
2026-03-06 03:00:00,1538.0,-32.233374788112386,3207.766625211888,3207.7797233366246,-0.013098124737013715
2026-03-06 04:00:00,1539.0,-30.132975453422105,3209.867024546578,3209.8762917065797,-0.009267160001672565
2026-03-06 05:00:00,1540.0,-28.03262007345053,3211.9673799265497,3211.972860076534,-0.005480149984464947
2026-03-06 06:00:00,1541.0,-25.932306720748894,3214.0676932792508,3214.0694284464885,-0.001735167237499237
2026-03-06 07:00:00,1542.0,-23.83203303134456,3216.1679669686555,3216.1659968164427,0.001970152212699335
2026-03-06 08:00:00,1543.0,-21.73179619381649,3218.2682038061835,3218.2625651863978,0.005638619785941234
2026-03-06 09:00:00,1544.0,-19.631592909202972,3220.3684070907966,3220.359133556352,0.009273534444734938
2026-03-06 10:00:00,1545.0,-17.53141955156994,3222.46858044843,3222.4557019263066,0.012878522123602177
2026-03-06 11:00:00,1546.0,-15.431272238662334,3224.5687277613374,3224.5522702962608,0.01645746507659246
2026-03-06 12:00:00,1547.0,-13.33114673455019,3226.66885326545,3226.6488386662154,0.02001459923462165
2026-03-06 13:00:00,1548.0,-11.23103858569207,3228.768961414308,3228.74540703617,0.023554378137576923
2026-03-06 14:00:00,1549.0,-9.13094313938625,3230.8690568606135,3230.8419754061247,0.0270814544889316
2026-03-06 15:00:00,1550.0,-7.030855607702804,3232.969144392297,3232.938543776079,0.030600616218148517
2026-03-06 16:00:00,1551.0,-4.930771164728203,3235.0692288352716,3235.0351121460335,0.03411668923814673
2026-03-06 17:00:00,1552.0,-2.830685065193152,3237.1693149348066,3237.131680515988,0.03763441881844879
2026-03-06 18:00:00,1553.0,-0.7305927734224182,3239.2694072265776,3239.228248885943,0.0411583406348073
2026-03-06 19:00:00,1554.0,1.369509907095264,3241.369509907095,3241.324817255897,0.04469265119798718
2026-03-06 20:00:00,1555.0,3.469626711507359,3243.4696267115073,3243.4213856258516,0.048241085655735254
2026-03-06 21:00:00,1556.0,5.569760804830994,3245.569760804831,3245.5179539958062,0.05180680902452748
2026-03-06 22:00:00,1557.0,7.669914690674267,3247.669914690674,3247.614522365761,0.055392324913247366
2026-03-06 23:00:00,1558.0,9.770090139533476,3249.7700901395337,3249.711090735715,0.05899940381831855
2026-03-07 00:00:00,1559.0,11.870288136942463,3251.8702881369427,3251.8076591056697,0.06262903127282664
2026-03-07 01:00:00,1560.0,13.970508850189992,3253.97050885019,3253.904227475624,0.0662813745660092
2026-03-07 02:00:00,1561.0,16.07075161109048,3256.0707516110906,3256.000795845579,0.06995576551146855
2026-03-07 03:00:00,1562.0,18.171014911454513,3258.1710149114547,3258.097364215533,0.07365069592131873
2026-03-07 04:00:00,1563.0,20.271296407501854,3260.2712964075017,3260.193932585488,0.07736382201397629
2026-03-07 05:00:00,1564.0,22.371592929529168,3262.3715929295295,3262.290500955442,0.0810919740871177
2026-03-07 06:00:00,1565.0,24.47190049372468,3264.4719004937247,3264.387069325397,0.08483116832756223
2026-03-07 07:00:00,1566.0,26.572214314176595,3266.5722143141766,3266.4836376953513,0.08857661882511761
2026-03-07 08:00:00,1567.0,28.672528814961822,3268.672528814962,3268.580206065306,0.09232274965604158
2026-03-07 09:00:00,1568.0,30.772837644927595,3270.7728376449277,3270.67677443526,0.0960632096672778
2026-03-07 10:00:00,1569.0,32.87313370172854,3272.873133701729,3272.7733428052147,0.09979089651391772
2026-03-07 11:00:00,1570.0,34.973409177391545,3274.973409177391,3274.8699111751694,0.10349800222184227
2026-03-07 12:00:00,1571.0,37.0736556459646,3277.0736556459647,3276.966479545124,0.10717610084075556
2026-03-07 13:00:00,1572.0,39.17386394687444,3279.1738639468745,3279.0630479150786,0.11081603179589156
2026-03-07 14:00:00,1573.0,41.274024557714355,3281.2740245577143,3281.159616285033,0.11440827268159169
2026-03-07 15:00:00,1574.0,43.374127465948945,3283.3741274659487,3283.2561846549875,0.11794281096108766
2026-03-07 16:00:00,1575.0,45.474162051538464,3285.4741620515383,3285.352753024942,0.12140902659640031
2026-03-07 17:00:00,1576.0,47.574117346351905,3287.574117346352,3287.4493213948967,0.12479595145539728
2026-03-07 18:00:00,1577.0,49.67398219740737,3289.6739821974074,3289.545889764851,0.1280924325563828
2026-03-07 19:00:00,1578.0,51.773745353289705,3291.7737453532895,3291.6424581348056,0.131287218483921
2026-03-07 20:00:00,1579.0,53.87339549400879,3293.8733954940085,3293.73902650476,0.13436898924839225
2026-03-07 21:00:00,1580.0,55.97292122447969,3295.9729212244797,3295.835594874715,0.13732634976488906
2026-03-07 22:00:00,1581.0,58.07231105057657,3298.0723110505764,3297.932163244669,0.14014780590735426
2026-03-07 23:00:00,1582.0,60.17155335437852,3300.1715533543784,3300.0287316146237,0.142821739755011
2026-03-08 00:00:00,1583.0,62.2706363819625,3302.2706363819625,3302.1252999845783,0.1453363973843251
2026-03-08 01:00:00,1584.0,64.3695482531766,3304.3695482531766,3304.221868354533,0.14767989864374012
2026-03-08 02:00:00,1585.0,66.46827699856631,3306.468276998566,3306.318436724487,0.14984027407905226
2026-03-08 03:00:00,1586.0,68.56681062437146,3308.5668106243716,3308.4150050944418,0.15180552992990257
2026-03-08 04:00:00,1587.0,70.66513720260494,3310.665137202605,3310.5115734643964,0.15356373820837801
2026-03-08 05:00:00,1588.0,72.76324497998608,3312.763244979986,3312.608141834351,0.15510314563540115
2026-03-08 06:00:00,1589.0,74.86112249721963,3314.8611224972196,3314.7047102043052,0.15641229291448214
2026-03-08 07:00:00,1590.0,76.95875870902388,3316.958758709024,3316.80127857426,0.15748013476432582
2026-03-08 08:00:00,1591.0,79.05614309561095,3319.056143095611,3318.897846944214,0.15829615139681527
2026-03-08 09:00:00,1592.0,81.15326575813118,3321.153265758131,3320.994415314169,0.15885044396215003
2026-03-08 10:00:00,1593.0,83.2501174939872,3323.2501174939875,3323.0909836841233,0.1591338098639739
2026-03-08 11:00:00,1594.0,85.34668985289905,3325.346689852899,3325.187552054078,0.15913779882140922
2026-03-08 12:00:00,1595.0,87.44297518110346,3327.4429751811035,3327.284120424032,0.15885475707113358
2026-03-08 13:00:00,1596.0,89.53896666896802,3329.538966668968,3329.3806887939872,0.15827787498104695
2026-03-08 14:00:00,1597.0,91.63465842640461,3331.6346584264047,3331.4772571639414,0.1574012624631058
2026-03-08 15:00:00,1598.0,93.7300456205213,3333.730045620521,3333.573825533896,0.15622008662528722
2026-03-08 16:00:00,1599.0,95.82512445887089,3335.825124458871,3335.6703939038503,0.15473055502059968
2026-03-08 17:00:00,1600.0,97.91989202859033,3337.9198920285903,3337.766962273805,0.15292975478572107
2026-03-08 18:00:00,1601.0,100.01434653069298,3340.014346530693,3339.8635306437595,0.15081588693337866
2026-03-08 19:00:00,1602.0,102.10848722762888,3342.1084872276288,3341.960099013714,0.148388213914824
2026-03-08 20:00:00,1603.0,104.20231444910836,3344.202314449108,3344.0566673836684,0.1456470654398919
2026-03-08 21:00:00,1604.0,106.29582959136633,3346.2958295913663,3346.153235753623,0.14259383774338613
2026-03-08 22:00:00,1605.0,108.38903511025005,3348.38903511025,3348.2498041235776,0.13923098667233488
2026-03-08 23:00:00,1606.0,110.48193450857491,3350.481934508575,3350.3463724935323,0.1355620150427515
2026-03-09 00:00:00,1607.0,112.57453231823014,3352.57453231823,3352.4429408634865,0.13159145474344208
2026-03-09 01:00:00,1608.0,114.66683407752454,3354.6668340775245,3354.539509233441,0.12732484408353525
2026-03-09 02:00:00,1609.0,116.75884630424184,3356.758846304242,3356.6360776033957,0.12276870084621216
2026-03-09 03:00:00,1610.0,118.85057646482807,3358.850576464828,3358.7326459733504,0.117930491477732
2026-03-09 04:00:00,1611.0,120.94203294006492,3360.942032940065,3360.8292143433046,0.11281859676023955
2026-03-09 05:00:00,1612.0,123.03322498750725,3363.0332249875073,3362.925782713259,0.10744227424804033
2026-03-09 06:00:00,1613.0,125.12416270089011,3365.12416270089,3365.0223510832134,0.10181161767659862
2026-03-09 07:00:00,1614.0,127.21485696666112,3367.214856966661,3367.1189194531685,0.0959375134928532
2026-03-09 08:00:00,1615.0,129.30531941778202,3369.305319417782,3369.2154878231227,0.08983159465911109
2026-03-09 09:00:00,1616.0,131.3955623849792,3371.3955623849793,3371.3120561930773,0.08350619190191236
2026-03-09 10:00:00,1617.0,133.48559884571148,3373.4855988457116,3373.4086245630315,0.07697428267985229
2026-03-09 11:00:00,1618.0,135.57544237125165,3375.5754423712515,3375.5051929329866,0.07024943826525808
2026-03-09 12:00:00,1619.0,137.66510707241238,3377.6651070724124,3377.6017613029408,0.06334576947140727
2026-03-09 13:00:00,1620.0,139.75460754453457,3379.7546075445343,3379.6983296728954,0.056277871639211406
2026-03-09 14:00:00,1621.0,141.8439588123104,3381.8439588123106,3381.7948980428496,0.049060769460647996
2026-03-09 15:00:00,1622.0,143.9331762747242,3383.9331762747242,3383.891466412804,0.041709861920254804
2026-03-09 16:00:00,1623.0,146.02227564973066,3386.0222756497305,3385.988034782759,0.03424086697159485
2026-03-09 17:00:00,1624.0,148.11127291710744,3388.1112729171073,3388.0846031527135,0.02666976439393516
2026-03-09 18:00:00,1625.0,150.2001842560864,3390.2001842560867,3390.1811715226677,0.01901273341877064
2026-03-09 19:00:00,1626.0,152.28902593872712,3392.2890259387273,3392.2777398926223,0.011286046105010668
2026-03-09 20:00:00,1627.0,154.3778144518651,3394.377814451865,3394.374308262577,0.003506189287857608
2026-03-09 21:00:00,1628.0,156.46656640607668,3396.4665664060767,3396.4708766325316,-0.004310226454876635
2026-03-09 22:00:00,1629.0,158.5552983631487,3398.5552983631487,3398.567445002486,-0.0121466393372263
2026-03-09 23:00:00,1630.0,160.6440268270581,3400.644026827058,3400.6640133724404,-0.019986545382173294
2026-03-10 00:00:00,1631.0,162.73276826869355,3402.7327682686937,3402.760581742395,-0.027813473701460208
2026-03-10 01:00:00,1632.0,164.82153915407068,3404.8215391540707,3404.8571501123497,-0.03561095827872696
2026-03-10 02:00:00,1633.0,166.91035595525364,3406.9103559552536,3406.953718482304,-0.04336252705038669
2026-03-10 03:00:00,1634.0,168.9992351323518,3408.9992351323517,3409.0502868522585,-0.05105171990685281
2026-03-10 04:00:00,1635.0,171.08819308307056,3411.0881930830706,3411.1468552222127,-0.05866213914214113
2026-03-10 05:00:00,1636.0,173.1772460628665,3413.1772460628663,3413.243423592168,-0.06617752930136435
2026-03-10 06:00:00,1637.0,175.26641008350933,3415.266410083509,3415.339991962122,-0.0735818786128447
2026-03-10 07:00:00,1638.0,177.35570080069402,3417.355700800694,3417.4365603320766,-0.08085953138250425
2026-03-10 08:00:00,1639.0,179.44513340232706,3419.445133402327,3419.533128702031,-0.08799529970390192
2026-03-10 09:00:00,1640.0,-178.465277491582,3421.5347225084183,3421.629697071986,-0.09497456356764229
2026-03-10 10:00:00,1641.0,-176.37551790858916,3423.6244820914108,3423.72626544194,-0.10178335052933421
2026-03-10 11:00:00,1642.0,-174.28557457736312,3425.714425422637,3425.8228338118947,-0.10840838925771473
2026-03-10 12:00:00,1643.0,-172.1954349532377,3427.804565046762,3427.919402181849,-0.11483713508697099
2026-03-10 13:00:00,1644.0,-170.10508721793855,3429.8949127820615,3430.0159705518035,-0.12105776974194027
2026-03-10 14:00:00,1645.0,-168.014520259482,3431.9854797405183,3432.112538921758,-0.12705918124026128
2026-03-10 15:00:00,1646.0,-165.92372364141653,3434.0762763585835,3434.209107291713,-0.13283093312943864
2026-03-10 16:00:00,1647.0,-163.8326875726626,3436.1673124273375,3436.305675661667,-0.13836323432968853
2026-03-10 17:00:00,1648.0,-161.7414028897928,3438.258597110207,3438.4022440316216,-0.14364692141443236
2026-03-10 18:00:00,1649.0,-159.64986106230467,3440.350138937695,3440.4988124015763,-0.148673463881163
2026-03-10 19:00:00,1650.0,-157.5580542279358,3442.441945772064,3442.595380771531,-0.15343499946669537
2026-03-10 20:00:00,1651.0,-155.46597525906995,3444.5340247409304,3444.691949141485,-0.15792440055511278
2026-03-10 21:00:00,1652.0,-153.37361785255501,3446.626382147445,3446.7885175114397,-0.16213536399459547
2026-03-10 22:00:00,1653.0,-151.28097637474872,3448.7190236252513,3448.8850858813944,-0.16606225614323927
2026-03-10 23:00:00,1654.0,-149.18804573371415,3450.8119542662857,3450.981654251349,-0.1696999850630711
2026-03-11 00:00:00,1655.0,-147.09482166047394,3452.905178339526,3453.078222621303,-0.17304428177716108
2026-03-11 01:00:00,1656.0,-145.0013006184795,3454.9986993815205,3455.174790991258,-0.17609160973749982
2026-03-11 02:00:00,1657.0,-142.90747980897686,3457.092520191023,3457.271359361212,-0.17883917018909287
2026-03-11 03:00:00,1658.0,-140.81335717442573,3459.186642825574,3459.367927731167,-0.1812849055929502
2026-03-11 04:00:00,1659.0,-138.71893139984294,3461.2810686001567,3461.4644961011213,-0.18342750096466695
2026-03-11 05:00:00,1660.0,-136.6242019119721,3463.3757980880278,3463.561064471076,-0.1852663830479882
2026-03-11 06:00:00,1661.0,-134.52916887621333,3465.470831123787,3465.65763284103,-0.18680171724356365
2026-03-11 07:00:00,1662.0,-132.4338331912803,3467.5661668087196,3467.7542012109852,-0.1880344022656156
2026-03-11 08:00:00,1663.0,-130.3381964815908,3469.661803518409,3469.8507695809394,-0.1889660625305919
2026-03-11 09:00:00,1664.0,-128.24226108743616,3471.7577389125636,3471.947337950894,-0.18959903833032044
2026-03-11 10:00:00,1665.0,-126.14603005301682,3473.853969946983,3474.0439063208482,-0.1899363738653886
2026-03-11 11:00:00,1666.0,-124.04950711246505,3475.950492887535,3476.140474690803,-0.18998180326780129
2026-03-11 12:00:00,1667.0,-121.95269667399658,3478.0473033260037,3478.2370430607575,-0.18973973475418526
2026-03-11 13:00:00,1668.0,-119.85560380232234,3480.1443961976775,3480.333611430712,-0.1892152330345228
2026-03-11 14:00:00,1669.0,-117.75823419940197,3482.241765800598,3482.430179800667,-0.188414000068422
2026-03-11 15:00:00,1670.0,-115.66059418351446,3484.3394058164854,3484.526748170621,-0.18734235413554023
2026-03-11 16:00:00,1671.0,-113.56269066646203,3486.437309333538,3486.6233165405756,-0.18600720703777526
2026-03-11 17:00:00,1672.0,-111.46453112852397,3488.535468871476,3488.7198849105303,-0.18441603905420384
2026-03-11 18:00:00,1673.0,-109.36612359059069,3490.633876409409,3490.816453280485,-0.18257687107555493
2026-03-11 19:00:00,1674.0,-107.26747658282996,3492.7325234171703,3492.913021650439,-0.18049823326887623
2026-03-11 20:00:00,1675.0,-105.16859910943772,3494.8314008905622,3495.0095900203937,-0.1781891298310852
2026-03-11 21:00:00,1676.0,-103.06950060976612,3496.930499390234,3497.1061583903484,-0.17565900011434676
2026-03-11 22:00:00,1677.0,-100.97019091778449,3499.0298090822157,3499.202726760303,-0.17291767808718145
2026-03-11 23:00:00,1678.0,-98.87068022494968,3501.1293197750506,3501.299295130257,-0.1699753552067564
2026-03-12 00:00:00,1679.0,-96.7709790568537,3503.229020943146,3503.395863500212,-0.16684255706537002
2026-03-12 01:00:00,1680.0,-94.671098081099,3505.328901918901,3505.4924318701665,-0.16352995126540795
2026-03-12 02:00:00,1681.0,-92.57104842085755,3507.4289515791424,3507.589000240121,-0.1600486609782702
2026-03-12 03:00:00,1682.0,-90.47084134326089,3509.529158656739,3509.6855686100753,-0.15640995333631977
2026-03-12 04:00:00,1683.0,-88.37048803430059,3511.6295119656993,3511.78213698003,-0.15262501433021944
2026-03-12 05:00:00,1684.0,-86.2699997021911,3513.730000297809,3513.8787053499846,-0.14870505217563557
2026-03-12 06:00:00,1685.0,-84.16938757437687,3515.8306124256233,3515.975273719939,-0.14466129431567992
2026-03-12 07:00:00,1686.0,-82.06866282460342,3517.9313371753965,3518.0718420898934,-0.1405049144967448
2026-03-12 08:00:00,1687.0,-79.96783646241542,3520.032163537585,3520.168410459848,-0.1362469222631076
2026-03-12 09:00:00,1688.0,-77.86691921220157,3522.1330807877985,3522.264978829802,-0.13189804200384597
2026-03-12 10:00:00,1689.0,-75.76592140281662,3524.2340785971833,3524.3615471997573,-0.12746860257364656
2026-03-12 11:00:00,1690.0,-73.664852882285,3526.3351471177148,3526.4581155697115,-0.12296845199653714
2026-03-12 12:00:00,1691.0,-71.56372296555959,3528.4362770344405,3528.554683939666,-0.11840690522540308
2026-03-12 13:00:00,1692.0,-69.4625404171837,3530.5374595828166,3530.6512523096203,-0.11379272680394412
2026-03-12 14:00:00,1693.0,-67.36131346536206,3532.638686534638,3532.7478206795754,-0.10913414493724471
2026-03-12 15:00:00,1694.0,-65.26004983969555,3534.7399501603045,3534.8443890495296,-0.10443888922526416
2026-03-12 16:00:00,1695.0,-63.158756821926126,3536.841243178074,3536.940957419484,-0.0997142414100368
2026-03-12 17:00:00,1696.0,-61.057441297641844,3538.942558702358,3539.0375257894384,-0.09496708708039746
2026-03-12 18:00:00,1697.0,-58.956109797107004,3541.043890202893,3541.134094159393,-0.09020395649992209
2026-03-12 19:00:00,1698.0,-56.854768515231655,3543.1452314847684,3543.2306625293477,-0.08543104457938641
2026-03-12 20:00:00,1699.0,-54.75342330413063,3545.2465766958694,3545.3272308993023,-0.08065420343274125
2026-03-12 21:00:00,1700.0,-52.652079636628315,3547.3479203633715,3547.4237992692565,-0.07587890588490388
2026-03-12 22:00:00,1701.0,-50.55074254525967,3549.4492574547403,3549.520367639211,-0.07111018447065301
2026-03-12 23:00:00,1702.0,-48.44941654855931,3551.5505834514406,3551.616936009166,-0.06635255772514682
2026-03-13 00:00:00,1703.0,-46.34810558441821,3553.6518944155814,3553.7135043791204,-0.06160996353863112
2026-03-13 01:00:00,1704.0,-44.24681297867171,3555.753187021328,3555.8100727490746,-0.05688572774660432
2026-03-13 02:00:00,1705.0,-42.14554148546126,3557.8544585145387,3557.9066411190292,-0.05218260449039484
2026-03-13 03:00:00,1706.0,-40.044293443843806,3559.955706556156,3560.003209488984,-0.0475029328278772
2026-03-13 04:00:00,1707.0,-37.943070630397195,3562.0569293696026,3562.0997778589385,-0.042848489335677815
2026-03-13 05:00:00,1708.0,-35.84187408834665,3564.1581259116533,3564.1963462288927,-0.0382203172393962
2026-03-13 06:00:00,1709.0,-33.740704424368765,3566.2592955756313,3566.2929145988473,-0.033619023215843404
2026-03-13 07:00:00,1710.0,-31.63956165526781,3568.3604383447323,3568.3894829688015,-0.029044624069340153
2026-03-13 08:00:00,1711.0,-29.53844527224342,3570.4615547277567,3570.4860513387566,-0.0244966109998876
2026-03-13 09:00:00,1712.0,-27.43735428226808,3572.562645717732,3572.582619708711,-0.019973990979079544
2026-03-13 10:00:00,1713.0,-25.33628723379321,3574.663712766207,3574.6791880786654,-0.015475312458347792
2026-03-13 11:00:00,1714.0,-23.235242234795376,3576.7647577652046,3576.7757564486196,-0.010998683414971434
2026-03-13 12:00:00,1715.0,-21.134216971080637,3578.8657830289194,3578.8723248185747,-0.006541789655380238
2026-03-13 13:00:00,1716.0,-19.033208731930678,3580.9667912680693,3580.968893188529,-0.0021019204598907324
2026-03-13 14:00:00,1717.0,-16.932214448759797,3583.0677855512404,3583.0654615584835,0.002323992756811986
2026-03-13 15:00:00,1718.0,-14.831230750623092,3585.168769249377,3585.1620299284377,0.006739320938939279
2026-03-13 16:00:00,1719.0,-12.730254038342958,3587.269745961657,3587.2585982983924,0.011147663264863784
2026-03-13 17:00:00,1720.0,-10.629280576875768,3589.3707194231242,3589.355166668347,0.015552754777297692
2026-03-13 18:00:00,1721.0,-8.528306603485326,3591.4716933965146,3591.4517350383016,0.01995835821308602
2026-03-13 19:00:00,1722.0,-6.427328447481724,3593.5726715525184,3593.548303408256,0.0243681442624982
2026-03-13 20:00:00,1723.0,-4.326342655861339,3595.6736573441385,3595.6448717782105,0.028785565928259933
2026-03-13 21:00:00,1724.0,-2.2253461182666756,3597.7746538817332,3597.741440148165,0.03321373356812442
2026-03-13 22:00:00,1725.0,-0.1243361843721379,3599.875663815628,3599.8380085181198,0.03765529750807972
2026-03-13 23:00:00,1726.0,1.9766892328314336,3601.9766892328316,3601.934576888074,0.042112344757474066
2026-03-14 00:00:00,1727.0,4.077731573276083,3604.077731573276,3604.0311452580286,0.04658631524755617
2026-03-14 01:00:00,1728.0,6.178791569114309,3606.1787915691143,3606.127713627983,0.05107794113081815
2026-03-14 02:00:00,1729.0,8.279869207885296,3608.2798692078854,3608.224281997938,0.05558720994762788
2026-03-14 03:00:00,1730.0,10.380963716720165,3610.38096371672,3610.320850367892,0.06011334882787954
2026-03-14 04:00:00,1731.0,12.482073560059444,3612.4820735600592,3612.4174187378467,0.06465482221280046
2026-03-14 05:00:00,1732.0,14.583196437351678,3614.583196437352,3614.513987107801,0.0692093295507029
2026-03-14 06:00:00,1733.0,16.684329259473696,3616.684329259474,3616.610555477756,0.07377378171792916
2026-03-14 07:00:00,1734.0,18.78546820192532,3618.785468201925,3618.70712384771,0.07834435421482451
2026-03-14 08:00:00,1735.0,20.886608605310972,3620.886608605311,3620.803692217665,0.08291638764623215
2026-03-14 09:00:00,1736.0,22.987745008602438,3622.9877450086024,3622.900260587619,0.08748442098327598
2026-03-14 10:00:00,1737.0,25.088871294109047,3625.088871294109,3624.996828957574,0.09204233653518043
2026-03-14 11:00:00,1738.0,27.189980673393862,3627.1899806733936,3627.0933973275282,0.09658334586526533
2026-03-14 12:00:00,1739.0,29.29106567740529,3629.291065677405,3629.189965697483,0.10109997992257537
2026-03-14 13:00:00,1740.0,31.392118164619344,3631.392118164619,3631.286534067437,0.10558409718206445
2026-03-14 14:00:00,1741.0,33.493129353786564,3633.4931293537866,3633.3831024373917,0.11002691639504722
2026-03-14 15:00:00,1742.0,35.59408988149538,3635.5940898814956,3635.4796708073463,0.11441907414899474
2026-03-14 16:00:00,1743.0,37.69498987975438,3637.6949898797543,3637.576239177301,0.11875070245352742
2026-03-14 17:00:00,1744.0,39.7958190654564,3639.7958190654563,3639.672807547255,0.12301151820102152
2026-03-14 18:00:00,1745.0,41.89656683200151,3641.8965668320016,3641.76937591721,0.12719091479182487
2026-03-14 19:00:00,1746.0,43.997222333442856,3643.997222333443,3643.8659442871644,0.13127804627840087
2026-03-14 20:00:00,1747.0,46.09777455306517,3646.097774553065,3645.962512657119,0.13526189594602603
2026-03-14 21:00:00,1748.0,48.19821235100582,3648.198212351006,3648.0590810270733,0.1391313239325637
2026-03-14 22:00:00,1749.0,50.29852448900593,3650.298524489006,3650.155649397028,0.14287509197796278
2026-03-14 23:00:00,1750.0,52.39869963422162,3652.3986996342214,3652.252217766982,0.14648186723929518
2026-03-15 00:00:00,1751.0,54.49872634779394,3654.4987263477938,3654.3487861369367,0.14994021085704326
2026-03-15 01:00:00,1752.0,56.598593067130984,3656.598593067131,3656.4453545068914,0.15323856023966465
2026-03-15 02:00:00,1753.0,58.69828809316799,3658.698288093168,3658.5419228768465,0.15636521632142525
2026-03-15 03:00:00,1754.0,60.797799594834416,3660.7977995948345,3660.6384912468006,0.15930834803369912
2026-03-15 04:00:00,1755.0,62.89711564220075,3662.897115642201,3662.7350596167553,0.1620560254454325
2026-03-15 05:00:00,1756.0,64.99622427697481,3664.9962242769748,3664.8316279867095,0.164596290264998
2026-03-15 06:00:00,1757.0,67.0951136238939,3667.0951136238937,3666.928196356664,0.16691726722942812
2026-03-15 07:00:00,1758.0,69.19377203890294,3669.1937720389033,3669.0247647266183,0.16900731228467672
2026-03-15 08:00:00,1759.0,71.29218827967385,3671.292188279674,3671.121333096573,0.17085518310121123
2026-03-15 09:00:00,1760.0,73.3903516709412,3673.390351670941,3673.2179014665276,0.17245020441359568
2026-03-15 10:00:00,1761.0,75.4882520035126,3675.4882520035126,3675.3144698364817,0.1737821670309078
2026-03-15 11:00:00,1762.0,77.5858794968184,3677.5858794968185,3677.411038206437,0.17484129038171284
2026-03-15 12:00:00,1763.0,79.68322513129768,3679.6832251312976,3679.5076065763915,0.17561855490635275
2026-03-15 13:00:00,1764.0,81.78028061186134,3681.780280611861,3681.6041749463457,0.17610566551547693
2026-03-15 14:00:00,1765.0,83.87703842096988,3683.8770384209693,3683.7007433163003,0.17629510466917456
2026-03-15 15:00:00,1766.0,85.97349186560179,3685.9734918656018,3685.797311686255,0.17618017934699878
2026-03-15 16:00:00,1767.0,88.06963511807724,3688.0696351180773,3687.893880056209,0.1757550618681725
2026-03-15 17:00:00,1768.0,90.16546325073666,3690.165463250737,3689.9904484261638,0.17501482457337442
2026-03-15 18:00:00,1769.0,92.2609722645174,3692.260972264517,3692.087016796118,0.1739554683990458
2026-03-15 19:00:00,1770.0,94.35615911152212,3694.3561591115226,3694.183585166073,0.1725739454492527
2026-03-15 20:00:00,1771.0,96.45102171173303,3696.4510217117327,3696.2801535360277,0.1708681757051499
2026-03-15 21:00:00,1772.0,98.54555896409416,3698.545558964094,3698.376721905982,0.16883705811224173
2026-03-15 22:00:00,1773.0,100.63977075225472,3700.6397707522547,3700.4732902759365,0.16648047631820465
2026-03-15 23:00:00,1774.0,102.73365794533198,3702.7336579453317,3702.569858645891,0.16379929944069846
2026-03-16 00:00:00,1775.0,104.82722239409819,3704.827222394098,3704.6664270158453,0.1607953782527363
2026-03-16 01:00:00,1776.0,106.92046692300907,3706.920466923009,3706.7629953858,0.1574715372090086
2026-03-16 02:00:00,1777.0,109.01339531845692,3709.013395318457,3708.859563755754,0.15383156270235926
2026-03-16 03:00:00,1778.0,111.10601231353672,3711.1060123135367,3710.956132125709,0.14988018782806345
2026-03-16 04:00:00,1779.0,113.19832356946506,3713.1983235694647,3713.052700495664,0.14562307380083916
2026-03-16 05:00:00,1780.0,115.29033565360456,3715.2903356536044,3715.149268865618,0.14106678798632327
2026-03-16 06:00:00,1781.0,117.3820560138738,3717.382056013874,3717.2458372355727,0.13621877830111778
2026-03-16 07:00:00,1782.0,119.4734929492559,3719.473492949256,3719.3424056055273,0.1310873437289971
2026-03-16 08:00:00,1783.0,121.56465557630045,3721.5646555763005,3721.4389739754815,0.12568160081892957
2026-03-16 09:00:00,1784.0,123.65555379215704,3723.655553792157,3723.535542345436,0.12001144672102715
2026-03-16 10:00:00,1785.0,125.7461982360731,3725.7461982360733,3725.6321107153904,0.11408752068280152
2026-03-16 11:00:00,1786.0,127.83660025380946,3727.836600253809,3727.728679085345,0.1079211684644057
2026-03-16 12:00:00,1787.0,129.9267718735422,3729.926771873542,3729.825247455299,0.10152441824254829
2026-03-16 13:00:00,1788.0,132.01672567681686,3732.0167256768163,3731.9218158252547,0.09490985156200625
2026-03-16 14:00:00,1789.0,134.1064749455544,3734.106474945555,3734.018384195209,0.08809075034584937
2026-03-16 15:00:00,1790.0,136.19603348880628,3736.1960334888063,3736.1149525651635,0.08108092364284085
2026-03-16 16:00:00,1791.0,138.28541549521285,3738.285415495213,3738.2115209351177,0.0738945600952964
2026-03-16 17:00:00,1792.0,140.37463557703234,3740.374635577032,3740.3080893050724,0.06654627195999666
2026-03-16 18:00:00,1793.0,142.46370875840975,3742.46370875841,3742.4046576750266,0.05905108338339045
2026-03-16 19:00:00,1794.0,144.5526504293354,3744.5526504293352,3744.501226044981,0.051424384354083766
2026-03-16 20:00:00,1795.0,146.64147628453296,3746.6414762845325,3746.5977944149354,0.04368186959710733
2026-03-16 21:00:00,1796.0,148.73020226247445,3748.7302022624744,3748.69436278489,0.03583947758461776
2026-03-16 22:00:00,1797.0,150.8188444947563,3750.818844494756,3750.790931154845,0.0279133399108306
2026-03-16 23:00:00,1798.0,152.90741927092694,3752.9074192709268,3752.8874995247998,0.01991974612740065
2026-03-17 00:00:00,1799.0,154.99594301910156,3754.995943019102,3754.984067894754,0.01187512434783974
2026-03-17 01:00:00,1800.0,157.08443229875212,3757.0844322987523,3757.0806362647086,0.0037960340440947116
2026-03-17 02:00:00,1801.0,159.17290379920385,3759.172903799204,3759.1772046346628,-0.0043008354589490596
2026-03-17 03:00:00,1802.0,161.26137433576315,3761.261374335763,3761.2737730046174,-0.012398668854279041
2026-03-17 04:00:00,1803.0,163.34986083510285,3763.349860835103,3763.3703413745716,-0.02048053946885464
2026-03-17 05:00:00,1804.0,165.4383803025132,3765.438380302513,3765.466909744526,-0.02852944201324443
2026-03-17 06:00:00,1805.0,167.5269497657855,3767.526949765785,3767.5634781144804,-0.0365283486953636
2026-03-17 07:00:00,1806.0,169.61558619367028,3769.61558619367,3769.660046484436,-0.04446029076562135
2026-03-17 08:00:00,1807.0,171.70430639082974,3771.7043063908295,3771.75661485439,-0.05230846356051511
2026-03-17 09:00:00,1808.0,173.7931268757329,3773.793126875733,3773.853183224345,-0.06005634861150366
2026-03-17 10:00:00,1809.0,175.8820637527355,3775.8820637527356,3775.949751594299,-0.0676878415633542
2026-03-17 11:00:00,1810.0,177.9711325943303,3777.971132594331,3778.0463199642536,-0.07518736992285663
2026-03-17 12:00:00,1811.0,-179.93965164608474,3780.060348353915,3780.142888334208,-0.08253998029294006
2026-03-17 13:00:00,1812.0,-177.8502746669493,3782.149725333051,3782.2394567041624,-0.08973137111172512
2026-03-17 14:00:00,1813.0,-175.76072277029195,3784.2392772297076,3784.3360250741166,-0.09674784440905634
2026-03-17 15:00:00,1814.0,-173.67098270492457,3786.3290172950747,3786.4325934440712,-0.10357614899630169
2026-03-17 16:00:00,1815.0,-171.58104173793345,3788.4189582620666,3788.5291618140263,-0.11020355195992936
2026-03-17 17:00:00,1816.0,-169.49088792781794,3790.5091120721813,3790.625730183981,-0.11661811179960514
2026-03-17 18:00:00,1817.0,-167.4005098214699,3792.59949017853,3792.722298553935,-0.12280837540570509
2026-03-17 19:00:00,1818.0,-165.30989655906103,3794.6901034409384,3794.81886692389,-0.12876348295146442
2026-03-17 20:00:00,1819.0,-163.21903789111332,3796.780962108886,3796.915435293844,-0.13447318495825633
2026-03-17 21:00:00,1820.0,-161.12792419720216,3798.872075802798,3799.0120036637986,-0.13992786100071414
2026-03-17 22:00:00,1821.0,-159.03654650558647,3800.963453494413,3801.108572033753,-0.1451185393400661
2026-03-17 23:00:00,1822.0,-156.9448965131116,3803.0551034868877,3803.2051404037074,-0.15003691681965017
2026-03-18 00:00:00,1823.0,-154.8529666047921,3805.1470333952075,3805.3017087736625,-0.15467537845509507
2026-03-18 01:00:00,1824.0,-152.76074987255177,3807.2392501274476,3807.398277143617,-0.15902701616956869
2026-03-18 02:00:00,1825.0,-150.66824013267055,3809.331759867329,3809.4948455135714,-0.16308564624255534
2026-03-18 03:00:00,1826.0,-148.57543194156023,3811.4245680584395,3811.591413883526,-0.16684582508622123
2026-03-18 04:00:00,1827.0,-146.48232060955505,3813.5176793904443,3813.68798225348,-0.17030286303589257
2026-03-18 05:00:00,1828.0,-144.3889022124655,3815.611097787534,3815.784550623435,-0.1734528359006087
2026-03-18 06:00:00,1829.0,-142.29517360069678,3817.704826399303,3817.881118993389,-0.17629259408647965
2026-03-18 07:00:00,1830.0,-140.20113240579383,3819.7988675942056,3819.9776873633436,-0.17881976913814562
2026-03-18 08:00:00,1831.0,-138.10677704434354,3821.893222955656,3822.074255733298,-0.1810327776421574
2026-03-18 09:00:00,1832.0,-136.01210671925784,3823.9878932807414,3824.1708241032534,-0.18293082251181844
2026-03-18 10:00:00,1833.0,-133.9171214185787,3826.0828785814206,3826.2673924732076,-0.18451389178702182
2026-03-18 11:00:00,1834.0,-131.82182191208162,3828.1781780879182,3828.363960843162,-0.18578275524382976
2026-03-18 12:00:00,1835.0,-129.7262097460705,3830.273790253929,3830.4605292131164,-0.18673895918752395
2026-03-18 13:00:00,1836.0,-127.63028723676801,3832.3697127632313,3832.557097583071,-0.18738481983949454
2026-03-18 14:00:00,1837.0,-125.53405746246506,3834.465942537535,3834.653665953025,-0.1877234154905826
2026-03-18 15:00:00,1838.0,-123.43752425384372,3836.5624757461555,3836.75023432298,-0.1877585768240519
2026-03-18 16:00:00,1839.0,-121.34069218024138,3838.659307819758,3838.846802692934,-0.1874948731764066
2026-03-18 17:00:00,1840.0,-119.24356652651117,3840.7564334734884,3840.9433710628887,-0.1869375894004592
2026-03-18 18:00:00,1841.0,-117.14615324975651,3842.853846750243,3843.0399394328438,-0.18609268260083034
2026-03-18 19:00:00,1842.0,-115.04845902891822,3844.9515409710816,3845.1365078027984,-0.18496683171681158
2026-03-18 20:00:00,1843.0,-112.95049111669448,3847.049508883305,3847.2330761727526,-0.18356728944795286
2026-03-18 21:00:00,1844.0,-110.85225734840988,3849.1477426515894,3849.3296445427072,-0.181901891117683
2026-03-18 22:00:00,1845.0,-108.7537662159951,3851.2462337840047,3851.4262129126614,-0.17997912865677762
2026-03-18 23:00:00,1846.0,-106.65502677919993,3853.3449732207996,3853.522781282616,-0.1778080618165211
2026-03-19 00:00:00,1847.0,-104.55604859556503,3855.4439514044348,3855.6193496525702,-0.17539824813584406
2026-03-19 01:00:00,1848.0,-102.45684166455727,3857.5431583354425,3857.715918022525,-0.17275968708243758
2026-03-19 02:00:00,1849.0,-100.35741638081379,3859.6425836191856,3859.8124863924795,-0.16990277329361209
2026-03-19 03:00:00,1850.0,-98.25778349102208,3861.742216508978,3861.9090547624346,-0.16683825345672876
2026-03-19 04:00:00,1851.0,-96.15795404899781,3863.842045951002,3864.005623132389,-0.16357718138694355
2026-03-19 05:00:00,1852.0,-94.05793936417903,3865.942060635821,3866.1021915023434,-0.16013086652278039
2026-03-19 06:00:00,1853.0,-91.95775094003359,3868.042249059966,3868.1987598722976,-0.1565108123318653
2026-03-19 07:00:00,1854.0,-89.8574004006572,3870.1425995993427,3870.2953282422523,-0.15272864290962784
2026-03-19 08:00:00,1855.0,-87.75689940593601,3872.2431005940634,3872.3918966122064,-0.14879601814306795
2026-03-19 09:00:00,1856.0,-85.65625955783253,3874.3437404421675,3874.488464982161,-0.14472453999380427
2026-03-19 10:00:00,1857.0,-83.55549230239,3876.44450769761,3876.5850333521157,-0.14052565450564228
2026-03-19 11:00:00,1858.0,-81.45460883370238,3878.545391166297,3878.68160172207,-0.1362105557727891
2026-03-19 12:00:00,1859.0,-79.35362000714858,3880.646379992851,3880.778170092025,-0.13179009917391477
2026-03-19 13:00:00,1860.0,-77.25253626944341,3882.7474637305563,3882.8747384619796,-0.1272747314231545
2026-03-19 14:00:00,1861.0,-75.15136761235465,3884.848632387645,3884.971306831934,-0.1226744442889161
2026-03-19 15:00:00,1862.0,-73.05012355513631,3886.949876444863,3887.0678752018885,-0.1179987570254119
2026-03-19 16:00:00,1863.0,-70.94881315774242,3889.051186842257,3889.1644435718426,-0.11325672958585334
2026-03-19 17:00:00,1864.0,-68.84744506264764,3891.1525549373523,3891.2610119417973,-0.10845700444496391
2026-03-19 18:00:00,1865.0,-66.74602755759102,3893.2539724424087,3893.357580311752,-0.1036078693429264
2026-03-19 19:00:00,1866.0,-64.64456864479517,3895.3554313552045,3895.454148681706,-0.09871732650158073
2026-03-19 20:00:00,1867.0,-62.54307609425559,3897.4569239057437,3897.5507170516607,-0.09379314591688218
2026-03-19 21:00:00,1868.0,-60.44155744964905,3899.5584425503507,3899.647285421616,-0.08884287126526777
2026-03-19 22:00:00,1869.0,-58.3400198558473,3901.659980144152,3901.74385379157,-0.08387364741805396
2026-03-19 23:00:00,1870.0,-56.238469919987196,3903.761530080012,3903.8404221615247,-0.07889208151236536
2026-03-20 00:00:00,1871.0,-54.13691382928739,3905.8630861707124,3905.9369905314793,-0.07390436076661537
2026-03-20 01:00:00,1872.0,-52.03535727207517,3907.9646427279245,3908.0335589014335,-0.06891617350911448
2026-03-20 02:00:00,1873.0,-49.93380539758243,3910.066194602417,3910.130127271388,-0.06393266897097379
2026-03-20 03:00:00,1874.0,-47.83226278998814,3912.167737210011,3912.2266956413423,-0.05895843133115032
2026-03-20 04:00:00,1875.0,-45.73073345521904,3914.2692665447803,3914.323264011297,-0.05399746651628006
2026-03-20 05:00:00,1876.0,-43.62922081816675,3916.370779181833,3916.419832381252,-0.049053199419295535
2026-03-20 06:00:00,1877.0,-41.527727727610554,3918.472272272389,3918.516400751206,-0.04412847881732672
2026-03-20 07:00:00,1878.0,-39.42625646618779,3920.5737435338115,3920.612969121161,-0.03922558734917741
2026-03-20 08:00:00,1879.0,-37.32480876315429,3922.675191236845,3922.7095374911155,-0.0343462542701128
2026-03-20 09:00:00,1880.0,-35.223385808345235,3924.776614191654,3924.8061058610697,-0.029491669415766798
2026-03-20 10:00:00,1881.0,-33.12198826659067,3926.8780117334086,3926.9026742310243,-0.024662497615499792
2026-03-20 11:00:00,1882.0,-31.020616292764217,3928.9793837072352,3928.9992426009785,-0.019858893743292333
2026-03-20 12:00:00,1883.0,-28.91926954855008,3931.0807304514497,3931.095810970933,-0.015080519483390288
2026-03-20 13:00:00,1884.0,-26.81794722280422,3933.182052777195,3933.1923793408873,-0.010326563692368578
2026-03-20 14:00:00,1885.0,-24.716648057971703,3935.283351942028,3935.288947710843,-0.005595768814935478
2026-03-20 15:00:00,1886.0,-22.61537038532572,3937.3846296146735,3937.385516080797,-0.0008864661234607017
2026-03-20 16:00:00,1887.0,-20.514112171756516,3939.4858878282434,3939.4820844507517,0.003803377491943224
2026-03-20 17:00:00,1888.0,-18.412871080428676,3941.5871289195707,3941.578652820706,0.008476098864696305
2026-03-20 18:00:00,1889.0,-16.31164454683699,3943.688355453163,3943.6752211906605,0.013134262502602197
2026-03-20 19:00:00,1890.0,-14.21042987065276,3945.789570129347,3945.7717895606147,0.017780568732207677
2026-03-20 20:00:00,1891.0,-12.109224322317619,3947.890775677682,3947.8683579305693,0.02241774711307193
2026-03-20 21:00:00,1892.0,-10.008025261680286,3949.9919747383196,3949.9649263005235,0.027048437795850706
2026-03-20 22:00:00,1893.0,-7.906830264154956,3952.0931697358446,3952.061494670478,0.031675065366739905
2026-03-20 23:00:00,1894.0,-5.805637247942333,3954.194362752057,3954.1580630404333,0.03629971162365984
2026-03-21 00:00:00,1895.0,-3.7044445937572075,3956.2955554062423,3956.254631410388,0.04092399585468104
2026-03-21 01:00:00,1896.0,-1.6032511772844587,3958.3967488227154,3958.351199780342,0.04554904237336475
2026-03-21 02:00:00,1897.0,0.4979435757354248,3960.497943575735,3960.4477681502967,0.05017542543827314
2026-03-21 03:00:00,1898.0,2.599139612425792,3962.5991396124255,3962.544336520251,0.054803092174643867
2026-03-21 04:00:00,1899.0,4.70033626754087,3964.700336267541,3964.6409048902055,0.05943137733542063
2026-03-21 05:00:00,1900.0,6.801532235492017,3966.801532235492,3966.7374732601597,0.06405897533191335
2026-03-21 06:00:00,1901.0,8.90272555538466,3968.902725555384,3968.8340416301144,0.06868392527002627
2026-03-21 07:00:00,1902.0,11.003913606930318,3971.00391360693,3970.9306100000686,0.07330360686123505
2026-03-21 08:00:00,1903.0,13.105093113442786,3973.105093113442,3973.027178370024,0.07791474341810956
2026-03-21 09:00:00,1904.0,15.206260148377558,3975.206260148377,3975.1237467399783,0.0825134083990302
2026-03-21 10:00:00,1905.0,17.307410143146573,3977.307410143146,3977.220315109933,0.08709503321332011
2026-03-21 11:00:00,1906.0,19.40853789557716,3979.4085378955765,3979.316883479887,0.09165441568915386
2026-03-21 12:00:00,1907.0,21.509637579918977,3981.5096375799185,3981.4134518498417,0.09618573007708894
2026-03-21 13:00:00,1908.0,23.610702760435366,3983.610702760435,3983.510020219796,0.10068254063861672
2026-03-21 14:00:00,1909.0,25.7117264111795,3985.711726411179,3985.6065885897506,0.10513782142850009
2026-03-21 15:00:00,1910.0,27.81270094449331,3987.8127009444925,3987.7031569597048,0.10954398478765809
2026-03-21 16:00:00,1911.0,29.91361825010326,3989.913618250103,3989.7997253296594,0.11389292044373474
2026-03-21 17:00:00,1912.0,32.01446974550804,3992.014469745507,3991.8962936996145,0.11817604589271359
2026-03-21 18:00:00,1913.0,34.115246436791004,3994.11524643679,3993.992862069569,0.12238436722130107
2026-03-21 19:00:00,1914.0,36.21593898720385,3996.215938987203,3996.0894304395233,0.1265085476798889
2026-03-21 20:00:00,1915.0,38.31653778903753,3998.3165377890373,3998.185998809478,0.1305389795596295
2026-03-21 21:00:00,1916.0,40.41703303260986,4000.4170330326097,4000.282567179432,0.13446585317739485
2026-03-21 22:00:00,1917.0,42.51741476484702,4002.5174147648468,4002.379135549387,0.13827921545986335
2026-03-21 23:00:00,1918.0,44.61767292910946,4004.617672929109,4004.475703919341,0.14196900976793214
2026-03-22 00:00:00,1919.0,46.7177973777933,4006.717797377793,4006.5722722892956,0.14552508849761672
2026-03-22 01:00:00,1920.0,48.817777850001924,4008.8177778500017,4008.6688406592507,0.14893719075082681
2026-03-22 02:00:00,1921.0,50.91760390839153,4010.9176039083914,4010.7654090292053,0.15219487918593658
2026-03-22 03:00:00,1922.0,53.01726483229565,4013.0172648322955,4012.8619773991595,0.15528743313567722
2026-03-22 04:00:00,1923.0,55.1167496395995,4015.116749639599,4014.958545769114,0.15820387048528203
2026-03-22 05:00:00,1924.0,57.21604727459051,4017.21604727459,4017.0551141390683,0.16093313552164357
2026-03-22 06:00:00,1925.0,59.31514655563699,4019.3151465556366,4019.151682509023,0.1634640466138508
2026-03-22 07:00:00,1926.0,61.414036321261975,4021.414036321262,4021.248250878977,0.16578544228461564
2026-03-22 08:00:00,1927.0,63.512705537550254,4023.51270553755,4023.344819248932,0.1678862886183678
2026-03-22 09:00:00,1928.0,65.61114339839311,4025.611143398393,4025.441387618886,0.1697557795066388
2026-03-22 10:00:00,1929.0,67.7093394179393,4027.7093394179387,4027.5379559888415,0.17138342909727045
2026-03-22 11:00:00,1930.0,69.80728351508623,4029.807283515086,4029.6345243587957,0.17275915629030258
2026-03-22 12:00:00,1931.0,71.90496609016894,4031.9049660901683,4031.7310927287504,0.17387336141814408
2026-03-22 13:00:00,1932.0,74.00237809420612,4034.0023780942056,4033.8276610987045,0.17471699550085337
2026-03-22 14:00:00,1933.0,76.09951109115738,4036.0995110911567,4035.924229468659,0.17528162249748133
2026-03-22 15:00:00,1934.0,78.19635731365453,4038.196357313654,4038.0207978386134,0.1755594750403813
2026-03-22 16:00:00,1935.0,80.29290971261386,4040.292909712614,4040.117366208568,0.1755435040457554
2026-03-22 17:00:00,1936.0,82.38916200103831,4042.389162001038,4042.213934578522,0.17522742251554121
2026-03-22 18:00:00,1937.0,84.48510869220735,4044.4851086922067,4044.310502948477,0.1746057437301231
2026-03-22 19:00:00,1938.0,86.58074513235765,4046.5807451323576,4046.407071318432,0.17367381392550357
2026-03-22 20:00:00,1939.0,88.67606752790921,4048.676067527909,4048.5036396883866,0.17242783952251542
2026-03-22 21:00:00,1940.0,90.77107296731577,4050.771072967316,4050.6002080583407,0.17086490897484055
2026-03-22 22:00:00,1941.0,92.86575943773026,4052.86575943773,4052.6967764282954,0.16898300943450595
2026-03-22 23:00:00,1942.0,94.9601258368664,4054.9601258368657,4054.7933447982496,0.1667810386159123
2026-03-23 00:00:00,1943.0,97.05417198066095,4057.05417198066,4056.889913168204,0.1642588124560347
2026-03-23 01:00:00,1944.0,99.14789860749497,4059.147898607495,4058.9864815381584,0.16141706933616348
2026-03-23 02:00:00,1945.0,101.24130737962895,4061.241307379629,4061.083049908113,0.1582574715157494
2026-03-23 03:00:00,1946.0,103.33440088185247,4063.334400881852,4063.1796182780677,0.1547826037848661
2026-03-23 04:00:00,1947.0,105.42718261569652,4065.427182615696,4065.2761866480228,0.1509959676734633
2026-03-23 05:00:00,1948.0,107.51965698428673,4067.5196569842865,4067.372755017977,0.1469019663092802
2026-03-23 06:00:00,1949.0,109.61182925717428,4069.611829257174,4069.4693233879316,0.14250586924264108
2026-03-23 07:00:00,1950.0,111.70370557959974,4071.703705579599,4071.5658917578858,0.13781382171311574
2026-03-23 08:00:00,1951.0,113.79529295138248,4073.795292951382,4073.6624601278404,0.13283282354162843
2026-03-23 09:00:00,1952.0,115.88659917543279,4075.8865991754324,4075.7590284977946,0.12757067763743035
2026-03-23 10:00:00,1953.0,117.9776328734392,4077.9776328734392,4077.8555968677492,0.12203600568978577
2026-03-23 11:00:00,1954.0,120.0684034425832,4080.0684034425826,4079.952165237704,0.11623820487904549
2026-03-23 12:00:00,1955.0,122.15892101505753,4082.1589210150573,4082.048733607658,0.11018740739922848
2026-03-23 13:00:00,1956.0,124.24919642061447,4084.2491964206138,4084.145301977613,0.10389444300055314
2026-03-23 14:00:00,1957.0,126.33924115112218,4086.3392411511213,4086.241870347568,0.09737080355368169
2026-03-23 15:00:00,1958.0,128.42906732554937,4088.429067325549,4088.338438717522,0.09062860802677508
2026-03-23 16:00:00,1959.0,130.51868765382272,4090.518687653822,4090.4350070874766,0.08368056634543544
2026-03-23 17:00:00,1960.0,132.6081153984494,4092.6081153984487,4092.531575457431,0.07653994101760904
2026-03-23 18:00:00,1961.0,134.69736433349635,4094.697364333496,4094.6281438273854,0.06922050611063932
2026-03-23 19:00:00,1962.0,136.78644870130495,4096.786448701305,4096.72471219734,0.06173650396478281
2026-03-23 20:00:00,1963.0,138.87538316805183,4098.8753831680515,4098.821280567295,0.05410260075704356
2026-03-23 21:00:00,1964.0,140.96418277983133,4100.9641827798305,4100.917848937249,0.04633384258203855
2026-03-23 22:00:00,1965.0,143.0528629212468,4103.052862921246,4103.014417307204,0.03844561404229528
2026-03-23 23:00:00,1966.0,145.1414392785092,4105.141439278508,4105.110985677158,0.030453601350153476
2026-03-24 00:00:00,1967.0,147.22992780871516,4107.229927808715,4107.207554047112,0.022373761602283746
2026-03-24 01:00:00,1968.0,149.31834471631697,4109.3183447163165,4109.304122417067,0.014222299249486056
2026-03-24 02:00:00,1969.0,151.40670643680684,4111.406706436806,4111.400690787022,0.006015649784566205
2026-03-24 03:00:00,1970.0,153.49502962634858,4113.495029626349,4113.497259156976,-0.002229530627595536
2026-03-24 04:00:00,1971.0,155.58333115453604,4115.583331154536,4115.593827526931,-0.010496372394991777
2026-03-24 05:00:00,1972.0,157.67162809568498,4117.671628095685,4117.690395896885,-0.018767801200078503
2026-03-24 06:00:00,1973.0,159.75993771212748,4119.759937712127,4119.78696426684,-0.02702655471331003
2026-03-24 07:00:00,1974.0,161.8482774209383,4121.848277420938,4121.883532636794,-0.03525521585655033
2026-03-24 08:00:00,1975.0,163.93666473344797,4123.936664733447,4123.9801010067495,-0.04343627330139592
2026-03-24 09:00:00,1976.0,166.02511715486438,4126.025117154864,4126.076669376704,-0.051552221839135874
2026-03-24 10:00:00,1977.0,168.1136519839262,4128.113651983926,4128.173237746658,-0.05958576273228785
2026-03-24 11:00:00,1978.0,170.20228619203422,4130.202286192034,4130.269806116612,-0.06751992457852578
2026-03-24 12:00:00,1979.0,172.2910363318907,4132.291036331891,4132.366374486567,-0.07533815467615873
2026-03-24 13:00:00,1980.0,174.3799184512056,4134.3799184512045,4134.462942856521,-0.08302440531619254
2026-03-24 14:00:00,1981.0,176.46894808821878,4136.468948088218,4136.5595112264755,-0.09056313825729395
2026-03-24 15:00:00,1982.0,178.55814027256002,4138.55814027256,4138.656079596431,-0.09793932387085746
2026-03-24 16:00:00,1983.0,-179.35249047344698,4140.647509526552,4140.752647966386,-0.10513843983255058
2026-03-24 17:00:00,1984.0,-177.26293013628342,4142.737069863717,4142.84921633634,-0.11214647262292501
2026-03-24 18:00:00,1985.0,-175.17316521741608,4144.826834782584,4144.945784706294,-0.11894992370980424
2026-03-24 19:00:00,1986.0,-173.08318274494067,4146.916817255059,4147.042353076248,-0.1255358211892155
2026-03-24 20:00:00,1987.0,-170.99297029062492,4149.007029709375,4149.138921446203,-0.13189173682787034
2026-03-24 21:00:00,1988.0,-168.9025159916864,4151.097484008314,4151.2354898161575,-0.13800580784360314
2026-03-24 22:00:00,1989.0,-166.81180857625046,4153.18819142375,4153.332058186112,-0.14386676236202195
2026-03-24 23:00:00,1990.0,-164.7208373912429,4155.279162608756,4155.428626556066,-0.14946394730931137
2026-03-25 00:00:00,1991.0,-162.6295924314437,4157.370407568556,4157.525194926022,-0.15478735746530192
2026-03-25 01:00:00,1992.0,-160.53806436853546,4159.461935631464,4159.621763295976,-0.15982766451165417
2026-03-25 02:00:00,1993.0,-158.44624457918468,4161.553755420815,4161.71833166593,-0.16457624511518953
2026-03-25 03:00:00,1994.0,-156.35412517145485,4163.645874828545,4163.814900035884,-0.16902520733962362
2026-03-25 04:00:00,1995.0,-154.26169900911995,4165.73830099088,4165.9114684058395,-0.17316741495904917
2026-03-25 05:00:00,1996.0,-152.16895973368298,4167.831040266316,4168.008036775794,-0.17699650947694162
2026-03-25 06:00:00,1997.0,-150.07590178406429,4169.924098215935,4170.104605145748,-0.18050692981241867
2026-03-25 07:00:00,1998.0,-147.98252041398635,4172.017479586014,4172.201173515702,-0.1836939296887651
2026-03-25 08:00:00,1999.0,-145.8888117070567,4174.111188292944,4174.297741885657,-0.1865535927136386
2026-03-25 09:00:00,2000.0,-143.79477258950203,4176.205227410498,4176.394310255612,-0.18908284511431592
2026-03-25 10:00:00,2001.0,-141.7004008405887,4178.299599159412,4178.490878625566,-0.19127946615484914
2026-03-25 11:00:00,2002.0,-139.60569510125953,4180.39430489874,4180.587446995521,-0.19314209678066063
2026-03-25 12:00:00,2003.0,-137.51065488287918,4182.489345117121,4182.684015365476,-0.19467024835433092
2026-03-25 13:00:00,2004.0,-135.4152805482001,4184.5847194518,4184.78058373543,-0.19586428362967317
2026-03-25 14:00:00,2005.0,-133.31957336181102,4186.680426638189,4186.877152105384,-0.1967254671952288
2026-03-25 15:00:00,2006.0,-131.22353544874798,4188.7764645512525,4188.973720475338,-0.19725592408654885
2026-03-25 16:00:00,2007.0,-129.1271697694994,4190.8728302305,4191.070288845293,-0.19745861479283575
2026-03-25 17:00:00,2008.0,-127.03048013292614,4192.969519867073,4193.166857215248,-0.19733734817376092
2026-03-25 18:00:00,2009.0,-124.93347118897421,4195.066528811026,4195.263425585203,-0.19689677417706333
2026-03-25 19:00:00,2010.0,-122.83614841153647,4197.163851588463,4197.359993955157,-0.1961423666934769
2026-03-25 20:00:00,2011.0,-120.73851807626559,4199.261481923734,4199.456562325112,-0.1950804013773231
2026-03-25 21:00:00,2012.0,-118.64058723511295,4201.359412764887,4201.553130695066,-0.19371793017927547
2026-03-25 22:00:00,2013.0,-116.54236368790839,4203.457636312091,4203.64969906502,-0.19206275292919753
2026-03-25 23:00:00,2014.0,-114.44385595072768,4205.556144049272,4205.7462674349745,-0.19012338570280396
2026-03-26 00:00:00,2015.0,-112.34507322067208,4207.654926779328,4207.84283580493,-0.18790902560167388
2026-03-26 01:00:00,2016.0,-110.24602533673266,4209.753974663267,4209.939404174884,-0.18542951161604193
2026-03-26 02:00:00,2017.0,-108.14672273647506,4211.853277263525,4212.035972544838,-0.18269528131307342
2026-03-26 03:00:00,2018.0,-106.04717640829342,4213.952823591707,4214.132540914793,-0.17971732308681515
2026-03-26 04:00:00,2019.0,-103.94739783893245,4216.052602161068,4216.229109284748,-0.17650712367995913
2026-03-26 05:00:00,2020.0,-101.8473989558876,4218.152601044112,4218.325677654702,-0.1730766105898497
2026-03-26 06:00:00,2021.0,-99.74719206420477,4220.252807935795,4220.4222460246565,-0.16943808886124373
2026-03-26 07:00:00,2022.0,-97.64678977716133,4222.353210222838,4222.518814394611,-0.1656041717724064
2026-03-26 08:00:00,2023.0,-95.54620494036566,4224.453795059635,4224.615382764566,-0.16158770493089367
2026-03-26 09:00:00,2024.0,-93.44545054900779,4226.554549450992,4226.71195113452,-0.1574016835274274
2026-03-26 10:00:00,2025.0,-91.3445396583661,4228.655460341633,4228.808519504474,-0.15305916284068466
2026-03-26 11:00:00,2026.0,-89.24348528825584,4230.756514711745,4230.905087874429,-0.14857316268508905
2026-03-26 12:00:00,2027.0,-87.14230032292281,4232.857699677077,4233.001656244384,-0.14395656730710144
2026-03-26 13:00:00,2028.0,-85.04099740895613,4234.959002591044,4235.0982246143385,-0.1392220232948089
2026-03-26 14:00:00,2029.0,-82.93958885513631,4237.060411144864,4237.194792984293,-0.13438183942943316
2026-03-26 15:00:00,2030.0,-80.83808653975565,4239.161913460244,4239.291361354247,-0.12944789400325465
2026-03-26 16:00:00,2031.0,-78.73650189948921,4241.263498100511,4241.387929724202,-0.12443162369082632
2026-03-26 17:00:00,2032.0,-76.6348459378073,4243.365154062193,4243.484498094156,-0.1193440319631437
2026-03-26 18:00:00,2033.0,-74.53312925045977,4245.46687074954,4245.58106646411,-0.11419571457035083
2026-03-26 19:00:00,2034.0,-72.43136213601612,4247.568637863984,4247.6776348340645,-0.10899697008133295
2026-03-26 20:00:00,2035.0,-70.32955461700423,4249.670445382996,4249.7742032040205,-0.10375782102417656
2026-03-26 21:00:00,2036.0,-68.22771642246141,4251.7722835775385,4251.870771573975,-0.09848799643576342
2026-03-26 22:00:00,2037.0,-66.12585694485541,4253.8741430551445,4253.967339943929,-0.09319688878454159
2026-03-26 23:00:00,2038.0,-64.02398518240433,4255.976014817596,4256.063908313883,-0.08789349628778215
2026-03-27 00:00:00,2039.0,-61.92210967578385,4258.077890324216,4258.160476683838,-0.08258635962210324
2026-03-27 01:00:00,2040.0,-59.820238446150434,4260.17976155385,4260.257045053792,-0.07728349994244893
2026-03-27 02:00:00,2041.0,-57.71837893941215,4262.281621060588,4262.3536134237465,-0.07199236315917822
2026-03-27 03:00:00,2042.0,-55.61653797982153,4264.383462020179,4264.450181793701,-0.06671977352252587
2026-03-27 04:00:00,2043.0,-53.51472173431143,4266.485278265689,4266.546750163656,-0.061471897967006826
2026-03-27 05:00:00,2044.0,-51.41293568760987,4268.58706431239,4268.643318533611,-0.05625422122064977
2026-03-27 06:00:00,2045.0,-49.311184627099244,4270.6888153729005,4270.739886903565,-0.05107153066453901
2026-03-27 07:00:00,2046.0,-47.20947263567487,4272.7905273643255,4272.836455273519,-0.04592790919453025
2026-03-27 08:00:00,2047.0,-45.107803090531554,4274.892196909468,4274.933023643474,-0.04082673400561713
2026-03-27 09:00:00,2048.0,-43.0061786658766,4276.993821334124,4277.029592013429,-0.03577067930491894
2026-03-27 10:00:00,2049.0,-40.90460133801379,4279.095398661986,4279.126160383383,-0.030761721396496987
2026-03-27 11:00:00,2050.0,-38.80307239201735,4281.196927607983,4281.222728753337,-0.0258011453547181
2026-03-27 12:00:00,2051.0,-36.701592430220565,4283.29840756978,4283.319297123292,-0.02088955351251897
2026-03-27 13:00:00,2052.0,-34.60016138383244,4285.3998386161675,4285.415865493246,-0.01602687707872561
2026-03-27 14:00:00,2053.0,-32.49877852994934,4287.50122147005,4287.512433863201,-0.011212393151222029
2026-03-27 15:00:00,2054.0,-30.39744251675898,4289.602557483241,4289.6090022331555,-0.0064447499146783995
2026-03-27 16:00:00,2055.0,-28.296151399467817,4291.703848600532,4291.705570603111,-0.0017220025778674206
2026-03-27 17:00:00,2056.0,-26.19490268796984,4293.80509731203,4293.802138973065,0.0029583389650367897
2026-03-27 18:00:00,2057.0,-24.093693403990574,4295.906306596009,4295.898707343019,0.007599252989916174
2026-03-27 19:00:00,2058.0,-21.992520121202283,4298.007479878798,4297.995275712974,0.012204165824362432
2026-03-27 20:00:00,2059.0,-19.891379144306217,4300.108620855694,4300.091844082928,0.016776772766062226
2026-03-27 21:00:00,2060.0,-17.790266567739327,4302.209733432261,4302.188412452882,0.02132097937820533
2026-03-27 22:00:00,2061.0,-15.689178386123388,4304.310821613876,4304.284980822837,0.0258407910394563
2026-03-27 23:00:00,2062.0,-13.588110660891097,4306.411889339109,4306.381549192792,0.030340146316679396
2026-03-28 00:00:00,2063.0,-11.487059656361126,4308.512940343639,4308.478117562747,0.03482278089215818
2026-03-28 01:00:00,2064.0,-9.386021950975787,4310.613978049024,4310.574685932701,0.03929211632295766
2026-03-28 02:00:00,2065.0,-7.284994527424028,4312.715005472576,4312.671254302655,0.04375116992039084
2026-03-28 03:00:00,2066.0,-5.1839748443799865,4314.81602515562,4314.76782267261,0.048202483010546845
2026-03-28 04:00:00,2067.0,-3.082960892222809,4316.917039107777,4316.864391042564,0.05264806521300851
2026-03-28 05:00:00,2068.0,-0.9819512350624734,4319.018048764938,4318.960959412519,0.057089352418854974
2026-03-28 06:00:00,2069.0,1.1190549585503253,4321.119054958551,4321.057527782473,0.061527176077393754
2026-03-28 07:00:00,2070.0,3.2200578938604454,4323.22005789386,4323.154096152428,0.06596174143282088
2026-03-28 08:00:00,2071.0,5.321057134879286,4325.321057134879,4325.250664522383,0.07039261249612551
2026-03-28 09:00:00,2072.0,7.422051594218129,4327.422051594218,4327.347232892337,0.0748187018811567
2026-03-28 10:00:00,2073.0,9.523039526417746,4329.523039526418,4329.443801262291,0.0792382641263746
2026-03-28 11:00:00,2074.0,11.624018524034364,4331.624018524034,4331.540369632246,0.08364889178821326
2026-03-28 12:00:00,2075.0,13.724985516420823,4333.724985516421,4333.636938002201,0.08804751422056191
2026-03-28 13:00:00,2076.0,15.825936771793383,4335.825936771794,4335.733506372155,0.09243039963881769
2026-03-28 14:00:00,2077.0,17.92686790371949,4337.9268679037195,4337.830074742109,0.09679316161004921
2026-03-28 15:00:00,2078.0,20.027773883521316,4340.027773883521,4339.926643112064,0.10113077145766868
2026-03-28 16:00:00,2079.0,22.12864906019857,4342.128649060199,4342.023211482019,0.1054375781797447
2026-03-28 17:00:00,2080.0,24.229487189274305,4344.229487189275,4344.119779851973,0.10970733730095872
2026-03-28 18:00:00,2081.0,26.33028147141893,4346.330281471419,4346.216348221928,0.11393324949115446
2026-03-28 19:00:00,2082.0,28.43102460078238,4348.431024600783,4348.312916591883,0.11810800889999845
2026-03-28 20:00:00,2083.0,30.531708821649048,4350.531708821649,4350.409484961837,0.12222385981217498
2026-03-28 21:00:00,2084.0,32.632325990325626,4352.632325990326,4352.506053331791,0.12627265853477196
2026-03-28 22:00:00,2085.0,34.73286770100371,4354.732867701004,4354.602621701745,0.1302459992580888
2026-03-28 23:00:00,2086.0,36.83332520175224,4356.833325201752,4356.6991900717,0.13413513005235297
2026-03-29 00:00:00,2087.0,38.93368956631793,4358.933689566318,4358.7957584416545,0.1379311246636763
2026-03-29 01:00:00,2088.0,41.03395173044946,4361.033951730449,4360.89232681161,0.1416249188397552
2026-03-29 02:00:00,2089.0,43.134102371625204,4363.134102371625,4362.988895181564,0.14520719006113922
2026-03-29 03:00:00,2090.0,45.23413183458093,4365.234131834582,4365.085463551519,0.1486682830627166
2026-03-29 04:00:00,2091.0,47.334030102075225,4367.334030102075,4367.182031921473,0.15199818060233003
2026-03-29 05:00:00,2092.0,49.433786806600985,4369.4337868066,4369.278600291427,0.15518651517336032
2026-03-29 06:00:00,2093.0,51.533391276285464,4371.533391276285,4371.375168661381,0.15822261490404885
2026-03-29 07:00:00,2094.0,53.632832606876384,4373.632832606877,4373.4717370313365,0.16109557554042161
2026-03-29 08:00:00,2095.0,55.732099751328086,4375.732099751328,4375.568305401291,0.16379435003757867
2026-03-29 09:00:00,2096.0,57.83118161890911,4377.831181618909,4377.664873771245,0.1663078476643529
2026-03-29 10:00:00,2097.0,59.93006717677192,4379.930067176772,4379.7614421412,0.16862503557180478
2026-03-29 11:00:00,2098.0,62.028745548373536,4382.028745548373,4381.858010511155,0.17073503721882038
2026-03-29 12:00:00,2099.0,64.1272061048266,4384.127206104827,4383.954578881109,0.17262722371723455
2026-03-29 13:00:00,2100.0,66.22543854701104,4386.225438547011,4386.051147251063,0.17429129594774795
2026-03-29 14:00:00,2101.0,68.32343297790986,4388.32343297791,4388.147715621018,0.1757173568921525
2026-03-29 15:00:00,2102.0,70.42117996598172,4390.4211799659815,4390.244283990973,0.1768959750091149
2026-03-29 16:00:00,2103.0,72.51867060130436,4392.518670601304,4392.340852360927,0.177818240377226
2026-03-29 17:00:00,2104.0,74.61589654659907,4394.615896546599,4394.437420730881,0.17847581571822244
2026-03-29 18:00:00,2105.0,76.71285008500728,4396.712850085007,4396.533989100835,0.17886098417146232
2026-03-29 19:00:00,2106.0,78.8095241656312,4398.809524165632,4398.630557470791,0.17896669484068964
2026-03-29 20:00:00,2107.0,80.90591244645411,4400.905912446454,4400.727125840745,0.17878660570841884
2026-03-29 21:00:00,2108.0,83.00200933252722,4403.002009332527,4402.8236942107,0.17831512182783205
2026-03-29 22:00:00,2109.0,85.09781000561637,4405.097810005616,4404.920262580654,0.17754742496208806
2026-03-29 23:00:00,2110.0,87.1933104404117,4407.193310440412,4407.016830950609,0.17647948980281047
2026-03-30 00:00:00,2111.0,89.28850740275155,4409.288507402752,4409.113399320563,0.17510808218856988
2026-03-30 01:00:00,2112.0,91.38339847935644,4411.383398479356,4411.209967690517,0.17343078883864288
2026-03-30 02:00:00,2113.0,93.47798215171991,4413.4779821517195,4413.306536060471,0.1714460912477294
2026-03-30 03:00:00,2114.0,95.57225773483513,4415.572257734835,4415.4031044304265,0.16915330440923373
2026-03-30 04:00:00,2115.0,97.66622539492057,4417.666225394921,4417.499672800382,0.16655259453924884
2026-03-30 05:00:00,2116.0,99.75988615962454,4419.759886159624,4419.596241170336,0.16364498928852877
2026-03-30 06:00:00,2117.0,101.85324191881585,4421.853241918816,4421.69280954029,0.16043237852577014
2026-03-30 07:00:00,2118.0,103.94629541981273,4423.9462954198125,4423.789377910245,0.1569175095678997
2026-03-30 08:00:00,2119.0,106.03905025893181,4426.039050258932,4425.885946280199,0.15310397873252107
2026-03-30 09:00:00,2120.0,108.13151087021542,4428.131510870216,4427.9825146501535,0.14899622006175436
2026-03-30 10:00:00,2121.0,110.22368251169472,4430.223682511694,4430.079083020108,0.144599491586311
2026-03-30 11:00:00,2122.0,112.31557124931878,4432.315571249318,4432.175651390063,0.1399198592560083
2026-03-30 12:00:00,2123.0,114.40718393858035,4434.407183938581,4434.272219760017,0.1349641785635934
2026-03-30 13:00:00,2124.0,116.49852820383003,4436.49852820383,4436.368788129972,0.1297400738578047
2026-03-30 14:00:00,2125.0,118.58961241526181,4438.589612415261,4438.465356499926,0.12425591533508672
2026-03-30 15:00:00,2126.0,120.68044566357119,4440.680445663572,4440.561924869881,0.11852079369041671
2026-03-30 16:00:00,2127.0,122.77103773233095,4442.771037732331,4442.6584932398355,0.11254449249563746
2026-03-30 17:00:00,2128.0,124.86139906820593,4444.861399068206,4444.75506160979,0.10633745841603087
2026-03-30 18:00:00,2129.0,126.95154074923177,4446.951540749232,4446.851629979744,0.09991076948741467
2026-03-30 19:00:00,2130.0,129.04147445151227,4449.041474451512,4448.948198349699,0.09327610181364841
2026-03-30 20:00:00,2131.0,131.13121241483424,4451.131212414834,4451.044766719653,0.0864456951812243
2026-03-30 21:00:00,2132.0,133.2207674078464,4453.220767407846,4453.141335089608,0.07943231823824924
2026-03-30 22:00:00,2133.0,135.31015269358832,4455.310152693588,4455.237903459562,0.07224923402517067
2026-03-30 23:00:00,2134.0,137.39938199627352,4457.399381996273,4457.3344718295175,0.06491016675614748
2026-03-31 00:00:00,2135.0,139.48846947032055,4459.4884694703205,4459.431040199472,0.057429270849302196
2026-03-31 01:00:00,2136.0,141.57742967267586,4461.577429672676,4461.527608569426,0.04982110324968664
2026-03-31 02:00:00,2137.0,143.66627753948134,4463.666277539482,4463.62417693938,0.04210060010100755
2026-03-31 03:00:00,2138.0,145.75502836810168,4465.755028368102,4465.720745309335,0.03428305876679065
2026-03-31 04:00:00,2139.0,147.84369786895434,4467.843697868955,4467.817313679289,0.02638418966538144
2026-03-31 05:00:00,2140.0,149.93230201701274,4469.932302017012,4469.9138820492435,0.018419967768880288
2026-03-31 06:00:00,2141.0,152.0208570940578,4472.020857094058,4472.010450419199,0.01040667485882146
2026-03-31 07:00:00,2142.0,154.10937981656946,4474.109379816569,4474.107018789154,0.0023610274160224256
2026-03-31 08:00:00,2143.0,156.1978872673596,4476.19788726736,4476.203587159108,-0.005699891748008909
2026-03-31 09:00:00,2144.0,158.286396776042,4478.286396776041,4478.300155529062,-0.013758753020492023
2026-03-31 10:00:00,2145.0,160.37492577960512,4480.374925779605,4480.396723899016,-0.021798119411491904
2026-03-31 11:00:00,2146.0,162.46349168536162,4482.463491685362,4482.493292268971,-0.029800583609465386
2026-03-31 12:00:00,2147.0,164.5521117506707,4484.5521117506705,4484.5898606389255,-0.03774888825487787
2026-03-31 13:00:00,2148.0,166.64080298716183,4486.640802987162,4486.68642900888,-0.045626021717951215
2026-03-31 14:00:00,2149.0,168.7295820917861,4488.729582091786,4488.782997378835,-0.05341528704861104
2026-03-31 15:00:00,2150.0,170.81846540289473,4490.818465402895,4490.87956574879,-0.061100345894807055
2026-03-31 16:00:00,2151.0,172.90746887666816,4492.907468876668,4492.976134118744,-0.06866524207586841
2026-03-31 17:00:00,2152.0,174.99660807752278,4494.996608077523,4495.072702488698,-0.07609441117566723
2026-03-31 18:00:00,2153.0,177.08589817551115,4497.085898175511,4497.169270858652,-0.08337268314161529
2026-03-31 19:00:00,2154.0,179.17535394407065,4499.175353944071,4499.265839228608,-0.090485284536802
2026-03-31 20:00:00,2155.0,-178.7350102473998,4501.264989752601,4501.362407598562,-0.09741784596081376
2026-03-31 21:00:00,2156.0,-176.6451804499321,4503.354819550068,4503.458975968516,-0.10415641844816495
2026-03-31 22:00:00,2157.0,-174.55514316204685,4505.444856837954,4505.555544338471,-0.11068750051675279
2026-03-31 23:00:00,2158.0,-172.4648853669314,4507.5351146330695,4507.652112708425,-0.11699807535581858
2026-04-01 00:00:00,2159.0,-170.37439457706645,4509.625605422934,4509.74868107838,-0.12307565544612752
2026-04-01 01:00:00,2160.0,-168.28365888187702,4511.716341118123,4511.8452494483345,-0.12890833021149695
2026-04-01 02:00:00,2161.0,-166.19266699286652,4513.807333007134,4513.941817818289,-0.13448481115519276
2026-04-01 03:00:00,2162.0,-164.10140828043504,4515.898591719565,4516.038386188244,-0.13979446867823397
2026-04-01 04:00:00,2163.0,-162.00987279736827,4517.990127202633,4518.134954558198,-0.14482735556562634
2026-04-01 05:00:00,2164.0,-159.9180512859035,4520.081948714097,4520.231522928152,-0.14957421405543767
2026-04-01 06:00:00,2165.0,-157.8259351682889,4522.174064831712,4522.328091298107,-0.1540264663954511
2026-04-01 07:00:00,2166.0,-155.73351668608174,4524.266483313919,4524.424659668061,-0.15817635414270728
2026-04-01 08:00:00,2167.0,-153.64078893230086,4526.359211067699,4526.521228038016,-0.16201697031631687
2026-04-01 09:00:00,2168.0,-151.54774579511724,4528.4522542048835,4528.617796407971,-0.16554220308749554
2026-04-01 10:00:00,2169.0,-149.45438205188015,4530.54561794812,4530.714364777926,-0.16874682980510616
2026-04-01 11:00:00,2170.0,-147.3606933624338,4532.639306637567,4532.81093314788,-0.17162651031333884
2026-04-01 12:00:00,2171.0,-145.26667628253932,4534.733323717461,4534.907501517834,-0.17417780037334635
2026-04-01 13:00:00,2172.0,-143.1723282830577,4536.827671716942,4537.004069887788,-0.17639817084631443
2026-04-01 14:00:00,2173.0,-141.0776477678181,4538.922352232183,4539.100638257743,-0.1782860255607493
2026-04-01 15:00:00,2174.0,-138.98263408729608,4541.017365912704,4541.197206627698,-0.17984071499303567
2026-04-01 16:00:00,2175.0,-136.88728754741103,4543.112712452589,4543.293774997652,-0.18106254506266284
2026-04-01 17:00:00,2176.0,-134.79160941368585,4545.208390586315,4545.390343367606,-0.18195278129208475
2026-04-01 18:00:00,2177.0,-132.69560191123605,4547.304398088764,4547.486911737562,-0.18251364879694948
2026-04-01 19:00:00,2178.0,-130.59926822093172,4549.400731779069,4549.583480107516,-0.18274832844704236
2026-04-01 20:00:00,2179.0,-128.50261247182755,4551.497387528173,4551.68004847747,-0.18266094929727847
2026-04-01 21:00:00,2180.0,-126.40563972971187,4553.594360270288,4553.7766168474245,-0.18225657713648422
2026-04-01 22:00:00,2181.0,-124.30835598144522,4555.691644018555,4555.87318521738,-0.18154119882420894
2026-04-01 23:00:00,2182.0,-122.21076811465863,4557.789231885342,4557.969753587334,-0.18052170199217046
2026-04-02 00:00:00,2183.0,-120.11288389235499,4559.887116107645,4560.066321957288,-0.17920584964297132
2026-04-02 01:00:00,2184.0,-118.01471192198427,4561.985288078015,4562.162890327242,-0.1776022492267615
2026-04-02 02:00:00,2185.0,-115.91626161862658,4564.083738381374,4564.259458697198,-0.1757203158237482
2026-04-02 03:00:00,2186.0,-113.81754316199479,4566.182456838005,4566.356027067152,-0.17357022914676046
2026-04-02 04:00:00,2187.0,-111.71856744705238,4568.281432552948,4568.4525954371065,-0.171162884158685
2026-04-02 05:00:00,2188.0,-109.61934602812033,4570.38065397188,4570.549163807061,-0.16850983518101126
2026-04-02 06:00:00,2189.0,-107.51989105642139,4572.480108943579,4572.645732177016,-0.1656232334364905
2026-04-02 07:00:00,2190.0,-105.42021521107722,4574.579784788923,4574.74230054697,-0.16251575804707816
2026-04-02 08:00:00,2191.0,-103.32033162363894,4576.679668376361,4576.838868916924,-0.15920054056288274
2026-04-02 09:00:00,2192.0,-101.22025379629551,4578.779746203705,4578.935437286878,-0.15569108317356595
2026-04-02 10:00:00,2193.0,-99.11999560498543,4580.880004395015,4581.0320056568335,-0.15200126181785656
2026-04-02 11:00:00,2194.0,-97.01957088738372,4582.980429112617,4583.128574026789,-0.14814491417174902
2026-04-02 12:00:00,2195.0,-94.91899360945783,4585.081006390543,4585.225142396743,-0.1441360062000558
2026-04-02 13:00:00,2196.0,-92.8182778303518,4587.181722169648,4587.321710766697,-0.1399885970487833
2026-04-02 14:00:00,2197.0,-90.71743743617691,4589.282562563823,4589.418279136652,-0.13571657282792157
2026-04-02 15:00:00,2198.0,-88.61648598320828,4591.383514016792,4591.514847506606,-0.1313334898142712
2026-04-02 16:00:00,2199.0,-86.51543662395801,4593.484563376042,4593.61141587656,-0.1268525005184576
2026-04-02 17:00:00,2200.0,-84.41430209033366,4595.585697909666,4595.707984246515,-0.12228633684844838
2026-04-02 18:00:00,2201.0,-82.3130947103477,4597.686905289653,4597.80455261647,-0.11764732681657461
2026-04-02 19:00:00,2202.0,-80.21182643824966,4599.788173561751,4599.901120986424,-0.11294742467307278
2026-04-02 20:00:00,2203.0,-78.1105088821477,4601.889491117853,4601.997689356379,-0.10819823852612338
2026-04-02 21:00:00,2204.0,-76.00915331781665,4603.990846682184,4604.094257726333,-0.10341104414942753
2026-04-02 22:00:00,2205.0,-73.90777068211679,4606.092229317884,4606.190826096288,-0.09859677840410755
2026-04-02 23:00:00,2206.0,-71.80637154395099,4608.19362845605,4608.287394466242,-0.09376601019296549
2026-04-03 00:00:00,2207.0,-69.7049660546768,4610.295033945324,4610.383962836197,-0.0889288908727351
2026-04-03 01:00:00,2208.0,-67.60356388309903,4612.396436116901,4612.480531206151,-0.08409508924985426
2026-04-03 02:00:00,2209.0,-65.50217414238007,4614.49782585762,4614.577099576106,-0.07927371848531356
2026-04-03 03:00:00,2210.0,-63.40080531724389,4616.599194682757,4616.67366794606,-0.07447326330320966
2026-04-03 04:00:00,2211.0,-61.29946519960694,4618.700534800394,4618.770236316014,-0.0697015156207967
2026-04-03 05:00:00,2212.0,-59.198160839208114,4620.801839160792,4620.866804685969,-0.06496552517732124
2026-04-03 06:00:00,2213.0,-57.09689851298915,4622.903101487012,4622.963373055924,-0.06027156891276134
2026-04-03 07:00:00,2214.0,-54.99568371306457,4625.004316286936,4625.059941425879,-0.05562513894258187
2026-04-03 08:00:00,2215.0,-52.89452114841821,4627.105478851582,4627.156509795833,-0.05103094425050201
2026-04-03 09:00:00,2216.0,-50.793414750429854,4629.206585249571,4629.253078165787,-0.04649291621706267
2026-04-03 10:00:00,2217.0,-48.6923676676026,4631.307632332398,4631.349646535742,-0.0420142033442821
2026-04-03 11:00:00,2218.0,-46.59138223126007,4633.40861776874,4633.446214905696,-0.03759713695574007
2026-04-03 12:00:00,2219.0,-44.49045987255079,4635.509540127449,4635.54278327565,-0.03324314820130102
2026-04-03 13:00:00,2220.0,-42.38960125507511,4637.610398744925,4637.639351645605,-0.02895290068003592
2026-04-03 14:00:00,2221.0,-40.28880631979227,4639.711193680208,4639.735920015561,-0.02472633535189344
2026-04-03 15:00:00,2222.0,-38.18807416676382,4641.811925833236,4641.832488385515,-0.02056255227846846
2026-04-03 16:00:00,2223.0,-36.08740320533365,4643.912596794667,4643.929056755469,-0.016459960802178576
2026-04-03 17:00:00,2224.0,-33.98679113531394,4646.013208864687,4646.025625125423,-0.012416260736921708
2026-04-03 18:00:00,2225.0,-31.886234963348787,4648.113765036652,4648.122193495378,-0.00842845872661028
2026-04-03 19:00:00,2226.0,-29.78573105311835,4650.214268946882,4650.218761865332,-0.004492918450099643
2026-04-03 20:00:00,2227.0,-27.685275205350948,4652.31472479465,4652.315330235287,-0.0006054406372265195
2026-04-03 21:00:00,2228.0,-25.58486276179709,4654.415137238204,4654.411898605241,0.00323863296236978
2026-04-03 22:00:00,2229.0,-23.48448872622285,4656.5155112737775,4656.508466975197,0.007044298580973061
2026-04-03 23:00:00,2230.0,-21.38414789501115,4658.615852104989,4658.605035345151,0.010816759838095468
2026-04-04 00:00:00,2231.0,-19.283834990061084,4660.71616500994,4660.701603715105,0.014561294834206455
2026-04-04 01:00:00,2232.0,-17.183544787291144,4662.816455212709,4662.798172085059,0.01828312764940276
2026-04-04 02:00:00,2233.0,-15.083272235110465,4664.91672776489,4664.8947404550145,0.02198730987573609
2026-04-04 03:00:00,2234.0,-12.983012558628468,4667.016987441372,4666.991308824969,0.02567861640331108
2026-04-04 04:00:00,2235.0,-10.882761347007833,4669.1172386529925,4669.087877194923,0.029361458069735082
2026-04-04 05:00:00,2236.0,-8.782514623092787,4671.2174853769075,4671.184445564877,0.033039812030295525
2026-04-04 06:00:00,2237.0,-6.682268896112697,4673.317731103888,4673.281013934832,0.03671716905581261
2026-04-04 07:00:00,2238.0,-4.582021199716153,4675.417978800284,4675.377582304787,0.0403964954970729
2026-04-04 08:00:00,2239.0,-2.48176911868439,4677.5182308813155,4677.474150674741,0.04408020657427664
2026-04-04 09:00:00,2240.0,-0.3815108082653404,4679.6184891917355,4679.570719044696,0.04777014703926527
2026-04-04 10:00:00,2241.0,1.7187549899566619,4681.718754989956,4681.667287414651,0.05146757530633475
2026-04-04 11:00:00,2242.0,3.8190289324830546,4683.819028932484,4683.763855784605,0.055173147878611314
2026-04-04 12:00:00,2243.0,5.919311056969024,4685.9193110569695,4685.860424154559,0.05888690240979128
2026-04-04 13:00:00,2244.0,8.019600764641785,4688.019600764642,4687.956992524513,0.06260824012834498
2026-04-04 14:00:00,2245.0,10.119896805957273,4690.119896805957,4690.053560894468,0.06633591148929673
2026-04-04 15:00:00,2246.0,12.22019727737798,4692.220197277378,4692.1501292644225,0.07006801295560518
2026-04-04 16:00:00,2247.0,14.320499565018501,4694.3204995650185,4694.246697634378,0.07380193064097361
2026-04-04 17:00:00,2248.0,16.42080055684027,4696.420800556841,4696.343266004332,0.07753455250831594
2026-04-04 18:00:00,2249.0,18.521096575377058,4698.521096575377,4698.439834374287,0.08126220109059305
2026-04-04 19:00:00,2250.0,20.621383239732584,4700.6213832397325,4700.536402744241,0.08498049549158312
2026-04-04 20:00:00,2251.0,22.72165554731123,4702.7216555473115,4702.632971114195,0.08868443311585746
2026-04-04 21:00:00,2252.0,24.82190797912108,4704.8219079791215,4704.72953948415,0.09236849497129723
2026-04-04 22:00:00,2253.0,26.922134596423415,4706.922134596424,4706.8261078541045,0.09602674231968744
2026-04-04 23:00:00,2254.0,29.022329110316655,4709.0223291103175,4708.922676224059,0.09965288625850044
2026-04-05 00:00:00,2255.0,31.122484916993567,4711.122484916994,4711.019244594013,0.10324032298077955
2026-04-05 01:00:00,2256.0,33.22259509991933,4713.22259509992,4713.115812963968,0.10678213595155447
2026-04-05 02:00:00,2257.0,35.32265240613909,4715.322652406139,4715.212381333923,0.11027107221642385
2026-04-05 03:00:00,2258.0,37.42264920750857,4717.422649207509,4717.308949703877,0.1136995036315605
2026-04-05 04:00:00,2259.0,39.52257745908357,4719.522577459084,4719.405518073831,0.11705938525208204
2026-04-05 05:00:00,2260.0,41.62242866649444,4721.622428666495,4721.5020864437865,0.12034222270861804
2026-04-05 06:00:00,2261.0,43.72219387221154,4723.722193872212,4723.598654813741,0.12353905847138491
2026-04-05 07:00:00,2262.0,45.82186366755919,4725.82186366756,4725.695223183695,0.1266404838648457
2026-04-05 08:00:00,2263.0,47.92142823357453,4727.921428233575,4727.791791553649,0.12963667992537
2026-04-05 09:00:00,2264.0,50.0208774097724,4730.020877409773,4729.888359923604,0.13251748616879552
2026-04-05 10:00:00,2265.0,52.12020078601565,4732.120200786016,4731.984928293559,0.13527249245665343
2026-04-05 11:00:00,2266.0,54.21938780944772,4734.219387809448,4734.0814966635135,0.1378911459344572
2026-04-05 12:00:00,2267.0,56.31842789623821,4736.318427896239,4736.178065033468,0.14036286277064441
2026-04-05 13:00:00,2268.0,58.417310537090756,4738.417310537092,4738.274633403423,0.14267713366916288
2026-04-05 14:00:00,2269.0,60.5160253863486,4740.516025386349,4740.371201773377,0.14482361297222643
2026-04-05 15:00:00,2270.0,62.61456232726343,4742.614562327263,4742.467770143331,0.1467921839324217
2026-04-05 16:00:00,2271.0,64.71291151053957,4744.71291151054,4744.564338513285,0.14857299725472028
2026-04-05 17:00:00,2272.0,66.81106336935774,4746.811063369358,4746.66090688324,0.1501564861180608
2026-04-05 18:00:00,2273.0,68.90900862111822,4748.909008621119,4748.757475253195,0.1515333679242974
2026-04-05 19:00:00,2274.0,71.00673847433438,4751.006738474335,4750.85404362315,0.15269485118549594
2026-04-05 20:00:00,2275.0,73.1042447087584,4753.104244708759,4752.950611993104,0.15363271565477782
2026-04-05 21:00:00,2276.0,75.20151955821085,4755.201519558211,4755.047180363059,0.15433919515244623
2026-04-05 22:00:00,2277.0,77.2985558380574,4757.298555838058,4757.143748733013,0.15480710504465348
2026-04-05 23:00:00,2278.0,79.39534695658897,4759.3953469565895,4759.240317102967,0.15502985362215332
2026-04-06 00:00:00,2279.0,81.49188694079726,4761.4918869407975,4761.3368854729215,0.15500146787612684
2026-04-06 01:00:00,2280.0,83.5881704651977,4763.588170465197,4763.433453842877,0.15471662232164118
2026-04-06 02:00:00,2281.0,85.68419287839271,4765.684192878393,4765.530022212831,0.1541706655624564
2026-04-06 03:00:00,2282.0,87.7799502254414,4767.779950225442,4767.626590582786,0.15335964265607543
2026-04-06 04:00:00,2283.0,89.87543926579181,4769.875439265792,4769.72315895274,0.15228031305186887
2026-04-06 05:00:00,2284.0,91.97065748722586,4771.970657487226,4771.819727322695,0.1509301645313698
2026-04-06 06:00:00,2285.0,94.06560311642387,4774.065603116424,4773.916295692649,0.14930742377524686
2026-04-06 07:00:00,2286.0,96.16027512666092,4776.160275126661,4776.0128640626035,0.14741106405770227
2026-04-06 08:00:00,2287.0,98.2546732429753,4778.2546732429755,4778.109432432558,0.14524081041759554
2026-04-06 09:00:00,2288.0,100.34879794498036,4780.348797944981,4780.206000802513,0.1427971424683238
2026-04-06 10:00:00,2289.0,102.4426504673705,4782.442650467371,4782.302569172467,0.14008129490426774
2026-04-06 11:00:00,2290.0,104.53623279809797,4784.536232798098,4784.399137542421,0.1370952556769343
2026-04-06 12:00:00,2291.0,106.62954767416984,4786.62954767417,4786.495705912376,0.13384176179357132
2026-04-06 13:00:00,2292.0,108.72259857501597,4788.7225985750165,4788.592274282331,0.13032429268532925
2026-04-06 14:00:00,2293.0,110.81538971340203,4790.8153897134025,4790.6888426522855,0.12654706111728672
2026-04-06 15:00:00,2294.0,112.90792602389544,4792.907926023896,4792.78541102224,0.1225150016558103
2026-04-06 16:00:00,2295.0,115.0002131489338,4795.000213148934,4794.881979392194,0.11823375673965862
2026-04-06 17:00:00,2296.0,117.09225742259166,4797.092257422592,4796.978547762149,0.1137096604435816
2026-04-06 18:00:00,2297.0,119.18406585219343,4799.184065852194,4799.075116132103,0.10894972009074505
2026-04-06 19:00:00,2298.0,121.27564609797544,4801.275646097976,4801.171684502057,0.10396159591835037
2026-04-06 20:00:00,2299.0,123.36700645106006,4803.367006451061,4803.2682528720115,0.09875357904885855
2026-04-06 21:00:00,2300.0,125.45815581006282,4805.458155810063,4805.364821241968,0.0933345680957636
2026-04-06 22:00:00,2301.0,127.54910377264117,4807.5491037726415,4807.461389611922,0.08771416071959938
2026-04-06 23:00:00,2302.0,129.6398602397743,4809.639860239775,4809.557957981876,0.08190225789894977
2026-04-07 00:00:00,2303.0,131.73043569762496,4811.730435697625,4811.65452635183,0.07590934579456315
2026-04-07 01:00:00,2304.0,133.8208413065627,4813.820841306563,4813.751094721785,0.06974658477801417
2026-04-07 02:00:00,2305.0,135.9110887209864,4815.911088720987,4815.847663091739,0.06342562924763236
2026-04-07 03:00:00,2306.0,138.00119002144123,4818.001190021441,4817.944231461694,0.056958559747628354
2026-04-07 04:00:00,2307.0,140.09115771480182,4820.091157714802,4820.040799831648,0.050357883153736537
2026-04-07 05:00:00,2308.0,142.181004766121,4822.181004766122,4822.137368201603,0.04363656451906579
2026-04-07 06:00:00,2309.0,144.27074463401473,4824.270744634015,4824.233936571558,0.03680806245693072
2026-04-07 07:00:00,2310.0,146.36039128974582,4826.360391289747,4826.330504941512,0.029886348234357454
2026-04-07 08:00:00,2311.0,148.44995920807517,4828.449959208076,4828.427073311466,0.022885896608829316
2026-04-07 09:00:00,2312.0,150.53946332513698,4830.539463325137,4830.523641681421,0.01582164371591084
2026-04-07 10:00:00,2313.0,152.6289189647593,4832.6289189647605,4832.620210051376,0.008708913384599563
2026-04-07 11:00:00,2314.0,154.71834173956154,4834.718341739562,4834.71677842133,0.001563318232151429
2026-04-07 12:00:00,2315.0,156.807747436628,4836.807747436628,4836.813346791284,-0.00559935465594467
2026-04-07 13:00:00,2316.0,158.89715189946253,4838.897151899463,4838.909915161239,-0.01276326177594335
2026-04-07 14:00:00,2317.0,160.9865709182133,4840.986570918214,4841.006483531193,-0.019912612979252564
2026-04-07 15:00:00,2318.0,163.0760201388359,4843.076020138837,4843.103051901148,-0.027031762311925084
2026-04-07 16:00:00,2319.0,165.16551499901928,4845.165514999019,4845.1996202711025,-0.03410527208334488
2026-04-07 17:00:00,2320.0,167.2550706945122,4847.255070694512,4847.296188641058,-0.04111794654489167
2026-04-07 18:00:00,2321.0,169.34470217421213,4849.344702174213,4849.392757011012,-0.048054836798885316
2026-04-07 19:00:00,2322.0,171.43442415638043,4851.434424156381,4851.489325380966,-0.05490122458498319
2026-04-07 20:00:00,2323.0,173.52425115208257,4853.524251152083,4853.58589375092,-0.06164259883791461
2026-04-07 21:00:00,2324.0,175.61419747598978,4855.614197475989,4855.682462120875,-0.0682646448851976
2026-04-07 22:00:00,2325.0,177.7042772196826,4857.704277219683,4857.779030490829,-0.0747532711462924
2026-04-07 23:00:00,2326.0,179.7945041593234,4859.794504159324,4859.875598860784,-0.0810947014596766
2026-04-08 00:00:00,2327.0,-178.11510843117017,4861.88489156883,4861.972167230739,-0.08727566190852527
2026-04-08 01:00:00,2328.0,-176.0245476582572,4863.975452341744,4864.068735600694,-0.09328325894959079
2026-04-08 02:00:00,2329.0,-173.93380084000717,4866.066199159994,4866.165303970648,-0.09910481065429443
2026-04-08 03:00:00,2330.0,-171.84285586188986,4868.157144138111,4868.261872340602,-0.10472820249117089
2026-04-08 04:00:00,2331.0,-169.75170108226501,4870.248298917736,4870.358440710556,-0.11014179282074935
2026-04-08 05:00:00,2332.0,-167.66032540094278,4872.3396745990585,4872.455009080511,-0.11533448145304573
2026-04-08 06:00:00,2333.0,-165.5687183064165,4874.431281693584,4874.551577450466,-0.12029575688139507
2026-04-08 07:00:00,2334.0,-163.47686991383557,4876.523130086165,4876.64814582042,-0.12501573425450863
2026-04-08 08:00:00,2335.0,-161.38477099973898,4878.615229000262,4878.744714190375,-0.12948519011362702
2026-04-08 09:00:00,2336.0,-159.29241303588984,4880.707586964111,4880.84128256033,-0.1336955962185589
2026-04-08 10:00:00,2337.0,-157.19978822254026,4882.80021177746,4882.937850930284,-0.13763915282330555
2026-04-08 11:00:00,2338.0,-155.10688952054605,4884.893110479455,4885.034419300238,-0.14130882078409135
2026-04-08 12:00:00,2339.0,-153.0137106815121,4886.986289318489,4887.130987670193,-0.14469835170430453
2026-04-08 13:00:00,2340.0,-150.92024627525507,4889.079753724746,4889.227556040148,-0.1478023154014624
2026-04-08 14:00:00,2341.0,-148.82649171411109,4891.17350828589,4891.324124410102,-0.15061612421173776
2026-04-08 15:00:00,2342.0,-146.7324432738585,4893.267556726142,4893.420692780056,-0.15313605391383583
2026-04-08 16:00:00,2343.0,-144.6380981112003,4895.3619018888,4895.517261150011,-0.15535926121034072
2026-04-08 17:00:00,2344.0,-142.5434542778364,4897.456545722164,4897.613829519966,-0.15728379780154253
2026-04-08 18:00:00,2345.0,-140.44851073116072,4899.55148926884,4899.71039788992,-0.15890862108024337
2026-04-08 19:00:00,2346.0,-138.35326734155973,4901.646732658441,4901.806966259875,-0.16023360143370016
2026-04-08 20:00:00,2347.0,-136.25772489620272,4903.7422751037975,4903.903534629829,-0.16125952603138546
2026-04-08 21:00:00,2348.0,-134.16188509912095,4905.83811490088,4906.000102999784,-0.16198809890396698
2026-04-08 22:00:00,2349.0,-132.06575056729758,4907.934249432703,4908.096671369738,-0.16242193703504196
2026-04-08 23:00:00,2350.0,-129.9693248224449,4910.030675177556,4910.193239739692,-0.16256456213668075
2026-04-09 00:00:00,2351.0,-127.87261227813585,4912.127387721865,4912.289808109647,-0.1624203877822766
2026-04-09 01:00:00,2352.0,-125.775618221985,4914.224381778015,4914.3863764796015,-0.16199470158566887
2026-04-09 02:00:00,2353.0,-123.6783487926284,4916.321651207372,4916.482944849557,-0.16129364218390108
2026-04-09 03:00:00,2354.0,-121.58081095133308,4918.419189048668,4918.579513219511,-0.16032417084285752
2026-04-09 04:00:00,2355.0,-119.48301235083933,4920.516987649162,4920.676081589465,-0.15909394030401192
2026-04-09 05:00:00,2356.0,-117.38496156580322,4922.615038434197,4922.77264995942,-0.15761152522228059
2026-04-09 06:00:00,2357.0,-115.28666791122727,4924.713332088773,4924.869218329374,-0.1558862406010307
2026-04-09 07:00:00,2358.0,-113.18814122641724,4926.8118587735835,4926.965786699328,-0.15392792574478664
2026-04-09 08:00:00,2359.0,-111.08939189592662,4928.910608104074,4929.0623550692835,-0.15174696520916198
2026-04-09 09:00:00,2360.0,-108.9904308417728,4931.009569158228,4931.158923439238,-0.14935428100956938
2026-04-09 10:00:00,2361.0,-106.89126947969784,4933.108730520303,4933.255491809192,-0.1467612888893568
2026-04-09 11:00:00,2362.0,-104.79191964104139,4935.20808035896,4935.352060179147,-0.14397982018787897
2026-04-09 12:00:00,2363.0,-102.69239346786387,4937.307606532137,4937.448628549101,-0.14102201696463273
2026-04-09 13:00:00,2364.0,-100.5927032925222,4939.407296707479,4939.545196919056,-0.13790021157745197
2026-04-09 14:00:00,2365.0,-98.49286151423186,4941.507138485769,4941.64176528901,-0.13462680324156728
2026-04-09 15:00:00,2366.0,-96.39288048457908,4943.607119515422,4943.738333658965,-0.1312141435434793
2026-04-09 16:00:00,2367.0,-94.2927724118453,4945.707227588156,4945.83490202892,-0.12767444076417422
2026-04-09 17:00:00,2368.0,-92.1925492907808,4947.80745070922,4947.931470398874,-0.12401968965410493
2026-04-09 18:00:00,2369.0,-90.09222286055059,4949.90777713945,4950.028038768828,-0.12026162937781057
2026-04-09 19:00:00,2370.0,-87.99180458942143,4952.008195410579,4952.124607138782,-0.11641172820328605
2026-04-09 20:00:00,2371.0,-85.89130568082138,4954.108694319179,4954.221175508738,-0.11248118955816529
2026-04-09 21:00:00,2372.0,-83.7907370921237,4956.209262907877,4956.317743878692,-0.10848097081545116
2026-04-09 22:00:00,2373.0,-81.69010955530428,4958.309890444696,4958.414312248647,-0.1044218039503276
2026-04-09 23:00:00,2374.0,-79.5894335878582,4960.4105664121425,4960.510880618601,-0.10031420645887659
2026-04-10 00:00:00,2375.0,-77.4887194833241,4962.511280516676,4962.607448988556,-0.09616847187890569
2026-04-10 01:00:00,2376.0,-75.38797727362397,4964.612022726377,4964.70401735851,-0.09199463213299473
2026-04-10 02:00:00,2377.0,-73.28721666019653,4966.712783339804,4966.800585728464,-0.0878023886599709
2026-04-10 03:00:00,2378.0,-71.18644691738984,4968.813553082611,4968.8971540984185,-0.0836010158074685
2026-04-10 04:00:00,2379.0,-69.08567677932608,4970.914323220675,4970.993722468374,-0.07939924769822493
2026-04-10 05:00:00,2380.0,-66.98491432966553,4973.015085670335,4973.090290838329,-0.07520516799337863
2026-04-10 06:00:00,2381.0,-64.88416692118203,4975.1158330788185,4975.186859208283,-0.0710261294644342
2026-04-10 07:00:00,2382.0,-62.78344127753834,4977.216558722463,4977.283427578237,-0.0668688557750834
2026-04-10 08:00:00,2383.0,-60.68274349458578,4979.317256505415,4979.379995948192,-0.06273944277663226
2026-04-10 09:00:00,2384.0,-58.582078872791406,4981.417921127209,4981.476564318146,-0.05864319093704277
2026-04-10 10:00:00,2385.0,-56.481451940381646,4983.518548059619,4983.5731326881005,-0.05458462848112199
2026-04-10 11:00:00,2386.0,-54.380866429099136,4985.619133570902,4985.669701058055,-0.05056748715357593
2026-04-10 12:00:00,2387.0,-52.28032527097556,4987.719674729025,4987.76626942801,-0.046594698984105454
2026-04-10 13:00:00,2388.0,-50.17983060083285,4989.820169399168,4989.862837797965,-0.04266839879683853
2026-04-10 14:00:00,2389.0,-48.07938375817607,4991.920616241825,4991.959406167919,-0.038789926094439924
2026-04-10 15:00:00,2390.0,-45.978985287740116,4994.021014712261,4994.055974537873,-0.03495982561259637
2026-04-10 16:00:00,2391.0,-43.87863494121037,4996.121365058791,4996.152542907828,-0.031177849037210773
2026-04-10 17:00:00,2392.0,-41.778331684254276,4998.221668315747,4998.2491112777825,-0.0274429620360234
2026-04-10 18:00:00,2393.0,-39.6780737134529,5000.321926286548,5000.345679647737,-0.023753361188729873
2026-04-10 19:00:00,2394.0,-37.57785848733928,5002.422141512661,5002.442248017691,-0.020106505030009086
2026-04-10 20:00:00,2395.0,-35.477682774765604,5004.522317225235,5004.538816387646,-0.01649916241023882
2026-04-10 21:00:00,2396.0,-33.377542722418355,5006.622457277583,5006.6353847576,-0.012927480017297606
2026-04-10 22:00:00,2397.0,-31.277433941629717,5008.722566058371,5008.731953127555,-0.009387069184028892
2026-04-10 23:00:00,2398.0,-29.177351612843093,5010.822648387158,5010.828521497509,-0.005873110352109207
2026-04-11 00:00:00,2399.0,-27.077290604322503,5012.922709395679,5012.9250898674645,-0.0023804717856155395
2026-04-11 01:00:00,2400.0,-24.97724560009921,5015.022754399902,5015.021658237419,0.0010961624829440458
2026-04-11 02:00:00,2401.0,-22.87721123087193,5017.122788769128,5017.118226607373,0.00456216175585927
2026-04-11 03:00:00,2402.0,-20.777182200768557,5019.222817799232,5019.214794977327,0.008022821904808923
2026-04-11 04:00:00,2403.0,-18.677153402677426,5021.322846597323,5021.311363347282,0.011483250041200117
2026-04-11 05:00:00,2404.0,-16.577120015393472,5023.422879984608,5023.407931717236,0.014948267371341646
2026-04-11 06:00:00,2405.0,-14.47707757721151,5025.52292242279,5025.5045000871905,0.018422335598917552
2026-04-11 07:00:00,2406.0,-12.37702203292443,5027.622977967077,5027.601068457146,0.02190950993053603
2026-04-11 08:00:00,2407.0,-10.276949754511804,5029.7230502454895,5029.697636827101,0.02541341838879113
2026-04-11 09:00:00,2408.0,-8.176857540174288,5031.823142459826,5031.794205197055,0.028937262771416256
2026-04-11 10:00:00,2409.0,-6.076742771488119,5033.923257228513,5033.890773567009,0.03248366150318158
2026-04-11 11:00:00,2410.0,-3.9766032505891435,5036.023396749411,5035.987341936963,0.03605481244772484
2026-04-11 12:00:00,2411.0,-1.8764373253785929,5038.123562674622,5038.083910306918,0.03965236770382047
2026-04-11 13:00:00,2412.0,0.22375598734629654,5040.223755987347,5040.180478676873,0.04327731047465779
2026-04-11 14:00:00,2413.0,2.323977088678014,5042.3239770886785,5042.277047046827,0.04693004185169282
2026-04-11 15:00:00,2414.0,4.424225815304837,5044.424225815305,5044.373615416781,0.05061039852397664
2026-04-11 16:00:00,2415.0,6.5245014226625795,5046.524501422664,5046.470183786737,0.054317635927017
2026-04-11 17:00:00,2416.0,8.624802558934308,5048.624802558935,5048.566752156691,0.05805040224385564
2026-04-11 18:00:00,2417.0,10.72512724682757,5050.725127246828,5050.663320526645,0.061806720182779946
2026-04-11 19:00:00,2418.0,12.82547288251347,5052.825472882515,5052.7598888965995,0.0655839859147633
2026-04-11 20:00:00,2419.0,14.925836254710859,5054.925836254712,5054.856457266555,0.06937898815720024
2026-04-11 21:00:00,2420.0,17.026213581804345,5057.026213581806,5056.953025636509,0.07318794529673005
2026-04-11 22:00:00,2421.0,19.12660056119824,5059.126600561199,5059.049594006463,0.07700655473597517
2026-04-11 23:00:00,2422.0,21.226992422877835,5061.2269924228785,5061.146162376417,0.08083004646120652
2026-04-12 00:00:00,2423.0,23.32738397836413,5063.327383978364,5063.242730746372,0.08465323199255581
2026-04-12 01:00:00,2424.0,25.427769656841832,5065.427769656842,5065.339299116327,0.08847054051511667
2026-04-12 02:00:00,2425.0,27.52814352208955,5067.52814352209,5067.4358674862815,0.09227603580906277
2026-04-12 03:00:00,2426.0,29.628499266762052,5069.628499266762,5069.532435856236,0.09606341052648126
2026-04-12 04:00:00,2427.0,31.728830184326288,5071.728830184327,5071.629004226191,0.09982595813653973
2026-04-12 05:00:00,2428.0,33.829129123232725,5073.8291291232335,5073.725572596145,0.1035565270888587
2026-04-12 06:00:00,2429.0,35.92938843235349,5075.929388432354,5075.822140966099,0.1072474662549382
2026-04-12 07:00:00,2430.0,38.02959991092715,5078.029599910928,5077.918709336053,0.11089057487386046
2026-04-12 08:00:00,2431.0,40.12975477976832,5080.1297547797685,5080.015277706008,0.11447707376058575
2026-04-12 09:00:00,2432.0,42.22984369285754,5082.229843692859,5082.1118460759635,0.11799761689477413
2026-04-12 10:00:00,2433.0,44.32985680916699,5084.329856809168,5084.208414445918,0.12144236324982172
2026-04-12 11:00:00,2434.0,46.42978394330121,5086.429783943302,5086.304982815872,0.12480112742962991
2026-04-12 12:00:00,2435.0,48.52961480996389,5088.529614809965,5088.401551185827,0.12806362413794625
2026-04-12 13:00:00,2436.0,50.629338970701035,5090.629338970702,5090.498119555781,0.1312194149209177
2026-04-12 14:00:00,2437.0,52.72894571583487,5092.728945715836,5092.594687925735,0.13425779010001554
2026-04-12 15:00:00,2438.0,54.82842442464822,5094.82842442465,5094.6912562956895,0.13716812895942077
2026-04-12 16:00:00,2439.0,56.927764509526085,5096.927764509526,5096.787824665645,0.13993984388225295
2026-04-12 17:00:00,2440.0,59.026955506574666,5099.026955506575,5098.884393035599,0.14256247097673536
2026-04-12 18:00:00,2441.0,61.125987140856104,5101.1259871408565,5100.980961405554,0.14502573530270507
2026-04-12 19:00:00,2442.0,63.224849379472005,5103.224849379473,5103.077529775508,0.147319603964587
2026-04-12 20:00:00,2443.0,65.32353247918809,5105.323532479189,5105.174098145463,0.14943433372628187
2026-04-12 21:00:00,2444.0,67.4220270313994,5107.422027031401,5107.270666515417,0.15136051598309008
2026-04-12 22:00:00,2445.0,69.52032400514237,5109.520324005143,5109.3672348853715,0.15308911977136022
2026-04-12 23:00:00,2446.0,71.61841478792006,5111.61841478792,5111.463803255327,0.15461153259439434
2026-04-13 00:00:00,2447.0,73.71629122384162,5113.716291223842,5113.560371625281,0.15591959856142049
2026-04-13 01:00:00,2448.0,75.8139456486599,5115.813945648661,5115.656939995235,0.1570056534260081
2026-04-13 02:00:00,2449.0,77.91137092150115,5117.911370921502,5117.753508365189,0.15786255631222817
2026-04-13 03:00:00,2450.0,80.00856045329961,5120.008560453301,5119.850076735144,0.15848371815542744
2026-04-13 04:00:00,2451.0,82.10550823210768,5122.105508232108,5121.946645105099,0.15886312700906266
2026-04-13 05:00:00,2452.0,84.20220884553575,5124.202208845537,5124.043213475054,0.1589953704830301
2026-04-13 06:00:00,2453.0,86.29865750058833,5126.29865750059,5126.139781845008,0.15887565558137062
2026-04-13 07:00:00,2454.0,88.39485004112592,5128.394850041126,5128.236350214963,0.15849982616407438
2026-04-13 08:00:00,2455.0,90.49078296311721,5130.490782963118,5130.332918584917,0.15786437820153013
2026-04-13 09:00:00,2456.0,92.58645342777591,5132.586453427777,5132.429486954871,0.1569664729054834
2026-04-13 10:00:00,2457.0,94.68185927261393,5134.681859272615,5134.526055324825,0.15580394778942805
2026-04-13 11:00:00,2458.0,96.77699902039947,5136.776999020401,5136.6226236947805,0.15437532562016296
2026-04-13 12:00:00,2459.0,98.87187188598257,5138.871871885984,5138.719192064736,0.15267982124830032
2026-04-13 13:00:00,2460.0,100.96647778094575,5140.966477780947,5140.81576043469,0.15071734625665908
2026-04-13 14:00:00,2461.0,103.06081731604033,5143.060817316042,5142.912328804644,0.14848851139723146
2026-04-13 15:00:00,2462.0,105.15489180137976,5145.1548918013805,5145.008897174599,0.14599462678171068
2026-04-13 16:00:00,2463.0,107.24870317202775,5147.248703172028,5147.105465544553,0.1432376274754423
2026-04-13 17:00:00,2464.0,109.34225418833361,5149.342254188335,5149.202033914507,0.14022027382697613
2026-04-13 18:00:00,2465.0,111.43554830937367,5151.435548309375,5151.298602284462,0.13694602491272692
2026-04-13 19:00:00,2466.0,113.52858957689078,5153.528589576892,5153.395170654417,0.13341892247532786
2026-04-13 20:00:00,2467.0,115.6213826695212,5155.621382669522,5155.491739024371,0.12964364515163004
2026-04-13 21:00:00,2468.0,117.71393292605052,5157.713932926051,5157.588307394326,0.12562553172525423
2026-04-13 22:00:00,2469.0,119.80624634374401,5159.806246343745,5159.68487576428,0.12137057946476383
2026-04-13 23:00:00,2470.0,121.89832955953416,5161.898329559535,5161.781444134235,0.1168854253004806
2026-04-14 00:00:00,2471.0,123.99018982229967,5163.990189822301,5163.878012504189,0.11217731811162482
2026-04-14 01:00:00,2472.0,126.08183496385152,5166.081834963852,5165.974580874144,0.10725408970825748
2026-04-14 02:00:00,2473.0,128.17327337478355,5168.173273374784,5168.071149244098,0.10212413068634106
2026-04-14 03:00:00,2474.0,130.26451398928916,5170.26451398929,5170.167717614053,0.09679637523761403
2026-04-14 04:00:00,2475.0,132.35556628063807,5172.355566280639,5172.264285984007,0.09128029663228712
2026-04-14 05:00:00,2476.0,134.44644026649814,5174.446440266499,5174.360854353961,0.08558591253754147
2026-04-14 06:00:00,2477.0,136.53714652092327,5176.537146520925,5176.457422723916,0.07972379700776173
2026-04-14 07:00:00,2478.0,138.62769618785,5178.62769618785,5178.553991093871,0.07370509397945152
2026-04-14 08:00:00,2479.0,140.7181009895728,5180.718100989574,5180.650559463826,0.06754152574809859
2026-04-14 09:00:00,2480.0,142.8083732231088,5182.808373223109,5182.74712783378,0.06124538932941678
2026-04-14 10:00:00,2481.0,144.89852573777205,5184.898525737773,5184.843696203734,0.05482953403811479
2026-04-14 11:00:00,2482.0,146.98857188877835,5186.988571888779,5186.940264573689,0.04830731509026983
2026-04-14 12:00:00,2483.0,149.07852546432392,5189.078525464325,5189.036832943643,0.041692520681605484
2026-04-14 13:00:00,2484.0,151.16840058727865,5191.168400587279,5191.1334013135975,0.03499927368158443
2026-04-14 14:00:00,2485.0,153.25821159721926,5193.25821159722,5193.229969683553,0.028241913667296944
2026-04-14 15:00:00,2486.0,155.34797292365633,5195.347972923657,5195.326538053508,0.02143487014990988
2026-04-14 16:00:00,2487.0,157.43769896644355,5197.437698966444,5197.423106423462,0.014592542982553832
2026-04-14 17:00:00,2488.0,159.52740400370615,5199.527404003707,5199.519674793416,0.007729210290542152
2026-04-14 18:00:00,2489.0,161.61710215012494,5201.617102150126,5201.61624316337,0.0008589867555211298
2026-04-14 19:00:00,2490.0,163.70680749245045,5203.706807492451,5203.712811533325,-0.006004040873562832
2026-04-14 20:00:00,2491.0,165.79653413189723,5205.796534131898,5205.8093799032795,-0.012845771381481082
2026-04-14 21:00:00,2492.0,167.88629603641928,5207.88629603642,5207.905948273234,-0.019652236813462568
2026-04-14 22:00:00,2493.0,169.97610708958223,5209.976107089583,5210.002516643188,-0.026409553605589494
2026-04-14 23:00:00,2494.0,172.06598107257986,5212.065981072581,5212.099085013144,-0.03310394056281903
2026-04-15 00:00:00,2495.0,174.15593164004076,5214.155931640042,5214.195653383098,-0.03972174305603269
2026-04-15 01:00:00,2496.0,176.2459722905993,5216.245972290601,5216.292221753052,-0.04624946245209044
2026-04-15 02:00:00,2497.0,178.33611633341027,5218.336116333411,5218.388790123006,-0.0526737895954535
2026-04-15 03:00:00,2498.0,-179.57362314837164,5220.426376851629,5220.4853584929615,-0.05898164133174055
2026-04-15 04:00:00,2499.0,-177.48323333637097,5222.516766663631,5222.581926862916,-0.06516019928505039
2026-04-15 05:00:00,2500.0,-175.39270171745477,5224.607298282546,5224.67849523287,-0.07119695032398102
2026-04-15 06:00:00,2501.0,-173.30201612542731,5226.697983874574,5226.775063602824,-0.07707972825061024
2026-04-15 07:00:00,2502.0,-171.2111647835533,5228.788835216448,5228.871631972779,-0.08279675633056745
2026-04-15 08:00:00,2503.0,-169.12013634750957,5230.879863652492,5230.968200342734,-0.0883366902424299
2026-04-15 09:00:00,2504.0,-167.0289199483546,5232.971080051647,5233.064768712688,-0.09368866104177488
2026-04-15 10:00:00,2505.0,-164.93750523509783,5235.062494764904,5235.161337082643,-0.09884231773929061
2026-04-15 11:00:00,2506.0,-162.8458824164625,5237.154117583538,5237.257905452598,-0.10378786905896575
2026-04-15 12:00:00,2507.0,-160.75404230146563,5239.245957698536,5239.354473822552,-0.10851612401647111
2026-04-15 13:00:00,2508.0,-158.66197633847923,5241.338023661522,5241.451042192506,-0.11301853098390263
2026-04-15 14:00:00,2509.0,-156.56967665247944,5243.430323347522,5243.54761056246,-0.11728721493880948
2026-04-15 15:00:00,2510.0,-154.4771360802218,5245.522863919779,5245.644178932415,-0.12131501263532736
2026-04-15 16:00:00,2511.0,-152.3843482030921,5247.615651796909,5247.7407473023695,-0.12509550546047896
2026-04-15 17:00:00,2512.0,-150.2913073773687,5249.708692622632,5249.837315672325,-0.1286230496922917
2026-04-15 18:00:00,2513.0,-148.19800876159607,5251.801991238405,5251.933884042279,-0.13189280387394153
2026-04-15 19:00:00,2514.0,-146.10444834071,5253.895551659291,5254.030452412234,-0.1349007529424074
2026-04-15 20:00:00,2515.0,-144.0106229464944,5255.989377053507,5256.127020782188,-0.1376437286809138
2026-04-15 21:00:00,2516.0,-141.91653027388668,5258.083469726114,5258.223589152142,-0.14011942602779728
2026-04-15 22:00:00,2517.0,-139.82216887495204,5260.177831125049,5260.320157522096,-0.14232639704800695
2026-04-15 23:00:00,2518.0,-137.72753824197102,5262.27246175803,5262.4167258920515,-0.14426413402120233
2026-04-16 00:00:00,2519.0,-135.63263874312526,5264.367361256876,5264.513294262006,-0.14593300512961466
2026-04-16 01:00:00,2520.0,-133.53747160987905,5266.462528390122,5266.60986263196,-0.14733424183760593
2026-04-16 02:00:00,2521.0,-131.44203896416778,5268.557961035834,5268.706431001915,-0.14846996608179835
2026-04-16 03:00:00,2522.0,-129.34634381483315,5270.653656185168,5270.80299937187,-0.14934318670152502
2026-04-16 04:00:00,2523.0,-127.25039003661077,5272.749609963391,5272.899567741824,-0.14995777843353084
2026-04-16 05:00:00,2524.0,-125.15418234028041,5274.8458176597205,5274.9961361117785,-0.1503184520577087
2026-04-16 06:00:00,2525.0,-123.0577262386791,5276.942273761322,5277.092704481733,-0.15043072041065914
2026-04-16 07:00:00,2526.0,-120.96102801021314,5279.038971989788,5279.189272851688,-0.15030086189958822
2026-04-16 08:00:00,2527.0,-118.86409465929951,5281.135905340702,5281.285841221642,-0.149935880940075
2026-04-16 09:00:00,2528.0,-116.76693387180872,5283.233066128193,5283.382409591596,-0.1493434634034721
2026-04-16 10:00:00,2529.0,-114.6695539630249,5285.330446036976,5285.478977961551,-0.14853192457427825
2026-04-16 11:00:00,2530.0,-112.57196381580691,5287.428036184195,5287.575546331506,-0.14751014731160605
2026-04-16 12:00:00,2531.0,-110.47417280742528,5289.525827192576,5289.6721147014605,-0.14628750888482148
2026-04-16 13:00:00,2532.0,-108.37619072483211,5291.623809275169,5291.768683071415,-0.14487379624560287
2026-04-16 14:00:00,2533.0,-106.2780276697378,5293.721972330263,5293.865251441369,-0.14327911110594027
2026-04-16 15:00:00,2534.0,-104.17969395664527,5295.820306043356,5295.961819811324,-0.14151376796741497
2026-04-16 16:00:00,2535.0,-102.08120000873116,5297.91879999127,5298.058388181278,-0.13958819000826114
2026-04-16 17:00:00,2536.0,-99.98255625796405,5300.017443742037,5300.154956551232,-0.13751280919542513
2026-04-16 18:00:00,2537.0,-97.88377305691273,5302.116226943089,5302.251524921187,-0.1352979780986236
2026-04-16 19:00:00,2538.0,-95.78486061014434,5304.215139389857,5304.3480932911425,-0.13295390128562629
2026-04-16 20:00:00,2539.0,-93.685828932818,5306.314171067183,5306.444661661097,-0.13049059391336792
2026-04-16 21:00:00,2540.0,-91.58668784299921,5308.413312157002,5308.541230031051,-0.12791787404902052
2026-04-16 22:00:00,2541.0,-89.48744699244087,5310.51255300756,5310.637798401005,-0.12524539344514216
2026-04-16 23:00:00,2542.0,-87.38811593838444,5312.611884061616,5312.73436677096,-0.12248270934347254
2026-04-17 00:00:00,2543.0,-85.28870425687427,5314.711295743126,5314.830935140914,-0.11963939778776571
2026-04-17 01:00:00,2544.0,-83.18922142170894,5316.810778578292,5316.9275035108685,-0.11672493257666249
2026-04-17 02:00:00,2545.0,-81.08967664146691,5318.910323358534,5319.024071880824,-0.11374852228901523
2026-04-17 03:00:00,2546.0,-78.99007891825956,5321.009921081742,5321.120640250778,-0.11071916903570463
2026-04-17 04:00:00,2547.0,-76.89043687397098,5323.10956312603,5323.217208620733,-0.10764549470303675
2026-04-17 05:00:00,2548.0,-74.79075870399319,5325.209241296008,5325.313776990687,-0.10453569467887838
2026-04-17 06:00:00,2549.0,-72.69105211346191,5327.3089478865395,5327.410345360641,-0.10139747410233156
2026-04-17 07:00:00,2550.0,-70.59132425331546,5329.408675746686,5329.506913730596,-0.09823798391066658
2026-04-17 08:00:00,2551.0,-68.49158166433517,5331.508418335666,5331.6034821005505,-0.09506376488435787
2026-04-17 09:00:00,2552.0,-66.39183023181687,5333.608169768184,5333.700050470505,-0.0918807023209738
2026-04-17 10:00:00,2553.0,-64.29207515050155,5335.707924849499,5335.79661884046,-0.0886939909601214
2026-04-17 11:00:00,2554.0,-62.19232089800383,5337.807679101998,5337.893187210414,-0.08550810841619677
2026-04-17 12:00:00,2555.0,-60.09257121462003,5339.907428785381,5339.989755580368,-0.08232679498730801
2026-04-17 13:00:00,2556.0,-57.99282908765785,5342.007170912344,5342.086323950323,-0.0791530379798732
2026-04-17 14:00:00,2557.0,-55.89309673903322,5344.1069032609685,5344.1828923202775,-0.07598905930964799
2026-04-17 15:00:00,2558.0,-53.79337561564841,5346.206624384353,5346.279460690233,-0.0728363058792498
2026-04-17 16:00:00,2559.0,-51.693666382882206,5348.306333617119,5348.376029060187,-0.0696954430676389
2026-04-17 17:00:00,2560.0,-49.59396892231112,5350.40603107769,5350.472597430141,-0.06656635245111095
2026-04-17 18:00:00,2561.0,-47.49428233548151,5352.50571766452,5352.569165800096,-0.06344813557558752
2026-04-17 19:00:00,2562.0,-45.3946049561167,5354.6053950438845,5354.66573417005,-0.060339126165875
2026-04-17 20:00:00,2563.0,-43.29493437352351,5356.705065626478,5356.762302540004,-0.05723691352640479
2026-04-17 21:00:00,2564.0,-41.195267470108455,5358.804732529893,5358.858870909959,-0.054138380066282556
2026-04-17 22:00:00,2565.0,-39.09560047577788,5360.904399524223,5360.955439279915,-0.051039755690946195
2026-04-17 23:00:00,2566.0,-36.99592904152626,5363.004070958475,5363.052007649869,-0.0479366913939927
2026-04-18 00:00:00,2567.0,-34.89624833367036,5365.103751666331,5365.148576019823,-0.04482435349197537
2026-04-18 01:00:00,2568.0,-32.796553148921284,5367.20344685108,5367.245144389777,-0.041697538697584635
2026-04-18 02:00:00,2569.0,-30.696838048775607,5369.303161951226,5369.341712759732,-0.03855080850617468
2026-04-18 03:00:00,2570.0,-28.59709750952865,5371.402902490472,5371.438281129686,-0.035378639213723986
2026-04-18 04:00:00,2571.0,-26.497326011445228,5373.502673988556,5373.534849499641,-0.03217551108472908
2026-04-18 05:00:00,2572.0,-24.39751819031594,5375.602481809685,5375.631417869595,-0.02893605990985883
2026-04-18 06:00:00,2573.0,-22.2976689216825,5377.702331078319,5377.72798623955,-0.025655161230706453
2026-04-18 07:00:00,2574.0,-20.197773347438567,5379.802226652563,5379.824554609505,-0.022327956942050625
2026-04-18 08:00:00,2575.0,-18.097826957180803,5381.90217304282,5381.921122979459,-0.01894993663914691
2026-04-18 09:00:00,2576.0,-15.997825644576714,5384.002174355425,5384.017691349413,-0.015516993988759383
2026-04-18 10:00:00,2577.0,-13.897765746715859,5386.102234253285,5386.114259719368,-0.01202546608295248
2026-04-18 11:00:00,2578.0,-11.797644073006632,5388.202355926995,5388.210828089323,-0.008472162327687492
2026-04-18 12:00:00,2579.0,-9.697457928642676,5390.302542071358,5390.307396459277,-0.00485438791847124
2026-04-18 13:00:00,2580.0,-7.59720513608349,5392.402794863918,5392.403964829231,-0.0011699653138328289
2026-04-18 14:00:00,2581.0,-5.496884056463155,5394.503115943538,5394.500533199186,0.0025827443522662293
2026-04-18 15:00:00,2582.0,-3.3964936114386366,5396.603506388563,5396.59710156914,0.0064048194224131366
2026-04-18 16:00:00,2583.0,-1.2960333047895034,5398.703966695211,5398.693669939095,0.01029675611606263
2026-04-18 17:00:00,2584.0,0.8044967578470199,5400.804496757848,5400.7902383090495,0.0142584487984953
2026-04-18 18:00:00,2585.0,2.9050958533179747,5402.90509585332,5402.886806679005,0.018289174315186327
2026-04-18 19:00:00,2586.0,5.005762631798015,5405.005762631799,5404.983375048959,0.022387582840764454
2026-04-18 20:00:00,2587.0,7.1064951163491346,5407.10649511635,5407.079943418913,0.026551697436889433
2026-04-18 21:00:00,2588.0,9.207290712762298,5409.207290712764,5409.176511788867,0.030778923896195996
2026-04-18 22:00:00,2589.0,11.30814623016799,5411.308146230169,5411.273080158822,0.035066071346995735
2026-04-18 23:00:00,2590.0,13.40905791144721,5413.409057911448,5413.369648528776,0.03940938267179675
2026-04-19 00:00:00,2591.0,15.510021470746468,5415.510021470747,5415.466216898732,0.04380457201606845
2026-04-19 01:00:00,2592.0,17.61103213357767,5417.611032133579,5417.562785268686,0.04824686489274609
2026-04-19 02:00:00,2593.0,19.712084673325194,5419.712084673327,5419.659353638641,0.05273103468624563
2026-04-19 03:00:00,2594.0,21.81317343685128,5421.813173436853,5421.755922008595,0.0572514282573029
2026-04-19 04:00:00,2595.0,23.91429235175941,5423.914292351761,5423.852490378549,0.06180197321153341
2026-04-19 05:00:00,2596.0,26.015434909331834,5426.015434909333,5425.949058748503,0.06637616082926813
2026-04-19 06:00:00,2597.0,28.116594120903024,5428.116594120904,5428.0456271184585,0.07096700244605261
2026-04-19 07:00:00,2598.0,30.21776238268039,5430.217762382682,5430.142195488413,0.07556689426899697
2026-04-19 08:00:00,2599.0,32.31893137319727,5432.318931373198,5432.238763858367,0.08016751483121486
2026-04-19 09:00:00,2600.0,34.42009212026928,5434.420092120271,5434.335332228322,0.08475989194855511
2026-04-19 10:00:00,2601.0,36.52123501171136,5436.521235011713,5436.431900598277,0.08933441343557763
2026-04-19 11:00:00,2602.0,38.62234986525713,5438.622349865258,5438.528468968231,0.09388089702686742
2026-04-19 12:00:00,2603.0,40.72342601211165,5440.723426012113,5440.625037338185,0.0983886739276107
2026-04-19 13:00:00,2604.0,42.82445238434269,5442.824452384344,5442.72160570814,0.10284667620404216
2026-04-19 14:00:00,2605.0,44.92541760029255,5444.925417600294,5444.818174078095,0.10724352219940346
2026-04-19 15:00:00,2606.0,47.02631004503259,5447.026310045034,5446.914742448049,0.11156759698477646
2026-04-19 16:00:00,2607.0,49.12711794476652,5449.127117944768,5449.011310818003,0.11580712676431779
2026-04-19 17:00:00,2608.0,51.2278294352225,5451.227829435224,5451.107879187957,0.11995024726583554
2026-04-19 18:00:00,2609.0,53.328432624657154,5453.3284326246585,5453.204447557913,0.12398506674528768
2026-04-19 19:00:00,2610.0,55.4289156523022,5455.428915652303,5455.301015927867,0.12789972443570802
2026-04-19 20:00:00,2611.0,57.52926674305659,5457.529266743058,5457.397584297822,0.1316824452360553
2026-04-19 21:00:00,2612.0,59.6294742590724,5459.6294742590735,5459.494152667776,0.13532159129706212
2026-04-19 22:00:00,2613.0,61.7295267486759,5461.729526748677,5461.590721037731,0.1388057109462063
2026-04-19 23:00:00,2614.0,63.82941299285737,5463.829412992858,5463.687289407685,0.1421235851732734
2026-04-20 00:00:00,2615.0,65.929122049385,5465.929122049386,5465.783857777639,0.14526427174653272
2026-04-20 01:00:00,2616.0,68.02864329447,5468.028643294471,5467.880426147593,0.14821714687729154
2026-04-20 02:00:00,2617.0,70.12796646184255,5470.127966461843,5469.9769945175485,0.15097194429522282
2026-04-20 03:00:00,2618.0,72.22708167910257,5472.227081679103,5472.073562887504,0.15351879160012064
2026-04-20 04:00:00,2619.0,74.32597950129373,5474.3259795012955,5474.170131257458,0.15584824383715845
2026-04-20 05:00:00,2620.0,76.42465094182577,5476.424650941827,5476.266699627412,0.1579513144145269
2026-04-20 06:00:00,2621.0,78.52308750114803,5478.523087501149,5478.363267997367,0.15981950378277515
2026-04-20 07:00:00,2622.0,80.6212811939714,5480.621281193972,5480.459836367321,0.16144482665099555
2026-04-20 08:00:00,2623.0,82.71922457635054,5482.719224576352,5482.556404737275,0.16281983907598946
2026-04-20 09:00:00,2624.0,84.8169107745839,5484.816910774585,5484.65297310723,0.16393766735493479
2026-04-20 10:00:00,2625.0,86.91433350705142,5486.914333507053,5486.749541477185,0.16479202986851965
2026-04-20 11:00:00,2626.0,89.01148709461484,5489.011487094615,5488.846109847139,0.16537724747692883
2026-04-20 12:00:00,2627.0,91.10836648835308,5491.1083664883545,5490.942678217094,0.1656882712603872
2026-04-20 13:00:00,2628.0,93.20496728835694,5493.204967288359,5493.039246587048,0.1657207013097751
2026-04-20 14:00:00,2629.0,95.3012857603786,5495.30128576038,5495.135814957003,0.16547080337665387
2026-04-20 15:00:00,2630.0,97.39731884884257,5497.3973188488435,5497.2323833269575,0.16493552188616198
2026-04-20 16:00:00,2631.0,99.49306418761189,5499.493064187613,5499.328951696912,0.16411249070102962
2026-04-20 17:00:00,2632.0,101.5885201091776,5501.588520109179,5501.425520066866,0.16300004231251689
2026-04-20 18:00:00,2633.0,103.68368565242938,5503.6836856524305,5503.522088436821,0.1615972156097199
2026-04-20 19:00:00,2634.0,105.77856056886053,5505.778560568861,5505.618656806775,0.15990376208638518
2026-04-20 20:00:00,2635.0,107.87314532693762,5507.873145326938,5507.715225176729,0.15792015020921066
2026-04-20 21:00:00,2636.0,109.96744111439651,5509.967441114398,5509.811793546684,0.15564756771313748
2026-04-20 22:00:00,2637.0,112.0614498383861,5512.0614498383875,5511.9083619166395,0.15308792174790992
2026-04-20 23:00:00,2638.0,114.15517412362604,5514.155174123627,5514.004930286594,0.15024383703386268
2026-04-21 00:00:00,2639.0,116.24861730903865,5516.24861730904,5516.101498656548,0.1471186524918559
2026-04-21 01:00:00,2640.0,118.34178344360694,5518.341783443608,5518.198067026503,0.14371641710539906
2026-04-21 02:00:00,2641.0,120.43467728244892,5520.43467728245,5520.294635396457,0.14004188599284403
2026-04-21 03:00:00,2642.0,122.52730428422893,5522.52730428423,5522.391203766411,0.13610051781897325
2026-04-21 04:00:00,2643.0,124.61967061100043,5524.619670611002,5524.4877721363655,0.13189847463622661
2026-04-21 05:00:00,2644.0,126.71178313135132,5526.711783131353,5526.584340506321,0.12744262503166937
2026-04-21 06:00:00,2645.0,128.80364942729938,5528.8036494273,5528.680908876276,0.12274055102508086
2026-04-21 07:00:00,2646.0,130.8952778047997,5530.895277804801,5530.77747724623,0.11780055857079
2026-04-21 08:00:00,2647.0,132.98667730709946,5532.986677307101,5532.874045616184,0.11263169091661548
2026-04-21 09:00:00,2648.0,135.07785772975234,5535.077857729753,5534.970613986139,0.10724374361486261
2026-04-21 10:00:00,2649.0,137.16882963628657,5537.168829636287,5537.067182356093,0.10164728019446824
2026-04-21 11:00:00,2650.0,139.2596043749496,5539.259604374951,5539.1637507260475,0.09585364890303363
2026-04-21 12:00:00,2651.0,141.3501941005621,5541.350194100563,5541.260319096002,0.08987500456135701
2026-04-21 13:00:00,2652.0,143.44061165378434,5543.440611653786,5543.356887465957,0.08372418782896723
2026-04-21 14:00:00,2653.0,145.53087045685794,5545.53087045686,5545.453455835912,0.0774146209478822
2026-04-21 15:00:00,2654.0,147.62098441405976,5547.620984414061,5547.550024205866,0.07096020819501316
2026-04-21 16:00:00,2655.0,149.71096770800267,5549.710967708003,5549.64659257582,0.06437513218336194
2026-04-21 17:00:00,2656.0,151.80083474407465,5551.800834744076,5551.743160945775,0.05767379830114024
2026-04-21 18:00:00,2657.0,153.8906001147694,5553.890600114771,5553.8397293157295,0.050870799041518165
2026-04-21 19:00:00,2658.0,155.98027857949862,5555.9802785795,5555.936297685684,0.043980893816432366
2026-04-21 20:00:00,2659.0,158.06988505370896,5558.06988505371,5558.032866055638,0.03701899807206638
2026-04-21 21:00:00,2660.0,160.15943460119934,5560.159434601201,5560.129434425593,0.03000017560829454
2026-04-21 22:00:00,2661.0,162.24894242458444,5562.248942424585,5562.226002795547,0.02293962903844281
2026-04-21 23:00:00,2662.0,164.33842385031227,5564.338423850313,5564.322571165502,0.015852684810860898
2026-04-22 00:00:00,2663.0,166.42789430615574,5566.427894306157,5566.419139535456,0.008754770700569327
2026-04-22 01:00:00,2664.0,168.5173692904517,5568.517369290453,5568.515707905412,0.0016613850414385607
2026-04-22 02:00:00,2665.0,170.60686433344776,5570.606864333448,5570.612276275366,-0.005411941916787035
2026-04-22 03:00:00,2666.0,172.69639495189406,5572.696394951895,5572.70884464532,-0.012449693424978054
2026-04-22 04:00:00,2667.0,174.78597659848685,5574.785976598488,5574.805413015274,-0.019436416786407045
2026-04-22 05:00:00,2668.0,176.8756246079543,5576.875624607956,5576.901981385229,-0.026356777272900794
2026-04-22 06:00:00,2669.0,178.96535414151103,5578.965354141512,5578.998549755183,-0.033195613671065084
2026-04-22 07:00:00,2670.0,-178.94481986885992,5581.055180131141,5581.095118125138,-0.039937993996239124
2026-04-22 08:00:00,2671.0,-176.85488277525965,5583.1451172247425,5583.191686495093,-0.046569270350702734
2026-04-22 09:00:00,2672.0,-174.76482026735096,5585.23517973265,5585.288254865048,-0.05307513239689184
2026-04-22 10:00:00,2673.0,-172.6746184245228,5587.325381575479,5587.384823235002,-0.059441659522973506
2026-04-22 11:00:00,2674.0,-170.58426376737006,5589.415736232631,5589.481391604956,-0.0656553723244744
2026-04-22 12:00:00,2675.0,-168.4937433096073,5591.506256690394,5591.57795997491,-0.07170328451663278
2026-04-22 13:00:00,2676.0,-166.4030446118904,5593.596955388111,5593.674528344865,-0.07757295675365843
2026-04-22 14:00:00,2677.0,-164.31215583916773,5595.687844160833,5595.77109671482,-0.08325255398578697
2026-04-22 15:00:00,2678.0,-162.22106582305767,5597.778934176944,5597.867665084774,-0.08873090783031355
2026-04-22 16:00:00,2679.0,-160.12976408634418,5599.870235913658,5599.964233454728,-0.09399754107071841
2026-04-22 17:00:00,2680.0,-158.03824084250826,5601.961759157493,5602.060801824684,-0.09904266719011781
2026-04-22 18:00:00,2681.0,-155.94648709368641,5604.053512906315,5604.157370194638,-0.10385728832298458
2026-04-22 19:00:00,2682.0,-153.85449465549092,5606.145505344511,5606.253938564592,-0.10843322008159108
2026-04-22 20:00:00,2683.0,-151.7622561852736,5608.237743814729,5608.3505069345465,-0.11276311981846904
2026-04-22 21:00:00,2684.0,-149.66976521037287,5610.330234789629,5610.447075304502,-0.11684051487258483
2026-04-22 22:00:00,2685.0,-147.57701615457623,5612.422983845426,5612.543643674456,-0.12065982902992606
2026-04-22 23:00:00,2686.0,-145.4840043614034,5614.515995638598,5614.64021204441,-0.1242164058118791
2026-04-23 00:00:00,2687.0,-143.39072611315038,5616.609273886851,5616.736780414364,-0.12750652751336788
2026-04-23 01:00:00,2688.0,-141.29717864492812,5618.702821355073,5618.833348784319,-0.1305274292457407
2026-04-23 02:00:00,2689.0,-139.20336015318065,5620.796639846821,5620.929917154274,-0.13327730745353236
2026-04-23 03:00:00,2690.0,-137.10926979837097,5622.8907302016305,5623.0264855242285,-0.13575532259813977
2026-04-23 04:00:00,2691.0,-135.0149077016772,5624.985092298324,5625.123053894183,-0.13796159585859455
2026-04-23 05:00:00,2692.0,-132.92027493564112,5627.079725064361,5627.219622264138,-0.13989719977696635
2026-04-23 06:00:00,2693.0,-130.82537350874972,5629.174626491252,5629.316190634092,-0.1415641428402552
2026-04-23 07:00:00,2694.0,-128.730206343904,5631.269793656097,5631.412759004046,-0.14296534794910495
2026-04-23 08:00:00,2695.0,-126.63477725063862,5633.365222749363,5633.509327374,-0.14410462463736287
2026-04-23 09:00:00,2696.0,-124.53909089080777,5635.460909109193,5635.605895743955,-0.14498663476157883
2026-04-23 10:00:00,2697.0,-122.44315273726926,5637.556847262732,5637.7024641139105,-0.14561685117842482
2026-04-23 11:00:00,2698.0,-120.34696902491552,5639.653030975086,5639.799032483865,-0.14600150877901222
2026-04-23 12:00:00,2699.0,-118.2505466932756,5641.749453306726,5641.895600853819,-0.14614754709356897
2026-04-23 13:00:00,2700.0,-116.15389331991584,5643.8461066800855,5643.992169223774,-0.14606254368808017
2026-04-23 14:00:00,2701.0,-114.05701704409083,5645.942982955911,5646.088737593728,-0.1457546378171338
2026-04-23 15:00:00,2702.0,-111.95992648062023,5648.040073519382,5648.185305963682,-0.14523244430121743
2026-04-23 16:00:00,2703.0,-109.86263062485801,5650.137369375144,5650.281874333637,-0.14450495849316916
2026-04-23 17:00:00,2704.0,-107.76513875087704,5652.234861249124,5652.378442703592,-0.14358145446704468
2026-04-23 18:00:00,2705.0,-105.66746030650438,5654.332539693497,5654.475011073546,-0.1424713800486173
2026-04-23 19:00:00,2706.0,-103.56960480240512,5656.430395197596,5656.571579443501,-0.14118424590449993
2026-04-23 20:00:00,2707.0,-101.47158174403756,5658.528418255964,5658.668147813455,-0.1397295574910989
2026-04-23 21:00:00,2708.0,-99.3734005603429,5660.626599439658,5660.76471618341,-0.1381167437515651
2026-04-23 22:00:00,2709.0,-97.27507063090493,5662.724929369097,5662.861284553364,-0.13635518426765508
2026-04-23 23:00:00,2710.0,-95.17660134657667,5664.823398653425,5664.957852923319,-0.13445426989402887
2026-04-24 00:00:00,2711.0,-93.07800214278362,5666.921997857218,5667.054421293273,-0.13242343605504453
2026-04-24 01:00:00,2712.0,-90.97928249823742,5669.020717501764,5669.150989663228,-0.13027216146317258
2026-04-24 02:00:00,2713.0,-88.88045190059724,5671.119548099405,5671.247558033182,-0.12800993377755499
2026-04-24 03:00:00,2714.0,-86.7815197855527,5673.218480214449,5673.344126403136,-0.12564618868717187
2026-04-24 04:00:00,2715.0,-84.68249545795383,5675.317504542048,5675.440694773091,-0.12319023104367054
2026-04-24 05:00:00,2716.0,-82.58338800384692,5677.416611996155,5677.537263143046,-0.12065114689119211
2026-04-24 06:00:00,2717.0,-80.48420620128404,5679.515793798718,5679.633831513001,-0.11803771428300774
2026-04-24 07:00:00,2718.0,-78.38495843608,5681.615041563922,5681.730399882955,-0.11535831903315415
2026-04-24 08:00:00,2719.0,-76.28565262669252,5683.714347373309,5683.826968252909,-0.11262087960038314
2026-04-24 09:00:00,2720.0,-74.18629616039071,5685.813703839611,5685.923536622864,-0.10983278325315696
2026-04-24 10:00:00,2721.0,-72.08689584105996,5687.913104158942,5688.020104992818,-0.10700083387638976
2026-04-24 11:00:00,2722.0,-69.9874578475215,5690.012542152481,5690.116673362772,-0.10413121029223764
2026-04-24 12:00:00,2723.0,-67.88798770022167,5692.11201229978,5692.2132417327275,-0.10122943294701993
2026-04-24 13:00:00,2724.0,-65.78849023364363,5694.211509766358,5694.309810102683,-0.09830033632456354
2026-04-24 14:00:00,2725.0,-63.68896957185751,5696.3110304281445,5696.406378472637,-0.09534804449267374
2026-04-24 15:00:00,2726.0,-61.589429105280196,5698.410570894721,5698.502946842591,-0.09237594787012367
2026-04-24 16:00:00,2727.0,-59.489871467970076,5700.510128532032,5700.599515212545,-0.08938668051393162
2026-04-24 17:00:00,2728.0,-57.39029851662511,5702.609701483376,5702.6960835825,-0.08638209912383268
2026-04-24 18:00:00,2729.0,-55.290711314850924,5704.7092886851515,5704.792651952454,-0.08336326730336743
2026-04-24 19:00:00,2730.0,-53.191110129168834,5706.808889870833,5706.889220322409,-0.08033045157589375
2026-04-24 20:00:00,2731.0,-51.091494446559864,5708.908505553442,5708.985788692364,-0.07728313892130015
2026-04-24 21:00:00,2732.0,-48.99186302699112,5711.008136973011,5711.082357062318,-0.07422008930716656
2026-04-24 22:00:00,2733.0,-46.89221387193398,5713.107786128067,5713.178925432273,-0.07113930420524221
2026-04-24 23:00:00,2734.0,-44.79254423675298,5715.207455763249,5715.275493802227,-0.06803803897901918
2026-04-25 00:00:00,2735.0,-42.69285077487585,5717.307149225126,5717.372062172181,-0.06491294705639318
2026-04-25 01:00:00,2736.0,-40.59312956426125,5719.4068704357405,5719.468630542136,-0.06176010639594963
2026-04-25 02:00:00,2737.0,-38.49337623341387,5721.506623766587,5721.565198912091,-0.058575145503288156
2026-04-25 03:00:00,2738.0,-36.39358609420592,5723.606413905795,5723.661767282045,-0.05535337624935761
2026-04-25 04:00:00,2739.0,-34.2937542716879,5725.706245728314,5725.758335652,-0.0520899236859404
2026-04-25 05:00:00,2740.0,-32.1938758241414,5727.8061241758605,5727.854904021954,-0.04877984609372975
2026-04-25 06:00:00,2741.0,-30.09394584928817,5729.906054150713,5729.951472391909,-0.04541824119596091
2026-04-25 07:00:00,2742.0,-27.993959574797607,5732.006040425204,5732.048040761863,-0.04200033665918633
2026-04-25 08:00:00,2743.0,-25.893912433022304,5734.106087566979,5734.144609131818,-0.038521564838855084
2026-04-25 09:00:00,2744.0,-23.793800121242136,5736.206199878759,5736.241177501773,-0.03497762301301366
2026-04-25 10:00:00,2745.0,-21.693618649625748,5738.306381350376,5738.337745871727,-0.031364521351380785
2026-04-25 11:00:00,2746.0,-19.593364379645706,5740.406635620356,5740.434314241681,-0.027678621325455958
2026-04-25 12:00:00,2747.0,-17.493034055837796,5742.506965944163,5742.530882611636,-0.023916667472133866
2026-04-25 13:00:00,2748.0,-15.392624833603689,5744.607375166398,5744.62745098159,-0.020075815192057606
2026-04-25 14:00:00,2749.0,-13.292134305258246,5746.707865694743,5746.7240193515445,-0.01615365680146575
2026-04-25 15:00:00,2750.0,-11.191560525760897,5748.808439474241,5748.8205877215,-0.012148247259164848
2026-04-25 16:00:00,2751.0,-9.09090203860998,5750.909097961391,5750.917156091454,-0.008058130062860068
2026-04-25 17:00:00,2752.0,-6.990157901315081,5753.009842098687,5753.013724461409,-0.0038823627220904273
2026-04-25 18:00:00,2753.0,-4.889327708842667,5755.110672291159,5755.110292831363,0.0003794597962487603
2026-04-25 19:00:00,2754.0,-2.788411612680867,5757.21158838732,5757.206861201317,0.004727186002897794
2026-04-25 20:00:00,2755.0,-0.6874103330258834,5759.312589666975,5759.303429571272,0.009160095703843046
2026-04-25 21:00:00,2756.0,1.4136748374574364,5761.413674837459,5761.3999979412265,0.01367689623291177
2026-04-25 22:00:00,2757.0,3.514842037120723,5763.514842037122,5763.496566311181,0.01827572594152759
2026-04-25 23:00:00,2758.0,5.616088839449402,5765.616088839451,5765.593134681135,0.02295415831541693
2026-04-26 00:00:00,2759.0,7.717412241829369,5767.717412241831,5767.689703051091,0.02770919074078809
2026-04-26 01:00:00,2760.0,9.81880877225983,5769.818808772261,5769.786271421045,0.032537351216266365
2026-04-26 02:00:00,2761.0,11.920274380504644,5771.920274380506,5771.882839790999,0.03743458950688308
2026-04-26 03:00:00,2762.0,14.021804521512623,5774.021804521514,5773.979408160953,0.0423963605603051
2026-04-26 04:00:00,2763.0,16.123394333780176,5776.123394333782,5776.0759765309085,0.04741780287356272
2026-04-26 05:00:00,2764.0,18.2250385661524,5778.225038566154,5778.172544900863,0.05249366529123505
2026-04-26 06:00:00,2765.0,20.3267314828108,5780.326731482813,5780.269113270817,0.05761821199551357
2026-04-26 07:00:00,2766.0,22.42846676950172,5782.428466769504,5782.365681640771,0.06278512873225446
2026-04-26 08:00:00,2767.0,24.5302374573788,5784.53023745738,5784.462250010726,0.06798744665435248
2026-04-26 09:00:00,2768.0,26.632035874274354,5786.632035874276,5786.558818380681,0.07321749359462547
2026-04-26 10:00:00,2769.0,28.73385362741913,5788.733853627421,5788.655386750635,0.07846687678558084
2026-04-26 11:00:00,2770.0,30.835681616951224,5790.8356816169535,5790.75195512059,0.08372649636328745
2026-04-26 12:00:00,2771.0,32.937510076136505,5792.937510076138,5792.848523490545,0.08898658559401344
2026-04-26 13:00:00,2772.0,35.03932863206844,5795.03932863207,5794.945091860499,0.09423677157121929
2026-04-26 14:00:00,2773.0,37.14112637962844,5797.14112637963,5797.041660230453,0.09946614917704157
2026-04-26 15:00:00,2774.0,39.242891961515056,5799.242891961517,5799.138228600407,0.10466336110891618
2026-04-26 16:00:00,2775.0,41.34461364799807,5801.344613648,5801.234796970362,0.1098166776375085
2026-04-26 17:00:00,2776.0,43.44627941150711,5803.446279411508,5803.331365340317,0.11491407119189112
2026-04-26 18:00:00,2777.0,45.54787699300221,5805.547876993004,5805.427933710272,0.11994328273247845
2026-04-26 19:00:00,2778.0,47.649393959065115,5807.649393959066,5807.524502080226,0.12489187884020216
2026-04-26 20:00:00,2779.0,49.75081775057076,5809.750817750572,5809.621070450181,0.12974730039151644
2026-04-26 21:00:00,2780.0,51.85213572542532,5811.852135725427,5811.717638820135,0.13449690529202543
2026-04-26 22:00:00,2781.0,53.95333519897429,5813.953335198976,5813.814207190089,0.13912800888632096
2026-04-26 23:00:00,2782.0,56.05440348608951,5816.054403486091,5815.9107755600435,0.1436279260475603
2026-04-27 00:00:00,2783.0,58.155327948446946,5818.155327948449,5818.007343929999,0.14798401845038123
2026-04-27 01:00:00,2784.0,60.25609604893894,5820.256096048941,5820.103912299953,0.15218374898780077
2026-04-27 02:00:00,2785.0,62.356695412381804,5822.3566954123835,5822.200480669907,0.1562147424763506
2026-04-27 03:00:00,2786.0,64.45711388756695,5824.457113887569,5824.297049039862,0.16006484770630702
2026-04-27 04:00:00,2787.0,66.55733952365001,5826.5573395236515,5826.393617409817,0.16372211383495267
2026-04-27 05:00:00,2788.0,68.65736057274039,5828.657360572742,5828.490185779771,0.16717479297091703
2026-04-27 06:00:00,2789.0,70.75716561825561,5830.757165618257,5830.5867541497255,0.1704114685313892
2026-04-27 07:00:00,2790.0,72.8567435785293,5832.856743578531,5832.68332251968,0.1734210588507498
2026-04-27 08:00:00,2791.0,74.95608374467592,5834.956083744677,5834.779890889635,0.17619285504270807
2026-04-27 09:00:00,2792.0,77.05517581839648,5837.055175818398,5836.876459259589,0.17871655880951473
2026-04-27 10:00:00,2793.0,79.15400994963943,5839.1540099496415,5838.973027629543,0.18098232009810078
2026-04-27 11:00:00,2794.0,81.2525767739395,5841.252576773942,5841.069595999498,0.18298077444274113
2026-04-27 12:00:00,2795.0,83.35086744917285,5843.350867449174,5843.166164369453,0.18470307972147823
2026-04-27 13:00:00,2796.0,85.44887369140307,5845.4488736914045,5845.2627327394075,0.1861409519973603
2026-04-27 14:00:00,2797.0,87.54658780945522,5847.546587809457,5847.359301109362,0.1872867000951926
2026-04-27 15:00:00,2798.0,89.6440027378511,5849.644002737853,5849.455869479316,0.18813325853681734
2026-04-27 16:00:00,2799.0,91.7411120677642,5851.741112067766,5851.552437849271,0.18867421849539134
2026-04-27 17:00:00,2800.0,93.83791007570217,5853.837910075704,5853.649006219225,0.1889038564787987
2026-04-27 18:00:00,2801.0,95.93439174969049,5855.934391749692,5855.745574589179,0.18881716051258748
2026-04-27 19:00:00,2802.0,98.03055281280083,5858.030552812803,5857.8421429591335,0.18840985366854288
2026-04-27 20:00:00,2803.0,100.12638974393491,5860.126389743937,5859.9387113290895,0.18767841484770365
2026-04-27 21:00:00,2804.0,102.22189979583719,5862.221899795839,5862.035279699044,0.18662009679502392
2026-04-27 22:00:00,2805.0,104.31708101037007,5864.317081010371,5864.131848068998,0.18523294137336366
2026-04-27 23:00:00,2806.0,106.41193223115823,5866.41193223116,5866.228416438952,0.18351579220754197
2026-04-28 00:00:00,2807.0,108.50645311380697,5868.506453113809,5868.324984808907,0.18146830490200905
2026-04-28 01:00:00,2808.0,110.60064413403612,5870.600644134038,5870.421553178861,0.17909095517655238
2026-04-28 02:00:00,2809.0,112.69450659423053,5872.694506594233,5872.5181215488155,0.1763850454167127
2026-04-28 03:00:00,2810.0,114.7880426290307,5874.788042629032,5874.61468991877,0.1733527102617896
2026-04-28 04:00:00,2811.0,116.88125521051396,5876.8812552105155,5876.711258288725,0.1699969217906214
2026-04-28 05:00:00,2812.0,118.9741481529458,5878.974148152947,5878.80782665868,0.16632149426768514
2026-04-28 06:00:00,2813.0,121.06672611547636,5881.066726115479,5880.904395028634,0.16233108684387107
2026-04-28 07:00:00,2814.0,123.15899457014098,5883.158994570143,5883.000963398588,0.15803117155430113
2026-04-28 08:00:00,2815.0,125.25095998541197,5885.250959985414,5885.097531768543,0.15342821687083674
2026-04-28 09:00:00,2816.0,127.34262966517234,5887.342629665174,5887.194100138498,0.14852952667665104
2026-04-28 10:00:00,2817.0,129.4340117679798,5889.434011767981,5889.290668508452,0.143343259529093
2026-04-28 11:00:00,2818.0,131.5251154286345,5891.525115428636,5891.387236878406,0.13787855022954545
2026-04-28 12:00:00,2819.0,133.6159507899029,5893.615950789905,5893.483805248361,0.13214554154388586
2026-04-28 13:00:00,2820.0,135.70652896406347,5895.706528964065,5895.580373618315,0.1261553457500381
2026-04-28 14:00:00,2821.0,137.79686194717462,5897.796861947177,5897.67694198827,0.11991995890609551
2026-04-28 15:00:00,2822.0,139.8869625083604,5899.886962508363,5899.7735103582245,0.11345215013729912
2026-04-28 16:00:00,2823.0,141.9768440733404,5901.976844073341,5901.87007872818,0.10676534516239476
2026-04-28 17:00:00,2824.0,144.0665206169704,5904.066520616972,5903.966647098134,0.09987351883831337
2026-04-28 18:00:00,2825.0,146.15600657452183,5906.156006574523,5906.063215468088,0.092791106435214
2026-04-28 19:00:00,2826.0,148.24531677642892,5908.245316776431,5908.159783838042,0.0855329383879898
2026-04-28 20:00:00,2827.0,150.33446640671292,5910.3344664067145,5910.256352207997,0.07811419871720739
2026-04-28 21:00:00,2828.0,152.42347098156844,5912.42347098157,5912.352920577951,0.07055040361832521
2026-04-28 22:00:00,2829.0,154.51234634187546,5914.512346341877,5914.449488947906,0.06285739397085115
2026-04-28 23:00:00,2830.0,156.6011086518049,5916.6011086518065,5916.546057317861,0.055051333945208676
2026-04-29 00:00:00,2831.0,158.68977439527828,5918.6897743952795,5918.642625687816,0.04714870746412809
2026-04-29 01:00:00,2832.0,160.77836036281843,5920.7783603628195,5920.73919405777,0.03916630504970426
2026-04-29 02:00:00,2833.0,162.8668836232505,5922.866883623252,5922.835762427724,0.031121195527553838
2026-04-29 03:00:00,2834.0,164.95536147768294,5924.955361477685,5924.932330797678,0.02303068000617362
2026-04-29 04:00:00,2835.0,167.04381139709096,5927.043811397093,5927.028899167633,0.014912229459496386
2026-04-29 05:00:00,2836.0,169.13225094946574,5929.132250949468,5929.125467537588,0.006783411880077151
2026-04-29 06:00:00,2837.0,171.22069772767446,5931.220697727676,5931.222035907542,-0.0013381798658612487
2026-04-29 07:00:00,2838.0,173.30916929464703,5933.309169294649,5933.318604277497,-0.009434982847781968
2026-04-29 08:00:00,2839.0,175.39768316798703,5935.397683167989,5935.415172647452,-0.017489479462886818
2026-04-29 09:00:00,2840.0,177.4862568712751,5937.486256871277,5937.511741017406,-0.025484146129545467
2026-04-29 10:00:00,2841.0,179.57490775352193,5939.574907753524,5939.60830938736,-0.03340163383695251
2026-04-29 11:00:00,2842.0,-178.336347290291,5941.663652709711,5941.704877757315,-0.041225047604030195
2026-04-29 12:00:00,2843.0,-176.24749158085856,5943.752508419144,5943.80144612727,-0.048937708125709065
2026-04-29 13:00:00,2844.0,-174.1585088152599,5945.841491184742,5945.898014497224,-0.05652331248162332
2026-04-29 14:00:00,2845.0,-172.06938312769813,5947.930616872303,5947.994582867178,-0.06396599487462926
2026-04-29 15:00:00,2846.0,-169.98009914884813,5950.0199008511545,5950.091151237133,-0.07125038597863252
2026-04-29 16:00:00,2847.0,-167.89064206356537,5952.109357936436,5952.187719607088,-0.07836167065145755
2026-04-29 17:00:00,2848.0,-165.80099766673445,5954.199002333267,5954.284287977042,-0.08528564377500646
2026-04-29 18:00:00,2849.0,-163.71115241704933,5956.288847582952,5956.380856346997,-0.09200876404439273
2026-04-29 19:00:00,2850.0,-161.62109348851865,5958.378906511483,5958.477424716952,-0.09851820546748259
2026-04-29 20:00:00,2851.0,-159.53080881946684,5960.469191180535,5960.573993086906,-0.10480190637047442
2026-04-29 21:00:00,2852.0,-157.4402871587583,5962.559712841244,5962.67056145686,-0.1108486156163963
2026-04-29 22:00:00,2853.0,-155.3495181089057,5964.650481891096,5964.767129826814,-0.11664793571816082
2026-04-29 23:00:00,2854.0,-153.2584921656481,5966.741507834355,5966.863698196769,-0.12219036241463954
2026-04-30 00:00:00,2855.0,-151.1672007535148,5968.832799246487,5968.9602665667235,-0.12746732023587987
2026-04-30 01:00:00,2856.0,-149.07563625684963,5970.924363743152,5971.056834936679,-0.13247119352659162
2026-04-30 02:00:00,2857.0,-146.98379204578265,5973.01620795422,5973.153403306633,-0.13719535241331512
2026-04-30 03:00:00,2858.0,-144.89166249672266,5975.1083375032795,5975.249971676588,-0.1416341733081594
2026-04-30 04:00:00,2859.0,-142.79924300711014,5977.200756992892,5977.346540046542,-0.14578305365029157
2026-04-30 05:00:00,2860.0,-140.70653000439964,5979.293469995602,5979.443108416496,-0.14963842089413343
2026-04-30 06:00:00,2861.0,-138.6135209494669,5981.386479050536,5981.53967678645,-0.15319773591525215
2026-04-30 07:00:00,2862.0,-136.5202143347353,5983.479785665267,5983.6362451564055,-0.15645949113846383
2026-04-30 08:00:00,2863.0,-134.4266096770766,5985.573390322925,5985.73281352636,-0.1594232034345608
2026-04-30 09:00:00,2864.0,-132.33270750463853,5987.667292495364,5987.829381896314,-0.16208940095027077
2026-04-30 10:00:00,2865.0,-130.23850933473327,5989.761490665269,5989.925950266269,-0.16445960100050122
2026-04-30 11:00:00,2866.0,-128.14401763617414,5991.855982363828,5992.022518636224,-0.1665362723959159
2026-04-30 12:00:00,2867.0,-126.0492357631919,5993.95076423681,5994.119087006178,-0.1683227693680054
2026-04-30 13:00:00,2868.0,-123.95416803260007,5996.045831967402,5996.215655376132,-0.16982340873046334
2026-04-30 14:00:00,2869.0,-121.858819420653,5998.141180579349,5998.312223746087,-0.17104316673782263
2026-04-30 15:00:00,2870.0,-119.76319558225299,6000.236804417749,6000.408792116042,-0.171987698292138
2026-04-30 16:00:00,2871.0,-117.6673029852015,6002.332697014801,6002.505360485996,-0.17266347119516623
2026-04-30 17:00:00,2872.0,-115.57114872591028,6004.428851274092,6004.60192885595,-0.17307758185817299
2026-04-30 18:00:00,2873.0,-113.47474035749012,6006.525259642512,6006.698497225904,-0.17323758339279988
2026-04-30 19:00:00,2874.0,-111.37808575298541,6008.621914247017,6008.79506559586,-0.17315134884293829
2026-04-30 20:00:00,2875.0,-109.28119301274023,6010.718806987262,6010.891633965814,-0.17282697855232118
2026-04-30 21:00:00,2876.0,-107.18407041468781,6012.815929585314,6012.988202335769,-0.17227275045464158
2026-04-30 22:00:00,2877.0,-105.08672639950355,6014.9132736004985,6015.084770705723,-0.17149710522458597
2026-04-30 23:00:00,2878.0,-102.98916957867051,6017.010830421332,6017.181339075678,-0.17050865434596024
2026-05-01 00:00:00,2879.0,-100.89140875212864,6019.108591247874,6019.277907445632,-0.16931619775832277
2026-05-01 01:00:00,2880.0,-98.79345292283232,6021.2065470771695,6021.374475815586,-0.16792873841690245
2026-05-01 02:00:00,2881.0,-96.69531129773314,6023.304688702268,6023.47104418554,-0.1663554832721077
2026-05-01 03:00:00,2882.0,-94.59699326795011,6025.403006732052,6025.5676125554955,-0.16460582344322072
2026-05-01 04:00:00,2883.0,-92.49850836471833,6027.501491635284,6027.664180925451,-0.16268929016654474
2026-05-01 05:00:00,2884.0,-90.3998661916716,6029.600133808331,6029.760749295405,-0.1606154870741178
2026-05-01 06:00:00,2885.0,-88.30107633769015,6031.698923662312,6031.857317665359,-0.15839400304753218
2026-05-01 07:00:00,2886.0,-86.20214827753631,6033.797851722466,6033.953886035314,-0.15603431284783917
2026-05-01 08:00:00,2887.0,-84.10309126944652,6035.896908730556,6036.050454405268,-0.15354567471247652
2026-05-01 09:00:00,2888.0,-82.00391425941638,6037.996085740586,6038.1470227752225,-0.15093703463695907
2026-05-01 10:00:00,2889.0,-79.90462580082244,6040.09537419918,6040.243591145177,-0.1482169459973254
2026-05-01 11:00:00,2890.0,-77.80523399502876,6042.194766004973,6042.340159515132,-0.14539351015834293
2026-05-01 12:00:00,2891.0,-75.70574645354338,6044.294253546458,6044.436727885086,-0.14247433862765488
2026-05-01 13:00:00,2892.0,-73.60617027499815,6046.393829725004,6046.533296255041,-0.1394665300369104
2026-05-01 14:00:00,2893.0,-71.50651202067125,6048.493487979331,6048.629864624995,-0.13637664566462276
2026-05-01 15:00:00,2894.0,-69.4067776604804,6050.593222339522,6050.72643299495,-0.13321065542800992
2026-05-01 16:00:00,2895.0,-67.30697248038537,6052.693027519616,6052.8230013649045,-0.1299738452880405
2026-05-01 17:00:00,2896.0,-65.20710108093317,6054.792898919069,6054.919569734859,-0.126670815790348
2026-05-01 18:00:00,2897.0,-63.107167363523416,6056.8928326364785,6057.016138104813,-0.12330546833500504
2026-05-01 19:00:00,2898.0,-61.007174523575664,6058.992825476426,6059.112706474768,-0.1198809983411299
2026-05-01 20:00:00,2899.0,-58.90712503672831,6061.092874963274,6061.209274844722,-0.11639988144826625
2026-05-01 21:00:00,2900.0,-56.80702063951777,6063.192979360484,6063.305843214677,-0.11286385419326661
2026-05-01 22:00:00,2901.0,-54.7068623194065,6065.2931376805955,6065.402411584631,-0.10927390403607293
2026-05-01 23:00:00,2902.0,-52.606650323661306,6067.393349676341,6067.4989799545865,-0.10563027824532124
2026-05-02 00:00:00,2903.0,-50.50638419189554,6069.493615808106,6069.595548324541,-0.10193251643383855
2026-05-02 01:00:00,2904.0,-48.40606281316112,6071.593937186841,6071.692116694495,-0.09817950765433191
2026-05-02 02:00:00,2905.0,-46.305684505360276,6073.694315494641,6073.788685064449,-0.0943695698080174
2026-05-02 03:00:00,2906.0,-44.20524711245837,6075.794752887544,6075.885253434404,-0.090500546860284
2026-05-02 04:00:00,2907.0,-42.10474811350848,6077.8952518864935,6077.981821804358,-0.08656991786501918
2026-05-02 05:00:00,2908.0,-40.00418473680481,6079.995815263197,6080.0783901743125,-0.08257491111527623
2026-05-02 06:00:00,2909.0,-37.90355407250636,6082.096445927496,6082.174958544268,-0.07851261677216063
2026-05-02 07:00:00,2910.0,-35.80285317772983,6084.197146822273,6084.271526914223,-0.07438009194994959
2026-05-02 08:00:00,2911.0,-33.70207916930716,6086.297920830695,6086.368095284177,-0.07017445348203279
2026-05-02 09:00:00,2912.0,-31.60122930102416,6088.398770698978,6088.464663654131,-0.06589295515312588
2026-05-02 10:00:00,2913.0,-29.500301024076528,6090.499698975926,6090.561232024085,-0.061533048160139076
2026-05-02 11:00:00,2914.0,-27.399292031548732,6092.600707968453,6092.65780039404,-0.05709242558661128
2026-05-02 12:00:00,2915.0,-25.298200289761105,6094.701799710241,6094.7543687639945,-0.052569053753513846
2026-05-02 13:00:00,2916.0,-23.197024061108106,6096.802975938894,6096.850937133949,-0.04796119505492073
2026-05-02 14:00:00,2917.0,-21.095761924216088,6098.904238075786,6098.947505503904,-0.04326742811733103
2026-05-02 15:00:00,2918.0,-18.99441279744811,6101.005587202554,6101.044073873859,-0.03848667130462955
2026-05-02 16:00:00,2919.0,-16.89297597036883,6103.107024029633,6103.140642243813,-0.03361821417962486
2026-05-02 17:00:00,2920.0,-14.791451143899794,6105.2085488561015,6105.237210613767,-0.028661757665549386
2026-05-02 18:00:00,2921.0,-12.689838472356353,6107.3101615276455,6107.3337789837215,-0.023617456076198938
2026-05-02 19:00:00,2922.0,-10.588138475789462,6109.411861524212,6109.430347353677,-0.018485829464120373
2026-05-02 20:00:00,2923.0,-8.486352252111788,6111.513647747891,6111.526915723631,-0.013267975740098177
2026-05-02 21:00:00,2924.0,-6.384481346220008,6113.615518653782,6113.623484093585,-0.007965439803252665
2026-05-02 22:00:00,2925.0,-4.2825276963995,6115.717472303603,6115.72005246354,-0.0025801599367347105
2026-05-02 23:00:00,2926.0,-2.180493750221812,6117.81950624978,6117.816620833494,0.002885416286144342
2026-05-03 00:00:00,2927.0,-0.07838248964537493,6119.921617510357,6119.913189203449,0.008428306907590671
2026-05-03 01:00:00,2928.0,2.0238025993028206,6122.023802599305,6122.0097575734035,0.014045025901255653
2026-05-03 02:00:00,2929.0,4.126057580717534,6124.126057580719,6124.106325943358,0.01973163736115252
2026-05-03 03:00:00,2930.0,6.228378121922007,6126.228378121924,6126.202894313313,0.025483808611728893
2026-05-03 04:00:00,2931.0,8.330759528357529,6128.3307595283595,6128.299462683267,0.03129684509239405
2026-05-03 05:00:00,2932.0,10.43319675104649,6130.433196751049,6130.396031053221,0.03716569782719158
2026-05-03 06:00:00,2933.0,12.535684364648384,6132.5356843646505,6132.492599423176,0.0430849414750027
2026-05-03 07:00:00,2934.0,14.638216520127715,6134.63821652013,6134.58916779313,0.04904872699963577
2026-05-03 08:00:00,2935.0,16.74078688049574,6136.740786880498,6136.685736163085,0.05505071741305456
2026-05-03 09:00:00,2936.0,18.843388550817448,6138.84338855082,6138.78230453304,0.06108401777996997
2026-05-03 10:00:00,2937.0,20.9460140146563,6140.946014014658,6140.878872902994,0.0671411116637419
2026-05-03 11:00:00,2938.0,23.048655088436558,6143.048655088439,6142.975441272949,0.07321381549005053
2026-05-03 12:00:00,2939.0,25.151302902985,6145.151302902987,6145.072009642903,0.07929326008359817
2026-05-03 13:00:00,2940.0,27.253947917992416,6147.253947917994,6147.168578012857,0.08536990513683432
2026-05-03 14:00:00,2941.0,29.356579970579226,6149.356579970581,6149.265146382812,0.0914335877693413
2026-05-03 15:00:00,2942.0,31.459188353881157,6151.459188353883,6151.361714752767,0.09747360111654159
2026-05-03 16:00:00,2943.0,33.5617619159459,6153.5617619159475,6153.458283122721,0.10347879322673026
2026-05-03 17:00:00,2944.0,35.664289163642366,6155.664289163644,6155.554851492676,0.10943767096801521
2026-05-03 18:00:00,2945.0,37.76675835114808,6157.76675835115,6157.65141986263,0.11533848851959248
2026-05-03 19:00:00,2946.0,39.86915752833443,6159.8691575283365,6159.747988232585,0.12116929575118893
2026-05-03 20:00:00,2947.0,41.971474521464714,6161.971474521467,6161.844556602539,0.1269179189276293
2026-05-03 21:00:00,2948.0,44.07369681750708,6164.073696817509,6163.9411249724935,0.1325718450152182
2026-05-03 22:00:00,2949.0,46.17581179389209,6166.175811793894,6166.037693342449,0.13811845144623178
2026-05-03 23:00:00,2950.0,48.277807072387034,6168.277807072389,6168.134261712403,0.14354535998631185
2026-05-04 00:00:00,2951.0,50.37967012479888,6170.379670124801,6170.230830082357,0.14884004244420637
2026-05-04 01:00:00,2952.0,52.4813884589652,6172.481388458967,6172.327398452311,0.153990006655544
2026-05-04 02:00:00,2953.0,54.58294965856322,6174.582949658565,6174.423966822267,0.15898283629828994
2026-05-04 03:00:00,2954.0,56.684341421426595,6176.684341421429,6176.520535192221,0.16380622920759044
2026-05-04 04:00:00,2955.0,58.78555159644162,6178.785551596444,6178.6171035621755,0.16844803426817162
2026-05-04 05:00:00,2956.0,60.88656821917194,6180.886568219174,6180.71367193213,0.17289628704387977
2026-05-04 06:00:00,2957.0,62.98737954641788,6182.98737954642,6182.810240302085,0.1771392443357058
2026-05-04 07:00:00,2958.0,65.08797408994117,6185.087974089944,6184.906808672039,0.1811654179044176
2026-05-04 08:00:00,2959.0,67.18834064957677,6187.188340649579,6187.003377041993,0.18496360758578298
2026-05-04 09:00:00,2960.0,69.28846834590217,6189.288468345904,6189.099945411947,0.18852293395634215
2026-05-04 10:00:00,2961.0,71.38834665255295,6191.388346652555,6191.1965137819025,0.19183287065313553
2026-05-04 11:00:00,2962.0,73.48796542816902,6193.487965428171,6193.293082151858,0.19488327631400443
2026-05-04 12:00:00,2963.0,75.58731494785299,6195.587314947855,6195.389650521812,0.19766442604320014
2026-05-04 13:00:00,2964.0,77.68638593394374,6197.6863859339455,6197.486218891766,0.20016704217920483
2026-05-04 14:00:00,2965.0,79.78516958588261,6199.785169585884,6199.582787261721,0.20238232416365134
2026-05-04 15:00:00,2966.0,81.88365760899791,6201.883657609,6201.679355631675,0.20430197732488503
2026-05-04 16:00:00,2967.0,83.9818422421612,6203.981842242163,6203.775924001629,0.20591824053382815
2026-05-04 17:00:00,2968.0,86.07971628445844,6206.07971628446,6205.872492371584,0.20722391287626413
2026-05-04 18:00:00,2969.0,88.17727312120915,6208.177273121211,6207.969060741539,0.20821237967292994
2026-05-04 19:00:00,2970.0,90.27450674975145,6210.2745067497535,6210.065629111493,0.20887763826104153
2026-05-04 20:00:00,2971.0,92.3714118052072,6212.371411805209,6212.162197481448,0.209214323761163
2026-05-04 21:00:00,2972.0,94.46798358570564,6214.467983585708,6214.258765851402,0.20921773430506127
2026-05-04 22:00:00,2973.0,96.56421807494263,6216.564218074945,6216.355334221357,0.20888385358802672
2026-05-04 23:00:00,2974.0,98.66011195708398,6218.660111957086,6218.451902591311,0.20820936577483556
2026-05-05 00:00:00,2975.0,100.75566261442938,6220.7556626144315,6220.548470961266,0.2071916531653752
2026-05-05 01:00:00,2976.0,102.8508682650713,6222.850868265074,6222.64503933122,0.20582893385352907
2026-05-05 02:00:00,2977.0,104.94572771977518,6224.945727719777,6224.741607701175,0.20412001860293072
2026-05-05 03:00:00,2978.0,107.04024050754361,6227.040240507546,6226.838176071129,0.20206443641628025
2026-05-05 04:00:00,2979.0,109.1344070821545,6229.134407082157,6228.934744441083,0.19966264107333914
2026-05-05 05:00:00,2980.0,111.22822874135646,6231.228228741359,6231.031312811038,0.19691593032021124
2026-05-05 06:00:00,2981.0,113.32170757917736,6233.321707579179,6233.127881180993,0.19382639818605965
2026-05-05 07:00:00,2982.0,115.41484647706498,6235.414846477067,6235.224449550948,0.19039692611948633
2026-05-05 08:00:00,2983.0,117.50764912917936,6237.507649129181,6237.321017920902,0.18663120827908133
2026-05-05 09:00:00,2984.0,119.60012009090664,6239.600120090909,6239.417586290856,0.18253380005209766
2026-05-05 10:00:00,2985.0,121.69226483683097,6241.692264836833,6241.514154660811,0.17811017602217202
2026-05-05 11:00:00,2986.0,123.7840898142638,6243.784089814266,6243.610723030765,0.1733667835003504
2026-05-05 12:00:00,2987.0,125.87560248031994,6245.8756024803215,6245.707291400719,0.1683110796023149
2026-05-05 13:00:00,2988.0,127.9668113138174,6247.966811313819,6247.803859770674,0.16295154314498161
2026-05-05 14:00:00,2989.0,130.05772579739408,6250.057725797396,6249.90042814063,0.15729765676699956
2026-05-05 15:00:00,2990.0,132.1483563696522,6252.148356369654,6251.996996510584,0.1513598590704102
2026-05-05 16:00:00,2991.0,134.23871435139145,6254.238714351393,6254.093564880538,0.14514947085539118
2026-05-05 17:00:00,2992.0,136.32881185364613,6256.328811853648,6256.190133250492,0.13867860315551012
2026-05-05 18:00:00,2993.0,138.4186616779224,6258.418661677924,6258.286701620447,0.13196005747761685
2026-05-05 19:00:00,2994.0,140.50827722040887,6260.5082772204105,6260.3832699904015,0.12500723000943958
2026-05-05 20:00:00,2995.0,142.59767239172342,6262.597672391726,6262.479838360356,0.11783403136986466
2026-05-05 21:00:00,2996.0,144.68686156172967,6264.686861561732,6264.57640673031,0.11045483142178378
2026-05-05 22:00:00,2997.0,146.77585953493698,6266.775859534939,6266.672975100266,0.10288443467363323
2026-05-05 23:00:00,2998.0,148.86468155587002,6268.864681555872,6268.76954347022,0.09513808565244476
2026-05-06 00:00:00,2999.0,150.953343335517,6270.953343335519,6270.866111840174,0.08723149534489086
2026-05-06 01:00:00,3000.0,153.04186107955883,6273.0418610795605,6272.962680210128,0.07918086943206092
2026-05-06 02:00:00,3001.0,155.13025148665528,6275.1302514866575,6275.0592485800835,0.07100290657389552
2026-05-06 03:00:00,3002.0,157.21853167079348,6277.2185316707955,6277.155816950038,0.06271472075764868
2026-05-06 04:00:00,3003.0,159.30671904081825,6279.30671904082,6279.252385319992,0.0543337208280436
2026-05-06 05:00:00,3004.0,161.3948313570458,6281.394831357047,6281.348953689946,0.04587766710094242
2026-05-06 06:00:00,3005.0,163.48288665859164,6283.482886658593,6283.445522059901,0.037364598692404445
2026-05-06 07:00:00,3006.0,165.57090320002126,6285.570903200023,6285.542090429856,0.02881277016732934
2026-05-06 08:00:00,3007.0,167.65889939056223,6287.658899390564,6287.63865879981,0.02024059075371381
2026-05-06 09:00:00,3008.0,169.74689373091024,6289.746893730912,6289.735227169765,0.011666561147625421
2026-05-06 10:00:00,3009.0,171.83490474823438,6291.834904748236,6291.83179553972,0.003109208517117361
2026-05-06 11:00:00,3010.0,173.92295092994175,6293.922950929944,6293.928363909674,-0.005412979729845819
2026-05-06 12:00:00,3011.0,176.01105065671342,6296.011050656715,6296.024932279628,-0.013881622912704901
2026-05-06 13:00:00,3012.0,178.0992221352704,6298.099222135273,6298.121500649582,-0.022278514310244857
2026-05-06 14:00:00,3013.0,-179.8125166687247,6300.187483331278,6300.218069019537,-0.0305856882590013
2026-05-06 15:00:00,3014.0,-177.72414809727877,6302.275851902724,6302.3146373894915,-0.038785486768019066
2026-05-06 16:00:00,3015.0,-175.6356548658974,6304.364345134105,6304.411205759447,-0.04686062534137279
2026-05-06 17:00:00,3016.0,-173.54702012838428,6306.4529798716185,6306.507774129401,-0.054794257782909986
2026-05-06 18:00:00,3017.0,-171.45822754040213,6308.5417724596,6308.604342499356,-0.06257003975523447
2026-05-06 19:00:00,3018.0,-169.3692613216003,6310.630738678402,6310.70091086931,-0.07017219090810171
2026-05-06 20:00:00,3019.0,-167.2801063160893,6312.719893683913,6312.797479239264,-0.07758555535150093
2026-05-06 21:00:00,3020.0,-165.19074805096818,6314.809251949035,6314.894047609218,-0.08479566018437493
2026-05-06 22:00:00,3021.0,-163.10117279247945,6316.898827207523,6316.9906159791735,-0.09178877165069721
2026-05-06 23:00:00,3022.0,-161.01136759918285,6318.988632400819,6319.087184349128,-0.09855194830816837
2026-05-07 00:00:00,3023.0,-158.92132037135562,6321.078679628647,6321.183752719082,-0.10507309043520703
2026-05-07 01:00:00,3024.0,-156.8310198957217,6323.16898010428,6323.280321089037,-0.11134098475697844
2026-05-07 02:00:00,3025.0,-154.74045588477503,6325.259544115228,6325.376889458992,-0.11734534376417473
2026-05-07 03:00:00,3026.0,-152.64961901066602,6327.350380989336,6327.473457828946,-0.12307683960989098
2026-05-07 04:00:00,3027.0,-150.55850093532095,6329.441499064681,6329.5700261989,-0.12852713421955467
2026-05-07 05:00:00,3028.0,-148.46709434180931,6331.532905658193,6331.666594568855,-0.13368891066208513
2026-05-07 06:00:00,3029.0,-146.37539297788462,6333.624607022118,6333.76316293881,-0.13855591669204326
2026-05-07 07:00:00,3030.0,-144.2833916952973,6335.716608304705,6335.859731308764,-0.1431230040586413
2026-05-07 08:00:00,3031.0,-142.19108627904552,6337.808913720956,6337.956299678718,-0.14738595776176117
2026-05-07 09:00:00,3032.0,-140.0984736422252,6339.901526357778,6340.052868048673,-0.15134169089527877
2026-05-07 10:00:00,3033.0,-138.00555181280114,6341.994448187202,6342.149436418628,-0.15498823142654142
2026-05-07 11:00:00,3034.0,-135.91231985175446,6344.087680148248,6344.2460047885825,-0.15832464033448804
2026-05-07 12:00:00,3035.0,-133.8187778202611,6346.181222179741,6346.342573158537,-0.16135097879568852
2026-05-07 13:00:00,3036.0,-131.72492676456397,6348.275073235439,6348.439141528492,-0.16406829305284196
2026-05-07 14:00:00,3037.0,-129.63076869665954,6350.3692313033425,6350.535709898446,-0.16647859510305943
2026-05-07 15:00:00,3038.0,-127.5363065579008,6352.463693442101,6352.6322782684,-0.1685848262988837
2026-05-07 16:00:00,3039.0,-125.44154416045609,6354.558455839547,6354.728846638354,-0.17039079880817018
2026-05-07 17:00:00,3040.0,-123.34648610786117,6356.653513892141,6356.825415008309,-0.17190111616800396
2026-05-07 18:00:00,3041.0,-121.25113770046163,6358.748862299541,6358.921983378264,-0.17312107872258523
2026-05-07 19:00:00,3042.0,-119.15550483431896,6360.844495165684,6361.018551748219,-0.17405658253512565
2026-05-07 20:00:00,3043.0,-117.0595939032179,6362.9404060967845,6363.115120118173,-0.1747140213889027
2026-05-07 21:00:00,3044.0,-114.96341171292049,6365.036588287082,6365.211688488128,-0.17510020104561227
2026-05-07 22:00:00,3045.0,-112.86696541498863,6367.133034585014,6367.308256858082,-0.17522227306784707
2026-05-07 23:00:00,3046.0,-110.77026246461747,6369.229737535385,6369.404825228036,-0.17508769265135388
2026-05-08 00:00:00,3047.0,-108.67331060329933,6371.326689396703,6371.5013935979905,-0.1747042012878042
2026-05-08 01:00:00,3048.0,-106.57611786311976,6373.423882136883,6373.597961967946,-0.1740798310622582
2026-05-08 02:00:00,3049.0,-104.47869258544421,6375.521307414559,6375.6945303379,-0.1732229233411879
2026-05-08 03:00:00,3050.0,-102.38104344306721,6377.618956556936,6377.791098707855,-0.17214215091931565
2026-05-08 04:00:00,3051.0,-100.28317945196864,6379.716820548034,6379.887667077809,-0.17084652977535114
2026-05-08 05:00:00,3052.0,-98.1851099570428,6381.81489004296,6381.984235447764,-0.1693454048043795
2026-05-08 06:00:00,3053.0,-96.08684457593313,6383.913155424069,6384.080803817718,-0.16764839364875675
2026-05-08 07:00:00,3054.0,-93.98839308678797,6386.011606913215,6386.1773721876725,-0.16576527445842135
2026-05-08 08:00:00,3055.0,-91.88976524970212,6388.110234750301,6388.273940557627,-0.16370580732631054
2026-05-08 09:00:00,3056.0,-89.79097055813709,6390.209029441865,6390.370508927582,-0.16147948571615486
2026-05-08 10:00:00,3057.0,-87.69201835397749,6392.307981646025,6392.467077297536,-0.15909565151123228
2026-05-08 11:00:00,3058.0,-85.59291796719332,6394.407082032809,6394.56364566749,-0.1565636346811245
2026-05-08 12:00:00,3059.0,-83.49367829790343,6396.506321702099,6396.660214037445,-0.1538923353464504
2026-05-08 13:00:00,3060.0,-81.39430790186572,6398.605692098136,6398.7567824074,-0.15109030926321954
2026-05-08 14:00:00,3061.0,-79.29481491172945,6400.7051850882735,6400.8533507773545,-0.14816568908105113
2026-05-08 15:00:00,3062.0,-77.19520698229599,6402.804793017706,6402.949919147309,-0.1451261296022148
2026-05-08 16:00:00,3063.0,-75.09549124919336,6404.904508750809,6405.046487517263,-0.14197876645416457
2026-05-08 17:00:00,3064.0,-72.99567429376727,6407.004325706235,6407.143055887218,-0.13873018098272907
2026-05-08 18:00:00,3065.0,-70.8957621100742,6409.104237889928,6409.239624257172,-0.1353863672435517
2026-05-08 19:00:00,3066.0,-68.79576007252676,6411.204239927476,6411.336192627126,-0.13195269965060785
2026-05-08 20:00:00,3067.0,-66.6956729049048,6413.3043270950975,6413.432760997081,-0.1284339019836589
2026-05-08 21:00:00,3068.0,-64.59550465305792,6415.404495346945,6415.529329367037,-0.12483402009145957
2026-05-08 22:00:00,3069.0,-62.495258664654614,6417.504741335348,6417.625897736991,-0.12115640164287121
2026-05-08 23:00:00,3070.0,-60.39493757978506,6419.605062420217,6419.722466106945,-0.11740368672748293
2026-05-09 00:00:00,3071.0,-58.29454333611949,6421.7054566638835,6421.819034476899,-0.11357781301615064
2026-05-09 01:00:00,3072.0,-56.1940771917135,6423.805922808289,6423.915602846854,-0.10968003856491261
2026-05-09 02:00:00,3073.0,-54.093539767498356,6425.906460232504,6426.012171216808,-0.10571098430435019
2026-05-09 03:00:00,3074.0,-51.99293111008217,6428.00706888992,6428.108739586763,-0.10167069684215901
2026-05-09 04:00:00,3075.0,-49.89225077380751,6430.107749226195,6430.205307956717,-0.09755873052207045
2026-05-09 05:00:00,3076.0,-47.7914979191625,6432.20850208084,6432.301876326672,-0.09337424583153654
2026-05-09 06:00:00,3077.0,-45.69067142273633,6434.309328577266,6434.398444696627,-0.08911611936078248
2026-05-09 07:00:00,3078.0,-43.589769992065314,6436.410230007938,6436.495013066581,-0.08478305864393414
2026-05-09 08:00:00,3079.0,-41.48879227707735,6438.511207722925,6438.591581436535,-0.08037371361053942
2026-05-09 09:00:00,3080.0,-39.387736968592236,6440.61226303141,6440.68814980649,-0.07588677507956079
2026-05-09 10:00:00,3081.0,-37.28660287372658,6442.713397126276,6442.784718176445,-0.07132105016854566
2026-05-09 11:00:00,3082.0,-35.18538895844393,6444.814611041558,6444.881286546399,-0.06667550484079685
2026-05-09 12:00:00,3083.0,-33.08409434941347,6446.915905650589,6446.977854916353,-0.06194926576424147
2026-05-09 13:00:00,3084.0,-30.982718462570887,6449.017281537432,6449.074423286308,-0.05714174887627029
2026-05-09 14:00:00,3085.0,-28.881260909109745,6451.118739090893,6451.170991656262,-0.0522525653695946
2026-05-09 15:00:00,3086.0,-26.77972153514752,6453.220278464854,6453.267560026217,-0.04728156136277045
2026-05-09 16:00:00,3087.0,-24.678100577114705,6455.321899422888,6455.3641283961715,-0.04222897328388222
2026-05-09 17:00:00,3088.0,-22.576398618610227,6457.4236013813925,6457.460696766127,-0.03709538473387528
2026-05-09 18:00:00,3089.0,-20.474616570984928,6459.525383429017,6459.557265136081,-0.0318817070632903
2026-05-09 19:00:00,3090.0,-18.372755676484623,6461.6272443235175,6461.653833506035,-0.02658918251760275
2026-05-09 20:00:00,3091.0,-16.27081752694954,6463.729182473053,6463.750401875989,-0.021219402936645395
2026-05-09 21:00:00,3092.0,-14.168804088882355,6465.831195911121,6465.846970245944,-0.015774334823689336
2026-05-09 22:00:00,3093.0,-12.066717726026333,6467.933282273976,6467.943538615898,-0.010256341922191634
2026-05-09 23:00:00,3094.0,-9.964561212522067,6470.03543878748,6470.040106985853,-0.004668198372808553
2026-05-10 00:00:00,3095.0,-7.862337732519171,6472.137662267483,6472.136675355808,0.0009869116749883207
2026-05-10 01:00:00,3096.0,-5.760050865244583,6474.239949134758,6474.233243725763,0.006705408995743531
2026-05-10 02:00:00,3097.0,-3.657704557541729,6476.34229544246,6476.329812095717,0.012483346743583545
2026-05-10 03:00:00,3098.0,-1.5553030884635042,6478.444696911539,6478.426380465671,0.018316445867616788
2026-05-10 04:00:00,3099.0,0.5471489676184575,6480.547148967621,6480.522948835625,0.024200131995375965
2026-05-10 05:00:00,3100.0,2.649646771919503,6482.649646771922,6482.61951720558,0.030129566341499336
2026-05-10 06:00:00,3101.0,4.752185238687841,6484.75218523869,6484.716085575535,0.03609966315569391
2026-05-10 07:00:00,3102.0,6.854759032793263,6486.854759032796,6486.812653945489,0.04210508730693881
2026-05-10 08:00:00,3103.0,8.957362543263292,6488.957362543266,6488.909222315444,0.048140227821270275
2026-05-10 09:00:00,3104.0,11.059989831899728,6491.059989831902,6491.005790685399,0.05419914650355938
2026-05-10 10:00:00,3105.0,13.162634560525243,6493.162634560527,6493.102359055353,0.06027550517456312
2026-05-10 11:00:00,3106.0,15.265289905836708,6495.265289905839,6495.198927425307,0.06636248053180113
2026-05-10 12:00:00,3107.0,17.36794847715945,6497.367948477162,6497.295495795262,0.07245268190010636
2026-05-10 13:00:00,3108.0,19.470602259440298,6499.470602259443,6499.392064165217,0.07853809422631437
2026-05-10 14:00:00,3109.0,21.57324261138202,6501.573242611385,6501.488632535171,0.08461007621388093
2026-05-10 15:00:00,3110.0,23.675860356455775,6503.675860356458,6503.585200905125,0.09065945133254572
2026-05-10 16:00:00,3111.0,25.77844593199238,6505.7784459319955,6505.68176927508,0.09667665691540792
2026-05-10 17:00:00,3112.0,27.88098935818276,6507.880989358185,6507.778337645035,0.10265171315009552
2026-05-10 18:00:00,3113.0,29.98348031328012,6509.983480313283,6509.874906014989,0.10857429829333677
2026-05-10 19:00:00,3114.0,32.08590819787396,6512.085908197876,6511.971474384944,0.11443381293261706
2026-05-10 20:00:00,3115.0,34.18826218191395,6514.188262181916,6514.068042754898,0.12021942701808433
2026-05-10 21:00:00,3116.0,36.2905312484894,6516.290531248492,6516.164611124853,0.12592012363919472
2026-05-10 22:00:00,3117.0,38.39270423472433,6518.392704234727,6518.261179494807,0.1315247399198267
2026-05-10 23:00:00,3118.0,40.494769870119306,6520.494769870122,6520.357747864761,0.137022005359995
2026-05-11 00:00:00,3119.0,42.59671681264057,6522.596716812643,6522.454316234716,0.14240057792705496
2026-05-11 01:00:00,3120.0,44.69853368283177,6524.698533682835,6524.5508846046705,0.1476490781642761
2026-05-11 02:00:00,3121.0,46.8002090962141,6526.800209096216,6526.647452974626,0.15275612159117827
2026-05-11 03:00:00,3122.0,48.90173169424765,6528.90173169425,6528.74402134458,0.15771034967002262
2026-05-11 04:00:00,3123.0,51.00309017415105,6531.003090174154,6530.840589714534,0.1625004596193643
2026-05-11 05:00:00,3124.0,53.104273317908785,6533.104273317911,6532.937158084489,0.16711523342233964
2026-05-11 06:00:00,3125.0,55.20527002082005,6535.205270020822,6535.033726454443,0.1715435663789889
2026-05-11 07:00:00,3126.0,57.306069319939766,6537.306069319942,6537.130294824397,0.1757744955445881
2026-05-11 08:00:00,3127.0,59.40666042270752,6539.40666042271,6539.2268631943525,0.17979722835769438
2026-05-11 09:00:00,3128.0,61.50703273593413,6541.507032735936,6541.323431564307,0.18360117162970613
2026-05-11 10:00:00,3129.0,63.60717589511414,6543.607175895117,6543.419999934261,0.1871759608552264
2026-05-11 11:00:00,3130.0,65.7070797937752,6545.707079793778,6545.516568304216,0.19051148956150912
2026-05-11 12:00:00,3131.0,67.8067346123308,6547.8067346123335,6547.61313667417,0.19359793816285836
2026-05-11 13:00:00,3132.0,69.90613084580022,6549.906130845802,6549.709705044125,0.19642580167755913
2026-05-11 14:00:00,3133.0,72.00525933002402,6552.005259330026,6551.806273414079,0.1989859159466402
2026-05-11 15:00:00,3134.0,74.10411126697544,6554.104111266978,6553.902841784034,0.2012694829439648
2026-05-11 16:00:00,3135.0,76.2026782519356,6556.202678251939,6555.999410153989,0.20326809795007567
2026-05-11 17:00:00,3136.0,78.30095230933023,6558.300952309333,6558.095978523943,0.2049737853901762
2026-05-11 18:00:00,3137.0,80.39892595078268,6560.398925950785,6560.192546893897,0.20637905688815908
2026-05-11 19:00:00,3138.0,82.49659220143313,6562.496592201435,6562.289115263851,0.20747693758388958
2026-05-11 20:00:00,3139.0,84.5939445084567,6564.593944508459,6564.385683633806,0.20826087465210727
2026-05-11 21:00:00,3140.0,86.690976904621,6566.690976904623,6566.4822520037615,0.2087249008625267
2026-05-11 22:00:00,3141.0,88.78768401350132,6568.787684013504,6568.578820373716,0.20886363978841574
2026-05-11 23:00:00,3142.0,90.88406104610755,6570.88406104611,6570.67538874367,0.20867230243978735
2026-05-12 00:00:00,3143.0,92.9801038225186,6572.980103822521,6572.771957113625,0.20814670889646406
2026-05-12 01:00:00,3144.0,95.07580880270986,6575.075808802712,6574.868525483579,0.20728331913370854
2026-05-12 02:00:00,3145.0,97.17117311712768,6577.171173117131,6576.965093853533,0.20607926359707385
2026-05-12 03:00:00,3146.0,99.26619459262834,6579.26619459263,6579.0616622234875,0.2045323691427021
2026-05-12 04:00:00,3147.0,101.36087177311217,6581.360871773114,6581.158230593443,0.2026411796721526
2026-05-12 05:00:00,3148.0,103.45520393660712,6583.45520393661,6583.254798963398,0.20040497321233663
2026-05-12 06:00:00,3149.0,105.54919111181327,6585.549191111816,6585.351367333352,0.19782377846376542
2026-05-12 07:00:00,3150.0,107.64283409737527,6587.642834097378,6587.447935703306,0.19489839407155637
2026-05-12 08:00:00,3151.0,109.73613448658807,6589.73613448659,6589.544504073261,0.19163041332974273
2026-05-12 09:00:00,3152.0,111.82909469905944,6591.829094699062,6591.641072443215,0.18802225584636706
2026-05-12 10:00:00,3153.0,113.92171801925251,6593.921718019255,6593.7376408131695,0.18407720608549386
2026-05-12 11:00:00,3154.0,116.01400864001577,6596.014008640018,6595.834209183124,0.17979945689388904
2026-05-12 12:00:00,3155.0,118.10597170738092,6598.105971707384,6597.930777553079,0.1751941543052139
2026-05-12 13:00:00,3156.0,120.19761336127077,6600.197613361273,6600.027345923034,0.17026743823972593
2026-05-12 14:00:00,3157.0,122.28894076551494,6602.2889407655175,6602.123914292988,0.16502647252952923
2026-05-12 15:00:00,3158.0,124.3799621199103,6604.379962119912,6604.220482662942,0.1594794569698743
2026-05-12 16:00:00,3159.0,126.47068664718437,6606.470686647187,6606.317051032897,0.15363561428997766
2026-05-12 17:00:00,3160.0,128.5611245487967,6608.5611245488,6608.4136194028515,0.14750514594809522
2026-05-12 18:00:00,3161.0,130.65128692571852,6610.651286925721,6610.510187772806,0.14109915291504993
2026-05-12 19:00:00,3162.0,132.7411856638087,6612.741185663812,6612.60675614276,0.13442952105131578
2026-05-12 20:00:00,3163.0,134.83083328828263,6614.830833288285,6614.703324512715,0.12750877557053494
2026-05-12 21:00:00,3164.0,136.9202427981412,6616.920242798144,6616.799892882669,0.12034991547480256
2026-05-12 22:00:00,3165.0,139.0094277282341,6619.009427728237,6618.896461252624,0.1129664756122247
2026-05-12 23:00:00,3166.0,141.09840230646134,6621.098402306464,6620.993029622578,0.1053726838852734
2026-05-13 00:00:00,3167.0,143.18718124637567,6623.187181246378,6623.0895979925335,0.0975832538448313
2026-05-13 01:00:00,3168.0,145.27577982703932,6625.275779827041,6625.186166362488,0.08961346455397041
2026-05-13 02:00:00,3169.0,147.36421388782344,6627.364213887826,6627.282734732442,0.08147915538425951
2026-05-13 03:00:00,3170.0,149.45249981205504,6629.452499812058,6629.379303102396,0.07319670966130094
2026-05-13 04:00:00,3171.0,151.54065450035603,6631.540654500359,6631.475871472351,0.06478302800791669
2026-05-13 05:00:00,3172.0,153.6286953347471,6633.62869533475,6633.572439842305,0.05625549244428619
2026-05-13 06:00:00,3173.0,155.71664013472673,6635.7166401347295,6635.6690082122595,0.047631922469626005
2026-05-13 07:00:00,3174.0,157.80450710658397,6637.804507106586,6637.765576582215,0.03893052437117084
2026-05-13 08:00:00,3175.0,159.89231478718355,6639.8923147871865,6639.86214495217,0.030169835016800546
2026-05-13 09:00:00,3176.0,161.98008198337934,6641.980081983382,6641.958713322124,0.021368661258196326
2026-05-13 10:00:00,3177.0,164.06782770809002,6644.067827708092,6644.055281692078,0.012546016014413873
2026-05-13 11:00:00,3178.0,166.15557111392087,6646.1555711139235,6646.151850062032,0.003721051890806479
2026-05-13 12:00:00,3179.0,168.2433314250537,6648.243331425057,6648.248418431987,-0.005087006930645116
2026-05-13 13:00:00,3180.0,170.33112786796997,6650.331127867972,6650.344986801942,-0.013858933969411472
2026-05-13 14:00:00,3181.0,172.41897960142333,6652.418979601425,6652.441555171896,-0.02257557047032054
2026-05-13 15:00:00,3182.0,174.5069056459475,6654.50690564595,6654.53812354185,-0.03121789590052672
2026-05-13 16:00:00,3183.0,176.5949248130785,6656.594924813081,6656.634691911806,-0.039767098724943876
2026-05-13 17:00:00,3184.0,178.68305563438554,6658.6830556343875,6658.73126028176,-0.04820464737220625
2026-05-13 18:00:00,3185.0,-179.2286837096301,6660.771316290373,6660.827828651714,-0.05651236134148984
2026-05-13 19:00:00,3186.0,-177.14027546065972,6662.859724539343,6662.9243970216685,-0.06467248232561816
2026-05-13 20:00:00,3187.0,-175.05170235340427,6664.948297646599,6665.020965391624,-0.07266774502476367
2026-05-13 21:00:00,3188.0,-172.96294768518848,6667.037052314815,6667.117533761578,-0.0804814467632429
2026-05-13 22:00:00,3189.0,-170.87399538230224,6669.1260046177,6669.214102131532,-0.08809751383151061
2026-05-13 23:00:00,3190.0,-168.78483005876018,6671.2151699412425,6671.310670501486,-0.09550056024367612
2026-05-14 00:00:00,3191.0,-166.69543705919918,6673.304562940803,6673.407238871441,-0.10267593063723197
2026-05-14 01:00:00,3192.0,-164.60580250383413,6675.394197496168,6675.503807241396,-0.10960974522787889
2026-05-14 02:00:00,3193.0,-162.51591345150263,6677.4840865485,6677.6003756113505,-0.11628906285015295
2026-05-14 03:00:00,3194.0,-160.4257578626325,6679.574242137371,6679.696943981305,-0.12270184393475136
2026-05-14 04:00:00,3195.0,-158.33532462228143,6681.664675377721,6681.79351235126,-0.12883697353798745
2026-05-14 05:00:00,3196.0,-156.24460360562793,6683.755396394376,6683.890080721214,-0.13468432683862241
2026-05-14 06:00:00,3197.0,-154.15358572794744,6685.846414272055,6685.986649091168,-0.1402348191131832
2026-05-14 07:00:00,3198.0,-152.06226297964275,6687.93773702036,6688.083217461122,-0.14548044076297856
2026-05-14 08:00:00,3199.0,-149.9706284491191,6690.029371550883,6690.179785831077,-0.1504142801937373
2026-05-14 09:00:00,3200.0,-147.87867633663177,6692.121323663371,6692.276354201032,-0.1550305376606391
2026-05-14 10:00:00,3201.0,-145.78640196152583,6694.213598038476,6694.372922570987,-0.15932453251000503
2026-05-14 11:00:00,3202.0,-143.693801764137,6696.306198235866,6696.469490940941,-0.1632927050756204
2026-05-14 12:00:00,3203.0,-141.60087330241294,6698.39912669759,6698.566059310896,-0.1669326133054133
2026-05-14 13:00:00,3204.0,-139.50761524230134,6700.492384757701,6700.66262768085,-0.17024292314874948
2026-05-14 14:00:00,3205.0,-137.41402734027287,6702.58597265973,6702.759196050804,-0.17322339107427182
2026-05-14 15:00:00,3206.0,-135.3201104160777,6704.679889583925,6704.8557644207585,-0.1758748368341746
2026-05-14 16:00:00,3207.0,-133.22586631399082,6706.774133686012,6706.952332790714,-0.17819910470153674
2026-05-14 17:00:00,3208.0,-131.13129785137104,6708.868702148632,6709.048901160668,-0.18019901203591823
2026-05-14 18:00:00,3209.0,-129.03640875430236,6710.963591245701,6711.145469530623,-0.1818782849223679
2026-05-14 19:00:00,3210.0,-126.94120358135086,6713.0587964186525,6713.242037900577,-0.18324148192523296
2026-05-14 20:00:00,3211.0,-124.84568763798735,6715.154312362015,6715.338606270532,-0.18429390851668379
2026-05-14 21:00:00,3212.0,-122.74986688591382,6717.250133114088,6717.435174640486,-0.18504152639762417
2026-05-14 22:00:00,3213.0,-120.65374785330229,6719.346252146701,6719.531743010441,-0.1854908637403009
2026-05-14 23:00:00,3214.0,-118.55733755370346,6721.442662446299,6721.628311380395,-0.18564893409586386
2026-05-15 00:00:00,3215.0,-116.46064342299643,6723.539356577006,6723.72487975035,-0.18552317334345703
2026-05-15 01:00:00,3216.0,-114.36367328510754,6725.636326714895,6725.821448120304,-0.18512140540902974
2026-05-15 02:00:00,3217.0,-112.26643535819397,6727.733564641809,6727.918016490258,-0.18445184844935278
2026-05-15 03:00:00,3218.0,-110.16893831342857,6729.831061686574,6730.014584860213,-0.18352317363966092
2026-05-15 04:00:00,3219.0,-108.07119134096097,6731.928808659041,6732.111153230168,-0.18234457112644892
2026-05-15 05:00:00,3220.0,-105.97320410587416,6734.026795894129,6734.207721600123,-0.18092570599353167
2026-05-15 06:00:00,3221.0,-103.8749867174679,6736.125013282534,6736.304289970077,-0.17927668754226248
2026-05-15 07:00:00,3222.0,-101.77654963599576,6738.2234503640075,6738.400858340031,-0.1774079760240315
2026-05-15 08:00:00,3223.0,-99.67790357267036,6740.322096427333,6740.497426709986,-0.17533028265299014
2026-05-15 09:00:00,3224.0,-97.57905938758302,6742.42094061242,6742.59399507994,-0.17305446752052536
2026-05-15 10:00:00,3225.0,-95.48002799051541,6744.519972009487,6744.690563449894,-0.17059144040754998
2026-05-15 11:00:00,3226.0,-93.38082024776952,6746.619179752233,6746.7871318198495,-0.16795206761552214
2026-05-15 12:00:00,3227.0,-91.28144689660822,6748.718553103395,6748.883700189805,-0.1651470864096261
2026-05-15 13:00:00,3228.0,-89.18191846770058,6750.818081532302,6750.980268559759,-0.16218702745679892
2026-05-15 14:00:00,3229.0,-87.08224521510648,6752.917754784897,6753.076836929713,-0.15908214481648025
2026-05-15 15:00:00,3230.0,-84.98243705280963,6755.017562947193,6755.173405299668,-0.15584235247445044
2026-05-15 16:00:00,3231.0,-82.88250349658826,6757.117496503414,6757.269973669622,-0.1524771662073796
2026-05-15 17:00:00,3232.0,-80.7824536100656,6759.2175463899375,6759.366542039576,-0.14899564963899203
2026-05-15 18:00:00,3233.0,-78.68229595405269,6761.31770404595,6761.463110409531,-0.1454063635808016
2026-05-15 19:00:00,3234.0,-76.58203853872789,6763.417961461275,6763.559678779486,-0.14171731821041142
2026-05-15 20:00:00,3235.0,-74.48168877872413,6765.518311221279,6765.65624714944,-0.13793592816065664
2026-05-15 21:00:00,3236.0,-72.38125345175334,6767.618746548249,6767.752815519395,-0.1340689711457279
2026-05-15 22:00:00,3237.0,-70.2807386619357,6769.719261338068,6769.849383889349,-0.1301225512820988
2026-05-15 23:00:00,3238.0,-68.1801498094859,6771.819850190516,6771.945952259304,-0.12610206878725408
2026-05-16 00:00:00,3239.0,-66.07949156883248,6773.920508431171,6774.042520629258,-0.12201219808770289
2026-05-16 01:00:00,3240.0,-63.97876787764405,6776.021232122359,6776.139088999213,-0.11785687685385106
2026-05-16 02:00:00,3241.0,-61.87798193968325,6778.1220180603195,6778.235657369167,-0.11363930884733546
2026-05-16 03:00:00,3242.0,-59.77713624502802,6780.222863754975,6780.332225739122,-0.10936198414629841
2026-05-16 04:00:00,3243.0,-57.67623261215617,6782.323767387847,6782.428794109076,-0.10502672122926596
2026-05-16 05:00:00,3244.0,-55.57527225787685,6784.4247277421255,6784.52536247903,-0.1006347369046041
2026-05-16 06:00:00,3245.0,-53.47425590330763,6786.525744096695,6786.621930848985,-0.09618675229046846
2026-05-16 07:00:00,3246.0,-51.373183889176744,6788.6268161108255,6788.71849921894,-0.09168310811433872
2026-05-16 08:00:00,3247.0,-49.27205617970874,6790.727943820294,6790.815067588895,-0.0871237686001145
2026-05-16 09:00:00,3248.0,-47.170872552713114,6792.82912744729,6792.911635958849,-0.08250851155882574
2026-05-16 10:00:00,3249.0,-45.06963268533751,6794.930367314666,6795.008204328803,-0.0778370141376083
2026-05-16 11:00:00,3250.0,-42.968336196514265,6797.031663803488,6797.104772698758,-0.07310889526916776
2026-05-16 12:00:00,3251.0,-40.866982692035776,6799.133017307967,6799.201341068712,-0.06832376074548094
2026-05-16 13:00:00,3252.0,-38.765571804172886,6801.234428195829,6801.2979094386665,-0.06348124283702397
2026-05-16 14:00:00,3253.0,-36.6641032233858,6803.335896776617,6803.394477808622,-0.05858103200509085
2026-05-16 15:00:00,3254.0,-34.56257672289698,6805.437423277106,6805.491046178577,-0.05362290147012788
2026-05-16 16:00:00,3255.0,-32.46099217838272,6807.5390078216205,6807.587614548531,-0.048606726910206566
2026-05-16 17:00:00,3256.0,-30.35934958535808,6809.640650414644,6809.684182918485,-0.043532503840592145
2026-05-16 18:00:00,3257.0,-28.257649076424034,6811.742350923579,6811.780751288439,-0.03840036486059394
2026-05-16 19:00:00,3258.0,-26.15589093975513,6813.844109060247,6813.877319658394,-0.033210598146175434
2026-05-16 20:00:00,3259.0,-24.05407563927966,6815.9459243607225,6815.9738880283485,-0.027963667625561125
2026-05-16 21:00:00,3260.0,-21.952203836115544,6818.047796163887,6818.070456398303,-0.022660234415259096
2026-05-16 22:00:00,3261.0,-19.85027641009094,6820.149723589911,6820.167024768257,-0.017301178345647997
2026-05-16 23:00:00,3262.0,-17.748294479671443,6822.251705520332,6822.263593138213,-0.01188761788091822
2026-05-17 00:00:00,3263.0,-15.646259418379246,6824.353740581623,6824.360161508167,-0.006420926543558072
2026-05-17 01:00:00,3264.0,-13.544172865847475,6826.455827134156,6826.456729878121,-0.0009027439657889415
2026-05-17 02:00:00,3265.0,-11.442036732015138,6828.557963267988,6828.553298248075,0.0046650199123060695
2026-05-17 03:00:00,3266.0,-9.33985319364001,6830.660146806363,6830.6498666180305,0.01028018833253763
2026-05-17 04:00:00,3267.0,-7.237624683284671,6832.762375316718,6832.746434987985,0.015940328733405375
2026-05-17 05:00:00,3268.0,-5.135353872211345,6834.864646127792,6834.843003357939,0.02164276985283099
2026-05-17 06:00:00,3269.0,-3.0330436501917752,6836.966956349811,6836.939571727893,0.027384621917606874
2026-05-17 07:00:00,3270.0,-0.9306971070833135,6839.06930289292,6839.036140097848,0.033162795071682634
2026-05-17 08:00:00,3271.0,1.1716824768845078,6841.171682476887,6841.132708467803,0.03897400908413398
2026-05-17 09:00:00,3272.0,3.2740916228619628,6843.274091622865,6843.229276837757,0.044814785107607655
2026-05-17 10:00:00,3273.0,5.37652654875444,6845.376526548757,6845.325845207712,0.050681341045095064
2026-05-17 11:00:00,3274.0,7.478983092926366,6847.478983092929,6847.422413577667,0.056569515263030584
2026-05-17 12:00:00,3275.0,9.581456601316827,6849.58145660132,6849.518981947621,0.06247465369859727
2026-05-17 13:00:00,3276.0,11.683941800688633,6851.683941800691,6851.615550317575,0.06839148311630211
2026-05-17 14:00:00,3277.0,13.78643278839229,6853.786432788395,6853.712118687529,0.0743141008658775
2026-05-17 15:00:00,3278.0,15.888923051604497,6855.888923051607,6855.808687057484,0.08023599412316133
2026-05-17 16:00:00,3279.0,17.991405505539724,6857.991405505542,6857.9052554274385,0.08615007810397803
2026-05-17 17:00:00,3280.0,20.09387254236177,6860.093872542365,6860.001823797394,0.09204874497119703
2026-05-17 18:00:00,3281.0,22.196316084561932,6862.196316084565,6862.098392167348,0.09792391721675557
2026-05-17 19:00:00,3282.0,24.29872763838326,6864.2987276383865,6864.194960537303,0.10376710108357817
2026-05-17 20:00:00,3283.0,26.401098344428494,6866.401098344431,6866.291528907257,0.10956943717435917
2026-05-17 21:00:00,3284.0,28.503419023874255,6868.5034190238775,6868.388097277211,0.1153217466659891
2026-05-17 22:00:00,3285.0,30.605680219722,6870.6056802197245,6870.4846656471655,0.12101457255885543
2026-05-17 23:00:00,3286.0,32.70787223325298,6872.707872233255,6872.581234017121,0.12663821613526094
2026-05-18 00:00:00,3287.0,34.80998515634174,6874.809985156345,6874.677802387075,0.13218276927019526
2026-05-18 01:00:00,3288.0,36.91200890055475,6876.912008900557,6876.774370757029,0.13763814352837225
2026-05-18 02:00:00,3289.0,39.01393322406093,6879.013933224063,6878.870939126984,0.14299409707915245
2026-05-18 03:00:00,3290.0,41.11574775736085,6881.115747757364,6880.967507496939,0.14824026042514382
2026-05-18 04:00:00,3291.0,43.21744202874772,6883.21744202875,6883.064075866893,0.15336616185722426
2026-05-18 05:00:00,3292.0,45.31900549027704,6885.31900549028,6885.1606442368475,0.15836125343229435
2026-05-18 06:00:00,3293.0,47.42042754484075,6887.420427544844,6887.257212606802,0.16321493804127354
2026-05-18 07:00:00,3294.0,49.521697574648854,6889.521697574652,6889.353780976757,0.16791659789547098
2026-05-18 08:00:00,3295.0,51.62280497086129,6891.622804970863,6891.450349346711,0.17245562415286708
2026-05-18 09:00:00,3296.0,53.72373916298936,6893.723739162992,6893.546917716665,0.17682144632699803
2026-05-18 10:00:00,3297.0,55.82448964452295,6895.824489644526,6895.643486086619,0.18100355790563658
2026-05-18 11:00:00,3298.0,57.92504598731588,6897.925045987319,6897.740054456575,0.18499153074379437
2026-05-18 12:00:00,3299.0,60.02539783054728,6900.02539783055,6899.8366228265295,0.1887750040204291
2026-05-18 13:00:00,3300.0,62.12553494294682,6902.12553494295,6901.933191196484,0.19234374646617472
2026-05-18 14:00:00,3301.0,64.2254473281984,6904.225447328201,6904.029759566438,0.19568776176275093
2026-05-18 15:00:00,3302.0,66.32512515404215,6906.325125154044,6906.126327936393,0.19879721765191052
2026-05-18 16:00:00,3303.0,68.42455881370852,6908.424558813712,6908.222896306347,0.20166250736441813
2026-05-18 17:00:00,3304.0,70.5237389554851,6910.523738955488,6910.319464676301,0.20427427918607935
2026-05-18 18:00:00,3305.0,72.62265651499399,6912.622656514996,6912.4160330462555,0.20662346874082888
2026-05-18 19:00:00,3306.0,74.72130274793433,6914.7213027479365,6914.5126014162115,0.20870133172571162
2026-05-18 20:00:00,3307.0,76.81966926271451,6916.819669262717,6916.609169786166,0.21049947655141424
2026-05-18 21:00:00,3308.0,78.91774805300614,6918.917748053009,6918.70573815612,0.21200989688916105
2026-05-18 22:00:00,3309.0,81.01553153032854,6921.015531530331,6920.802306526074,0.21322500425669266
2026-05-18 23:00:00,3310.0,83.11301255664314,6923.113012556646,6922.898874896029,0.2141376606172721
2026-05-19 00:00:00,3311.0,85.21018447678878,6925.210184476792,6924.995443265983,0.2147412108085186
2026-05-19 01:00:00,3312.0,87.30704115051066,6927.307041150513,6927.0920116359375,0.21502951457552943
2026-05-19 02:00:00,3313.0,89.40357698385317,6929.4035769838565,6929.188580005893,0.21499697796402326
2026-05-19 03:00:00,3314.0,91.4997869597971,6931.499786959799,6931.285148375847,0.21463858395300023
2026-05-19 04:00:00,3315.0,93.59566666819751,6933.5956666682005,6933.381716745802,0.21394992239857014
2026-05-19 05:00:00,3316.0,95.6912123352902,6935.691212335293,6935.478285115756,0.2129272195364723
2026-05-19 06:00:00,3317.0,97.78642085325103,6937.786420853254,6937.57485348571,0.21156736754321953
2026-05-19 07:00:00,3318.0,99.88128981048536,6939.881289810488,6939.671421855665,0.20986795482271364
2026-05-19 08:00:00,3319.0,101.97581752346919,6941.975817523472,6941.7679902256195,0.20782729785209647
2026-05-19 09:00:00,3320.0,104.07000307103836,6944.070003071041,6943.864558595574,0.2054444754670096
2026-05-19 10:00:00,3321.0,106.16384633200454,6946.163846332007,6945.961126965529,0.20271936647865077
2026-05-19 11:00:00,3322.0,108.2573480268494,6948.257348026852,6948.057695335483,0.19965269136926822
2026-05-19 12:00:00,3323.0,110.35050976398595,6950.350509763988,6950.154263705437,0.19624605855136926
2026-05-19 13:00:00,3324.0,112.44333409066054,6952.4433340906635,6952.250832075392,0.19250201527125113
2026-05-19 14:00:00,3325.0,114.53582454797423,6954.5358245479765,6954.3474004453465,0.1884241026300527
2026-05-19 15:00:00,3326.0,116.62798572870769,6956.62798572871,6956.443968815302,0.1840169134089864
2026-05-19 16:00:00,3327.0,118.71982332681121,6958.719823326815,6958.540537185256,0.17928614155856562
2026-05-19 17:00:00,3328.0,120.81134408013935,6960.811344080142,6960.63710555521,0.1742385249319289
2026-05-19 18:00:00,3329.0,122.90255581480938,6962.902555814812,6962.733673925165,0.1688818896477254
2026-05-19 19:00:00,3330.0,124.99346732750983,6964.993467327513,6964.830242295119,0.1632250323935109
2026-05-19 20:00:00,3331.0,127.08408824218544,6967.084088242188,6966.926810665073,0.1572775771145339
2026-05-19 21:00:00,3332.0,129.1744289177874,6969.1744289177905,6969.023379035028,0.15104988276238304
2026-05-19 22:00:00,3333.0,131.26450039656905,6971.264500396572,6971.119947404983,0.1445529915886334
2026-05-19 23:00:00,3334.0,133.35431438209713,6973.3543143821,6973.216515774938,0.13779860716248105
2026-05-20 00:00:00,3335.0,135.44388323656474,6975.443883236568,6975.313084144892,0.13079909167566808
2026-05-20 01:00:00,3336.0,137.5332199879869,6977.5332199879895,6977.409652514846,0.1235674731434621
2026-05-20 02:00:00,3337.0,139.6223383392891,6979.622338339293,6979.506220884801,0.11611745449137367
2026-05-20 03:00:00,3338.0,141.711252673017,6981.71125267302,6981.602789254755,0.10846341826461635
2026-05-20 04:00:00,3339.0,143.79997804725238,6983.7999780472555,6983.69935762471,0.10062042254559758
2026-05-20 05:00:00,3340.0,145.88853018018168,6985.888530180185,6985.795925994664,0.09260418552034075
2026-05-20 06:00:00,3341.0,147.97692542249115,6987.976925422494,6987.892494364619,0.0844310578755452
2026-05-20 07:00:00,3342.0,150.06518071824232,6990.065180718245,6989.989062734574,0.07611798367114807
2026-05-20 08:00:00,3343.0,152.1533135560038,6992.153313556007,6992.085631104528,0.06768245147886219
2026-05-20 09:00:00,3344.0,154.24134191270917,6994.2413419127115,6994.182199474482,0.05914243822935596
2026-05-20 10:00:00,3345.0,156.32928419292128,6996.329284192924,6996.278767844437,0.050516348486762494
2026-05-20 11:00:00,3346.0,158.41715916589874,6998.4171591659015,6998.375336214392,0.04182295151013332
2026-05-20 12:00:00,3347.0,160.50498590210574,7000.504985902108,7000.471904584346,0.03308131776284965
2026-05-20 13:00:00,3348.0,162.59278370964924,7002.592783709652,7002.5684729543,0.024310755352010483
2026-05-20 14:00:00,3349.0,164.68057206966688,7004.680572069669,7004.665041324255,0.015530745415031721
2026-05-20 15:00:00,3350.0,166.76837056806582,7006.768370568068,7006.761609694209,0.006760873859344913
2026-05-20 16:00:00,3351.0,168.85619881935892,7008.856198819362,7008.858178064164,-0.001979244802371142
2026-05-20 17:00:00,3352.0,170.9440763767973,7010.9440763768,7010.9547464341185,-0.010670057318686586
2026-05-20 18:00:00,3353.0,173.0320226216091,7013.032022621612,7013.051314804074,-0.019292182461295843
2026-05-20 19:00:00,3354.0,175.1200567431721,7015.120056743175,7015.147883174028,-0.02782643085295172
2026-05-20 20:00:00,3355.0,177.2081976790898,7017.208197679092,7017.244451543982,-0.036253864889319164
2026-05-20 21:00:00,3356.0,179.29646398748312,7019.296463987486,7019.341019913936,-0.044555926450509944
2026-05-20 22:00:00,3357.0,-178.61512618403276,7021.38487381597,7021.437588283891,-0.05271446792049813
2026-05-20 23:00:00,3358.0,-176.52655519144548,7023.473444808557,7023.5341566538455,-0.06071184528770604
2026-05-21 00:00:00,3359.0,-174.43780596977902,7025.562194030224,7025.630725023801,-0.06853099357615865
2026-05-21 01:00:00,3360.0,-172.34886210066884,7027.651137899334,7027.727293393755,-0.07615549442102411
2026-05-21 02:00:00,3361.0,-170.2597078765923,7029.740292123411,7029.82386176371,-0.08356964029851612
2026-05-21 03:00:00,3362.0,-168.17032836320612,7031.829671636797,7031.920430133664,-0.09075849686680121
2026-05-21 04:00:00,3363.0,-166.08070945964897,7033.919290540354,7034.016998503618,-0.09770796326402308
2026-05-21 05:00:00,3364.0,-163.99083795598315,7036.00916204402,7036.113566873572,-0.10440482955247879
2026-05-21 06:00:00,3365.0,-161.90070158678267,7038.099298413221,7038.2101352435275,-0.11083683030663963
2026-05-21 07:00:00,3366.0,-159.81028907996173,7040.189710920041,7040.306703613482,-0.11699269344041587
2026-05-21 08:00:00,3367.0,-157.719590200116,7042.280409799887,7042.403271983436,-0.122862183549008
2026-05-21 09:00:00,3368.0,-155.6285957858226,7044.37140421418,7044.499840353391,-0.12843613921085914
2026-05-21 10:00:00,3369.0,-153.537297780471,7046.462702219533,7046.596408723346,-0.13370650381328567
2026-05-21 11:00:00,3370.0,-151.44568925626157,7048.554310743742,7048.6929770933,-0.13866634955818435
2026-05-21 12:00:00,3371.0,-149.35376443101853,7050.646235568985,7050.789545463254,-0.14330989427001722
2026-05-21 13:00:00,3372.0,-147.26151867743025,7052.7384813225735,7052.886113833209,-0.1476325106356026
2026-05-21 14:00:00,3373.0,-145.16894852427473,7054.831051475728,7054.982682203164,-0.15163072743521888
2026-05-21 15:00:00,3374.0,-143.07605164912115,7056.923948350882,7057.079250573118,-0.1553022222357764
2026-05-21 16:00:00,3375.0,-140.98282686194236,7059.0171731380615,7059.175818943072,-0.15864580501111325
2026-05-21 17:00:00,3376.0,-138.88927407903014,7061.110725920973,7061.272387313026,-0.16166139205350846
2026-05-21 18:00:00,3377.0,-136.79539428659737,7063.204605713406,7063.368955682982,-0.1643499695763301
2026-05-21 19:00:00,3378.0,-134.7011894934764,7065.298810506527,7065.465524052936,-0.16671354640936567
2026-05-21 20:00:00,3379.0,-132.60666267239918,7067.393337327604,7067.562092422891,-0.16875509528690216
2026-05-21 21:00:00,3380.0,-130.51181768948052,7069.4881823105225,7069.658660792845,-0.17047848232225932
2026-05-21 22:00:00,3381.0,-128.41665914465062,7071.583340855353,7071.7552291628,-0.1718883074471472
2026-05-21 23:00:00,3382.0,-126.32119249789984,7073.678807502104,7073.851797532754,-0.17299003065027324
2026-05-22 00:00:00,3383.0,-124.22542384485418,7075.77457615515,7075.948365902708,-0.17378974755903248
2026-05-22 01:00:00,3384.0,-122.12935974493203,7077.8706402550715,7078.044934272662,-0.17429401759144086
2026-05-22 02:00:00,3385.0,-120.03300728681906,7079.966992713184,7080.1415026426175,-0.17450992943342583
2026-05-22 03:00:00,3386.0,-117.93637415124594,7082.0636258487575,7082.238071012573,-0.17444516381534228
2026-05-22 04:00:00,3387.0,-115.8394686543601,7084.160531345643,7084.334639382527,-0.17410803688395013
2026-05-22 05:00:00,3388.0,-113.74229976247778,7086.257700237526,7086.431207752481,-0.17350751495611672
2026-05-22 06:00:00,3389.0,-111.64487707500446,7088.355122924999,7088.527776122436,-0.17265319743725369
2026-05-22 07:00:00,3390.0,-109.54721077685691,7090.452789223146,7090.62434449239,-0.1715552692438829
2026-05-22 08:00:00,3391.0,-107.44931156488676,7092.550688435116,7092.720912862344,-0.17022442722809394
2026-05-22 09:00:00,3392.0,-105.35119055470867,7094.648809445294,7094.817481232299,-0.16867178700449237
2026-05-22 10:00:00,3393.0,-103.25285917512171,7096.747140824882,7096.914049602254,-0.1669087773716618
2026-05-22 11:00:00,3394.0,-101.15432905715775,7098.845670942846,7099.010617972208,-0.16494702936220298
2026-05-22 12:00:00,3395.0,-99.05561192389774,7100.9443880761055,7101.107186342163,-0.162798266057328
2026-05-22 13:00:00,3396.0,-96.95671948578352,7103.043280514219,7103.203754712117,-0.16047419789826653
2026-05-22 14:00:00,3397.0,-94.85766334445391,7105.142336655549,7105.300323082072,-0.1579864265225768
2026-05-22 15:00:00,3398.0,-92.75845490637735,7107.241545093626,7107.3968914520265,-0.1553463584004325
2026-05-22 16:00:00,3399.0,-90.6591053059628,7109.340894694041,7109.493459821981,-0.1525651279403114
2026-05-22 17:00:00,3400.0,-88.55962533659671,7111.440374663407,7111.590028191935,-0.14965352852846325
2026-05-22 18:00:00,3401.0,-86.46002538732411,7113.539974612679,7113.68659656189,-0.146621949210936
2026-05-22 19:00:00,3402.0,-84.3603153827482,7115.639684617255,7115.783164931844,-0.14348031458933633
2026-05-22 20:00:00,3403.0,-82.26050472415125,7117.739495275851,7117.879733301798,-0.14023802594687965
2026-05-22 21:00:00,3404.0,-80.16060223071636,7119.839397769287,7119.976301671753,-0.1369039024672614
2026-05-22 22:00:00,3405.0,-78.06061608077994,7121.939383919223,7122.0728700417085,-0.1334861224852828
2026-05-22 23:00:00,3406.0,-75.96055375383118,7124.039446246172,7124.169438411663,-0.12999216549063236
2026-05-23 00:00:00,3407.0,-73.86042197385898,7126.139578026145,7126.266006781617,-0.12642875547269058
2026-05-23 01:00:00,3408.0,-71.760226706317,7128.239773293686,7128.362575151571,-0.12280185788511049
2026-05-23 02:00:00,3409.0,-69.65997317995877,7130.340026820044,7130.459143521526,-0.11911670148162308
2026-05-23 03:00:00,3410.0,-67.55966582105484,7132.440334178948,7132.55571189148,-0.11537771253178525
2026-05-23 04:00:00,3411.0,-65.45930826511066,7134.540691734892,7134.6522802614345,-0.11158852654251963
2026-05-23 05:00:00,3412.0,-63.35890339027106,7136.641096609733,7136.74884863139,-0.10775202165750104
2026-05-23 06:00:00,3413.0,-61.25845338228818,7138.741546617714,7138.845417001345,-0.10387038362962923
2026-05-23 07:00:00,3414.0,-59.157959819839185,7140.842040180164,7140.941985371299,-0.09994519113439566
2026-05-23 08:00:00,3415.0,-57.05742376990208,7142.942576230102,7143.038553741253,-0.09597751115191956
2026-05-23 09:00:00,3416.0,-54.9568458843758,7145.043154115628,7145.135122111207,-0.09196799558008754
2026-05-23 10:00:00,3417.0,-52.856226491006474,7147.143773508997,7147.231690481162,-0.08791697216523797
2026-05-23 11:00:00,3418.0,-50.75556567376624,7149.244434326237,7149.3282588511165,-0.083824524879714
2026-05-23 12:00:00,3419.0,-48.654863339932,7151.345136660071,7151.424827221071,-0.07969056099991444
2026-05-23 13:00:00,3420.0,-46.55411927305898,7153.445880726944,7153.521395591026,-0.07551486408120545
2026-05-23 14:00:00,3421.0,-44.4533331727018,7155.546666827302,7155.617963960981,-0.07129713367892647
2026-05-23 15:00:00,3422.0,-42.35250468300617,7157.647495316997,7157.714532330935,-0.06703701393816733
2026-05-23 16:00:00,3423.0,-40.251633413121255,7159.748366586882,7159.811100700889,-0.06273411400712785
2026-05-23 17:00:00,3424.0,-38.15071895274578,7161.849281047257,7161.907669070844,-0.058388023586315486
2026-05-23 18:00:00,3425.0,-36.04976088603232,7163.950239113971,7164.0042374407985,-0.05399832682731474
2026-05-23 19:00:00,3426.0,-33.94875880657311,7166.0512411934305,7166.100805810753,-0.04956461732261418
2026-05-23 20:00:00,3427.0,-31.847712335337274,7168.152287664666,7168.197374180707,-0.045086516041288646
2026-05-23 21:00:00,3428.0,-29.746621142298544,7170.253378857705,7170.293942550662,-0.040563692957178175
2026-05-23 22:00:00,3429.0,-27.645484971172174,7172.354515028831,7172.390510920616,-0.03599589178495231
2026-05-23 23:00:00,3430.0,-25.54430366526408,7174.455696334739,7174.487079290571,-0.03138295583247277
2026-05-24 00:00:00,3431.0,-23.443077191025267,7176.556922808978,7176.5836476605255,-0.02672485154809368
2026-05-24 01:00:00,3432.0,-21.341805654602812,7178.6581943454,7178.680216030481,-0.0220216850794943
2026-05-24 02:00:00,3433.0,-19.240489305593144,7180.75951069441,7180.776784400435,-0.01727370602479982
2026-05-24 03:00:00,3434.0,-17.139128521439,7182.860871478564,7182.873352770389,-0.01248129182475984
2026-05-24 04:00:00,3435.0,-15.037723872319818,7184.962276127683,7184.969921140343,-0.007645012660312774
2026-05-24 05:00:00,3436.0,-12.936276036798013,7187.063723963205,7187.066489510298,-0.002765547092673024
2026-05-24 06:00:00,3437.0,-10.834785889711574,7189.165214110292,7189.163057880252,0.0021562300397758353
2026-05-24 07:00:00,3438.0,-8.733254477942332,7191.266745522061,7191.259626250207,0.0071192718543561795
2026-05-24 08:00:00,3439.0,-6.6316829161256505,7193.368317083878,7193.356194620162,0.012122463715349446
2026-05-24 09:00:00,3440.0,-4.530072385306855,7195.469927614697,7195.452762990117,0.017164624579905106
2026-05-24 10:00:00,3441.0,-2.4284241974872667,7197.571575802515,7197.549331360071,0.02224444244489217
2026-05-24 11:00:00,3442.0,-0.3267398948709481,7199.673260105133,7199.645899730025,0.027360375107079362
2026-05-24 12:00:00,3443.0,1.774978641125603,7201.774978641129,7201.742468099979,0.03251054114939441
2026-05-24 13:00:00,3444.0,3.87672908971942,7203.876729089722,7203.839036469934,0.03769261978836134
2026-05-24 14:00:00,3445.0,5.9785086119789765,7205.978508611983,7205.935604839889,0.04290377209405102
2026-05-24 15:00:00,3446.0,8.080313800297533,7208.080313800301,7208.032173209843,0.0481405904578355
2026-05-24 16:00:00,3447.0,10.182140658057163,7210.18214065806,7210.128741579797,0.053399078262893154
2026-05-24 17:00:00,3448.0,12.283984607329996,7212.283984607334,7212.225309949753,0.05867465758104921
2026-05-24 18:00:00,3449.0,14.385840519364647,7214.385840519369,7214.321878319707,0.0639621996613185
2026-05-24 19:00:00,3450.0,16.487702760581833,7216.487702760585,7216.418446689661,0.0692560709236777
2026-05-24 20:00:00,3451.0,18.589565245888856,7218.589565245892,7218.5150150596155,0.07455018627595028
2026-05-24 21:00:00,3452.0,20.691421491304663,7220.691421491308,7220.611583429571,0.0798380617377884
2026-05-24 22:00:00,3453.0,22.79326465910451,7222.793264659107,7222.708151799525,0.085112859582769
2026-05-24 23:00:00,3454.0,24.895087590844728,7224.895087590848,7224.804720169479,0.0903674213689376
2026-05-25 00:00:00,3455.0,26.996882826578158,7226.996882826581,7226.901288539433,0.09559428714793375
2026-05-25 01:00:00,3456.0,29.09864261217182,7229.098642612175,7228.997856909389,0.10078570278647508
2026-05-25 02:00:00,3457.0,31.200358900746217,7231.200358900749,7231.094425279343,0.105933621405902
2026-05-25 03:00:00,3458.0,33.30202335876703,7233.30202335877,7233.1909936492975,0.11102970947255807
2026-05-25 04:00:00,3459.0,35.40362739221155,7235.403627392215,7235.287562019252,0.11606537296281402
2026-05-25 05:00:00,3460.0,37.50516221361444,7237.505162213617,7237.384130389207,0.12103182441099243
2026-05-25 06:00:00,3461.0,39.60661897698104,7239.6066189769845,7239.480698759161,0.12592021782351015
2026-05-25 07:00:00,3462.0,41.707988650555265,7241.707988650558,7241.577267129115,0.13072152144284935
2026-05-25 08:00:00,3463.0,43.809261854340676,7243.809261854344,7243.673835499069,0.13542635527444294
2026-05-25 09:00:00,3464.0,45.9104291624376,7245.910429162441,7245.770403869024,0.1400252934170734
2026-05-25 10:00:00,3465.0,48.011481005192756,7248.011481005196,7247.8669722389795,0.14450876621700093
2026-05-25 11:00:00,3466.0,50.11240770658822,7250.1124077065915,7249.963540608934,0.14886709765785183
2026-05-25 12:00:00,3467.0,52.21319950895949,7252.213199508963,7252.060108978888,0.15309053007469886
2026-05-25 13:00:00,3468.0,54.31384659371287,7254.313846593716,7254.156677348843,0.1571692448735684
2026-05-25 14:00:00,3469.0,56.41433910232361,7256.414339102326,7256.253245718797,0.1610933835294116
2026-05-25 15:00:00,3470.0,58.51466715938555,7258.514667159389,7258.349814088751,0.16485307063754331
2026-05-25 16:00:00,3471.0,60.6148208981654,7260.614820898169,7260.446382458706,0.16843843946230005
2026-05-25 17:00:00,3472.0,62.71479048850862,7262.714790488512,7262.542950828661,0.17183965985182695
2026-05-25 18:00:00,3473.0,64.8145661667321,7264.814566166736,7264.639519198615,0.17504696812083928
2026-05-25 19:00:00,3474.0,66.91413826711727,7266.9141382671205,7266.73608756857,0.17805069855042896
2026-05-25 20:00:00,3475.0,69.013497254671,7269.013497254675,7268.832655938524,0.18084131614991514
2026-05-25 21:00:00,3476.0,71.11263375888912,7271.112633758892,7270.929224308479,0.18340945041367387
2026-05-25 22:00:00,3477.0,73.21153860831335,7273.211538608317,7273.025792678433,0.1857459298832338
2026-05-25 23:00:00,3478.0,75.31020286571372,7275.310202865717,7275.122361048388,0.18784181732899408
2026-05-26 00:00:00,3479.0,77.40861786375916,7277.408617863763,7277.218929418342,0.18968844542047633
2026-05-26 01:00:00,3480.0,79.50677524106632,7279.50677524107,7279.315497788297,0.19127745277274646
2026-05-26 02:00:00,3481.0,81.60466697854872,7281.604666978552,7281.412066158251,0.1926008203006127
2026-05-26 03:00:00,3482.0,83.70228543602614,7283.702285436029,7283.508634528205,0.19365090782360414
2026-05-26 04:00:00,3483.0,85.7996233891007,7285.7996233891035,7285.60520289816,0.19442049094289907
2026-05-26 05:00:00,3484.0,87.89667406635594,7287.896674066359,7287.701771268115,0.19490279824394244
2026-05-26 06:00:00,3485.0,89.99343118698943,7289.993431186993,7289.79833963807,0.19509154892327282
2026-05-26 07:00:00,3486.0,92.08988899903892,7292.089888999042,7291.894908008024,0.19498099101787367
2026-05-26 08:00:00,3487.0,94.18604231840888,7294.186042318413,7293.991476377978,0.19456594043409053
2026-05-26 09:00:00,3488.0,96.28188656894272,7296.281886568946,7296.088044747933,0.1938418210130531
2026-05-26 10:00:00,3489.0,98.37741769200053,7298.377417692003,7298.184613117887,0.19280457411620744
2026-05-26 11:00:00,3490.0,100.47263258602028,7300.472632586024,7300.281181487841,0.19145109818224768
2026-05-26 12:00:00,3491.0,102.56752891272261,7302.567528912726,7302.377749857796,0.18977905493006714
2026-05-26 13:00:00,3492.0,104.66210495206204,7304.662104952065,7304.474318227752,0.18778672431406562
2026-05-26 14:00:00,3493.0,106.756359804671,7306.756359804674,7306.570886597706,0.18547320696823608
2026-05-26 15:00:00,3494.0,108.85029353976823,7308.850293539771,7308.66745496766,0.18283857211121904
2026-05-26 16:00:00,3495.0,110.9439072830521,7310.9439072830555,7310.764023337614,0.17988394544075315
2026-05-26 17:00:00,3496.0,113.03720324800774,7313.037203248011,7312.860591707569,0.1766115404421394
2026-05-26 18:00:00,3497.0,115.13018472016621,7315.130184720169,7314.957160077523,0.17302464264607306
2026-05-26 19:00:00,3498.0,117.22285600742167,7317.222856007425,7317.053728447478,0.16912755994726003
2026-05-26 20:00:00,3499.0,119.31522237084877,7319.315222370852,7319.150296817432,0.16492555341997353
2026-05-26 21:00:00,3500.0,121.40728994991841,7321.4072899499215,7321.246865187387,0.16042476253502053
2026-05-26 22:00:00,3501.0,123.4990656939784,7323.499065693982,7323.343433557341,0.15563213664051784
2026-05-26 23:00:00,3502.0,125.59055730875569,7325.590557308759,7325.440001927295,0.15055538146343575
2026-05-27 00:00:00,3503.0,127.6817732228813,7327.681773222885,7327.53657029725,0.14520292563448897
2026-05-27 01:00:00,3504.0,129.7727225754684,7329.772722575472,7329.633138667205,0.1395839082671801
2026-05-27 02:00:00,3505.0,131.8634152220097,7331.863415222013,7331.729707037161,0.13370818485276678
2026-05-27 03:00:00,3506.0,133.9538617527031,7333.953861752706,7333.826275407115,0.12758634559084175
2026-05-27 04:00:00,3507.0,136.04407351512165,7336.044073515124,7335.92284377707,0.12122973805401617
2026-05-27 05:00:00,3508.0,138.1340626322196,7338.134062632223,7338.019412147025,0.11465048519769616
2026-05-27 06:00:00,3509.0,140.2238420072388,7340.223842007242,7340.115980516979,0.10786149026251336
2026-05-27 07:00:00,3510.0,142.31342530928904,7342.313425309292,7342.212548886933,0.10087642235852452
2026-05-27 08:00:00,3511.0,144.40282693724714,7344.402826937249,7344.3091172568875,0.09370968036179382
2026-05-27 09:00:00,3512.0,146.4920619650599,7346.492061965064,7346.405685626843,0.08637633822147281
2026-05-27 10:00:00,3513.0,148.58114607831143,7348.581146078314,7348.502253996797,0.07889208151725069
2026-05-27 11:00:00,3514.0,150.67009551964924,7350.670095519653,7350.598822366751,0.07127315290159518
2026-05-27 12:00:00,3515.0,152.7589270688356,7352.758927068839,7352.695390736705,0.06353633213340057
2026-05-27 13:00:00,3516.0,154.84765800371778,7354.84765800372,7354.79195910666,0.055698897060469606
2026-05-27 14:00:00,3517.0,156.93630600175374,7356.936306001757,7356.888527476614,0.04777852514261966
2026-05-27 15:00:00,3518.0,159.0248890733478,7359.02488907335,7358.985095846569,0.03979322678155704
2026-05-27 16:00:00,3519.0,161.11342547970193,7361.113425479705,7361.081664216523,0.031761263182161804
2026-05-27 17:00:00,3520.0,163.2019336768981,7363.201933676901,7363.178232586478,0.023701090423578677
2026-05-27 18:00:00,3521.0,165.29043224596583,7365.290432245969,7365.274800956432,0.015631289537088696
2026-05-27 19:00:00,3522.0,167.37893981705867,7367.378939817062,7367.371369326386,0.007570490675986075
2026-05-27 20:00:00,3523.0,169.46747499195578,7369.467474991959,7369.467937696342,-0.00046270438370005755
2026-05-27 21:00:00,3524.0,171.55605626678076,7371.556056266784,7371.564506066297,-0.008449799512873325
2026-05-27 22:00:00,3525.0,173.64470195558047,7373.644701955584,7373.6610744362515,-0.01637248066690286
2026-05-27 23:00:00,3526.0,175.73343011485443,7375.7334301148585,7375.757642806206,-0.024212691347718134
2026-05-28 00:00:00,3527.0,177.82225846898433,7377.822258468988,7377.85421117616,-0.031952707171888
2026-05-28 01:00:00,3528.0,179.91120433659094,7379.911204336594,7379.950779546115,-0.039575209520257365
2026-05-28 02:00:00,3529.0,-177.9997154419918,7382.000284558012,7382.047347916069,-0.04706335805744369
2026-05-28 03:00:00,3530.0,-175.9104845757618,7384.089515424241,7384.143916286023,-0.054400861782477
2026-05-28 04:00:00,3531.0,-173.82108739210872,7386.178912607895,7386.2404846559775,-0.06157204808296764
2026-05-28 05:00:00,3532.0,-171.73150890328967,7388.268491096715,7388.337053025933,-0.0685619292179608
2026-05-28 06:00:00,3533.0,-169.6417348696763,7390.358265130327,7390.433621395887,-0.07535626556018764
2026-05-28 07:00:00,3534.0,-167.5517518591208,7392.448248140883,7392.530189765841,-0.08194162495773433
2026-05-28 08:00:00,3535.0,-165.46154730180922,7394.538452698194,7394.626758135795,-0.08830543760120554
2026-05-28 09:00:00,3536.0,-163.3711095400093,7396.628890459993,7396.72332650575,-0.09443604575640424
2026-05-28 10:00:00,3537.0,-161.28042787216765,7398.719572127835,7398.819894875704,-0.10032274786910877
2026-05-28 11:00:00,3538.0,-159.1894925908617,7400.810507409141,7400.916463245659,-0.10595583651758876
2026-05-28 12:00:00,3539.0,-157.0982950141633,7402.90170498584,7403.013031615614,-0.11132662977317953
2026-05-28 13:00:00,3540.0,-155.0068275100239,7404.99317248998,7405.10959998557,-0.1164274955894879
2026-05-28 14:00:00,3541.0,-152.91508351334062,7407.084916486663,7407.206168355524,-0.12125186886034299
2026-05-28 15:00:00,3542.0,-150.82305753541806,7409.176942464585,7409.302736725478,-0.12579426089245502
2026-05-28 16:00:00,3543.0,-148.73074513701633,7411.2692548629875,7411.399305095432,-0.1300502324448964
2026-05-28 17:00:00,3544.0,-146.63814304172232,7413.36185695828,7413.495873465387,-0.1340165071062583
2026-05-28 18:00:00,3545.0,-144.54524895030562,7415.454751049698,7415.592441835342,-0.1376907856438925
2026-05-28 19:00:00,3546.0,-142.45206154517675,7417.547938454827,7417.689010205296,-0.14107175046910522
2026-05-28 20:00:00,3547.0,-140.35858053454382,7419.64141946546,7419.78557857525,-0.14415910979078728
2026-05-28 21:00:00,3548.0,-138.2648066019729,7421.735193398031,7421.882146945205,-0.14695354717436143
2026-05-28 22:00:00,3549.0,-136.17074131024907,7423.829258689754,7423.978715315159,-0.1494566254049627
2026-05-28 23:00:00,3550.0,-134.07638699508013,7425.923613004923,7426.075283685113,-0.15167068019075625
2026-05-29 00:00:00,3551.0,-131.98174667212285,7428.018253327881,7428.1718520550685,-0.15359872718692755
2026-05-29 01:00:00,3552.0,-129.88682397032136,7430.113176029682,7430.268420425023,-0.1552443953402126
2026-05-29 02:00:00,3553.0,-127.79162309583238,7432.208376904171,7432.364988794977,-0.1566118908058359
2026-05-29 03:00:00,3554.0,-125.69614882399178,7434.303851176012,7434.461557164931,-0.1577059889192815
2026-05-29 04:00:00,3555.0,-123.60040651190653,7436.399593488097,7436.558125534886,-0.1585320467890505
2026-05-29 05:00:00,3556.0,-121.50440212130081,7438.495597878703,7438.65469390484,-0.15909602613721643
2026-05-29 06:00:00,3557.0,-119.40814224010947,7440.591857759894,7440.7512622747945,-0.15940451490073507
2026-05-29 07:00:00,3558.0,-117.31163409182612,7442.688365908177,7442.8478306447505,-0.1594647365738274
2026-05-29 08:00:00,3559.0,-115.21488552354657,7444.785114476456,7444.944399014705,-0.15928453824868705
2026-05-29 09:00:00,3560.0,-113.1179049667179,7446.8820950332865,7447.04096738466,-0.1588723513732369
2026-05-29 10:00:00,3561.0,-111.02070136848636,7448.979298631518,7449.137535754614,-0.15823712309593008
2026-05-29 11:00:00,3562.0,-108.92328409587842,7451.076715904125,7451.234104124568,-0.15738822044321982
2026-05-29 12:00:00,3563.0,-106.82566281949315,7453.17433718051,7453.330672494522,-0.15633531401283243
2026-05-29 13:00:00,3564.0,-104.72784738758044,7455.272152612423,7455.427240864477,-0.15508825205433516
2026-05-29 14:00:00,3565.0,-102.629847705024,7457.3701522949805,7457.523809234432,-0.15365693945132056
2026-05-29 15:00:00,3566.0,-100.53167363460192,7459.468326365402,7459.620377604386,-0.15205123898396167
2026-05-29 16:00:00,3567.0,-98.43333493982735,7461.566665060176,7461.716945974341,-0.15028091416411388
2026-05-29 17:00:00,3568.0,-96.33484128968136,7463.665158710322,7463.813514344295,-0.14835563397245866
2026-05-29 18:00:00,3569.0,-94.23620234582447,7465.763797654179,7465.910082714249,-0.1462850600698216
2026-05-29 19:00:00,3570.0,-92.13742746587558,7467.862572534129,7468.006651084203,-0.14407855007513498
2026-05-29 20:00:00,3571.0,-90.0385254570068,7469.961474542997,7470.1032194541585,-0.14174491116069132
2026-05-29 21:00:00,3572.0,-87.93950487037748,7472.060495129626,7472.199787824113,-0.139292694486217
2026-05-29 22:00:00,3573.0,-85.84037377175714,7474.1596262282455,7474.296356194067,-0.1367299658211362
2026-05-29 23:00:00,3574.0,-83.74113973257627,7476.258860267427,7476.392924564021,-0.1340642965946428
2026-05-30 00:00:00,3575.0,-81.64180979181523,7478.358190208189,7478.489492933976,-0.1313027257868539
2026-05-30 01:00:00,3576.0,-79.54239040540324,7480.4576095946,7480.586061303932,-0.12845170933142633
2026-05-30 02:00:00,3577.0,-77.44288739656038,7482.557112603443,7482.682629673886,-0.12551707044312954
2026-05-30 03:00:00,3578.0,-75.34330591733969,7484.656694082664,7484.779198043841,-0.12250396117679647
2026-05-30 04:00:00,3579.0,-73.24365042846097,7486.756349571543,7486.875766413795,-0.11941684225253103
2026-05-30 05:00:00,3580.0,-71.14392470142266,7488.85607529858,7488.97233478375,-0.11625948516942827
2026-05-30 06:00:00,3581.0,-69.04413184394897,7490.955868156054,7491.068903153704,-0.11303499765001188
2026-05-30 07:00:00,3582.0,-66.9442743472102,7493.055725652794,7493.165471523658,-0.1097458708651101
2026-05-30 08:00:00,3583.0,-64.84435415107716,7495.155645848928,7495.262039893613,-0.10639404468560673
2026-05-30 09:00:00,3584.0,-62.744372722043586,7497.25562727796,7497.3586082635675,-0.10298098560674318
2026-05-30 10:00:00,3585.0,-60.6443311374576,7499.355668862546,7499.455176633522,-0.09950777097612735
2026-05-30 11:00:00,3586.0,-58.54423016938523,7501.455769830619,7501.551745003476,-0.09597517285697107
2026-05-30 12:00:00,3587.0,-56.444070361800094,7503.5559296382025,7503.648313373431,-0.09238373522773463
2026-05-30 13:00:00,3588.0,-54.34385209582723,7505.6561479041775,7505.744881743385,-0.0887338392078226
2026-05-30 14:00:00,3589.0,-52.24357563941404,7507.75642436059,7507.841450113339,-0.08502575274955247
2026-05-30 15:00:00,3590.0,-50.14324117997626,7509.856758820027,7509.9380184832935,-0.08125966326728694
2026-05-30 16:00:00,3591.0,-48.04284884116908,7511.957151158835,7512.034586853249,-0.07743569441366405
2026-05-30 17:00:00,3592.0,-45.94239868784131,7514.057601312163,7514.131155223203,-0.07355391103983752
2026-05-30 18:00:00,3593.0,-43.841890726302374,7516.1581092737015,7516.227723593159,-0.06961431945765627
2026-05-30 19:00:00,3594.0,-41.74132491011872,7518.2586750898845,7518.324291963113,-0.06561687322878286
2026-05-30 20:00:00,3595.0,-39.64070116458886,7520.359298835414,7520.420860333068,-0.06156149765323426
2026-05-30 21:00:00,3596.0,-37.54001944565162,7522.459980554352,7522.517428703022,-0.05744814867020123
2026-05-30 22:00:00,3597.0,-35.439279583987485,7524.560720416016,7524.613997072976,-0.05327665696059077
2026-05-30 23:00:00,3598.0,-33.3384816221488,7526.661518377855,7526.710565442931,-0.049047065075644505
2026-05-31 00:00:00,3599.0,-31.2376256754649,7528.7623743245385,7528.807133812886,-0.04475948834665163
2026-05-31 01:00:00,3600.0,-29.13671172023651,7530.8632882797665,7530.90370218284,-0.04041390307323822
2026-05-31 02:00:00,3601.0,-27.03573975424698,7532.964260245757,7533.000270552794,-0.036010307037463544
2026-05-31 03:00:00,3602.0,-24.934709883977927,7535.065290116026,7535.096838922748,-0.03154880672328056
2026-05-31 04:00:00,3603.0,-22.83362235332041,7537.166377646684,7537.193407292703,-0.0270296460194898
2026-05-31 05:00:00,3604.0,-20.73247753164241,7539.267522468361,7539.2899756626575,-0.02245319429627242
2026-05-31 06:00:00,3605.0,-18.631275879794263,7541.368724120209,7541.386544032612,-0.017819912403279545
2026-05-31 07:00:00,3606.0,-16.530017911399106,7543.469982088604,7543.483112402566,-0.013130313961518461
2026-05-31 08:00:00,3607.0,-14.42870416400241,7545.571295836002,7545.579680772521,-0.008384936518724106
2026-05-31 09:00:00,3608.0,-12.327335190778168,7547.672664809226,7547.676249142475,-0.0035843332491800116
2026-05-31 10:00:00,3609.0,-10.225911578950816,7549.774088421053,7549.772817512429,0.0012709086236947632
2026-05-31 11:00:00,3610.0,-8.12443399632792,7551.875566003675,7551.8693858823835,0.006180121291301525
2026-05-31 12:00:00,3611.0,-6.022903262772047,7553.977096737232,7553.96595425234,0.011142484892340258
2026-05-31 13:00:00,3612.0,-3.9213204394666104,7556.078679560537,7556.062522622295,0.016156938243138155
2026-05-31 14:00:00,3613.0,-1.819686925808999,7558.180313074194,7558.159090992249,0.021222081945231806
2026-05-31 15:00:00,3614.0,0.28199544799385856,7560.281995447997,7560.255659362203,0.026336085793669972
2026-05-31 16:00:00,3615.0,2.3837243447911685,7562.383724344795,7562.352227732158,0.03149661263748607
2026-05-31 17:00:00,3616.0,4.485496871506149,7564.48549687151,7564.448796102112,0.03670076939773118
2026-05-31 18:00:00,3617.0,6.587309564684011,7566.587309564688,7566.5453644720665,0.04194509262154737
2026-05-31 19:00:00,3618.0,8.68915841272981,7568.689158412733,7568.641932842021,0.04722557071205668
2026-05-31 20:00:00,3619.0,10.791038909860518,7570.791038909864,7570.738501211976,0.0525376978884814
2026-05-31 21:00:00,3620.0,12.892946127767454,7572.892946127771,7572.83506958193,0.05787654584093684
2026-05-31 22:00:00,3621.0,14.994874780096046,7574.994874780099,7574.931637951884,0.06323682821518514
2026-05-31 23:00:00,3622.0,17.096819242099908,7577.096819242103,7577.028206321838,0.06861292026469747
2026-06-01 00:00:00,3623.0,19.198773473127673,7579.198773473131,7579.124774691793,0.07399878133834814
2026-06-01 01:00:00,3624.0,21.30073103758075,7581.300731037584,7581.221343061748,0.07938797583686048
2026-06-01 02:00:00,3625.0,23.402685261441512,7583.402685261446,7583.317911431702,0.08477382974372911
2026-06-01 03:00:00,3626.0,25.50462912970381,7585.504629129708,7585.414479801657,0.09014932805116106
2026-06-01 04:00:00,3627.0,27.606555352803998,7587.606555352808,7587.511048171611,0.09550718119733387
2026-06-01 05:00:00,3628.0,29.708456353579265,7589.708456353583,7589.607616541565,0.10083981201767392
2026-06-01 06:00:00,3629.0,31.810324272010593,7591.810324272014,7591.704184911521,0.10613936049339912
2026-06-01 07:00:00,3630.0,33.9121509765958,7593.912150976598,7593.800753281475,0.11139769512294331
2026-06-01 08:00:00,3631.0,36.01392807707872,7596.013928077082,7595.8973216514305,0.116606425651503
2026-06-01 09:00:00,3632.0,38.11564693664463,7598.115646936648,7597.993890021385,0.12175691526319757
2026-06-01 10:00:00,3633.0,40.21729868344746,7600.217298683451,7600.090458391339,0.1268402921120812
2026-06-01 11:00:00,3634.0,42.31887422208663,7602.31887422209,7602.187026761293,0.13184746079615933
2026-06-01 12:00:00,3635.0,44.42036424583594,7604.42036424584,7604.283595131248,0.1367691145918883
2026-06-01 13:00:00,3636.0,46.52175925032826,7606.521759250332,7606.380163501202,0.14159574912984815
2026-06-01 14:00:00,3637.0,48.62304954919621,7608.623049549199,7608.4767318711565,0.14631767804246096
2026-06-01 15:00:00,3638.0,50.72422529195758,7610.724225291962,7610.573300241111,0.1509250508508196
2026-06-01 16:00:00,3639.0,52.82527648426015,7612.825276484264,7612.669868611066,0.15540787319810456
2026-06-01 17:00:00,3640.0,54.926193010479494,7614.926193010484,7614.76643698102,0.15975602946378561
2026-06-01 18:00:00,3641.0,57.02696465858771,7617.026964658591,7616.863005350974,0.1639593076169342
2026-06-01 19:00:00,3642.0,59.127581147172144,7619.127581147176,7618.959573720929,0.16800742624676518
2026-06-01 20:00:00,3643.0,61.22803215446522,7621.2280321544695,7621.056142090883,0.17189006358639436
2026-06-01 21:00:00,3644.0,63.32830734924114,7623.328307349246,7623.152710460838,0.17559688840767787
2026-06-01 22:00:00,3645.0,65.42839642343354,7625.428396423437,7625.249278830792,0.17911759264545932
2026-06-01 23:00:00,3646.0,67.52828912632803,7627.528289126331,7627.345847200748,0.18244192558349448
2026-06-02 00:00:00,3647.0,69.62797530018382,7629.627975300187,7629.442415570703,0.1855597294848061
2026-06-02 01:00:00,3648.0,71.72744491713878,7631.727444917143,7631.538983940657,0.18846097648571086
2026-06-02 02:00:00,3649.0,73.82668811725439,7633.826688117258,7633.635552310611,0.19113580664604218
2026-06-02 03:00:00,3650.0,75.92569524756028,7635.925695247563,7635.7321206805655,0.19357456699760842
2026-06-02 04:00:00,3651.0,78.02445688966318,7638.024456889667,7637.828689050521,0.19576783914631887
2026-06-02 05:00:00,3652.0,80.12296396370643,7640.12296396371,7639.925257420475,0.19770654323530534
2026-06-02 06:00:00,3653.0,82.221207668636,7642.221207668639,7642.021825790429,0.19938187821033945
2026-06-02 07:00:00,3654.0,84.319179554727,7644.319179554731,7644.118394160383,0.20078539434747142
2026-06-02 08:00:00,3655.0,86.41687161542404,7646.416871615427,7646.214962530338,0.20190908508912914
2026-06-02 09:00:00,3656.0,88.51427633045284,7648.514276330456,7648.311530900292,0.20274543016368698
2026-06-02 10:00:00,3657.0,90.6113866927019,7650.611386692705,7650.408099270247,0.20328742245804837
2026-06-02 11:00:00,3658.0,92.70819623938901,7652.708196239392,7652.504667640202,0.2035285991909495
2026-06-02 12:00:00,3659.0,94.8046990979742,7654.804699097977,7654.601236010156,0.20346308782205225
2026-06-02 13:00:00,3660.0,96.90089004928068,7656.900890049284,7656.69780438011,0.20308566917369053
2026-06-02 14:00:00,3661.0,98.99676460437412,7658.996764604378,7658.794372750064,0.20239185431296824
2026-06-02 15:00:00,3662.0,101.0923190878863,7661.09231908789,7660.890941120019,0.20137796787109635
2026-06-02 16:00:00,3663.0,103.18755071853298,7663.187550718537,7662.9875094899735,0.20004122856343476
2026-06-02 17:00:00,3664.0,105.282457677383,7665.282457677386,7665.0840778599295,0.19837981745712158
2026-06-02 18:00:00,3665.0,107.37703915572831,7667.377039155731,7667.180646229884,0.19639292584732662
2026-06-02 19:00:00,3666.0,109.47129537688117,7669.471295376884,7669.277214599838,0.19408077704583207
2026-06-02 20:00:00,3667.0,111.5652275895296,7671.565227589533,7671.373782969793,0.19144461974023788
2026-06-02 21:00:00,3668.0,113.65883803403568,7673.658838034039,7673.470351339747,0.1884866942916848
2026-06-02 22:00:00,3669.0,115.75212988686991,7675.752129886874,7675.566919709701,0.18521017717234514
2026-06-02 23:00:00,3670.0,117.84510719184985,7677.8451071918535,7677.663488079656,0.1816191121978614
2026-06-03 00:00:00,3671.0,119.93777478963747,7679.937774789641,7679.760056449611,0.17771834003037698
2026-06-03 01:00:00,3672.0,122.03013825874771,7682.030138258751,7681.856624819565,0.17351343918652415
2026-06-03 02:00:00,3673.0,124.12220388191314,7684.122203881916,7683.953193189519,0.1690106923970278
2026-06-03 03:00:00,3674.0,126.21397865093763,7686.2139786509415,7686.049761559474,0.16421709146761085
2026-06-03 04:00:00,3675.0,128.30547032119765,7688.305470321201,7688.146329929428,0.15914039177324416
2026-06-03 05:00:00,3676.0,130.3966875239234,7690.396687523927,7690.242898299382,0.15378922454424546
2026-06-03 06:00:00,3677.0,132.48763994072718,7692.48763994073,7692.339466669337,0.14817327139313624
2026-06-03 07:00:00,3678.0,134.57833809760848,7694.578338097613,7694.436035039292,0.14230305832136145
2026-06-03 08:00:00,3679.0,136.66879302708645,7696.668793027091,7696.532603409246,0.1361896178448438
2026-06-03 09:00:00,3680.0,138.75901672585132,7698.759016725855,7698.6291717792,0.12984494665514137
2026-06-03 10:00:00,3681.0,140.84902198116802,7700.849021981172,7700.725740149154,0.12328183201754708
2026-06-03 11:00:00,3682.0,142.93882231721244,7702.938822317216,7702.82230851911,0.11651379810571659
2026-06-03 12:00:00,3683.0,145.0284319457951,7705.028431945798,7704.918876889065,0.10955505673309526
2026-06-03 13:00:00,3684.0,147.11786571603344,7707.117865716037,7707.0154452590195,0.10242045701771421
2026-06-03 14:00:00,3685.0,149.2071390604382,7709.2071390604415,7709.112013628974,0.09512543146766643
2026-06-03 15:00:00,3686.0,151.29626793672944,7711.296267936734,7711.208581998929,0.08768593780494503
2026-06-03 16:00:00,3687.0,153.38526876573445,7713.385268765738,7713.305150368883,0.08011839685496075
2026-06-03 17:00:00,3688.0,155.47415836619214,7715.474158366195,7715.401718738837,0.07243962735830027
2026-06-03 18:00:00,3689.0,157.56295388738633,7717.56295388739,7717.498287108791,0.06466677859874123
2026-06-03 19:00:00,3690.0,159.65167274042412,7719.651672740428,7719.5948554787465,0.05681726168128709
2026-06-03 20:00:00,3691.0,161.7403325287809,7721.740332528784,7721.691423848701,0.04890868008391599
2026-06-03 21:00:00,3692.0,163.8289509785293,7723.828950978534,7723.787992218655,0.0409587598787555
2026-06-03 22:00:00,3693.0,165.91754586850462,7725.917545868509,7725.884560588609,0.032985279899518695
2026-06-03 23:00:00,3694.0,168.00613496055306,7728.006134960558,7727.981128958564,0.025006001993619287
2026-06-04 00:00:00,3695.0,170.09473592996252,7730.094735929967,7730.077697328518,0.01703860144853037
2026-06-04 01:00:00,3696.0,172.1833662961828,7732.183366296187,7732.1742656984725,0.009100597714519841
2026-06-04 02:00:00,3697.0,174.2720433539806,7734.272043353984,7734.270834068427,0.0012092855572951357
2026-06-04 03:00:00,3698.0,176.3607841052377,7736.360784105242,7736.367402438382,-0.006618333139602936
2026-06-04 04:00:00,3699.0,178.4496051916638,7738.449605191668,7738.463970808338,-0.014365616670248355
2026-06-04 05:00:00,3700.0,-179.4614771712463,7740.538522828757,7740.560539178292,-0.022016349534848635
2026-06-04 06:00:00,3701.0,-177.37244725863394,7742.627552741371,7742.657107548246,-0.029554806875645344
2026-06-04 07:00:00,3702.0,-175.2832898986715,7744.716710101334,7744.753675918201,-0.03696581686748895
2026-06-04 08:00:00,3703.0,-173.19399053250672,7746.8060094674975,7746.850244288155,-0.04423482065760545
2026-06-04 09:00:00,3704.0,-171.10453527132995,7748.895464728674,7748.94681265811,-0.05134792943604472
2026-06-04 10:00:00,3705.0,-169.0149110469513,7750.985088953053,7751.043381028064,-0.0582920750113831
2026-06-04 11:00:00,3706.0,-166.9251053675439,7753.074894632459,7753.139949398019,-0.06505476555877986
2026-06-04 12:00:00,3707.0,-164.83510656462187,7755.164893435382,7755.236517767973,-0.07162433259142222
2026-06-04 13:00:00,3708.0,-162.74490395534576,7757.255096044658,7757.333086137927,-0.07799009326916695
2026-06-04 14:00:00,3709.0,-160.6544877696659,7759.3455122303385,7759.429654507881,-0.08414227754358446
2026-06-04 15:00:00,3710.0,-158.5638491316621,7761.436150868341,7761.5262228778365,-0.09007200949436203
2026-06-04 16:00:00,3711.0,-156.4729800726703,7763.527019927335,7763.622791247791,-0.09577132045619101
2026-06-04 17:00:00,3712.0,-154.38187355722062,7765.618126442783,7765.719359617745,-0.10123317496150798
2026-06-04 18:00:00,3713.0,-152.29052350687525,7767.709476493128,7767.815927987699,-0.10645149457114436
2026-06-04 19:00:00,3714.0,-150.19892481144856,7769.801075188555,7769.912496357654,-0.11142116909919077
2026-06-04 20:00:00,3715.0,-148.107073321513,7771.892926678491,7772.009064727608,-0.11613804911726934
2026-06-04 21:00:00,3716.0,-146.0149658202817,7773.985034179722,7774.1056330975625,-0.12059891784107657
2026-06-04 22:00:00,3717.0,-143.9225999766646,7776.07740002334,7776.2022014675185,-0.12480144417908598
2026-06-04 23:00:00,3718.0,-141.82997428431457,7778.17002571569,7778.298769837474,-0.1287441217831462
2026-06-05 00:00:00,3719.0,-139.73708799364272,7780.262912006362,7780.395338207428,-0.1324262010658295
2026-06-05 01:00:00,3720.0,-137.64394104496057,7782.356058955044,7782.491906577382,-0.13584762233814962
2026-06-05 02:00:00,3721.0,-135.55053401102063,7784.449465988983,7784.588474947336,-0.1390089583531722
2026-06-05 03:00:00,3722.0,-133.45686805624084,7786.543131943763,7786.685043317291,-0.14191137352814884
2026-06-05 04:00:00,3723.0,-131.36294491782687,7788.6370550821775,7788.7816116872455,-0.14455660506759413
2026-06-05 05:00:00,3724.0,-129.26876691090368,7790.7312330891,7790.8781800572,-0.14694696809939797
2026-06-05 06:00:00,3725.0,-127.17433695572207,7792.825663044283,7792.974748427154,-0.14908538287146897
2026-06-05 07:00:00,3726.0,-125.07965862012924,7794.920341379874,7795.071316797109,-0.15097541723458127
2026-06-05 08:00:00,3727.0,-122.98473616489177,7797.015263835113,7797.167885167063,-0.1526213319505719
2026-06-05 09:00:00,3728.0,-120.88957457321868,7799.110425426785,7799.264453537017,-0.15402811023231489
2026-06-05 10:00:00,3729.0,-118.79417953897087,7801.205820461033,7801.3610219069715,-0.1552014459391308
2026-06-05 11:00:00,3730.0,-116.6985573804726,7803.301442619531,7803.457590276927,-0.15614765739464492
2026-06-05 12:00:00,3731.0,-114.60271483830942,7805.3972851616945,7805.554158646881,-0.15687348518615332
2026-06-05 13:00:00,3732.0,-112.50665900496202,7807.493340995042,7807.650727016835,-0.15738602179304362
2026-06-05 14:00:00,3733.0,-110.4103973240357,7809.589602675968,7809.74729538679,-0.15769271082142663
2026-06-05 15:00:00,3734.0,-108.31393741036143,7811.6860625896425,7811.843863756744,-0.1578011671017856
2026-06-05 16:00:00,3735.0,-106.21728705711631,7813.782712942888,7813.9404321267,-0.15771918381179034
2026-06-05 17:00:00,3736.0,-104.12045411682757,7815.879545883176,7816.037000496654,-0.1574546134777521
2026-06-05 18:00:00,3737.0,-102.02344641616598,7817.976553583838,7818.133568866609,-0.15701528277117685
2026-06-05 19:00:00,3738.0,-99.92627168923414,7820.07372831077,7820.230137236564,-0.15640892579304305
2026-06-05 20:00:00,3739.0,-97.82893751973543,7822.171062480268,7822.326705606518,-0.15564312624938387
2026-06-05 21:00:00,3740.0,-95.73145128621032,7824.268548713793,7824.423273976472,-0.15472526267857326
2026-06-05 22:00:00,3741.0,-93.633820107185,7826.36617989282,7826.519842346426,-0.15366245360696068
2026-06-05 23:00:00,3742.0,-91.5360507850495,7828.4639492149545,7828.616410716381,-0.15246150142617712
2026-06-06 00:00:00,3743.0,-89.43814974902298,7830.5618502509815,7830.7129790863355,-0.1511288353536272
2026-06-06 01:00:00,3744.0,-87.34012299879923,7832.659877001205,7832.80954745629,-0.14967045508507013
2026-06-06 02:00:00,3745.0,-85.24197605142312,7834.758023948581,7834.906115826245,-0.14809187766337717
2026-06-06 03:00:00,3746.0,-83.14371389461961,7836.856286105385,7837.002684196199,-0.14639809081384073
2026-06-06 04:00:00,3747.0,-81.04534095013796,7838.954659049865,7839.099252566153,-0.14459351628789982
2026-06-06 05:00:00,3748.0,-78.94686105064999,7841.0531389493535,7841.195820936107,-0.14268198675389135
2026-06-06 06:00:00,3749.0,-76.84827743331685,7843.151722566688,7843.292389306062,-0.14066673937446703
2026-06-06 07:00:00,3750.0,-74.7495927523023,7845.250407247702,7845.388957676017,-0.1385504283146716
2026-06-06 08:00:00,3751.0,-72.65080911126373,7847.34919088874,7847.485526045971,-0.1363351572310292
2026-06-06 09:00:00,3752.0,-70.55192811522052,7849.448071884783,7849.582094415927,-0.13402253114399829
2026-06-06 10:00:00,3753.0,-68.45295093922493,7851.547049060779,7851.678662785881,-0.13161372510294123
2026-06-06 11:00:00,3754.0,-66.35387840900324,7853.646121591001,7853.775231155836,-0.12910956483481334
2026-06-06 12:00:00,3755.0,-64.25471108626866,7855.745288913735,7855.87179952579,-0.1265106120550869
2026-06-06 13:00:00,3756.0,-62.155449348820945,7857.844550651183,7857.968367895744,-0.12381724456114077
2026-06-06 14:00:00,3757.0,-60.05609345293786,7859.943906547066,7860.064936265699,-0.12102971863260582
2026-06-06 15:00:00,3758.0,-57.95664356304029,7862.043356436963,7862.161504635654,-0.11814819869021556
2026-06-06 16:00:00,3759.0,-55.85709977387168,7864.142900226133,7864.258073005608,-0.11517277947521327
2026-06-06 17:00:00,3760.0,-53.75746213218077,7866.242537867824,7866.354641375562,-0.11210350773859767
2026-06-06 18:00:00,3761.0,-51.65773062224286,7868.34226937776,7868.451209745517,-0.10894036775611352
2026-06-06 19:00:00,3762.0,-49.55790520313381,7870.442094796869,7870.547778115471,-0.10568331860170627
2026-06-06 20:00:00,3763.0,-47.457985814367056,7872.5420141856375,7872.644346485426,-0.10233229978845212
2026-06-06 21:00:00,3764.0,-45.35797237261776,7874.642027627387,7874.74091485538,-0.0988872279937571
2026-06-06 22:00:00,3765.0,-43.25786476957547,7876.742135230428,7876.837483225335,-0.09534799490655405
2026-06-06 23:00:00,3766.0,-41.1576628758364,7878.842337124168,7878.934051595289,-0.09171447112091231
2026-06-07 00:00:00,3767.0,-39.05736655185919,7880.942633448145,7881.030619965243,-0.0879865170987227
2026-06-07 01:00:00,3768.0,-36.95697566432989,7883.043024335673,7883.127188335197,-0.08416399952416052
2026-06-07 02:00:00,3769.0,-34.85649010473756,7885.143509895266,7885.2237567051525,-0.08024680988586003
2026-06-07 03:00:00,3770.0,-32.75590980643905,7887.244090193565,7887.3203250751085,-0.07623488154300753
2026-06-07 04:00:00,3771.0,-30.65523475684176,7889.344765243163,7889.416893445063,-0.07212820189958873
2026-06-07 05:00:00,3772.0,-28.554465002377942,7891.445534997626,7891.513461815017,-0.06792681739068418
2026-06-07 06:00:00,3773.0,-26.45360064547852,7893.546399354526,7893.610030184971,-0.0636308304454213
2026-06-07 07:00:00,3774.0,-24.352641834556493,7895.647358165447,7895.706598554926,-0.05924038947855752
2026-06-07 08:00:00,3775.0,-22.251588749848178,7897.748411250156,7897.80316692488,-0.05475567472464597
2026-06-07 09:00:00,3776.0,-20.150441589603425,7899.849558410401,7899.8997352948345,-0.05017688443371573
2026-06-07 10:00:00,3777.0,-18.049200562347178,7901.950799437656,7901.99630366479,-0.04550422713290593
2026-06-07 11:00:00,3778.0,-15.947865891559182,7904.052134108445,7904.092872034744,-0.0407379262984716
2026-06-07 12:00:00,3779.0,-13.846437838980972,7906.153562161023,7906.189440404698,-0.035878243675101694
2026-06-07 13:00:00,3780.0,-11.744916751748006,7908.255083248256,7908.286008774652,-0.030925526396574587
2026-06-07 14:00:00,3781.0,-9.643303136603887,7910.3566968633995,7910.382577144607,-0.025880281206978575
2026-06-07 15:00:00,3782.0,-7.541597761580689,7912.458402238424,7912.479145514561,-0.020743276137498136
2026-06-07 16:00:00,3783.0,-5.439801781771061,7914.560198218233,7914.575713884516,-0.015515666282542936
2026-06-07 17:00:00,3784.0,-3.3379168812549116,7916.66208311875,7916.67228225447,-0.010199135720270593
2026-06-07 18:00:00,3785.0,-1.2359454179551816,7918.764054582049,7918.768850624425,-0.0047960423757077595
2026-06-07 19:00:00,3786.0,0.8661096824360404,7920.86610968244,7920.865418994379,0.0006906880609771676
2026-06-07 20:00:00,3787.0,2.9682451826062852,7922.968245182611,7922.961987364333,0.0062578182773156575
2026-06-07 21:00:00,3788.0,5.0704572586605865,7925.070457258666,7925.058555734289,0.011901524375770163
2026-06-07 22:00:00,3789.0,7.172741606171064,7927.172741606175,7927.155124104244,0.017617501931034753
2026-06-07 23:00:00,3790.0,9.27509349220307,7929.275093492208,7929.2516924741985,0.023401018009050152
2026-06-08 00:00:00,3791.0,11.377507782311026,7931.377507782315,7931.348260844153,0.029246938161719874
2026-06-08 01:00:00,3792.0,13.479978955064,7933.479978955068,7933.444829214107,0.03514974096077289
2026-06-08 02:00:00,3793.0,15.582501110897597,7935.582501110902,7935.541397584062,0.041103526840214545
2026-06-08 03:00:00,3794.0,17.685067978563517,7937.6850679785675,7937.637965954016,0.04710202455147855
2026-06-08 04:00:00,3795.0,19.787672920485814,7939.78767292049,7939.73453432397,0.053138596519379286
2026-06-08 05:00:00,3796.0,21.890308937396156,7941.8903089374,7941.831102693925,0.05920624347503499
2026-06-08 06:00:00,3797.0,23.99296867230089,7943.992968672305,7943.92767106388,0.0652976084260142
2026-06-08 07:00:00,3798.0,26.095644413836634,7946.095644413841,7946.024239433834,0.07140498000767352
2026-06-08 08:00:00,3799.0,28.198328099205003,7948.198328099209,7948.120807803788,0.07752029542087058
2026-06-08 09:00:00,3800.0,30.30101131702149,7950.301011317026,7950.217376173742,0.08363514328336945
2026-06-08 10:00:00,3801.0,32.40368531051195,7952.403685310515,7952.313944543697,0.08974076681833407
2026-06-08 11:00:00,3802.0,34.50634098152197,7954.506340981527,7954.4105129136515,0.09582806787495635
2026-06-08 12:00:00,3803.0,36.608968895780315,7956.6089688957845,7956.507081283606,0.10188761217855974
2026-06-08 13:00:00,3804.0,38.711559289796426,7958.711559289801,7958.60364965356,0.10790963624008704
2026-06-08 14:00:00,3805.0,40.814102079699396,7960.814102079704,7960.700218023517,0.11388405618715218
2026-06-08 15:00:00,3806.0,42.91658687226543,7962.916586872269,7962.796786393471,0.11980047879837681
2026-06-08 16:00:00,3807.0,45.019002978347835,7965.019002978352,7964.893354763425,0.12564821492665412
2026-06-08 17:00:00,3808.0,47.12133942892684,7967.121339428931,7966.989923133379,0.13141629555072135
2026-06-08 18:00:00,3809.0,49.22358499403699,7969.223584994042,7969.086491503334,0.13709349070744958
2026-06-08 19:00:00,3810.0,51.325728204901516,7971.325728204906,7971.183059873289,0.14266833161751255
2026-06-08 20:00:00,3811.0,53.42775737969186,7973.427757379695,7973.279628243243,0.14812913645225578
2026-06-08 21:00:00,3812.0,55.529660653425296,7975.529660653429,7975.376196613197,0.1534640402319285
2026-06-08 22:00:00,3813.0,57.63142604332538,7977.63142604333,7977.472764983152,0.1586610601783981
2026-06-08 23:00:00,3814.0,59.73304135822277,7979.733041358226,7979.569333353106,0.1637080051199252
2026-06-09 00:00:00,3815.0,61.834494323858905,7981.834494323862,7981.66590172306,0.16859260080155775
2026-06-09 01:00:00,3816.0,63.935772663621236,7983.935772663625,7983.762470093015,0.17330257061035673
2026-06-09 02:00:00,3817.0,66.03686409412052,7986.036864094125,7985.85903846297,0.17782563115579927
2026-06-09 03:00:00,3818.0,68.13775634863647,7988.13775634864,7987.955606832924,0.18214951571611523
2026-06-09 04:00:00,3819.0,70.2384372176305,7990.238437217634,7990.052175202878,0.18626201475560228
2026-06-09 05:00:00,3820.0,72.33889459813508,7992.33889459814,7992.148743572833,0.19015102530719016
2026-06-09 06:00:00,3821.0,74.43911654634637,7994.43911654635,7994.245311942787,0.19380460356303955
2026-06-09 07:00:00,3822.0,76.53909133004987,7996.539091330053,7996.3418803127415,0.1972110173120672
2026-06-09 08:00:00,3823.0,78.63880747949342,7998.638807479497,7998.4384486826975,0.20035879679950877
2026-06-09 09:00:00,3824.0,80.7382538369098,8000.738253836915,8000.535017052652,0.20323678426255695
2026-06-09 10:00:00,3825.0,82.83741960602242,8002.837419606027,8002.631585422607,0.2058341834204028
2026-06-09 11:00:00,3826.0,84.93629440351432,8004.936294403518,8004.728153792561,0.2081406109574928
2026-06-09 12:00:00,3827.0,87.03486831459469,8007.0348683145985,8006.824722162515,0.2101461520827811
2026-06-09 13:00:00,3828.0,89.13313195448539,8009.13313195449,8008.921290532469,0.21184142201977482
2026-06-09 14:00:00,3829.0,91.23107653691791,8011.231076536921,8011.017858902424,0.21321763449726025
2026-06-09 15:00:00,3830.0,93.32869394965178,8013.328693949655,8013.114427272379,0.21426667727653526
2026-06-09 16:00:00,3831.0,95.42597683568135,8015.425976835685,8015.210995642333,0.2149811933521408
2026-06-09 17:00:00,3832.0,97.52291867727509,8017.5229186772785,8017.307564012287,0.21535466499097036
2026-06-09 18:00:00,3833.0,99.6195138783603,8019.619513878363,8019.404132382242,0.21538149612176544
2026-06-09 19:00:00,3834.0,101.71575783905674,8021.715757839061,8021.500700752196,0.2150570868641119
2026-06-09 20:00:00,3835.0,103.81164701433491,8023.811647014339,8023.5972691221505,0.21437789218824987
2026-06-09 21:00:00,3836.0,105.90717894668076,8025.907178946685,8025.693837492106,0.21334145458003156
2026-06-09 22:00:00,3837.0,108.00235225998645,8028.00235225999,8027.79040586206,0.21194639793099962
2026-06-09 23:00:00,3838.0,110.09716659814659,8030.097166598151,8029.886974232014,0.2101923661362777
2026-06-10 00:00:00,3839.0,112.19162248624633,8032.191622486251,8031.983542601968,0.20807988428274726
2026-06-10 01:00:00,3840.0,114.28572125863923,8034.285721258643,8034.080110971924,0.20561028671904785
2026-06-10 02:00:00,3841.0,116.3794651588343,8036.379465158838,8036.176679341879,0.20278581695898773
2026-06-10 03:00:00,3842.0,118.47285724246926,8038.472857242473,8038.273247711833,0.1996095306393094
2026-06-10 04:00:00,3843.0,120.56590145177894,8040.565901451782,8040.369816081788,0.19608536999494716
2026-06-10 05:00:00,3844.0,122.65860265826508,8042.65860265827,8042.466384451742,0.19221820652751695
2026-06-10 06:00:00,3845.0,124.75096669994694,8044.750966699951,8044.562952821697,0.1880138782543441
2026-06-10 07:00:00,3846.0,126.84300040842146,8046.843000408426,8046.659521191651,0.1834792167748311
2026-06-10 08:00:00,3847.0,128.93471162388812,8048.934711623891,8048.756089561605,0.17862206228633973
2026-06-10 09:00:00,3848.0,131.0261091979361,8051.02610919794,8050.852657931559,0.17345126638022937
2026-06-10 10:00:00,3849.0,133.11720298476115,8053.117202984766,8052.9492263015145,0.1679766832515163
2026-06-10 11:00:00,3850.0,135.20800382189697,8055.208003821901,8055.045794671469,0.16220915043275277
2026-06-10 12:00:00,3851.0,137.29852350171035,8057.298523501715,8057.142363041423,0.15616046029137173
2026-06-10 13:00:00,3852.0,139.38877473491786,8059.388774734922,8059.238931411378,0.14984332354439908
2026-06-10 14:00:00,3853.0,141.47877110730462,8061.478771107308,8061.335499781332,0.1432713259760407
2026-06-10 15:00:00,3854.0,143.56852703068833,8063.568527030691,8063.432068151286,0.13645887940523363
2026-06-10 16:00:00,3855.0,145.65805768899918,8065.658057689004,8065.5286365212405,0.1294211677629801
2026-06-10 17:00:00,3856.0,147.7473789801551,8067.747378980159,8067.625204891196,0.12217408896341053
2026-06-10 18:00:00,3857.0,149.83650745422634,8069.83650745423,8069.72177326115,0.11473419307990725
2026-06-10 19:00:00,3858.0,151.92546024822127,8071.925460248225,8071.818341631106,0.10711861711940857
2026-06-10 20:00:00,3859.0,154.01425501771504,8074.014255017719,8073.91491000106,0.09934501665870143
2026-06-10 21:00:00,3860.0,156.10290986550237,8076.102909865507,8076.011478371014,0.09143149449251924
2026-06-10 22:00:00,3861.0,158.19144326750904,8078.191443267513,8078.108046740969,0.08339652654422523
2026-06-10 23:00:00,3862.0,160.27987399635114,8080.279873996355,8080.204615110923,0.07525888543153669
2026-06-11 00:00:00,3863.0,162.36822104319765,8082.368221043202,8082.301183480878,0.06703756232401129
2026-06-11 01:00:00,3864.0,164.4565035389664,8084.45650353897,8084.397751850833,0.05875168813775671
2026-06-11 02:00:00,3865.0,166.54474067635445,8086.544740676359,8086.494320220787,0.05042045557204593
2026-06-11 03:00:00,3866.0,168.63295163475792,8088.632951634761,8088.590888590741,0.04206304402013597
2026-06-11 04:00:00,3867.0,170.72115550661923,8090.721155506623,8090.687456960695,0.03369854592777356
2026-06-11 05:00:00,3868.0,172.80937117104128,8092.809371171045,8092.78402533065,0.025345840395000506
2026-06-11 06:00:00,3869.0,174.89761724815057,8094.897617248155,8094.880593700605,0.01702354755040976
2026-06-11 07:00:00,3870.0,176.98591203501826,8096.985912035023,8096.977162070559,0.008749964463731972
2026-06-11 08:00:00,3871.0,179.07427341873762,8099.074273418741,8099.073730440513,0.0005429782276371191
2026-06-11 09:00:00,3872.0,-178.8372812033693,8101.162718796635,8101.170298810468,-0.007580013832764441
2026-06-11 10:00:00,3873.0,-176.74873499651443,8103.2512650034905,8103.266867180422,-0.015602176931827309
2026-06-11 11:00:00,3874.0,-174.6600717546919,8105.339928245313,8105.363435550376,-0.0235073050635875
2026-06-11 12:00:00,3875.0,-172.57127596107512,8107.4287240389285,8107.460003920331,-0.031279881402378744
2026-06-11 13:00:00,3876.0,-170.4823328431573,8109.517667156847,8109.556572290287,-0.03890513344031776
2026-06-11 14:00:00,3877.0,-168.39322842298876,8111.606771577015,8111.653140660242,-0.046369083226430026
2026-06-11 15:00:00,3878.0,-166.30394956250794,8113.6960504374965,8113.749709030196,-0.05365859269927375
2026-06-11 16:00:00,3879.0,-164.21448400355217,8115.785515996453,8115.84627740015,-0.06076140369780887
2026-06-11 17:00:00,3880.0,-162.12482040172776,8117.875179598276,8117.942845770105,-0.06766617182814688
2026-06-11 18:00:00,3881.0,-160.03494835298065,8119.965051647025,8120.039414140059,-0.07436249303487151
2026-06-11 19:00:00,3882.0,-157.94485841149566,8122.055141588509,8122.1359825100135,-0.08084092150415202
2026-06-11 20:00:00,3883.0,-155.8545420975164,8124.145457902488,8124.232550879968,-0.0870929774802744
2026-06-11 21:00:00,3884.0,-153.76399189385975,8126.236008106145,8126.329119249923,-0.09311114377751435
2026-06-11 22:00:00,3885.0,-151.67320123032118,8128.326798769683,8128.425687619877,-0.09888885019429972
2026-06-11 23:00:00,3886.0,-149.58216445583983,8130.4178355441645,8130.522255989831,-0.10442044566681823
2026-06-12 00:00:00,3887.0,-147.4908767992008,8132.509123200803,8132.618824359785,-0.109701158982806
2026-06-12 01:00:00,3888.0,-145.39933432016556,8134.60066567984,8134.71539272974,-0.11472704990054414
2026-06-12 02:00:00,3889.0,-143.30753385420286,8136.692466145802,8136.811961099695,-0.119494953892497
2026-06-12 03:00:00,3890.0,-141.21547295540316,8138.784527044601,8138.908529469649,-0.12400242504718031
2026-06-12 04:00:00,3891.0,-139.1231498436907,8140.876850156314,8141.005097839603,-0.12824768328966288
2026-06-12 05:00:00,3892.0,-137.0305633641482,8142.969436635856,8143.101666209558,-0.13222957370140695
2026-06-12 06:00:00,3893.0,-134.9377129682965,8145.0622870317075,8145.198234579514,-0.13594754780618995
2026-06-12 07:00:00,3894.0,-132.84459879047347,8147.15540120953,8147.294802949468,-0.13940173993761404
2026-06-12 08:00:00,3895.0,-130.75122179344123,8149.248778206564,8149.391371319422,-0.14259311285945378
2026-06-12 09:00:00,3896.0,-128.657583723637,8151.342416276368,8151.4879396893775,-0.1455234130095012
2026-06-12 10:00:00,3897.0,-126.56368714369088,8153.436312856314,8153.584508059332,-0.14819520301796402
2026-06-12 11:00:00,3898.0,-124.46953540654498,8155.530464593459,8155.681076429286,-0.1506118358266052
2026-06-12 12:00:00,3899.0,-122.37513258777807,8157.624867412226,8157.77764479924,-0.15277738701386737
2026-06-12 13:00:00,3900.0,-120.28048339835964,8159.719516601645,8159.874213169195,-0.15469656754935715
2026-06-12 14:00:00,3901.0,-118.18559309114903,8161.814406908856,8161.970781539149,-0.15637463029347629
2026-06-12 15:00:00,3902.0,-116.09046736859537,8163.90953263141,8164.0673499091035,-0.15781727769395892
2026-06-12 16:00:00,3903.0,-113.99511229532688,8166.0048877046775,8166.163918279058,-0.1590305743807686
2026-06-12 17:00:00,3904.0,-111.89953421697145,8168.100465783033,8168.260486649013,-0.1600208659800227
2026-06-12 18:00:00,3905.0,-109.80373968513935,8170.196260314866,8170.357055018967,-0.16079470410134825
2026-06-12 19:00:00,3906.0,-107.70773538771229,8172.2922646122925,8172.453623388921,-0.16135877662907971
2026-06-12 20:00:00,3907.0,-105.6115280832106,8174.3884719167945,8174.550191758875,-0.16171984208130988
2026-06-12 21:00:00,3908.0,-103.51512453793063,8176.484875462073,8176.6467601288305,-0.16188466675683705
2026-06-12 22:00:00,3909.0,-101.41853146468081,8178.5814685353225,8178.743328498785,-0.16185996346170253
2026-06-12 23:00:00,3910.0,-99.3217554622527,8180.678244537751,8180.839896868739,-0.16165233098806978
2026-06-13 00:00:00,3911.0,-97.22480295521159,8182.775197044793,8182.936465238695,-0.16126819390250732
2026-06-13 01:00:00,3912.0,-95.12768013414868,8184.872319865856,8185.03303360865,-0.16071374279349346
2026-06-13 02:00:00,3913.0,-93.03039289717309,8186.969607102831,8187.129601978604,-0.15999487577282231
2026-06-13 03:00:00,3914.0,-90.93294679409762,8189.0670532059075,8189.226170348558,-0.15911714265091534
2026-06-13 04:00:00,3915.0,-88.83534697543898,8191.164653024566,8191.3227387185125,-0.15808569394698285
2026-06-13 05:00:00,3916.0,-86.73759814896356,8193.262401851041,8193.419307088467,-0.15690523742585372
2026-06-13 06:00:00,3917.0,-84.63970454700201,8195.360295453002,8195.51587545842,-0.15558000541998965
2026-06-13 07:00:00,3918.0,-82.5416699080794,8197.458330091926,8197.612443828377,-0.15411373645086632
2026-06-13 08:00:00,3919.0,-80.44349747649952,8199.556502523505,8199.709012198331,-0.15250967482511926
2026-06-13 09:00:00,3920.0,-78.34519002333552,8201.65480997667,8201.805580568285,-0.15077059161541623
2026-06-13 10:00:00,3921.0,-76.24674988991471,8203.75325011009,8203.90214893824,-0.14889882814968264
2026-06-13 11:00:00,3922.0,-74.14817904787003,8205.851820952133,8205.998717308194,-0.14689635605997403
2026-06-13 12:00:00,3923.0,-72.04947916879506,8207.95052083121,8208.095285678148,-0.14476484693916786
2026-06-13 13:00:00,3924.0,-69.95065170512997,8210.049348294875,8210.191854048102,-0.1425057532274054
2026-06-13 14:00:00,3925.0,-67.8516979585875,8212.148302041418,8212.288422418058,-0.14012037663930849
2026-06-13 15:00:00,3926.0,-65.75261913071226,8214.247380869292,8214.384990788012,-0.13760991871902334
2026-06-13 16:00:00,3927.0,-63.65341635720509,8216.3465836428,8216.481559157966,-0.1349755151661916
2026-06-13 17:00:00,3928.0,-61.55409072849095,8218.445909271513,8218.57812752792,-0.132218256406455
2026-06-13 18:00:00,3929.0,-59.45464329950906,8220.545356700495,8220.674695897877,-0.12933919738166041
2026-06-13 19:00:00,3930.0,-57.35507509188424,8222.64492490812,8222.77126426783,-0.12633935971080534
2026-06-13 20:00:00,3931.0,-55.255387091538225,8224.744612908466,8224.867832637785,-0.12321972931902327
2026-06-13 21:00:00,3932.0,-53.15558024445997,8226.844419755544,8226.964401007739,-0.1199812521954871
2026-06-13 22:00:00,3933.0,-51.05565545282675,8228.944344547179,8229.060969377693,-0.11662483051608402
2026-06-13 23:00:00,3934.0,-48.955613573012954,8231.044386426991,8231.15753774765,-0.11315132065671377
2026-06-14 00:00:00,3935.0,-46.85545541630557,8233.1445445837,8233.254106117603,-0.10956153390329029
2026-06-14 01:00:00,3936.0,-44.75518175243517,8235.24481824757,8235.350674487558,-0.10585623998872203
2026-06-14 02:00:00,3937.0,-42.65479331539996,8237.345206684604,8237.447242857512,-0.1020361729080855
2026-06-14 03:00:00,3938.0,-40.55429081057371,8239.445709189431,8239.543811227466,-0.09810203803492551
2026-06-14 04:00:00,3939.0,-38.45367492179938,8241.546325078205,8241.64037959742,-0.09405451921638569
2026-06-14 05:00:00,3940.0,-36.352946317107936,8243.647053682897,8243.736947967374,-0.0898942844792762
2026-06-14 06:00:00,3941.0,-34.252105651860255,8245.747894348144,8245.83351633733,-0.0856219891859983
2026-06-14 07:00:00,3942.0,-32.1511535684315,8247.848846431574,8247.930084707285,-0.08123827571048386
2026-06-14 08:00:00,3943.0,-30.050090691917934,8249.949909308087,8250.026653077239,-0.0767437691521309
2026-06-14 09:00:00,3944.0,-27.948917621543323,8252.051082378463,8252.123221447193,-0.07213906873110537
2026-06-14 10:00:00,3945.0,-25.847634917172464,8254.152365082833,8254.219789817147,-0.06742473431459566
2026-06-14 11:00:00,3946.0,-23.746243079199715,8256.253756920803,8256.316358187103,-0.06260126629901534
2026-06-14 12:00:00,3947.0,-21.64474251755336,8258.355257482452,8258.412926557057,-0.05766907460605798
2026-06-14 13:00:00,3948.0,-19.543133557864472,8260.45686644214,8260.509494927011,-0.052628484872412756
2026-06-14 14:00:00,3949.0,-17.44141656113155,8262.558583438873,8262.606063296966,-0.04747985809317335
2026-06-14 15:00:00,3950.0,-15.33959191233332,8264.660408087671,8264.702631666922,-0.042223579250413514
2026-06-14 16:00:00,3951.0,-13.237660189872097,8266.762339810133,8266.799200036876,-0.03686022674301429
2026-06-14 17:00:00,3952.0,-11.13562231390881,8268.864377686095,8268.89576840683,-0.031390720734655236
2026-06-14 18:00:00,3953.0,-9.033479633117038,8270.966520366888,8270.992336776784,-0.02581640989614082
2026-06-14 19:00:00,3954.0,-6.931233966219142,8273.068766033784,8273.088905146738,-0.02013911295352054
2026-06-14 20:00:00,3955.0,-4.828887612086874,8275.171112387916,8275.185473516693,-0.014361128776299512
2026-06-14 21:00:00,3956.0,-2.726443339724986,8277.27355666028,8277.282041886647,-0.008485226367393184
2026-06-14 22:00:00,3957.0,-0.6239043671835142,8279.37609563282,8279.378610256603,-0.0025146237812913815
2026-06-14 23:00:00,3958.0,1.4787256636305186,8281.478725663635,8281.475178626557,0.0035470370793694414
2026-06-15 00:00:00,3959.0,3.581442711155931,8283.58144271116,8283.571746996511,0.009695714649456448
2026-06-15 01:00:00,3960.0,5.6842423540150895,8285.684242354018,8285.668315366465,0.015926987553701182
2026-06-15 02:00:00,3961.0,7.787119804631127,8287.787119804636,8287.76488373642,0.02223606821560605
2026-06-15 03:00:00,3962.0,9.89006991609344,8289.890069916099,8289.861452106374,0.028617809724592658
2026-06-15 04:00:00,3963.0,11.993087182831518,8291.993087182835,8291.958020476328,0.03506670650692073
2026-06-15 05:00:00,3964.0,14.096165736475424,8294.09616573648,8294.054588846284,0.041576890195954154
2026-06-15 06:00:00,3965.0,16.199299338785035,8296.199299338788,8296.151157216238,0.048142122550058
2026-06-15 07:00:00,3966.0,18.302481373683626,8298.302481373688,8298.247725586194,0.054755787494392756
2026-06-15 08:00:00,3967.0,20.405704840212547,8300.405704840217,8300.344293956148,0.06141088406975179
2026-06-15 09:00:00,3968.0,22.508962347627612,8302.508962347632,8302.440862326102,0.06810002152931645
2026-06-15 10:00:00,3969.0,24.612246112900287,8304.612246112905,8304.537430696057,0.07481541684876529
2026-06-15 11:00:00,3970.0,26.715547959608482,8306.715547959613,8306.63399906601,0.08154889360264757
2026-06-15 12:00:00,3971.0,28.818859315665073,8308.81885931567,8308.730567435965,0.08829187970410313
2026-06-15 13:00:00,3972.0,30.922171205620998,8310.922171205626,8310.82713580592,0.09503539970557907
2026-06-15 14:00:00,3973.0,33.025474231499814,8313.025474231505,8312.923704175875,0.10177005563041552
2026-06-15 15:00:00,3974.0,35.12875853438972,8315.128758534394,8315.02027254583,0.10848598856599394
2026-06-15 16:00:00,3975.0,37.23201383783103,8317.232013837835,8317.116840915784,0.11517292205199897
2026-06-15 17:00:00,3976.0,39.33522953279269,8319.335229532797,8319.213409285738,0.12182024705914003
2026-06-15 18:00:00,3977.0,41.438394572982034,8321.438394572986,8321.309977655692,0.12841691729485824
2026-06-15 19:00:00,3978.0,43.54149751663782,8323.541497516642,8323.406546025646,0.13495149099571313
2026-06-15 20:00:00,3979.0,45.644526543093484,8325.644526543098,8325.5031143956,0.14141214749680048
2026-06-15 21:00:00,3980.0,47.747469470734565,8327.74746947074,8327.599682765554,0.1477867051837187
2026-06-15 22:00:00,3981.0,49.85031377712257,8329.850313777126,8329.69625113551,0.15406264161687994
2026-06-15 23:00:00,3982.0,51.95304662189101,8331.953046621895,8331.792819505466,0.16022711642906107
2026-06-16 00:00:00,3983.0,54.055654872850866,8334.055654872856,8333.88938787542,0.16626699743587461
2026-06-16 01:00:00,3984.0,56.158125135580455,8336.158125135584,8335.985956245375,0.1721688902099404
2026-06-16 02:00:00,3985.0,58.26044378663018,8338.260443786636,8338.082524615329,0.17791917130602822
2026-06-16 03:00:00,3986.0,60.362597010351536,8340.362597010355,8340.179092985283,0.18350402507203453
2026-06-16 04:00:00,3987.0,62.464570839273755,8342.464570839278,8342.275661355237,0.18890948404090724
2026-06-16 05:00:00,3988.0,64.56635119790204,8344.566351197907,8344.372229725192,0.1941214727146195
2026-06-16 06:00:00,3989.0,66.6679239498044,8346.667923949808,8346.468798095148,0.19912585466202704
2026-06-16 07:00:00,3990.0,68.76927494788174,8348.769274947887,8348.565366465102,0.20390848278567736
2026-06-16 08:00:00,3991.0,70.87039008777116,8350.870390087775,8350.661934835056,0.2084552527201169
2026-06-16 09:00:00,3992.0,72.9712553643988,8352.971255364402,8352.75850320501,0.21275215939263634
2026-06-16 10:00:00,3993.0,75.07185693175741,8355.071856931761,8354.855071574964,0.21678535679693603
2026-06-16 11:00:00,3994.0,77.17218116602183,8357.172181166026,8356.951639944918,0.22054122110672988
2026-06-16 12:00:00,3995.0,79.27221473213542,8359.27221473214,8359.048208314873,0.2240064172660774
2026-06-16 13:00:00,3996.0,81.37194465403506,8361.371944654038,8361.144776684827,0.22716796921114552
2026-06-16 14:00:00,3997.0,83.4713583888288,8363.471358388833,8363.241345054783,0.2300133340507183
2026-06-16 15:00:00,3998.0,85.57044390568655,8365.570443905692,8365.337913424737,0.2325304809545376
2026-06-16 16:00:00,3999.0,87.66918977127924,8367.669189771284,8367.434481794693,0.23470797659124604
2026-06-16 17:00:00,4000.0,89.76758524583519,8369.76758524584,8369.531050164647,0.23653508119192668
2026-06-16 18:00:00,4001.0,91.86562039807038,8371.865620398074,8371.627618534601,0.23800186347265292
2026-06-16 19:00:00,4002.0,93.96328626107491,8373.96328626108,8373.724186904556,0.23909935652380376
2026-06-16 20:00:00,4003.0,96.06057472889015,8376.060574728896,8375.82075527451,0.23981945438432864
2026-06-16 21:00:00,4004.0,98.157478798037,8378.157478798043,8377.917323644464,0.24015515357744652
2026-06-16 22:00:00,4005.0,100.25399268123998,8380.253992681244,8380.01389201442,0.2401006668248901
2026-06-16 23:00:00,4006.0,102.35011172737963,8382.350111727385,8382.110460384374,0.23965134301051186
2026-06-17 00:00:00,4007.0,104.4458323407197,8384.445832340725,8384.207028754328,0.2388035863964342
2026-06-17 01:00:00,4008.0,106.54115191897799,8386.541151918982,8386.303597124283,0.23755479469983806
2026-06-17 02:00:00,4009.0,108.63606881844694,8388.636068818452,8388.400165494237,0.23590332421494942
2026-06-17 03:00:00,4010.0,110.7305823468196,8390.730582346825,8390.49673386419,0.23384848263322963
2026-06-17 04:00:00,4011.0,112.82469277966516,8392.824692779668,8392.593302234145,0.2313905455232287
2026-06-17 05:00:00,4012.0,114.91840139390207,8394.918401393907,8394.6898706041,0.2285307898065087
2026-06-17 06:00:00,4013.0,117.01171051058652,8397.011710510591,8396.786438974055,0.22527153653686718
2026-06-17 07:00:00,4014.0,119.10462353945289,8399.104623539457,8398.88300734401,0.2216161954480516
2026-06-17 08:00:00,4015.0,121.19714501858034,8401.197145018585,8400.979575713964,0.2175693046210263
2026-06-17 09:00:00,4016.0,123.28928064404526,8403.289280644049,8403.076144083918,0.2131365601314241
2026-06-17 10:00:00,4017.0,125.38103728621311,8405.381037286217,8405.172712453874,0.20832483234375684
2026-06-17 11:00:00,4018.0,127.47242299121818,8407.472422991223,8407.269280823828,0.20314216739492794
2026-06-17 12:00:00,4019.0,129.56344696797163,8409.563446967975,8409.365849193782,0.19759777419273544
2026-06-17 13:00:00,4020.0,131.65411956254985,8411.654119562554,8411.462417563736,0.19170199881673244
2026-06-17 14:00:00,4021.0,133.7444522228649,8413.744452222869,8413.558985933692,0.18546628917773547
2026-06-17 15:00:00,4022.0,135.83445745696233,8415.834457456967,8415.655554303647,0.1789031533215159
2026-06-17 16:00:00,4023.0,137.92414878798218,8417.924148787986,8417.7521226736,0.17202611438603901
2026-06-17 17:00:00,4024.0,140.01354070765618,8420.013540707661,8419.848691043555,0.16484966410613106
2026-06-17 18:00:00,4025.0,142.1026486281098,8422.102648628113,8421.94525941351,0.15738921460502306
2026-06-17 19:00:00,4026.0,144.19148882865088,8424.191488828656,8424.041827783463,0.14966104519145706
2026-06-17 20:00:00,4027.0,146.2800783901429,8426.280078390148,8426.138396153417,0.14168223672850777
2026-06-17 21:00:00,4028.0,148.36843510451268,8428.368435104518,8428.234964523372,0.13347058114420637
2026-06-17 22:00:00,4029.0,150.45657740096135,8430.456577400966,8430.331532893328,0.12504450763860103
2026-06-17 23:00:00,4030.0,152.5445243240766,8432.544524324081,8432.428101263282,0.1164230607990978
2026-06-18 00:00:00,4031.0,154.63229541421092,8434.632295414216,8434.524669633236,0.1076257809798501
2026-06-18 01:00:00,4032.0,156.71991063815346,8436.719910638158,8436.62123800319,0.09867263496749858
2026-06-18 02:00:00,4033.0,158.80739030935524,8438.80739030936,8438.717806373144,0.08958393621509884
2026-06-18 03:00:00,4034.0,160.8947550058693,8440.894755005875,8440.814374743099,0.08038026277505778
2026-06-18 04:00:00,4035.0,162.98202548661334,8442.982025486617,8442.910943113055,0.07108237356291477
2026-06-18 05:00:00,4036.0,165.0692226065886,8445.069222606593,8445.007511483009,0.061711123583804164
2026-06-18 06:00:00,4037.0,167.15636723170866,8447.156367231713,8447.104079852965,0.05228737874854972
2026-06-18 07:00:00,4038.0,169.24348015388955,8449.243480153895,8449.200648222919,0.04283193097636533
2026-06-18 08:00:00,4039.0,171.33058200703562,8451.33058200704,8451.297216592873,0.03336541416714476
2026-06-18 09:00:00,4040.0,173.41769318451816,8453.417693184521,8453.393784962827,0.02390822169471808
2026-06-18 10:00:00,4041.0,175.50483375870067,8455.504833758705,8455.490353332782,0.014480425922635598
2026-06-18 11:00:00,4042.0,177.59202340301186,8457.592023403016,8457.586921702736,0.005101700279865701
2026-06-18 12:00:00,4043.0,179.67928131703292,8459.679281317038,8459.68349007269,-0.004208755652514335
2026-06-18 13:00:00,4044.0,-178.2333738449465,8461.766626155058,8461.780058442646,-0.013432287586041819
2026-06-18 14:00:00,4045.0,-176.14592404141993,8463.854075958585,8463.8766268126,-0.022550854014101653
2026-06-18 15:00:00,4046.0,-174.05835190664013,8465.941648093365,8465.973195182554,-0.03154708918874102
2026-06-18 16:00:00,4047.0,-171.97064080839104,8468.029359191614,8468.069763552508,-0.04040436089460552
2026-06-18 17:00:00,4048.0,-169.88277489971668,8470.117225100288,8470.166331922463,-0.04910682217483428
2026-06-18 18:00:00,4049.0,-167.79473916363602,8472.205260836368,8472.262900292417,-0.05763945604813209
2026-06-18 19:00:00,4050.0,-165.7065194498387,8474.293480550166,8474.359468662371,-0.0659881122057549
2026-06-18 20:00:00,4051.0,-163.61810250253,8476.381897497475,8476.456037032325,-0.0741395348513884
2026-06-18 21:00:00,4052.0,-161.5294759791197,8478.470524020884,8478.552605402281,-0.0820813813973135
2026-06-18 22:00:00,4053.0,-159.44062846050772,8480.559371539497,8480.649173772237,-0.089802232739888
2026-06-18 23:00:00,4054.0,-157.35154945549218,8482.648450544513,8482.745742142191,-0.09729159767751512
2026-06-19 00:00:00,4055.0,-155.26222940449622,8484.73777059551,8484.842310512146,-0.10453991663652343
2026-06-19 01:00:00,4056.0,-153.1726596514408,8486.827340348565,8486.9388788821,-0.11153853353491135
2026-06-19 02:00:00,4057.0,-151.08283232547305,8488.917167674532,8489.035447252054,-0.11827957752311576
2026-06-19 03:00:00,4058.0,-148.99274045714196,8491.007259542863,8491.132015622008,-0.12475607914580758
2026-06-19 04:00:00,4059.0,-146.90237783973606,8493.097622160269,8493.228583991962,-0.13096183169454148
2026-06-19 05:00:00,4060.0,-144.81173893095917,8495.188261069045,8495.325152361918,-0.13689129287253657
2026-06-19 06:00:00,4061.0,-142.72081885464092,8497.279181145364,8497.421720731872,-0.14253958650779966
2026-06-19 07:00:00,4062.0,-140.62961345421013,8499.370386545796,8499.518289101827,-0.1479025560312259
2026-06-19 08:00:00,4063.0,-138.53811936356755,8501.461880636438,8501.61485747178,-0.15297683534322487
2026-06-19 09:00:00,4064.0,-136.44633407209963,8503.553665927906,8503.711425841735,-0.15775991382934698
2026-06-19 10:00:00,4065.0,-134.35425596941275,8505.645744030593,8505.80799421169,-0.162250181096897
2026-06-19 11:00:00,4066.0,-132.26188436234406,8507.738115637661,8507.904562581643,-0.16644694398240326
2026-06-19 12:00:00,4067.0,-130.16921946222007,8509.830780537784,8510.001130951598,-0.1703504138139285
2026-06-19 13:00:00,4068.0,-128.07626234439167,8511.923737655614,8512.097699321554,-0.17396166593935145
2026-06-19 14:00:00,4069.0,-125.98301488492284,8514.016985115082,8514.194267691508,-0.17728257642549164
2026-06-19 15:00:00,4070.0,-123.88947968105411,8516.11052031895,8516.290836061464,-0.18031574251187704
2026-06-19 16:00:00,4071.0,-121.79565996279176,8518.204340037213,8518.387404431418,-0.18306439420414797
2026-06-19 17:00:00,4072.0,-119.70155950277648,8520.298440497227,8520.483972801372,-0.18553230414456723
2026-06-19 18:00:00,4073.0,-117.60718253056221,8522.392817469443,8522.580541171326,-0.18772370188421414
2026-06-19 19:00:00,4074.0,-115.51253365571228,8524.487466344293,8524.67710954128,-0.18964319698785925
2026-06-19 20:00:00,4075.0,-113.41761780184697,8526.582382198158,8526.773677911235,-0.19129571307709697
2026-06-19 21:00:00,4076.0,-111.32244015113672,8528.677559848868,8528.87024628119,-0.19268643232157515
2026-06-19 22:00:00,4077.0,-109.22700609593666,8530.77299390407,8530.966814651145,-0.1938207470758367
2026-06-19 23:00:00,4078.0,-107.13132119154157,8532.868678808463,8533.063383021099,-0.19470421263490248
2026-06-20 00:00:00,4079.0,-105.03539110165111,8534.964608898354,8535.159951391053,-0.19534249269931017
2026-06-20 01:00:00,4080.0,-102.93922152634921,8537.060778473655,8537.256519761007,-0.19574128735229326
2026-06-20 02:00:00,4081.0,-100.84281810148276,8539.157181898521,8539.353088130962,-0.19590623243985486
2026-06-20 03:00:00,4082.0,-98.74618625854495,8541.25381374146,8541.449656500916,-0.19584275945618942
2026-06-20 04:00:00,4083.0,-96.64933131234703,8543.350668687659,8543.54622487087,-0.1955561832125936
2026-06-20 05:00:00,4084.0,-94.55225846323512,8545.44774153677,8545.642793240826,-0.19505170405540714
2026-06-20 06:00:00,4085.0,-92.45497258597396,8547.545027414031,8547.73936161078,-0.19433419674801922
2026-06-20 07:00:00,4086.0,-90.35747829820775,8549.642521701797,8549.835929980734,-0.1934082789371679
2026-06-20 08:00:00,4087.0,-88.25977989129666,8551.740220108708,8551.932498350689,-0.19227824197989601
2026-06-20 09:00:00,4088.0,-86.16188130825206,8553.838118691754,8554.029066720645,-0.19094802889116264
2026-06-20 10:00:00,4089.0,-84.06378615855473,8555.936213841449,8556.125635090599,-0.18942124914965577
2026-06-20 11:00:00,4090.0,-81.96549775930143,8558.034502240704,8558.222203460553,-0.18770121985020072
2026-06-20 12:00:00,4091.0,-79.8670191925005,8560.132980807504,8560.318771830507,-0.1857910230038189
2026-06-20 13:00:00,4092.0,-77.76835336929578,8562.23164663071,8562.415340200463,-0.18369356975378848
2026-06-20 14:00:00,4093.0,-75.669503093303,8564.330496906701,8564.511908570417,-0.18141166371560205
2026-06-20 15:00:00,4094.0,-73.57047111695914,8566.429528883045,8566.608476940371,-0.17894805732601432
2026-06-20 16:00:00,4095.0,-71.47126018667548,8568.52873981333,8568.705045310326,-0.17630549699653716
2026-06-20 17:00:00,4096.0,-69.37187307451336,8570.628126925492,8570.80161368028,-0.1734867547883039
2026-06-20 18:00:00,4097.0,-67.27231259593806,8572.727687404067,8572.898182050234,-0.170494646166994
2026-06-20 19:00:00,4098.0,-65.1725816148208,8574.827418385183,8574.994750420188,-0.1673320350054134
2026-06-20 20:00:00,4099.0,-63.07268303813654,8576.927316961868,8577.091318790142,-0.16400182827476673
2026-06-20 21:00:00,4100.0,-60.972619803642964,8579.027380196363,8579.187887160098,-0.16050696373524925
2026-06-20 22:00:00,4101.0,-58.872394864149165,8581.127605135855,8581.284455530053,-0.1568503941971357
2026-06-20 23:00:00,4102.0,-56.772011171750414,8583.227988828254,8583.381023900007,-0.153035071752557
2026-06-21 00:00:00,4103.0,-54.67147166464154,8585.328528335363,8585.477592269961,-0.14906393459813147
2026-06-21 01:00:00,4104.0,-52.57077925791884,8587.429220742086,8587.574160639915,-0.1449398978293708
2026-06-21 02:00:00,4105.0,-50.46993683835052,8589.530063161656,8589.670729009871,-0.14066584821663192
2026-06-21 03:00:00,4106.0,-48.36894726178191,8591.631052738223,8591.767297379825,-0.1362446416028633
2026-06-21 04:00:00,4107.0,-46.26781335117653,8593.732186648827,8593.86386574978,-0.13167910095272906
2026-06-21 05:00:00,4108.0,-44.16653789402611,8595.83346210598,8595.960434119736,-0.12697201375524098
2026-06-21 06:00:00,4109.0,-42.06512364101489,8597.93487635899,8598.05700248969,-0.12212613069983327
2026-06-21 07:00:00,4110.0,-39.963573430983786,8600.036426569022,8600.153570859644,-0.11714429062198536
2026-06-21 08:00:00,4111.0,-37.86188979000457,8602.13811021,8602.250139229598,-0.11202901959822256
2026-06-21 09:00:00,4112.0,-35.76007519477038,8604.239924805235,8604.346707599552,-0.10678279431762065
2026-06-21 10:00:00,4113.0,-33.65813223016491,8606.341867769841,8606.443275969506,-0.10140819966633148
2026-06-21 11:00:00,4114.0,-31.556063414056837,8608.443936585947,8608.53984433946,-0.09590775351352263
2026-06-21 12:00:00,4115.0,-29.45387109613747,8610.546128903869,8610.636412709415,-0.090283805547551
2026-06-21 13:00:00,4116.0,-27.35155742767153,8612.648442572332,8612.73298107937,-0.08453850703738629
2026-06-21 14:00:00,4117.0,-25.2491243906159,8614.750875609388,8614.829549449325,-0.078673839936162
2026-06-21 15:00:00,4118.0,-23.146573870110394,8616.853426129894,8616.92611781928,-0.07269168938438764
2026-06-21 16:00:00,4119.0,-21.043907752842703,8618.956092247163,8619.022686189233,-0.06659394207122289
2026-06-21 17:00:00,4120.0,-18.94112803446768,8621.058871965537,8621.119254559188,-0.06038259364990066
2026-06-21 18:00:00,4121.0,-16.83823692151319,8623.161763078491,8623.215822929142,-0.05405985065063764
2026-06-21 19:00:00,4122.0,-14.735236916526217,8625.26476308348,8625.312391299096,-0.04762821561731496
2026-06-21 20:00:00,4123.0,-12.632130879169516,8627.367869120835,8627.408959669052,-0.041090548218096046
2026-06-21 21:00:00,4124.0,-10.528922060167158,8629.471077939837,8629.505528039008,-0.03445009916917198
2026-06-21 22:00:00,4125.0,-8.425614109049262,8631.574385890955,8631.602096408962,-0.027710518005696214
2026-06-21 23:00:00,4126.0,-6.322211060208486,8633.677788939796,8633.698664778916,-0.020875839119505787
2026-06-22 00:00:00,4127.0,-4.218717304530669,8635.781282695474,8635.79523314887,-0.013950453396512203
2026-06-22 01:00:00,4128.0,-2.1151375555065903,8637.884862444498,8637.891801518825,-0.00693907432715341
2026-06-22 02:00:00,4129.0,-0.011476819018363789,8639.988523180988,8639.988369888779,0.0001532922077561015
2026-06-22 03:00:00,4130.0,2.09225962527914,8642.092259625284,8642.084938258733,0.007321366550140197
2026-06-22 04:00:00,4131.0,4.196066226037049,8644.196066226043,8644.181506628687,0.01455959735395474
2026-06-22 05:00:00,4132.0,6.299937145561322,8646.299937145566,8646.278074998643,0.02186214692430629
2026-06-22 06:00:00,4133.0,8.403866234778985,8648.403866234783,8648.374643368597,0.029222866186639426
2026-06-22 07:00:00,4134.0,10.50784701241648,8650.50784701242,8650.471211738552,0.03663527387033713
2026-06-22 08:00:00,4135.0,12.611872672792607,8652.611872672796,8652.567780108506,0.04409256429105466
2026-06-22 09:00:00,4136.0,14.715936157766455,8654.715936157772,8654.66434847846,0.05158767931165976
2026-06-22 10:00:00,4137.0,16.820030120513003,8656.820030120518,8656.760916848414,0.05911327210283995
2026-06-22 11:00:00,4138.0,18.9241467482415,8658.924146748246,8658.857485218368,0.06666152987720282
2026-06-22 12:00:00,4139.0,21.028277920460464,8661.028277920464,8660.954053588324,0.07422433214146364
2026-06-22 13:00:00,4140.0,23.132415149167358,8663.132415149174,8663.050621958278,0.08179319089509643
2026-06-22 14:00:00,4141.0,25.23654956922473,8665.236549569228,8665.147190328235,0.08935924099483088
2026-06-22 15:00:00,4142.0,27.340671930613322,8667.340671930619,8667.243758698189,0.096913232429314
2026-06-22 16:00:00,4143.0,29.444772592886576,8669.444772592891,8669.340327068143,0.10444552474820323
2026-06-22 17:00:00,4144.0,31.548841522113516,8671.548841522119,8671.436895438097,0.11194608402186144
2026-06-22 18:00:00,4145.0,33.65286829055271,8673.652868290557,8673.533463808051,0.11940448250589757
2026-06-22 19:00:00,4146.0,35.756842079256664,8675.756842079261,8675.630032178005,0.1268099012548191
2026-06-22 20:00:00,4147.0,37.86075168377056,8677.860751683776,8677.72660054796,0.13415113581507243
2026-06-22 21:00:00,4148.0,39.964585523065075,8679.96458552307,8679.823168917916,0.14141660515542964
2026-06-22 22:00:00,4149.0,42.06833165182765,8682.068331651833,8681.91973728787,0.14859436396336909
2026-06-22 23:00:00,4150.0,44.17197777622425,8684.171977776228,8684.016305657824,0.15567211840515657
2026-06-23 00:00:00,4151.0,46.27551127322592,8686.27551127323,8686.112874027778,0.16263724545221853
2026-06-23 01:00:00,4152.0,48.37891921356298,8688.378919213568,8688.209442397732,0.16947681583568866
2026-06-23 02:00:00,4153.0,50.48218838832018,8690.482188388325,8690.306010767687,0.17617762063726997
2026-06-23 03:00:00,4154.0,52.585305339119174,8692.585305339124,8692.40257913764,0.18272620148221494
2026-06-23 04:00:00,4155.0,54.68825639176212,8694.688256391768,8694.499147507597,0.18910888417157934
2026-06-23 05:00:00,4156.0,56.791027693151655,8696.791027693156,8696.59571587755,0.1953118156055614
2026-06-23 06:00:00,4157.0,58.893605251282274,8698.893605251287,8698.692284247505,0.20132100378297188
2026-06-23 07:00:00,4158.0,60.99597497813696,8700.995974978143,8700.788852617461,0.2071223606814211
2026-06-23 08:00:00,4159.0,63.09812273541677,8703.098122735422,8702.885420987415,0.2127017480068248
2026-06-23 09:00:00,4160.0,65.20003438312246,8705.200034383126,8704.98198935737,0.21804502575686105
2026-06-23 10:00:00,4161.0,67.3016958309412,8707.301695830945,8707.078557727324,0.2231381036211764
2026-06-23 11:00:00,4162.0,69.40309309185045,8709.403093091856,8709.175126097278,0.2279669945767348
2026-06-23 12:00:00,4163.0,71.50421233577588,8711.504212335782,8711.271694467234,0.23251786854830422
2026-06-23 13:00:00,4164.0,73.60503996307558,8713.60503996308,8713.368262837188,0.23677712589362038
2026-06-23 14:00:00,4165.0,75.70556258782862,8715.705562587835,8715.464831207142,0.2407313806922945
2026-06-23 15:00:00,4166.0,77.8057672630084,8717.805767263013,8717.561399577096,0.24436768591727848
2026-06-23 16:00:00,4167.0,79.90564148679718,8719.905641486803,8719.65796794705,0.24767353975159925
2026-06-23 17:00:00,4168.0,82.00517320888636,8722.00517320889,8721.754536317005,0.25063689188555166
2026-06-23 18:00:00,4169.0,84.1043509323213,8724.104350932326,8723.851104686959,0.25324624536609974
2026-06-23 19:00:00,4170.0,86.20316384931195,8726.203163849317,8725.947673056913,0.25549079240259237
2026-06-23 20:00:00,4171.0,88.30160197163188,8728.301601971636,8728.04424142687,0.25736054476767334
2026-06-23 21:00:00,4172.0,90.39965623330077,8730.399656233305,8730.140809796823,0.25884643648207406
2026-06-23 22:00:00,4173.0,92.49731855609213,8732.497318556098,8732.237378166777,0.25994038932040225
2026-06-23 23:00:00,4174.0,94.59458187773065,8734.594581877736,8734.333946536732,0.26063534100439256
2026-06-24 00:00:00,4175.0,96.69144014899092,8736.691440148996,8736.430514906686,0.2609252423091617
2026-06-24 01:00:00,4176.0,98.78788830972579,8738.787888309731,8738.527083276642,0.26080503308925584
2026-06-24 02:00:00,4177.0,100.8839222555111,8740.883922255516,8740.623651646596,0.2602706089199754
2026-06-24 03:00:00,4178.0,102.97953880643004,8742.979538806434,8742.72022001655,0.25931878988336055
2026-06-24 04:00:00,4179.0,105.07473568786054,8745.074735687866,8744.816788386506,0.2579473013606942
2026-06-24 05:00:00,4180.0,107.16951153030008,8747.169511530305,8746.91335675646,0.25615477384523094
2026-06-24 06:00:00,4181.0,109.26386589161622,8749.26386589162,8749.009925126415,0.2539407652062834
2026-06-24 07:00:00,4182.0,111.35779930101147,8751.357799301017,8751.106493496369,0.2513058046474394
2026-06-24 08:00:00,4183.0,113.4513133198361,8753.45131331984,8753.203061866323,0.24825145351754638
2026-06-24 09:00:00,4184.0,115.54441061057561,8755.54441061058,8755.299630236277,0.2447803743029979
2026-06-24 10:00:00,4185.0,117.63709500230512,8757.63709500231,8757.396198606231,0.240896396078155
2026-06-24 11:00:00,4186.0,119.72937153905767,8759.729371539062,8759.492766976186,0.23660456287664658
2026-06-24 12:00:00,4187.0,121.82124649730613,8761.82124649731,8761.589335346142,0.23191115116945882
2026-06-24 13:00:00,4188.0,123.91272736049525,8763.912727360499,8763.685903716096,0.2268236444042133
2026-06-24 14:00:00,4189.0,126.00382274263036,8766.003822742636,8765.78247208605,0.22135065658554712
2026-06-24 15:00:00,4190.0,128.0945422596361,8768.09454225964,8767.879040456004,0.21550180363617938
2026-06-24 16:00:00,4191.0,130.18489668889256,8770.184896688897,8769.975608825958,0.20928786293882645
2026-06-24 17:00:00,4192.0,132.27489813274656,8772.274898132751,8772.072177195912,0.202720936838493
2026-06-24 18:00:00,4193.0,134.3645596362217,8774.364559636226,8774.168745565867,0.19581407035872986
2026-06-24 19:00:00,4194.0,136.45389526177743,8776.453895261782,8776.265313935823,0.18858132595861288
2026-06-24 20:00:00,4195.0,138.5429200392634,8778.542920039268,8778.361882305779,0.18103773349065852
2026-06-24 21:00:00,4196.0,140.63164991113206,8780.631649911138,8780.458450675733,0.17319923540531215
2026-06-24 22:00:00,4197.0,142.72010167322242,8782.720101673227,8782.555019045687,0.16508262754072406
2026-06-24 23:00:00,4198.0,144.80829291140827,8784.808292911412,8784.651587415641,0.1567054957713928
2026-06-25 00:00:00,4199.0,146.8962419343885,8786.896241934393,8786.748155785595,0.14808614879739604
2026-06-25 01:00:00,4200.0,148.98396770289665,8788.983967702901,8788.84472415555,0.1392435473510447
2026-06-25 02:00:00,4201.0,151.07148975562714,8791.071489755632,8790.941292525504,0.1301972301271077
2026-06-25 03:00:00,4202.0,153.15882813221842,8793.158828132222,8793.037860895458,0.12096723676392487
2026-06-25 04:00:00,4203.0,155.24600329369608,8795.2460032937,8795.134429265414,0.11157402828740365
2026-06-25 05:00:00,4204.0,157.33303604085808,8797.333036040862,8797.230997635368,0.1020384054950346
2026-06-25 06:00:00,4205.0,159.41994743115885,8799.419947431164,8799.327566005322,0.09238142584173818
2026-06-25 07:00:00,4206.0,161.50675869470118,8801.506758694706,8801.424134375276,0.08262431943006743
2026-06-25 08:00:00,4207.0,163.59349114995166,8803.593491149955,8803.52070274523,0.07278840472520351
2026-06-25 09:00:00,4208.0,165.68016611973056,8805.680166119735,8805.617271115185,0.06289500455004375
2026-06-25 10:00:00,4209.0,167.76680484788835,8807.766804847892,8807.713839485139,0.052965362752836934
2026-06-25 11:00:00,4210.0,169.85342841688475,8809.853428416889,8809.810407855095,0.04302056179488954
2026-06-25 12:00:00,4211.0,171.94005766629482,8811.940057666301,8811.906976225051,0.0330814412502006
2026-06-25 13:00:00,4212.0,174.02671311221673,8814.026713112222,8814.003544595005,0.02316851721702512
2026-06-25 14:00:00,4213.0,176.11341486787128,8816.113414867876,8816.10011296496,0.013301902916573292
2026-06-25 15:00:00,4214.0,178.20018256671997,8818.200182566725,8818.196681334914,0.0035012318109124848
2026-06-25 16:00:00,4215.0,-179.71296470830256,8820.287035291702,8820.293249704868,-0.006214413165951969
2026-06-25 17:00:00,4216.0,-177.6260084816439,8822.373991518361,8822.389818074822,-0.01582655646031359
2026-06-25 18:00:00,4217.0,-175.5389309132213,8824.461069086785,8824.486386444776,-0.02531735799268059
2026-06-25 19:00:00,4218.0,-173.45171472146626,8826.548285278539,8826.58295481473,-0.03466953619262724
2026-06-25 20:00:00,4219.0,-171.36434374886514,8828.63565625114,8828.679523184686,-0.04386693354599491
2026-06-25 21:00:00,4220.0,-169.27680259508855,8830.723197404917,8830.77609155464,-0.05289414972274396
2026-06-25 22:00:00,4221.0,-167.18907649147215,8832.810923508534,8832.872659924595,-0.06173641606137585
2026-06-25 23:00:00,4222.0,-165.1011514977036,8834.898848502302,8834.969228294549,-0.0703797922475137
2026-06-26 00:00:00,4223.0,-163.0130145875214,8836.986985412485,8837.065796664503,-0.0788112520189099
2026-06-26 01:00:00,4224.0,-160.92465365753802,8839.075346342468,8839.162365034457,-0.08701869198998405
2026-06-26 02:00:00,4225.0,-158.8360574897968,8841.163942510208,8841.258933404411,-0.09499089420412492
2026-06-26 03:00:00,4226.0,-156.74721569394015,8843.252784306065,8843.355501774367,-0.10271746830113022
2026-06-26 04:00:00,4227.0,-154.65811864939485,8845.34188135061,8845.452070144322,-0.11018879371070171
2026-06-26 05:00:00,4228.0,-152.5687574621576,8847.431242537848,8847.548638514276,-0.11739597642702768
2026-06-26 06:00:00,4229.0,-150.47912394491635,8849.52087605509,8849.645206884232,-0.12433082914176617
2026-06-26 07:00:00,4230.0,-148.38921062367083,8851.610789376333,8851.741775254186,-0.1309858778522708
2026-06-26 08:00:00,4231.0,-146.29901076899213,8853.700989231012,8853.83834362414,-0.1373543931277154
2026-06-26 09:00:00,4232.0,-144.20851844584806,8855.791481554157,8855.934911994094,-0.14343043993785196
2026-06-26 10:00:00,4233.0,-142.11772857275423,8857.882271427252,8858.031480364049,-0.14920893679809652
2026-06-26 11:00:00,4234.0,-140.0266369791034,8859.973363020901,8860.128048734003,-0.1546857131021571
2026-06-26 12:00:00,4235.0,-137.9352404490464,8862.06475955096,8862.224617103959,-0.15985755299882853
2026-06-26 13:00:00,4236.0,-135.84353674137353,8864.156463258632,8864.321185473913,-0.16472221528017925
2026-06-26 14:00:00,4237.0,-133.7515245775389,8866.248475422466,8866.417753843867,-0.1692784214010886
2026-06-26 15:00:00,4238.0,-131.65920359428912,8868.340796405717,8868.514322213821,-0.1735258081045542
2026-06-26 16:00:00,4239.0,-129.56657426322562,8870.43342573678,8870.610890583775,-0.1774648469960998
2026-06-26 17:00:00,4240.0,-127.47363778691467,8872.526362213091,8872.70745895373,-0.18109674063927753
2026-06-26 18:00:00,4241.0,-125.38039598963923,8874.619604010366,8874.804027323684,-0.18442331331801626
2026-06-26 19:00:00,4242.0,-123.28685123028056,8876.713148769724,8876.90059569364,-0.18744692391486775
2026-06-26 20:00:00,4243.0,-121.19300637476928,8878.806993625236,8878.997164063594,-0.19017043835773412
2026-06-26 21:00:00,4244.0,-119.09886487564218,8880.901135124364,8881.093732433548,-0.19259730918401322
2026-06-26 22:00:00,4245.0,-117.00443060542622,8882.99556939458,8883.190300803502,-0.1947314089230941
2026-06-26 23:00:00,4246.0,-114.9097076423899,8885.090292357614,8885.286869173457,-0.1965768158419804
2026-06-27 00:00:00,4247.0,-112.81470043991187,8887.185299560093,8887.383437543413,-0.19813798331975047
2026-06-27 01:00:00,4248.0,-110.71941362369743,8889.280586376308,8889.480005913367,-0.1994195370590548
2026-06-27 02:00:00,4249.0,-108.62385197549152,8891.376148024514,8891.576574283321,-0.20042625880818996
2026-06-27 03:00:00,4250.0,-106.5280203955929,8893.471979604414,8893.673142653275,-0.20116304886291853
2026-06-27 04:00:00,4251.0,-104.43192384966547,8895.568076150339,8895.769711023231,-0.20163487289125895
2026-06-27 05:00:00,4252.0,-102.33556730671502,8897.664432693291,8897.866279393185,-0.20184669989465454
2026-06-27 06:00:00,4253.0,-100.23895567554554,8899.76104432446,8899.96284776314,-0.20180343867911618
2026-06-27 07:00:00,4254.0,-98.14209374666966,8901.857906253335,8902.059416133094,-0.20150987975885448
2026-06-27 08:00:00,4255.0,-96.04498614566525,8903.95501385434,8904.155984503048,-0.20097064870787287
2026-06-27 09:00:00,4256.0,-93.947637302502,8906.052362697503,8906.252552873002,-0.20019017549962415
2026-06-27 10:00:00,4257.0,-91.85005143956447,8908.14994856044,8908.349121242956,-0.1991726825167772
2026-06-27 11:00:00,4258.0,-89.75223257913056,8910.247767420875,8910.445689612912,-0.19792219203717415
2026-06-27 12:00:00,4259.0,-87.65418456908506,8912.345815430921,8912.542257982866,-0.19644255194533264
2026-06-27 13:00:00,4260.0,-85.55591112381208,8914.444088876193,8914.63882635282,-0.19473747662755986
2026-06-27 14:00:00,4261.0,-83.45741587566837,8916.542584124338,8916.735394722775,-0.1928105984372967
2026-06-27 15:00:00,4262.0,-81.35870243133449,8918.64129756867,8918.831963092729,-0.19066552405882123
2026-06-27 16:00:00,4263.0,-79.25977442680205,8920.740225573203,8920.928531462683,-0.18830588948026136
2026-06-27 17:00:00,4264.0,-77.16063557488918,8922.839364425117,8923.02509983264,-0.1857354075229896
2026-06-27 18:00:00,4265.0,-75.06128970005369,8924.938710299952,8925.121668202593,-0.18295790264309972
2026-06-27 19:00:00,4266.0,-72.96174075690836,8927.038259243096,8927.218236572548,-0.17997732945170053
2026-06-27 20:00:00,4267.0,-70.86199283116345,8929.138007168842,8929.314804942504,-0.17679777366104163
2026-06-27 21:00:00,4268.0,-68.76205012452877,8931.237949875476,8931.411373312458,-0.17342343698069534
2026-06-27 22:00:00,4269.0,-66.66191692802731,8933.338083071978,8933.507941682412,-0.16985861043387354
2026-06-27 23:00:00,4270.0,-64.5615975905839,8935.438402409422,8935.604510052366,-0.16610764294474278
2026-06-28 00:00:00,4271.0,-62.46109649070803,8937.538903509298,8937.70107842232,-0.16217491302304024
2026-06-28 01:00:00,4272.0,-60.36041804612997,8939.639581953876,8939.797646792274,-0.1580648383995767
2026-06-28 02:00:00,4273.0,-58.259566690618534,8941.740433309387,8941.894215162229,-0.15378185284207938
2026-06-28 03:00:00,4274.0,-56.1585469055722,8943.841453094434,8943.990783532185,-0.14933043775026253
2026-06-28 04:00:00,4275.0,-54.05736315849935,8945.942636841506,8946.087351902139,-0.14471506063158454
2026-06-28 05:00:00,4276.0,-51.95601985900568,8948.043980141,8948.183920272093,-0.13994013109254913
2026-06-28 06:00:00,4277.0,-49.85452136718908,8950.145478632816,8950.280488642047,-0.1350100092317056
2026-06-28 07:00:00,4278.0,-47.75287201354993,8952.247127986457,8952.377057012001,-0.12992902554574828
2026-06-28 08:00:00,4279.0,-45.65107610869228,8954.348923891313,8954.473625381956,-0.12470149064318492
2026-06-28 09:00:00,4280.0,-43.54913793461585,8956.45086206539,8956.57019375191,-0.1193316865207623
2026-06-28 10:00:00,4281.0,-41.44706171850359,8958.552938281502,8958.666762121864,-0.1138238403634307
2026-06-28 11:00:00,4282.0,-39.3448515955166,8960.655148404489,8960.763330491822,-0.10818208733277011
2026-06-28 12:00:00,4283.0,-37.242511569931025,8962.757488430074,8962.859898861776,-0.1024104317009174
2026-06-28 13:00:00,4284.0,-35.14004548455438,8964.859954515452,8964.95646723173,-0.09651271627815869
2026-06-28 14:00:00,4285.0,-33.03745700722047,8966.962542992784,8967.053035601684,-0.09049260890010109
2026-06-28 15:00:00,4286.0,-30.934749640709658,8969.065250359296,8969.149603971638,-0.08435361234326819
2026-06-28 16:00:00,4287.0,-28.831926759081735,8971.168073240924,8971.246172341593,-0.07809910066871313
2026-06-28 17:00:00,4288.0,-26.728991669547003,8973.271008330457,8973.342740711547,-0.07173238108986303
2026-06-28 18:00:00,4289.0,-24.625947695045316,8975.37405230496,8975.439309081501,-0.06525677654114333
2026-06-28 19:00:00,4290.0,-22.522798269068893,8977.477201730937,8977.535877451457,-0.05867572052018464
2026-06-28 20:00:00,4291.0,-20.41954703137157,8979.580452968634,8979.632445821411,-0.05199285277682046
2026-06-28 21:00:00,4292.0,-18.316197911465903,8981.683802088539,8981.729014191365,-0.04521210282620908
2026-06-28 22:00:00,4293.0,-16.212755186618004,8983.787244813388,8983.82558256132,-0.038337747932839006
2026-06-28 23:00:00,4294.0,-14.109223502776308,8985.890776497228,8985.922150931274,-0.031374434045804984
2026-06-29 00:00:00,4295.0,-12.00560785084203,8987.994392149163,8988.018719301228,-0.024327152065865165
2026-06-29 01:00:00,4296.0,-9.901913497185088,8990.09808650282,8990.115287671182,-0.017201168362992673
2026-06-29 02:00:00,4297.0,-7.798145876541007,8992.201854123463,8992.211856041136,-0.010001917673613912
2026-06-29 03:00:00,4298.0,-5.694310467536227,8994.30568953247,8994.308424411092,-0.0027348786223494485
2026-06-29 04:00:00,4299.0,-3.590412975496977,8996.40958702451,8996.404992781047,0.00459424346234912
2026-06-29 05:00:00,4300.0,-1.4864594889836797,8998.513540511021,8998.501561151003,0.0119793600189053
2026-06-29 06:00:00,4301.0,0.6175438486635868,9000.61754384867,9000.598129520957,0.019414327713028756
2026-06-29 07:00:00,4302.0,2.721590723800961,9002.721590723806,9002.69469789091,0.02689283289472841
2026-06-29 08:00:00,4303.0,4.825674647074947,9004.82567464708,9004.791266260865,0.03440838621467658
2026-06-29 09:00:00,4304.0,6.929788944945509,9006.92978894495,9006.88783463082,0.041954314130245085
2026-06-29 10:00:00,4305.0,9.033926748469765,9009.033926748474,9008.984403000773,0.04952374770018212
2026-06-29 11:00:00,4306.0,11.138080979794303,9011.1380809798,9011.08097137073,0.05710960907015552
2026-06-29 12:00:00,4307.0,13.242244336900285,9013.242244336905,9013.177539740684,0.06470459622237472
2026-06-29 13:00:00,4308.0,15.346409277210777,9015.346409277216,9015.274108110638,0.07230116657878814
2026-06-29 14:00:00,4309.0,17.450568000696308,9017.4505680007,9017.370676480592,0.07989152010923366
2026-06-29 15:00:00,4310.0,19.55471243310056,9019.554712433106,9019.467244850546,0.0874675825600938
2026-06-29 16:00:00,4311.0,21.65883420985539,9021.658834209862,9021.5638132205,0.09502098936038382
2026-06-29 17:00:00,4312.0,23.76292466117717,9023.762924661181,9023.660381590455,0.10254307072637438
2026-06-29 18:00:00,4313.0,25.86697479874939,9025.866974798753,9025.75694996041,0.11002483834417655
2026-06-29 19:00:00,4314.0,27.97097530432729,9027.970975304333,9027.853518330365,0.11745697396900544
2026-06-29 20:00:00,4315.0,30.074916520568653,9030.074916520574,9029.950086700319,0.12482982025541199
2026-06-29 21:00:00,4316.0,32.178788444422146,9032.178788444427,9032.046655070273,0.13213337415394263
2026-06-29 22:00:00,4317.0,34.28258072349144,9034.282580723497,9034.14322344023,0.13935728326831
2026-06-29 23:00:00,4318.0,36.38628265592001,9036.386282655925,9036.239791810183,0.1464908457414019
2026-06-30 00:00:00,4319.0,38.4898831944469,9038.489883194452,9038.336360180137,0.15352301431499213
2026-06-30 01:00:00,4320.0,40.59337095526527,9040.59337095527,9040.432928550092,0.16044240517870526
2026-06-30 02:00:00,4321.0,42.69673423200746,9042.696734232013,9042.529496920046,0.16723731196649266
2026-06-30 03:00:00,4322.0,44.79996101436158,9044.799961014367,9044.626065290002,0.17389572436649064
2026-06-30 04:00:00,4323.0,46.90303900921506,9046.903039009221,9046.722633659956,0.1804053492647372
2026-06-30 05:00:00,4324.0,49.00595565949502,9049.005955659499,9048.81920202991,0.18675362958952596
2026-06-30 06:00:00,4325.0,51.108698151699926,9051.108698151706,9050.915770399864,0.19292775184133126
2026-06-30 07:00:00,4326.0,53.21125334654831,9053.211253346553,9053.012338769819,0.19891457673412147
2026-06-30 08:00:00,4327.0,55.31360820937833,9055.313608209384,9055.108907139773,0.20470106961102008
2026-06-30 09:00:00,4328.0,57.41574953571603,9057.415749535721,9057.205475509727,0.2102740259928685
2026-06-30 10:00:00,4329.0,59.517663879658,9059.517663879662,9059.302043879683,0.21561999998042866
2026-06-30 11:00:00,4330.0,61.6193377335852,9061.61933773359,9061.398612249637,0.22072548395317806
2026-06-30 12:00:00,4331.0,63.720757627675845,9063.720757627681,9063.495180619591,0.22557700809003636
2026-06-30 13:00:00,4332.0,65.8219101854072,9065.821910185412,9065.591748989546,0.23016119586673658
2026-06-30 14:00:00,4333.0,67.92278216174442,9067.92278216175,9067.6883173595,0.2344648022493508
2026-06-30 15:00:00,4334.0,70.02336048237859,9070.023360482384,9069.784885729454,0.23847475293001968
2026-06-30 16:00:00,4335.0,72.12363229518623,9072.123632295192,9071.88145409941,0.24217819578089753
2026-06-30 17:00:00,4336.0,74.22358503901182,9074.223585039017,9073.978022469364,0.24556256965265424
2026-06-30 18:00:00,4337.0,76.32320652990506,9076.32320652991,9076.074590839318,0.24861569059081426
2026-06-30 19:00:00,4338.0,78.4224850610646,9078.42248506107,9078.171159209274,0.25132585179616285
2026-06-30 20:00:00,4339.0,80.52140950996336,9080.521409509969,9080.267727579228,0.25368193074053547
2026-06-30 21:00:00,4340.0,82.61996944446595,9082.619969444471,9082.364295949183,0.255673495289256
2026-06-30 22:00:00,4341.0,84.7181552192097,9084.718155219216,9084.460864319137,0.2572909000789662
2026-06-30 23:00:00,4342.0,86.8159580541007,9086.815958054107,9086.557432689091,0.25852536501514056
2026-07-01 00:00:00,4343.0,88.91337008844464,9088.91337008845,9088.654001059045,0.2593690294048211
2026-07-01 01:00:00,4344.0,91.01038440692271,9091.010384406929,9090.750569429,0.259814977928671
2026-07-01 02:00:00,4345.0,93.10699503722678,9093.106995037233,9092.847137798955,0.25985723827810214
2026-07-01 03:00:00,4346.0,95.20319692353239,9095.203196923538,9094.94370616891,0.25949075462792276
2026-07-01 04:00:00,4347.0,97.29898588491335,9097.29898588492,9097.040274538864,0.2587113460556481
2026-07-01 05:00:00,4348.0,99.39435857304262,9099.394358573047,9099.136842908818,0.2575156642296401
2026-07-01 06:00:00,4349.0,101.48931244879607,9101.489312448803,9101.233411278772,0.2559011700295371
2026-07-01 07:00:00,4350.0,103.58384580236076,9103.583845802366,9103.329979648726,0.25386615363962395
2026-07-01 08:00:00,4351.0,105.67795784579802,9105.677957845804,9105.42654801868,0.2514098271226169
2026-07-01 09:00:00,4352.0,107.7716489103626,9107.771648910368,9107.523116388635,0.24853252173170837
2026-07-01 10:00:00,4353.0,109.86492047667397,9109.864920476679,9109.61968475859,0.24523571808726305
2026-07-01 11:00:00,4354.0,111.95777498154102,9111.957774981547,9111.716253128547,0.24152185300102014
2026-07-01 12:00:00,4355.0,114.05021609620825,9114.050216096213,9113.8128214985,0.2373945977136631
2026-07-01 13:00:00,4356.0,116.14224868030895,9116.142248680313,9115.909389868455,0.23285881185870802
2026-07-01 14:00:00,4357.0,118.23387879097066,9118.233878790976,9118.00595823841,0.22792055256713373
2026-07-01 15:00:00,4358.0,120.32511368265747,9120.325113682664,9120.102526608363,0.22258707429965235
2026-07-01 16:00:00,4359.0,122.415961798457,9122.415961798462,9122.199094978318,0.21686682014430442
2026-07-01 17:00:00,4360.0,124.50643275348702,9124.506432753491,9124.295663348272,0.21076940521935764
2026-07-01 18:00:00,4361.0,126.59653731105307,9126.596537311058,9126.392231718228,0.20430559283125851
2026-07-01 19:00:00,4362.0,128.68628735213534,9128.68628735214,9128.488800088182,0.19748726395922006
2026-07-01 20:00:00,4363.0,130.7756958387251,9130.775695838729,9130.585368458136,0.1903273805940622
2026-07-01 21:00:00,4364.0,132.86477677146792,9132.864776771472,9132.68193682809,0.18283994338238352
2026-07-01 22:00:00,4365.0,134.95354514200758,9134.953545142012,9134.778505198045,0.17503994396851902
2026-07-01 23:00:00,4366.0,137.0420168803604,9137.042016880365,9136.875073567999,0.16694331236648718
2026-07-02 00:00:00,4367.0,139.1302087975961,9139.130208797602,9138.971641937953,0.15856685964853198
2026-07-02 01:00:00,4368.0,141.21813852406507,9141.21813852407,9141.068210307907,0.14992821616195745
2026-07-02 02:00:00,4369.0,143.3058244434097,9143.305824443414,9143.164778677863,0.1410457655527194
2026-07-02 03:00:00,4370.0,145.3932856226484,9145.393285622653,9145.261347047819,0.1319385748351546
2026-07-02 04:00:00,4371.0,147.48054173873118,9147.480541738736,9147.357915417773,0.12262632096381265
2026-07-02 05:00:00,4372.0,149.56761300214012,9149.567613002146,9149.454483787727,0.11312921441872154
2026-07-02 06:00:00,4373.0,151.65452007830658,9151.654520078311,9151.551052157682,0.10346792062970764
2026-07-02 07:00:00,4374.0,153.74128400775416,9153.74128400776,9153.647620527636,0.09366348012401608
2026-07-02 08:00:00,4375.0,155.82792612577097,9155.827926125776,9155.74418889759,0.08373722818539765
2026-07-02 09:00:00,4376.0,157.91446798175548,9157.91446798176,9157.840757267544,0.0737107142151905
2026-07-02 10:00:00,4377.0,160.00093125666893,9160.000931256674,9159.9373256375,0.06360561917509484
2026-07-02 11:00:00,4378.0,162.08733767350492,9162.08733767351,9162.033894007454,0.05344366605695048
2026-07-02 12:00:00,4379.0,164.1737088892654,9164.173708889271,9164.130462377409,0.04324651186316109
2026-07-02 13:00:00,4380.0,166.26006639451484,9166.26006639452,9166.227030747363,0.0330356471577548
2026-07-02 14:00:00,4381.0,168.3464315510369,9168.346431551043,9168.323599117317,0.022832433725779967
2026-07-02 15:00:00,4382.0,170.4328254375875,9170.432825437592,9170.420167487271,0.012657950320576108
2026-07-02 16:00:00,4383.0,172.51926872955733,9172.519268729562,9172.516735857225,0.002532872336418467
2026-07-02 17:00:00,4384.0,174.60578163830155,9174.605781638307,9174.61330422718,-0.007522588873819074
2026-07-02 18:00:00,4385.0,176.6923838599329,9176.692383859938,9176.709872597135,-0.017488737196943254
2026-07-02 19:00:00,4386.0,178.7790945233816,9178.779094523386,9178.80644096709,-0.0273464437019196
2026-07-02 20:00:00,4387.0,-179.1340678648636,9180.865932135142,9180.903009337044,-0.03707720190111947
2026-07-02 21:00:00,4388.0,-177.0470854774513,9182.952914522555,9182.999577707,-0.0466631844445978
2026-07-02 22:00:00,4389.0,-174.9599412202111,9185.040058779794,9185.096146076954,-0.05608729716000714
2026-07-02 23:00:00,4390.0,-172.87261877887067,9187.127381221135,9187.192714446908,-0.06533322577428437
2026-07-03 00:00:00,4391.0,-170.78510265432647,9189.214897345679,9189.289282816862,-0.07438547118411924
2026-07-03 01:00:00,4392.0,-168.69737818367855,9191.302621816327,9191.385851186817,-0.08322937049056546
2026-07-03 02:00:00,4393.0,-166.60943154604826,9193.390568453957,9193.482419556773,-0.09185110281421423
2026-07-03 03:00:00,4394.0,-164.5212497542271,9195.478750245778,9195.578987926727,-0.1002376809477903
2026-07-03 04:00:00,4395.0,-162.4328206352309,9197.567179364774,9197.675556296681,-0.10837693190601685
2026-07-03 05:00:00,4396.0,-160.34413280462692,9199.655867195379,9199.772124666635,-0.11625747125645285
2026-07-03 06:00:00,4397.0,-158.25517564086672,9201.744824359139,9201.86869303659,-0.12386867745033023
2026-07-03 07:00:00,4398.0,-156.16593926658484,9203.834060733421,9203.965261406544,-0.1312006731231315
2026-07-03 08:00:00,4399.0,-154.07641454373203,9205.923585456274,9206.061829776498,-0.13824432022391384
2026-07-03 09:00:00,4400.0,-151.98659308833248,9208.013406911674,9208.158398146452,-0.1449912347787822
2026-07-03 10:00:00,4401.0,-149.89646730844507,9210.10353269156,9210.254966516408,-0.15143382484666218
2026-07-03 11:00:00,4402.0,-147.8060304654551,9212.193969534552,9212.351534886362,-0.15756535181067502
2026-07-03 12:00:00,4403.0,-145.7152767540496,9214.284723245955,9214.448103256316,-0.16338001036079308
2026-07-03 13:00:00,4404.0,-143.62420139010052,9216.375798609906,9216.54467162627,-0.16887301636467777
2026-07-03 14:00:00,4405.0,-141.5328006882058,9218.467199311799,9218.641239996226,-0.1740406844272104
2026-07-03 15:00:00,4406.0,-139.44107210187136,9220.558927898135,9220.73780836618,-0.17888046804629257
2026-07-03 16:00:00,4407.0,-137.34901404902223,9222.650985950984,9222.834376736135,-0.1833907851511271
2026-07-03 17:00:00,4408.0,-135.25662572988787,9224.743374270118,9224.930945106089,-0.18757083597215599
2026-07-03 18:00:00,4409.0,-133.1639072531649,9226.83609274684,9227.027513476045,-0.1914207292031307
2026-07-03 19:00:00,4410.0,-131.07085951509924,9228.929140484906,9229.124081846,-0.19494136109240223
2026-07-03 20:00:00,4411.0,-128.97748412619433,9231.022515873812,9231.220650215953,-0.19813434214177159
2026-07-03 21:00:00,4412.0,-126.8837833440927,9233.116216655912,9233.317218585908,-0.2010019299950556
2026-07-03 22:00:00,4413.0,-124.78976001222767,9235.210239987779,9235.413786955862,-0.20354696808320263
2026-07-03 23:00:00,4414.0,-122.69541750293045,9237.304582497076,9237.510355325816,-0.20577282874111522
2026-07-04 00:00:00,4415.0,-120.6007596632298,9239.399240336776,9239.60692369577,-0.20768335899512097
2026-07-04 01:00:00,4416.0,-118.50579076152052,9241.494209238486,9241.703492065724,-0.20928282723957395
2026-07-04 02:00:00,4417.0,-116.4105154335371,9243.589484566468,9243.80006043568,-0.2105758692115966
2026-07-04 03:00:00,4418.0,-114.31493862657416,9245.685061373431,9245.896628805634,-0.21156743220221685
2026-07-04 04:00:00,4419.0,-112.21906554156813,9247.780934458438,9247.993197175589,-0.21226271715052802
2026-07-04 05:00:00,4420.0,-110.12290157342629,9249.87709842658,9250.089765545543,-0.2126671189628448
2026-07-04 06:00:00,4421.0,-108.02645225078511,9251.973547749221,9252.186333915497,-0.21278616627655977
2026-07-04 07:00:00,4422.0,-105.92972317713465,9254.070276822871,9254.282902285451,-0.21262546258049386
2026-07-04 08:00:00,4423.0,-103.83271997589303,9256.167280024112,9256.379470655407,-0.2121906312956225
2026-07-04 09:00:00,4424.0,-101.7354482424879,9258.264551757517,9258.476039025361,-0.21148726784508348
2026-07-04 10:00:00,4425.0,-99.63791350673114,9260.362086493275,9260.572607395317,-0.21052090204200602
2026-07-04 11:00:00,4426.0,-97.54012120868653,9262.459878791318,9262.669175765272,-0.20929697395271366
2026-07-04 12:00:00,4427.0,-95.44207669074613,9264.55792330926,9264.765744135226,-0.20782082596620222
2026-07-04 13:00:00,4428.0,-93.34378520767152,9266.656214792334,9266.86231250518,-0.20609771284652445
2026-07-04 14:00:00,4429.0,-91.2452519548423,9268.754748045163,9268.958880875134,-0.2041328299716374
2026-07-04 15:00:00,4430.0,-89.14648211283075,9270.853517887175,9271.055449245088,-0.20193135791368538
2026-07-04 16:00:00,4431.0,-87.04748090367576,9272.95251909633,9273.152017615042,-0.19949851871313898
2026-07-04 17:00:00,4432.0,-84.94825365092849,9275.051746349076,9275.248585984998,-0.19683963592115386
2026-07-04 18:00:00,4433.0,-82.84880583189035,9277.151194168115,9277.345154354953,-0.19396018683679714
2026-07-04 19:00:00,4434.0,-80.74914302362261,9279.250856976383,9279.441722724907,-0.19086574852412902
2026-07-04 20:00:00,4435.0,-78.64927106687922,9281.350728933126,9281.538291094861,-0.1875621617346323
2026-07-04 21:00:00,4436.0,-76.54919595317297,9283.450804046832,9283.634859464815,-0.18405541798276354
2026-07-04 22:00:00,4437.0,-74.44892373719289,9285.551076262813,9285.73142783477,-0.18035157195683557
2026-07-04 23:00:00,4438.0,-72.34846057605867,9287.651539423947,9287.827996204724,-0.17645678077754567
2026-07-05 00:00:00,4439.0,-70.24781271881591,9289.752187281189,9289.924564574678,-0.17237729348962622
2026-07-05 01:00:00,4440.0,-68.1469864729751,9291.85301352703,9292.021132944634,-0.16811941760220594
2026-07-05 02:00:00,4441.0,-66.04598816450962,9293.954011835496,9294.11770131459,-0.16368947909259704
2026-07-05 03:00:00,4442.0,-63.94482410039218,9296.055175899613,9296.214269684544,-0.15909378492928483
2026-07-05 04:00:00,4443.0,-61.84350053768531,9298.15649946232,9298.310838054498,-0.1543385921770884
2026-07-05 05:00:00,4444.0,-59.742023659826955,9300.257976340179,9300.407406424452,-0.1494300842739884
2026-07-05 06:00:00,4445.0,-57.640399558641036,9302.359600441365,9302.503974794407,-0.1443743530417062
2026-07-05 07:00:00,4446.0,-55.53863421946047,9304.461365780544,9304.60054316436,-0.13917738381638178
2026-07-05 08:00:00,4447.0,-53.4367335063651,9306.56326649364,9306.697111534315,-0.13384504067532976
2026-07-05 09:00:00,4448.0,-51.33470314476258,9308.665296855243,9308.79367990427,-0.1283830490273447
2026-07-05 10:00:00,4449.0,-49.23254869926587,9310.767451300739,9310.890248274225,-0.12279697348540396
2026-07-05 11:00:00,4450.0,-47.130275545949424,9312.869724454056,9312.98681664418,-0.11709219012286737
2026-07-05 12:00:00,4451.0,-45.02788883950236,9314.972111160503,9315.083385014133,-0.11127385362939034
2026-07-05 13:00:00,4452.0,-42.925393477438,9317.074606522569,9317.179953384088,-0.10534686151935312
2026-07-05 14:00:00,4453.0,-40.82279406524485,9319.17720593476,9319.276521754042,-0.09931581928153091
2026-07-05 15:00:00,4454.0,-38.720094888040734,9321.279905111965,9321.373090123996,-0.09318501203114071
2026-07-05 16:00:00,4455.0,-36.61729989576719,9323.38270010424,9323.46965849395,-0.08695838971217078
2026-07-05 17:00:00,4456.0,-34.51441271007245,9325.485587289933,9325.566226863906,-0.08063957397267112
2026-07-05 18:00:00,4457.0,-32.41143666160719,9327.588563338399,9327.66279523386,-0.07423189546100639
2026-07-05 19:00:00,4458.0,-30.308374866322612,9329.691625133682,9329.759363603816,-0.06773847013311315
2026-07-05 20:00:00,4459.0,-28.205230348345122,9331.79476965166,9331.85593197377,-0.06116232211045718
2026-07-05 21:00:00,4460.0,-26.10200621494256,9333.897993785064,9333.952500343725,-0.05450655866122632
2026-07-05 22:00:00,4461.0,-23.998705741171296,9336.001294258835,9336.049068713679,-0.04777445484522094
2026-07-05 23:00:00,4462.0,-21.895332286560304,9338.104667713445,9338.145637083633,-0.0409693701880031
2026-07-06 00:00:00,4463.0,-19.791889408130977,9340.208110591875,9340.242205453587,-0.034094861712822784
2026-07-06 01:00:00,4464.0,-17.68838080776063,9342.311619192245,9342.338773823543,-0.027154631297908873
2026-07-06 02:00:00,4465.0,-15.584810304263218,9344.415189695741,9344.435342193497,-0.020152497755168305
2026-07-06 03:00:00,4466.0,-13.481181812607753,9346.518818187398,9346.531910563452,-0.013092376052869144
2026-07-06 04:00:00,4467.0,-11.377499330795265,9348.622500669211,9348.628478933406,-0.00597826419526732
2026-07-06 05:00:00,4468.0,-9.273766934344652,9350.726233065661,9350.72504730336,0.0011857623010754412
2026-07-06 06:00:00,4469.0,-7.169988777928119,9352.830011222077,9352.821615673314,0.008395548762563166
2026-07-06 07:00:00,4470.0,-5.066169103420652,9354.933830896585,9354.918184043268,0.01564685331568073
2026-07-06 08:00:00,4471.0,-2.9623122534598934,9357.037687746546,9357.014752413223,0.022935333322055378
2026-07-06 09:00:00,4472.0,-0.8584226895265936,9359.141577310478,9359.111320783179,0.03025652730109989
2026-07-06 10:00:00,4473.0,1.2454949864687799,9361.245494986473,9361.207889153133,0.03760583334173054
2026-07-06 11:00:00,4474.0,3.3494360080859162,9363.349436008091,9363.304457523087,0.04497848500465281
2026-07-06 12:00:00,4475.0,5.453395418672887,9365.453395418677,9365.401025893041,0.052369525636914244
2026-07-06 13:00:00,4476.0,7.557368044935685,9367.557368044942,9367.497594262997,0.059773781943886814
2026-07-06 14:00:00,4477.0,9.661348470451111,9369.661348470458,9369.594162632951,0.06718583750588218
2026-07-06 15:00:00,4478.0,11.765331009628575,9371.765331009634,9371.690731002906,0.07460000672793311
2026-07-06 16:00:00,4479.0,13.869309682399734,9373.869309682406,9373.78729937286,0.08201030954517284
2026-07-06 17:00:00,4480.0,15.97327818967518,9375.97327818968,9375.883867742816,0.08941044686589962
2026-07-06 18:00:00,4481.0,18.077229889417765,9378.077229889424,9377.98043611277,0.09679377665461973
2026-07-06 19:00:00,4482.0,20.18115777316662,9380.181157773171,9380.077004482724,0.10415329044825661
2026-07-06 20:00:00,4483.0,22.2850544432088,9382.285054443215,9382.173572852678,0.11148159053676508
2026-07-06 21:00:00,4484.0,24.3889120916534,9384.38891209166,9384.270141222632,0.11877086902622695
2026-07-06 22:00:00,4485.0,26.492722484874587,9386.492722484882,9386.366709592587,0.12601289229372456
2026-07-06 23:00:00,4486.0,28.596476960782468,9388.596476960787,9388.46327796254,0.1331989982466696
2026-07-07 00:00:00,4487.0,30.700166452982536,9390.700166452987,9390.559846332495,0.1403201204921688
2026-07-07 01:00:00,4488.0,32.80378148814395,9392.80378148815,9392.656414702451,0.1473667856989448
2026-07-07 02:00:00,4489.0,34.907312066722646,9394.907312066729,9394.752983072405,0.15432899432358388
2026-07-07 03:00:00,4490.0,37.01074777970537,9397.010747779712,9396.84955144236,0.16119633735205788
2026-07-07 04:00:00,4491.0,39.114077822877505,9399.114077822884,9398.946119812314,0.16795801056977866
2026-07-07 05:00:00,4492.0,41.217290993040606,9401.217290993047,9401.042688182268,0.17460281077872294
2026-07-07 06:00:00,4493.0,43.320375696728036,9403.320375696734,9403.139256552222,0.18111914451123595
2026-07-07 07:00:00,4494.0,45.423319969449565,9405.423319969455,9405.235824922178,0.18749504727661118
2026-07-07 08:00:00,4495.0,47.52611150294918,9407.526111502953,9407.332393292132,0.1937182108212428
2026-07-07 09:00:00,4496.0,49.62873767817455,9409.62873767818,9409.428961662088,0.19977601609321743
2026-07-07 10:00:00,4497.0,51.73118560222095,9411.731185602226,9411.525530032042,0.20565557018519487
2026-07-07 11:00:00,4498.0,53.83344214819014,9413.833442148196,9413.622098401996,0.21134374620034532
2026-07-07 12:00:00,4499.0,55.93549399757146,9415.935493997576,9415.71866677195,0.2168272256260908
2026-07-07 13:00:00,4500.0,58.03732768534234,9418.037327685348,9417.815235141905,0.2220925434436323
2026-07-07 14:00:00,4501.0,60.13892964846592,9420.13892964847,9419.911803511859,0.2271261366116128
2026-07-07 15:00:00,4502.0,62.24028627881075,9422.240286278815,9422.008371881813,0.23191439700194633
2026-07-07 16:00:00,4503.0,64.34138398170727,9424.341383981713,9424.104940251767,0.2364437299440082
2026-07-07 17:00:00,4504.0,66.44220924136135,9426.442209241366,9426.201508621723,0.24070061964411546
2026-07-07 18:00:00,4505.0,68.54274869413725,9428.542748694143,9428.298076991678,0.24467170246550707
2026-07-07 19:00:00,4506.0,70.64298921026781,9430.642989210273,9430.394645361632,0.24834384864203488
2026-07-07 20:00:00,4507.0,72.74291798382707,9432.742917983833,9432.491213731586,0.2517042522464379
2026-07-07 21:00:00,4508.0,74.84252262978815,9434.842522629795,9434.58778210154,0.2547405282537464
2026-07-07 22:00:00,4509.0,76.94179128568749,9436.941791285693,9436.684350471494,0.25744081419852716
2026-07-07 23:00:00,4510.0,79.04071271383155,9439.040712713837,9438.780918841449,0.2597938723874277
2026-07-08 00:00:00,4511.0,81.1392763981434,9441.13927639815,9440.877487211405,0.26178918674436924
2026-07-08 01:00:00,4512.0,83.23747262769696,9443.237472627703,9442.97405558136,0.26341704634320984
2026-07-08 02:00:00,4513.0,85.33529255678327,9445.335292556789,9445.070623951315,0.2646686054745298
2026-07-08 03:00:00,4514.0,87.43272822906894,9447.432728229076,9447.167192321269,0.26553590780685543
2026-07-08 04:00:00,4515.0,89.52977248577977,9449.529772485785,9449.263760691223,0.26601179456195845
2026-07-08 05:00:00,4516.0,91.62641893116758,9451.626418931173,9451.360329061177,0.26608986999510054
2026-07-08 06:00:00,4517.0,93.72266192489032,9453.722661924896,9453.456897431131,0.2657644937641448
2026-07-08 07:00:00,4518.0,95.81849656316137,9455.818496563166,9455.553465801086,0.2650307620803161
2026-07-08 08:00:00,4519.0,97.91391875271081,9457.913918752716,9457.65003417104,0.26388458167538487
2026-07-08 09:00:00,4520.0,100.00892528936872,9460.008925289374,9459.746602540996,0.2623227483789747
2026-07-08 10:00:00,4521.0,102.10351393455105,9462.103513934557,9461.84317091095,0.26034302360657724
2026-07-08 11:00:00,4522.0,104.19768348491411,9464.197683484921,9463.939739280904,0.2579442040162441
2026-07-08 12:00:00,4523.0,106.29143383213656,9466.291433832143,9466.036307650858,0.25512618128388065
2026-07-08 13:00:00,4524.0,108.38476601117345,9468.38476601118,9468.132876020813,0.25188999036706905
2026-07-08 14:00:00,4525.0,110.47768223641376,9470.477682236418,9470.229444390767,0.24823784565163992
2026-07-08 15:00:00,4526.0,112.57018592596934,9472.570185925975,9472.326012760721,0.24417316525294183
2026-07-08 16:00:00,4527.0,114.66228171485868,9474.662281714864,9474.422581130677,0.239700584188325
2026-07-08 17:00:00,4528.0,116.75397545814818,9476.753975458154,9476.519149500631,0.23482595752329494
2026-07-08 18:00:00,4529.0,118.84527422522167,9478.845274225228,9478.615717870587,0.2295563546410182
2026-07-08 19:00:00,4530.0,120.9361862862993,9480.936186286304,9480.712286240541,0.22390004576369124
2026-07-08 20:00:00,4531.0,123.02672109216343,9483.026721092168,9482.808854610495,0.21786648167352743
2026-07-08 21:00:00,4532.0,125.11688924780914,9485.116889247814,9484.90542298045,0.21146626736453314
2026-07-08 22:00:00,4533.0,127.20670248045249,9487.206702480458,9487.001991350404,0.20471113005335392
2026-07-08 23:00:00,4534.0,129.29617360204207,9489.296173602048,9489.098559720358,0.19761388168923671
2026-07-09 00:00:00,4535.0,131.3853164661697,9491.385316466176,9491.195128090312,0.1901883758621449
2026-07-09 01:00:00,4536.0,133.4741459191364,9493.474145919143,9493.291696460268,0.18244945887452993
2026-07-09 02:00:00,4537.0,135.56267774501944,9495.562677745025,9495.388264830222,0.1744129148025162
2026-07-09 03:00:00,4538.0,137.65092860511066,9497.650928605117,9497.484833200177,0.16609540494058253
2026-07-09 04:00:00,4539.0,139.7389159733921,9499.738915973398,9499.58140157013,0.15751440326632668
2026-07-09 05:00:00,4540.0,141.8266580723343,9501.826658072341,9501.677969940085,0.1486881322553451
2026-07-09 06:00:00,4541.0,143.91417381807358,9503.91417381808,9503.77453831004,0.13963550804012456
2026-07-09 07:00:00,4542.0,146.00148272588586,9506.001482725891,9505.871106679993,0.1303760458967809
2026-07-09 08:00:00,4543.0,148.0886048610055,9508.088604861012,9507.96767504995,0.12092981106279346
2026-07-09 09:00:00,4544.0,150.1755607413358,9510.175560741342,9510.064243419904,0.1113173214391048
2026-07-09 10:00:00,4545.0,152.26237123484034,9512.262371234845,9512.160811789858,0.10155944498837811
2026-07-09 11:00:00,4546.0,154.34905750164205,9514.349057501648,9514.257380159812,0.09167734183567099
2026-07-09 12:00:00,4547.0,156.4356409155026,9516.435640915508,9516.353948529768,0.08169238573998053
2026-07-09 13:00:00,4548.0,158.52214297741824,9518.522142977425,9518.450516899722,0.07162607770203239
2026-07-09 14:00:00,4549.0,160.6085852279779,9520.608585227983,9520.547085269676,0.06149995830676896
2026-07-09 15:00:00,4550.0,162.69498916157193,9522.694989161579,9522.64365363963,0.05133552194669015
2026-07-09 16:00:00,4551.0,164.78137614362922,9524.781376143635,9524.740222009586,0.041154134049673594
2026-07-09 17:00:00,4552.0,166.8677673311789,9526.867767331185,9526.83679037954,0.03097695164510482
2026-07-09 18:00:00,4553.0,168.95418359674812,9528.954183596754,9528.933358749495,0.020824847260175566
2026-07-09 19:00:00,4554.0,171.0406454556469,9531.040645455652,9531.029927119449,0.010718336203345512
2026-07-09 20:00:00,4555.0,173.12717299688094,9533.127172996887,9533.126495489403,0.0006775074841195034
2026-07-09 21:00:00,4556.0,175.21378581817305,9535.21378581818,9535.223063859357,-0.00927804117815238
2026-07-09 22:00:00,4557.0,177.3005029658054,9537.30050296581,9537.319632229312,-0.019129263500853845
2026-07-09 23:00:00,4558.0,179.3873428801914,9539.387342880198,9539.416200599266,-0.028857719068842977
2026-07-10 00:00:00,4559.0,-178.52567665178043,9541.474323348226,9541.512768969222,-0.03844562099575115
2026-07-10 01:00:00,4560.0,-176.43853853652638,9543.56146146348,9543.609337339176,-0.04787587569547075
2026-07-10 02:00:00,4561.0,-174.35122640460577,9545.6487735954,9545.70590570913,-0.05713211372976982
2026-07-10 03:00:00,4562.0,-172.26372463170588,9547.7362753683,9547.802474079084,-0.06619871078427918
2026-07-10 04:00:00,4563.0,-170.1760183491671,9549.82398165084,9549.899042449038,-0.07506079819963976
2026-07-10 05:00:00,4564.0,-168.08809344391832,9551.911906556088,9551.995610818994,-0.08370426290636485
2026-07-10 06:00:00,4565.0,-165.99993654837573,9554.000063451631,9554.092179188949,-0.0921157373187166
2026-07-10 07:00:00,4566.0,-163.91153502176826,9556.088464978237,9556.188747558903,-0.10028258066622411
2026-07-10 08:00:00,4567.0,-161.82287692551535,9558.17712307449,9558.285315928859,-0.10819285436672485
2026-07-10 09:00:00,4568.0,-159.73395099670597,9560.2660490033,9560.381884298813,-0.11583529551203944
2026-07-10 10:00:00,4569.0,-157.64474668094851,9562.355253319058,9562.478452668767,-0.12319934970880185
2026-07-10 11:00:00,4570.0,-155.55525419127736,9564.444745808729,9564.575021038721,-0.13027522999230617
2026-07-10 12:00:00,4571.0,-153.4654645671216,9566.534535432886,9566.671589408676,-0.13705397579083545
2026-07-10 13:00:00,4572.0,-151.37536982983727,9568.624630170169,9568.76815777863,-0.14352760846160462
2026-07-10 14:00:00,4573.0,-149.2849630610655,9570.715036938942,9570.864726148584,-0.14968920964334348
2026-07-10 15:00:00,4574.0,-147.1942384319258,9572.80576156808,9572.961294518538,-0.15553295045918278
2026-07-10 16:00:00,4575.0,-145.10319119571335,9574.896808804293,9575.057862888494,-0.16105408420005554
2026-07-10 17:00:00,4576.0,-143.01181765521687,9576.98818234479,9577.154431258448,-0.16624891365811023
2026-07-10 18:00:00,4577.0,-140.92011511400398,9579.079884886001,9579.250999628402,-0.17111474240040972
2026-07-10 19:00:00,4578.0,-138.82808181913967,9581.171918180866,9581.347567998357,-0.17564981749004194
2026-07-10 20:00:00,4579.0,-136.73571690092786,9583.264283099079,9583.44413636831,-0.17985326923206368
2026-07-10 21:00:00,4580.0,-134.64302031348052,9585.356979686525,9585.540704738265,-0.18372505174018003
2026-07-10 22:00:00,4581.0,-132.54999277830944,9587.450007221698,9587.63727310822,-0.1872658865225589
2026-07-10 23:00:00,4582.0,-130.45663573175642,9589.54336426825,9589.733841478175,-0.190477209927058
2026-07-11 00:00:00,4583.0,-128.36295127597015,9591.637048724037,9591.830409848131,-0.19336112409412004
2026-07-11 01:00:00,4584.0,-126.26894213232744,9593.731057867679,9593.926978218085,-0.1959203504060727
2026-07-11 02:00:00,4585.0,-124.17461159568454,9595.82538840432,9596.02354658804,-0.19815818371808158
2026-07-11 03:00:00,4586.0,-122.07996348763287,9597.920036512374,9598.120114957994,-0.20007844562017907
2026-07-11 04:00:00,4587.0,-119.98500210701575,9600.014997892991,9600.216683327948,-0.2016854349569935
2026-07-11 05:00:00,4588.0,-117.88973217634123,9602.110267823666,9602.313251697902,-0.20298387423728576
2026-07-11 06:00:00,4589.0,-115.79415878342935,9604.205841216577,9604.409820067856,-0.20397885128028687
2026-07-11 07:00:00,4590.0,-113.69828731871583,9606.30171268129,9606.50638843781,-0.2046757565206043
2026-07-11 08:00:00,4591.0,-111.6021234102138,9608.397876589792,9608.602956807767,-0.205080217973054
2026-07-11 09:00:00,4592.0,-109.50567286037717,9610.49432713963,9610.69952517772,-0.2051980380913729
2026-07-11 10:00:00,4593.0,-107.4089415922651,9612.591058407741,9612.796093547675,-0.20503513993348874
2026-07-11 11:00:00,4594.0,-105.31193561679488,9614.68806438321,9614.892661917629,-0.2045975344183967
2026-07-11 12:00:00,4595.0,-103.21466103888258,9616.785338961123,9616.989230287583,-0.20389132646050787
2026-07-11 13:00:00,4596.0,-101.11712399606664,9618.88287600394,9619.085798657537,-0.2029226535984804
2026-07-11 14:00:00,4597.0,-99.01933055306526,9620.98066944694,9621.182367027492,-0.20169758055184228
2026-07-11 15:00:00,4598.0,-96.9212868513914,9623.078713148614,9623.278935397448,-0.20022224883265496
2026-07-11 16:00:00,4599.0,-94.82299910588455,9625.17700089412,9625.375503767402,-0.19850287328018468
2026-07-11 17:00:00,4600.0,-92.7244736416467,9627.27552635836,9627.472072137358,-0.19654577899726916
2026-07-11 18:00:00,4601.0,-90.62571693242246,9629.374283067584,9629.568640507312,-0.19435743972785727
2026-07-11 19:00:00,4602.0,-88.52673562891539,9631.47326437109,9631.665208877266,-0.1919445061756501
2026-07-11 20:00:00,4603.0,-86.42753657180317,9633.572463428203,9633.76177724722,-0.18931381901699704
2026-07-11 21:00:00,4604.0,-84.32812678846506,9635.67187321154,9635.858345617175,-0.18647240563423698
2026-07-11 22:00:00,4605.0,-82.22851347508596,9637.77148652492,9637.954913987129,-0.18342746220932826
2026-07-11 23:00:00,4606.0,-80.12870396723982,9639.871296032767,9640.051482357083,-0.1801863243174069
2026-07-12 00:00:00,4607.0,-78.02870570261263,9641.971294297393,9642.148050727039,-0.17675642964518973
2026-07-12 01:00:00,4608.0,-75.9285261794726,9644.071473820533,9644.244619096993,-0.1731452764591387
2026-07-12 02:00:00,4609.0,-73.82817291404638,9646.17182708596,9646.341187466947,-0.16936038098745304
2026-07-12 03:00:00,4610.0,-71.72765339927803,9648.272346600728,9648.437755836901,-0.16540923617321135
2026-07-12 04:00:00,4611.0,-69.62697506665273,9650.373024933353,9650.534324206856,-0.1612992735020157
2026-07-12 05:00:00,4612.0,-67.52614525194979,9652.473854748056,9652.63089257681,-0.157037828754186
2026-07-12 06:00:00,4613.0,-65.42517116501621,9654.57482883499,9654.727460946764,-0.15263211177432578
2026-07-12 07:00:00,4614.0,-63.324059862979404,9656.675940137025,9656.82402931672,-0.14808917969318885
2026-07-12 08:00:00,4615.0,-61.22281822578812,9658.777181774218,9658.920597686674,-0.14341591245542312
2026-07-12 09:00:00,4616.0,-59.12145293263269,9660.878547067374,9661.017166056628,-0.13861898925435742
2026-07-12 10:00:00,4617.0,-57.01997043768599,9662.98002956232,9663.113734426584,-0.1337048642633007
2026-07-12 11:00:00,4618.0,-54.918376943770674,9665.081623056234,9665.210302796539,-0.12867974030360244
2026-07-12 12:00:00,4619.0,-52.816678373031465,9667.183321626975,9667.306871166493,-0.12354953951800492
2026-07-12 13:00:00,4620.0,-50.71488033450978,9669.285119665496,9669.403439536447,-0.11831987095157995
2026-07-12 14:00:00,4621.0,-48.612988089708686,9671.387011910298,9671.500007906401,-0.11299599610362465
2026-07-12 15:00:00,4622.0,-46.511006518814796,9673.48899348119,9673.596576276355,-0.10758279516513207
2026-07-12 16:00:00,4623.0,-44.40894002003607,9675.59105997997,9675.693144646311,-0.10208466634024102
2026-07-12 17:00:00,4624.0,-42.30679265539697,9677.69320734461,9677.789713016266,-0.09650567165548317
2026-07-12 18:00:00,4625.0,-40.20456800077178,9679.795431999235,9679.88628138622,-0.09084938698497622
2026-07-12 19:00:00,4626.0,-38.10226912813579,9681.89773087187,9681.982849756174,-0.08511888430364126
2026-07-12 20:00:00,4627.0,-35.99989878079067,9684.000101219215,9684.079418126128,-0.07931690691266213
2026-07-12 21:00:00,4628.0,-33.897459515053036,9686.102540484952,9686.175986496082,-0.07344601113039764
2026-07-12 22:00:00,4629.0,-31.79495380472611,9688.20504619528,9688.272554866036,-0.06750867075706393
2026-07-12 23:00:00,4630.0,-29.692384109425486,9690.30761589058,9690.369123235992,-0.061507345410758356
2026-07-13 00:00:00,4631.0,-27.589752911202464,9692.410247088803,9692.465691605947,-0.055444517143022815
2026-07-13 01:00:00,4632.0,-25.487062726028128,9694.512937273978,9694.5622599759,-0.049322701922630725
2026-07-13 02:00:00,4633.0,-23.384316097721666,9696.615683902284,9696.658828345855,-0.04314444357126167
2026-07-13 03:00:00,4634.0,-21.281515581996793,9698.71848441801,9698.75539671581,-0.03691229779986482
2026-07-13 04:00:00,4635.0,-19.178663727643062,9700.821336272364,9700.851965085765,-0.030628813401759263
2026-07-13 05:00:00,4636.0,-17.075763060644718,9702.924236939361,9702.94853345572,-0.024296516359020585
2026-07-13 06:00:00,4637.0,-14.97281607545612,9705.02718392455,9705.045101825674,-0.017917901123791692
2026-07-13 07:00:00,4638.0,-12.869825235884646,9707.130174764121,9707.141670195628,-0.011495431507413249
2026-07-13 08:00:00,4639.0,-10.76679298625309,9709.233207013753,9709.238238565584,-0.0050315518303797185
2026-07-13 09:00:00,4640.0,-8.663721771887012,9711.33627822812,9711.334806935538,0.0014712925820644877
2026-07-13 10:00:00,4641.0,-6.560614066653169,9713.439385933354,9713.431375305492,0.00801062786130858
2026-07-13 11:00:00,4642.0,-4.457472404415135,9715.542527595591,9715.527943675446,0.014583920145236481
2026-07-13 12:00:00,4643.0,-2.3542994110358513,9717.64570058897,9717.6245120454,0.021188543569531617
2026-07-13 13:00:00,4644.0,-0.25109783414177095,9719.748902165864,9719.721080415355,0.027821750509491323
2026-07-13 14:00:00,4645.0,1.8521294304716691,9721.852129430477,9721.817648785309,0.034480645168293654
2026-07-13 15:00:00,4646.0,3.955379313803703,9723.95537931381,9723.914217155265,0.04116215854618471
2026-07-13 16:00:00,4647.0,6.058648542919679,9726.058648542925,9726.010785525219,0.047863017706855096
2026-07-13 17:00:00,4648.0,8.161933589697997,9728.161933589705,9728.107353895173,0.05457969453193574
2026-07-13 18:00:00,4649.0,10.26523057272058,9730.265230572726,9730.203922265127,0.061308307599104904
2026-07-13 19:00:00,4650.0,12.368535268062852,9732.368535268068,9732.300490635082,0.0680446329868141
2026-07-13 20:00:00,4651.0,14.471843167718113,9734.471843167725,9734.397059005036,0.07478416268820268
2026-07-13 21:00:00,4652.0,16.57514933385929,9736.575149333865,9736.49362737499,0.08152195887513076
2026-07-13 22:00:00,4653.0,18.67844842219207,9738.678448422199,9738.590195744946,0.08825267725169468
2026-07-13 23:00:00,4654.0,20.781734641342325,9740.781734641349,9740.6867641149,0.09497052644734734
2026-07-14 00:00:00,4655.0,22.885001728550456,9742.885001728557,9742.783332484856,0.10166924370097259
2026-07-14 01:00:00,4656.0,24.988242933349827,9744.988242933356,9744.87990085481,0.10834207854550472
2026-07-14 02:00:00,4657.0,27.091451005721034,9747.091451005726,9746.976469224765,0.11498178096262687
2026-07-14 03:00:00,4658.0,29.194618187680213,9749.194618187687,9749.073037594719,0.12158059296697246
2026-07-14 04:00:00,4659.0,31.297736208343192,9751.29773620835,9751.169605964673,0.12813024367682518
2026-07-14 05:00:00,4660.0,33.400796282844325,9753.400796282851,9753.266174334627,0.13462194822306156
2026-07-14 06:00:00,4661.0,35.50378911547566,9755.503789115483,9755.362742704581,0.14104641090019004
2026-07-14 07:00:00,4662.0,37.60670490727931,9757.606704907284,9757.459311074537,0.14739383274838627
2026-07-14 08:00:00,4663.0,39.709533368188815,9759.709533368194,9759.555879444491,0.1536539237033138
2026-07-14 09:00:00,4664.0,41.81226373372538,9761.812263733731,9761.652447814446,0.15981591928604647
2026-07-14 10:00:00,4665.0,43.914884786218465,9763.914884786225,9763.7490161844,0.16586860182495075
2026-07-14 11:00:00,4666.0,46.01738488053069,9766.017384880535,9765.845584554354,0.17180032618184388
2026-07-14 12:00:00,4667.0,48.11975197430773,9768.119751974315,9767.942152924308,0.1775990500052265
2026-07-14 13:00:00,4668.0,50.22197366283251,9770.22197366284,9770.038721294262,0.18325236857572727
2026-07-14 14:00:00,4669.0,52.32403721862994,9772.324037218636,9772.135289664217,0.18874755441800312
2026-07-14 15:00:00,4670.0,54.42592963603793,9774.425929636045,9774.231858034174,0.19407160187125141
2026-07-14 16:00:00,4671.0,56.52763768103095,9776.527637681038,9776.328426404129,0.19921127690982562
2026-07-14 17:00:00,4672.0,58.629147946651315,9778.629147946658,9778.424994774083,0.204153172575469
2026-07-14 18:00:00,4673.0,60.730446914468665,9780.730446914475,9780.521563144037,0.2088837704380478
2026-07-14 19:00:00,4674.0,62.83152102254411,9782.83152102255,9782.618131513991,0.21338950855866162
2026-07-14 20:00:00,4675.0,64.9323567404145,9784.93235674042,9784.714699883945,0.2176568564746041
2026-07-14 21:00:00,4676.0,67.03294065162214,9787.032940651628,9786.8112682539,0.22167239772890454
2026-07-14 22:00:00,4677.0,69.13325959167912,9789.133259591685,9788.907836623854,0.22542296783047516
2026-07-14 23:00:00,4678.0,71.23330065966537,9791.233300659673,9791.00440499381,0.22889566586328808
2026-07-15 00:00:00,4679.0,73.3330513166488,9793.333051316655,9793.100973363764,0.23207795289161773
2026-07-15 01:00:00,4680.0,75.4324996170237,9795.432499617029,9795.197541733718,0.23495788331145104
2026-07-15 02:00:00,4681.0,77.53163429024504,9797.531634290252,9797.294110103672,0.23752418657883478
2026-07-15 03:00:00,4682.0,79.63044475378899,9799.630444753795,9799.390678473626,0.23976628016903284
2026-07-15 04:00:00,4683.0,81.72892109189858,9801.728921091904,9801.48724684358,0.2416742483237036
2026-07-15 05:00:00,4684.0,83.82705402566916,9803.827054025674,9803.583815213535,0.24323881213964071
2026-07-15 06:00:00,4685.0,85.92483489187912,9805.924834891886,9805.680383583489,0.24445130839574414
2026-07-15 07:00:00,4686.0,88.02225564085288,9808.022255640859,9807.776951953445,0.24530368741487324
2026-07-15 08:00:00,4687.0,90.11930885768112,9810.119308857687,9809.8735203234,0.24578853428898578
2026-07-15 09:00:00,4688.0,92.21598780639339,9812.2159878064,9811.970088693355,0.24589911304416767
2026-07-15 10:00:00,4689.0,94.31228649319854,9814.312286493205,9814.06665706331,0.24562942989591147
2026-07-15 11:00:00,4690.0,96.40819974264734,9816.408199742655,9816.163225433264,0.24497430939027237
2026-07-15 12:00:00,4691.0,98.50372327945287,9818.50372327946,9818.259793803218,0.24392947624132136
2026-07-15 13:00:00,4692.0,100.59885380860194,9820.598853808608,9820.356362173172,0.24249163543593374
2026-07-15 14:00:00,4693.0,102.6935890871538,9822.693589087161,9822.452930543126,0.24065854403351353
2026-07-15 15:00:00,4694.0,104.78792798256771,9824.787927982574,9824.549498913082,0.2384290694919719
2026-07-15 16:00:00,4695.0,106.88187051433991,9826.881870514346,9826.646067283036,0.23580323131029732
2026-07-15 17:00:00,4696.0,108.97541787796598,9828.975417877971,9828.74263565299,0.23278222498133813
2026-07-15 18:00:00,4697.0,111.06857245260076,9831.068572452607,9830.839204022945,0.2293684296617738
2026-07-15 19:00:00,4698.0,113.16133779609719,9833.161337796102,9832.935772392899,0.2255654032037323
2026-07-15 20:00:00,4699.0,115.2537186332355,9835.253718633241,9835.032340762853,0.22137787038765389
2026-07-15 21:00:00,4700.0,117.345720844784,9837.34572084479,9837.128909132807,0.2168117119824041
2026-07-15 22:00:00,4701.0,119.43735146645751,9839.437351466464,9839.225477502763,0.21187396370144138
2026-07-15 23:00:00,4702.0,121.52861870772344,9841.528618707729,9841.322045872717,0.20657283501297358
2026-07-16 00:00:00,4703.0,123.61953200055177,9843.619532000559,9843.418614242672,0.200917757887429
2026-07-16 01:00:00,4704.0,125.71010187241046,9845.710101872415,9845.515182612626,0.19491925979022376
2026-07-16 02:00:00,4705.0,127.80033970928955,9847.800339709296,9847.61175098258,0.18858872671547675
2026-07-16 03:00:00,4706.0,129.89025799363046,9849.890257993637,9849.708319352536,0.18193864110004904
2026-07-16 04:00:00,4707.0,131.97987019241032,9851.979870192417,9851.80488772249,0.17498246992664312
2026-07-16 05:00:00,4708.0,134.06919068194756,9854.069190681954,9853.901456092444,0.16773458950923165
2026-07-16 06:00:00,4709.0,136.15823468606288,9856.158234686069,9855.998024462398,0.16021022366918092
2026-07-16 07:00:00,4710.0,138.24701821710877,9858.247018217115,9858.094592832354,0.15242538476115172
2026-07-16 08:00:00,4711.0,140.33555801464087,9860.335558014647,9860.191161202309,0.1443968123393845
2026-07-16 09:00:00,4712.0,142.42387147973363,9862.423871479741,9862.287729572263,0.13614190747766772
2026-07-16 10:00:00,4713.0,144.5119766047564,9864.511976604763,9864.384297942217,0.12767866254594729
2026-07-16 11:00:00,4714.0,146.59989189929954,9866.599891899305,9866.480866312171,0.11902558713403769
2026-07-16 12:00:00,4715.0,148.68763631324506,9868.68763631325,9868.577434682125,0.11020163112555591
2026-07-16 13:00:00,4716.0,150.77522915797647,9870.775229157982,9870.67400305208,0.10122610590240184
2026-07-16 14:00:00,4717.0,152.86269002659188,9872.862690026599,9872.770571422036,0.09211860456402994
2026-07-16 15:00:00,4718.0,154.95003871383514,9874.950038713841,9874.86713979199,0.0828989218519726
2026-07-16 16:00:00,4719.0,157.0372951363425,9877.037295136348,9876.963708161944,0.07358697440493758
2026-07-16 17:00:00,4720.0,159.12447925373976,9879.124479253745,9879.060276531898,0.06420272184766884
2026-07-16 18:00:00,4721.0,161.2116109911144,9881.211610991122,9881.156844901852,0.054766089268870034
2026-07-16 19:00:00,4722.0,163.2987101634092,9883.298710163415,9883.253413271806,0.04529689160766444
2026-07-16 20:00:00,4723.0,165.38579640232842,9885.385796402335,9885.349981641762,0.03581476057228525
2026-07-16 21:00:00,4724.0,167.47288908638927,9887.472889086395,9887.446550011717,0.026339074678864555
2026-07-16 22:00:00,4725.0,169.5600072747833,9889.56000727479,9889.54311838167,0.01688889311706578
2026-07-16 23:00:00,4726.0,171.64716964572742,9891.647169645734,9891.639686751627,0.007482894106964584
2026-07-17 00:00:00,4727.0,173.73439443997884,9893.734394439985,9893.736255121581,-0.001860681594930241
2026-07-17 01:00:00,4728.0,175.82169941016855,9895.821699410175,9895.832823491535,-0.01112408135982643
2026-07-17 02:00:00,4729.0,177.9091017765773,9897.909101776584,9897.92939186149,-0.020290084905416526
2026-07-17 03:00:00,4730.0,179.99661818994392,9899.996618189949,9900.025960231444,-0.029342041494424105
2026-07-17 04:00:00,4731.0,-177.91573540647224,9902.084264593534,9902.122528601398,-0.03826400786381031
2026-07-17 05:00:00,4732.0,-175.8279434383521,9904.172056561654,9904.219096971352,-0.047040409698950444
2026-07-17 06:00:00,4733.0,-173.73999099133536,9906.26000900867,9906.315665341308,-0.05565633263657621
2026-07-17 07:00:00,4734.0,-171.65186392243345,9908.348136077573,9908.412233711262,-0.06409763368779933
2026-07-17 08:00:00,4735.0,-169.56354868824147,9910.436451311765,9910.508802081216,-0.07235076945029742
2026-07-17 09:00:00,4736.0,-167.47503226920801,9912.524967730798,9912.60537045117,-0.08040272037264055
2026-07-17 10:00:00,4737.0,-165.3863021693124,9914.613697830695,9914.701938821125,-0.08824099043023094
2026-07-17 11:00:00,4738.0,-163.2973464691389,9916.702653530869,9916.798507191079,-0.09585366021094875
2026-07-17 12:00:00,4739.0,-161.20815391082516,9918.79184608918,9918.895075561033,-0.10322947185316259
2026-07-17 13:00:00,4740.0,-159.11871399533868,9920.881286004667,9920.991643930987,-0.1103579263208316
2026-07-17 14:00:00,4741.0,-157.02901707563052,9922.970982924377,9923.088212300943,-0.11722937656841506
2026-07-17 15:00:00,4742.0,-154.93905443306588,9925.060945566942,9925.1847806709,-0.12383510395723524
2026-07-17 16:00:00,4743.0,-152.84881832877707,9927.15118167123,9927.281349040853,-0.13016736962311498
2026-07-17 17:00:00,4744.0,-150.7583020258892,9929.241697974117,9929.377917410808,-0.13621943668998218
2026-07-17 18:00:00,4745.0,-148.66749978262305,9931.332500217384,9931.474485780762,-0.14198556337829482
2026-07-17 19:00:00,4746.0,-146.5764068198018,9933.423593180205,9933.571054150716,-0.14746097051106943
2026-07-17 20:00:00,4747.0,-144.48501926904547,9935.51498073096,9935.66762252067,-0.15264178970982073
2026-07-17 21:00:00,4748.0,-142.3933341097218,9937.606665890284,9937.764190890624,-0.1575250003412099
2026-07-17 22:00:00,4749.0,-140.3013491033813,9939.698650896626,9939.86075926058,-0.16210836395426106
2026-07-17 23:00:00,4750.0,-138.20906273379507,9941.79093726621,9941.957327630535,-0.16639036432268156
2026-07-18 00:00:00,4751.0,-136.11647415872136,9943.883525841284,9944.053896000489,-0.1703701592038371
2026-07-18 01:00:00,4752.0,-134.0235831760264,9945.97641682398,9946.150464370443,-0.17404754646223122
2026-07-18 02:00:00,4753.0,-131.9303902016067,9948.0696097984,9948.247032740397,-0.17742294199757538
2026-07-18 03:00:00,4754.0,-129.8368962494732,9950.163103750532,9950.343601110351,-0.18049735981914827
2026-07-18 04:00:00,4755.0,-127.74310289499508,9952.256897105011,9952.440169480305,-0.18327237529507162
2026-07-18 05:00:00,4756.0,-125.64901219013275,9954.350987809874,9954.53673785026,-0.18575004038691478
2026-07-18 06:00:00,4757.0,-123.55462648372789,9956.445373516279,9956.633306220216,-0.18793270393624384
2026-07-18 07:00:00,4758.0,-121.45994849723289,9958.540051502774,9958.72987459017,-0.18982308739540954
2026-07-18 08:00:00,4759.0,-119.36498143554525,9960.63501856446,9960.826442960126,-0.19142439566433106
2026-07-18 09:00:00,4760.0,-117.26972867673433,9962.730271323271,9962.92301133008,-0.1927400068084054
2026-07-18 10:00:00,4761.0,-115.17419387258589,9964.825806127421,9965.019579700034,-0.1937735726132956
2026-07-18 11:00:00,4762.0,-113.07838086429223,9966.921619135715,9967.116148069988,-0.19452893427387138
2026-07-18 12:00:00,4763.0,-110.98229362030354,9969.017706379704,9969.212716439943,-0.19501006023975853
2026-07-18 13:00:00,4764.0,-108.88593619975141,9971.114063800256,9971.309284809897,-0.19522100964211528
2026-07-18 14:00:00,4765.0,-106.78931274146255,9973.210687258545,9973.405853179853,-0.19516592130814908
2026-07-18 15:00:00,4766.0,-104.69242747563918,9975.307572524367,9975.502421549807,-0.19484902543868848
2026-07-18 16:00:00,4767.0,-102.59528475309725,9977.404715246908,9977.598989919761,-0.19427467285178046
2026-07-18 17:00:00,4768.0,-100.4978890856397,9979.502110914367,9979.695558289715,-0.19344737534856016
2026-07-18 18:00:00,4769.0,-98.40024519068307,9981.599754809324,9981.79212665967,-0.192371850345644
2026-07-18 19:00:00,4770.0,-96.30235803355966,9983.697641966446,9983.888695029624,-0.19105306317721937
2026-07-18 20:00:00,4771.0,-94.20423286184129,9985.795767138166,9985.985263399578,-0.1894962614128735
2026-07-18 21:00:00,4772.0,-92.10587522740737,9987.894124772598,9988.081831769532,-0.1877069969344086
2026-07-18 22:00:00,4773.0,-90.00729099364018,9989.992709006367,9990.178400139488,-0.18569113312053678
2026-07-18 23:00:00,4774.0,-87.90848632690174,9992.091513673106,9992.274968509442,-0.18345483633663187
2026-07-19 00:00:00,4775.0,-85.80946767316756,9994.19053232684,9994.371536879396,-0.1810045525567872
2026-07-19 01:00:00,4776.0,-83.71024172221529,9996.289758277791,9996.468105249352,-0.17834697156084608
2026-07-19 02:00:00,4777.0,-81.61081536294758,9998.389184637059,9998.564673619307,-0.17548898224826995
2026-07-19 03:00:00,4778.0,-79.51119563415051,10000.488804365856,10000.66124198926,-0.172437623405391
2026-07-19 04:00:00,4779.0,-77.41138967513395,10002.588610324874,10002.757810359215,-0.16920003434238945
2026-07-19 05:00:00,4780.0,-75.3114046801769,10004.688595319829,10004.85437872917,-0.16578340934082944
2026-07-19 06:00:00,4781.0,-73.21124785942953,10006.788752140576,10006.950947099125,-0.16219495854820504
2026-07-19 07:00:00,4782.0,-71.11092640683945,10008.889073593167,10009.04751546908,-0.15844187591224937
2026-07-19 08:00:00,4783.0,-69.01044747274135,10010.989552527266,10011.144083839034,-0.15453131176770848
2026-07-19 09:00:00,4784.0,-66.90981813495355,10013.090181865053,10013.240652208988,-0.1504703439347172
2026-07-19 10:00:00,4785.0,-64.80904539144609,10015.19095460856,10015.337220578942,-0.14626597038103056
2026-07-19 11:00:00,4786.0,-62.70813598529679,10017.291864014709,10017.433788948896,-0.1419249341870923
2026-07-19 12:00:00,4787.0,-60.60709640982513,10019.392903590182,10019.53035731885,-0.13745372866911962
2026-07-19 13:00:00,4788.0,-58.50593300255407,10021.494066997451,10021.626925688804,-0.13285869135334957
2026-07-19 14:00:00,4789.0,-56.40465189085459,10023.595348109153,10023.72349405876,-0.12814594960717904
2026-07-19 15:00:00,4790.0,-54.30325890072646,10025.69674109928,10025.820062428715,-0.12332132943490202
2026-07-19 16:00:00,4791.0,-52.20175946709023,10027.798240532917,10027.916630798669,-0.11839026575207377
2026-07-19 17:00:00,4792.0,-50.10015856942362,10029.899841430582,10030.013199168623,-0.11335773804080314
2026-07-19 18:00:00,4793.0,-47.99846070449329,10032.001539295514,10032.109767538577,-0.10822824306354498
2026-07-19 19:00:00,4794.0,-45.89666989837719,10034.10333010163,10034.206335908533,-0.10300580690381503
2026-07-19 20:00:00,4795.0,-43.79478975292711,10036.20521024708,10036.302904278487,-0.09769403140778432
2026-07-19 21:00:00,4796.0,-41.69282351718247,10038.307176482826,10038.399472648442,-0.09229616561760351
2026-07-19 22:00:00,4797.0,-39.59077417183624,10040.40922582817,10040.496041018398,-0.08681519022576539
2026-07-19 23:00:00,4798.0,-37.48864451442385,10042.511355485582,10042.592609388352,-0.08125390276878118
2026-07-20 00:00:00,4799.0,-35.38643723414893,10044.613562765859,10044.689177758306,-0.07561499244766823
2026-07-20 01:00:00,4800.0,-33.28415496781828,10046.71584503219,10046.78574612826,-0.06990109607151525
2026-07-20 02:00:00,4801.0,-31.1818003318416,10048.818199668165,10048.882314498214,-0.06411483004989292
2026-07-20 03:00:00,4802.0,-29.07937592924056,10050.920624070766,10050.978882868169,-0.058258797403305466
2026-07-20 04:00:00,4803.0,-26.97688433467849,10053.023115665328,10053.075451238123,-0.05233557279616174
2026-07-20 05:00:00,4804.0,-24.87432806423431,10055.125671935772,10055.172019608077,-0.046347672306340924
2026-07-20 06:00:00,4805.0,-22.771709539575305,10057.22829046043,10057.268587978033,-0.040297517601053046
2026-07-20 07:00:00,4806.0,-20.66903105791354,10059.330968942093,10059.365156347987,-0.034187405893675665
2026-07-20 08:00:00,4807.0,-18.56629477924138,10061.433705220765,10061.461724717941,-0.02801949717675295
2026-07-20 09:00:00,4808.0,-16.463502740405193,10063.5364972596,10063.558293087895,-0.02179582829500867
2026-07-20 10:00:00,4809.0,-14.360656901123889,10065.639343098883,10065.65486145785,-0.015518358966802034
2026-07-20 11:00:00,4810.0,-12.257759219549191,10067.742240780457,10067.751429827804,-0.009189047347186001
2026-07-20 12:00:00,4811.0,-10.154811743718126,10069.84518825629,10069.847998197758,-0.0028099414699230604
2026-07-20 13:00:00,4812.0,-8.051816507040458,10071.948183492967,10071.944566567714,0.0036169252513945102
2026-07-20 14:00:00,4813.0,-5.9487753926009885,10074.051224607405,10074.04113493767,0.010089669736238892
2026-07-20 15:00:00,4814.0,-3.845690461247118,10076.154309538759,10076.137703307624,0.016606231134993342
2026-07-20 16:00:00,4815.0,-1.742563919584098,10078.257436080423,10078.234271677578,0.023164402844161183
2026-07-20 17:00:00,4816.0,0.360601864939836,10080.360601864946,10080.330840047533,0.029761817413946814
2026-07-20 18:00:00,4817.0,2.463804328392572,10082.463804328398,10082.427408417487,0.036395910911387316
2026-07-20 19:00:00,4818.0,4.567040667036439,10084.567040667043,10084.523976787441,0.04306387960211367
2026-07-20 20:00:00,4819.0,6.670307792962123,10086.670307792969,10086.620545157395,0.04976263557362339
2026-07-20 21:00:00,4820.0,8.773602291700595,10088.773602291707,10088.717113527351,0.05648876435665396
2026-07-20 22:00:00,4821.0,10.876920382925952,10090.876920382932,10090.813681897305,0.06323848562757231
2026-07-20 23:00:00,4822.0,12.980257884494806,10092.980257884501,10092.91025026726,0.07000761724256069
2026-07-21 00:00:00,4823.0,15.083610179783566,10095.083610179789,10095.006818637214,0.0767915425759154
2026-07-21 01:00:00,4824.0,17.186972188286457,10097.186972188292,10097.103387007168,0.08358518112500424
2026-07-21 02:00:00,4825.0,19.290338339539975,10099.290338339546,10099.199955377122,0.09038296242422211
2026-07-21 03:00:00,4826.0,21.393702550548284,10101.393702550555,10101.296523747076,0.0971788034780141
2026-07-21 04:00:00,4827.0,23.497058206953273,10103.49705820696,10103.39309211703,0.10396608992792064
2026-07-21 05:00:00,4828.0,25.600398148214808,10105.60039814822,10105.489660486986,0.11073766123536564
2026-07-21 06:00:00,4829.0,27.703714657049698,10107.703714657056,10107.586228856942,0.11748580011468332
2026-07-21 07:00:00,4830.0,29.80699945333677,10109.806999453343,10109.682797226897,0.12420222644762303
2026-07-21 08:00:00,4831.0,31.910243692646656,10111.910243692653,10111.77936559685,0.13087809580309365
2026-07-21 09:00:00,4832.0,34.01343796950953,10114.013437969516,10113.875933966805,0.13750400271033603
2026-07-21 10:00:00,4833.0,36.11657232549888,10116.116572325505,10115.97250233676,0.14406998874577584
2026-07-21 11:00:00,4834.0,38.219636262186825,10118.219636262193,10118.069070706713,0.15056555547915346
2026-07-21 12:00:00,4835.0,40.32261875901377,10120.32261875902,10120.165639076668,0.15697968235221046
2026-07-21 13:00:00,4836.0,42.42550829610988,10122.425508296115,10122.262207446624,0.16330084949319013
2026-07-21 14:00:00,4837.0,44.52829288210215,10124.528292882109,10124.358775816578,0.1695170655322893
2026-07-21 15:00:00,4838.0,46.630960086936305,10126.630960086943,10126.455344186532,0.17561590041154804
2026-07-21 16:00:00,4839.0,48.73349721464759,10128.733497214653,10128.551912556486,0.18158465816764308
2026-07-21 17:00:00,4840.0,50.83589092617941,10130.835890926186,10130.64848092644,0.1874099997451754
2026-07-21 18:00:00,4841.0,52.938127611331836,10132.938127611338,10132.745049296394,0.19307831494304983
2026-07-21 19:00:00,4842.0,55.04019359376977,10135.040193593777,10134.841617666349,0.1985759274274321
2026-07-21 20:00:00,4843.0,57.14207502227852,10137.142075022284,10136.938186036303,0.20388898598100175
2026-07-21 21:00:00,4844.0,59.24375787665204,10139.243757876658,10139.034754406259,0.20900347040117628
2026-07-21 22:00:00,4845.0,61.34522804882252,10141.345228048829,10141.131322776213,0.21390527261616363
2026-07-21 23:00:00,4846.0,63.44647146504292,10143.44647146505,10143.227891146167,0.2185803188817711
2026-07-22 00:00:00,4847.0,65.54747422119077,10145.547474221197,10145.324459516123,0.22301470507416124
2026-07-22 01:00:00,4848.0,67.64822271009879,10147.648222710104,10147.421027886077,0.2271948240276585
2026-07-22 02:00:00,4849.0,69.74870372678359,10149.74870372679,10149.517596256032,0.2311074707582866
2026-07-22 03:00:00,4850.0,71.84890454413451,10151.848904544142,10151.614164625986,0.23473991815547396
2026-07-22 04:00:00,4851.0,73.9488129576807,10153.948812957688,10153.71073299594,0.23807996174635057
2026-07-22 05:00:00,4852.0,76.04841730317368,10156.04841730318,10155.807301365896,0.24111593728457187
2026-07-22 06:00:00,4853.0,78.14770645466548,10158.147706454673,10157.90386973585,0.24383671882224087
2026-07-22 07:00:00,4854.0,80.24666981335224,10160.24666981336,10160.000438105804,0.2462317075550668
2026-07-22 08:00:00,4855.0,82.34529729857934,10162.345297298585,10162.097006475758,0.24829082282684053
2026-07-22 09:00:00,4856.0,84.44357935201629,10164.443579352022,10164.193574845713,0.2500045063096502
2026-07-22 10:00:00,4857.0,86.54150696411033,10166.541506964117,10166.290143215667,0.25136374844981196
2026-07-22 11:00:00,4858.0,88.63907172856193,10168.639071728569,10168.386711585621,0.2523601429474635
2026-07-22 12:00:00,4859.0,90.73626592580361,10170.73626592581,10170.483279955575,0.2529859702338606
2026-07-22 13:00:00,4860.0,92.83308263038344,10172.83308263039,10172.579848325531,0.25323430485911635
2026-07-22 14:00:00,4861.0,94.92951582981625,10174.929515829823,10174.676416695485,0.25309913433767245
2026-07-22 15:00:00,4862.0,97.02556053389117,10177.025560533897,10176.77298506544,0.2525754684576025
2026-07-22 16:00:00,4863.0,99.12121284356984,10179.121212843576,10178.869553435394,0.25165940818333454
2026-07-22 17:00:00,4864.0,101.21646993734481,10181.216469937352,10180.96612180535,0.2503481320011479
2026-07-22 18:00:00,4865.0,103.3113299200181,10183.311329920023,10183.062690175304,0.24863974471977693
2026-07-22 19:00:00,4866.0,105.40579197654364,10185.405791976551,10185.159258545258,0.24653343129160193
2026-07-22 20:00:00,4867.0,107.49985677173348,10187.499856771741,10187.255826915212,0.24402985652725626
2026-07-22 21:00:00,4868.0,109.59352600123185,10189.593526001237,10189.352395285168,0.24113071607010675
2026-07-22 22:00:00,4869.0,111.686802527649,10191.686802527656,10191.448963655122,0.23783887253417205
2026-07-22 23:00:00,4870.0,113.7796903842088,10193.779690384215,10193.545532025077,0.23415835913880953
2026-07-23 00:00:00,4871.0,115.87219476630345,10195.87219476631,10195.64210039503,0.2300943712798891
2026-07-23 01:00:00,4872.0,117.96432201444647,10197.964322014454,10197.738668764985,0.22565324946858564
2026-07-23 02:00:00,4873.0,120.05607959076926,10200.056079590775,10199.83523713494,0.22084245583618875
2026-07-23 03:00:00,4874.0,122.14747605017801,10202.147476050186,10201.931805504893,0.21567054529110294
2026-07-23 04:00:00,4875.0,124.23852100660926,10204.238521006617,10204.028373874848,0.21014713176771718
2026-07-23 05:00:00,4876.0,126.32922509445325,10206.32922509446,10206.124942244804,0.20428284965670887
2026-07-23 06:00:00,4877.0,128.4195999250829,10208.41959992509,10208.221510614758,0.19808931033210295
2026-07-23 07:00:00,4878.0,130.50965803845364,10210.509658038462,10210.318078984712,0.1915790537490309
2026-07-23 08:00:00,4879.0,132.59941284985268,10212.59941284986,10212.414647354666,0.1847654951936121
2026-07-23 09:00:00,4880.0,134.68887859202127,10214.688878592027,10214.51121572462,0.17766286740642573
2026-07-23 10:00:00,4881.0,136.77807025301243,10216.77807025302,10216.607784094575,0.17028615844434472
2026-07-23 11:00:00,4882.0,138.86700351025786,10218.867003510264,10218.70435246453,0.16265104573343922
2026-07-23 12:00:00,4883.0,140.95569466139682,10220.955694661403,10220.800920834485,0.1547738269171022
2026-07-23 13:00:00,4884.0,143.04416055246685,10223.044160552474,10222.89748920444,0.14667134803352713
2026-07-23 14:00:00,4885.0,145.13241850408218,10225.132418504088,10224.994057574395,0.13836092969508457
2026-07-23 15:00:00,4886.0,147.22048623623743,10227.220486236243,10227.090625944349,0.12986029189492057
2026-07-23 16:00:00,4887.0,149.30838179238307,10229.308381792389,10229.187194314303,0.12118747808564088
2026-07-23 17:00:00,4888.0,151.39612346342832,10231.396123463433,10231.283762684257,0.11236077917657247
2026-07-23 18:00:00,4889.0,153.4837297123405,10233.483729712347,10233.380331054212,0.10339865813517816
2026-07-23 19:00:00,4890.0,155.571219100023,10235.57121910003,10235.476899424166,0.09431967586354278
2026-07-23 20:00:00,4891.0,157.6586102131661,10237.658610213173,10237.57346779412,0.08514241905179024
2026-07-23 21:00:00,4892.0,159.74592159476515,10239.745921594771,10239.670036164076,0.07588543069563515
2026-07-23 22:00:00,4893.0,161.83317175077207,10241.833171750779,10241.76660453403,0.06656721674857653
2026-07-23 23:00:00,4894.0,163.92037889262969,10243.920378892635,10243.863172903984,0.057205988651874345
2026-07-24 00:00:00,4895.0,166.00756095845486,10246.00756095846,10245.959741273939,0.047819684522234306
2026-07-24 01:00:00,4896.0,168.09473569826986,10248.094735698276,10248.056309643893,0.03842605438293829
2026-07-24 02:00:00,4897.0,170.18192057937358,10250.18192057938,10250.152878013847,0.02904256553333522
2026-07-24 03:00:00,4898.0,172.26913270184397,10252.269132701851,10252.249446383801,0.019686318048882014
2026-07-24 04:00:00,4899.0,174.3563887389971,10254.356388739003,10254.346014753757,0.010373985246859563
2026-07-24 05:00:00,4900.0,176.4437049075134,10256.44370490752,10256.442583123713,0.0011217838076822521
2026-07-24 06:00:00,4901.0,178.5310969644782,10258.531096964485,10258.539151493667,-0.008054529182356343
2026-07-24 07:00:00,4902.0,-179.38141977636718,10260.61858022364,10260.635719863621,-0.0171396399808408
2026-07-24 08:00:00,4903.0,-177.29383041952016,10262.706169580488,10262.732288233576,-0.026118653088398093
2026-07-24 09:00:00,4904.0,-175.2061204647384,10264.79387953527,10264.82885660353,-0.034977068261582124
2026-07-24 10:00:00,4905.0,-173.11827579608652,10266.88172420392,10266.925424973484,-0.04370076956484472
2026-07-24 11:00:00,4906.0,-171.03028269048818,10268.96971730952,10269.021993343438,-0.05227603391986666
2026-07-24 12:00:00,4907.0,-168.942127849899,10271.057872150108,10271.118561713392,-0.06068956328523944
2026-07-24 13:00:00,4908.0,-166.85379845732842,10273.146201542677,10273.215130083348,-0.06892854067005348
2026-07-24 14:00:00,4909.0,-164.7652822529487,10275.234717747058,10275.311698453303,-0.07698070624411361
2026-07-24 15:00:00,4910.0,-162.67656762286472,10277.323432377143,10277.408266823257,-0.08483444611419208
2026-07-24 16:00:00,4911.0,-160.58764369019286,10279.412356309815,10279.504835193211,-0.09247888339638742
2026-07-24 17:00:00,4912.0,-158.49850039631093,10281.501499603697,10281.601403563165,-0.09990395946896623
2026-07-24 18:00:00,4913.0,-156.40912855987912,10283.590871440128,10283.69797193312,-0.10710049299205884
2026-07-24 19:00:00,4914.0,-154.3195199028679,10285.680480097139,10285.794540303074,-0.11406020593507982
2026-07-24 20:00:00,4915.0,-152.229667036739,10287.770332963268,10287.89110867303,-0.12077570976100906
2026-07-24 21:00:00,4916.0,-150.13956340850996,10289.860436591498,10289.987677042984,-0.12724045148581278
2026-07-24 22:00:00,4917.0,-148.04920321614904,10291.950796783858,10292.08424541294,-0.13344862908077798
2026-07-24 23:00:00,4918.0,-145.95858131615876,10294.041418683848,10294.180813782894,-0.13939509904528802
2026-07-25 00:00:00,4919.0,-143.8676931640375,10296.132306835969,10296.277382152848,-0.14507531687905223
2026-07-25 01:00:00,4920.0,-141.77653491904573,10298.22346508096,10298.373950522802,-0.1504854418415368
2026-07-25 02:00:00,4921.0,-139.68510347882193,10300.314896521184,10300.470518892756,-0.1556223715726842
2026-07-25 03:00:00,4922.0,-137.59339627712288,10302.406603722884,10302.56708726271,-0.16048353982714092
2026-07-25 04:00:00,4923.0,-135.5014112862838,10304.498588713723,10304.663655632665,-0.16506691894297892
2026-07-25 05:00:00,4924.0,-133.40914699739048,10306.590853002615,10306.76022400262,-0.1693710000039907
2026-07-25 06:00:00,4925.0,-131.3166023963431,10308.683397603663,10308.856792372575,-0.17339476891133312
2026-07-25 07:00:00,4926.0,-129.22377693366934,10310.776223066337,10310.95336074253,-0.17713767619217588
2026-07-25 08:00:00,4927.0,-127.13067048726643,10312.869329512741,10313.049929112483,-0.1805995997425312
2026-07-25 09:00:00,4928.0,-125.03728331894793,10314.962716681059,10315.146497482438,-0.1837808013787396
2026-07-25 10:00:00,4929.0,-122.94361602725031,10317.056383972757,10317.243065852392,-0.1866818796353921
2026-07-25 11:00:00,4930.0,-120.8496695001176,10319.15033049989,10319.339634222346,-0.18930372245740382
2026-07-25 12:00:00,4931.0,-118.7554448716781,10321.244555128329,10321.436202592302,-0.19164746397296792
2026-07-25 13:00:00,4932.0,-116.66094348731588,10323.33905651269,10323.532770962256,-0.19371444956506048
2026-07-25 14:00:00,4933.0,-114.56616688065579,10325.433833119352,10325.62933933221,-0.19550621285826977
2026-07-25 15:00:00,4934.0,-112.4711167650112,10327.528883234994,10327.725907702164,-0.1970244671694654
2026-07-25 16:00:00,4935.0,-110.37579504041057,10329.624204959595,10329.82247607212,-0.19827111252476337
2026-07-25 17:00:00,4936.0,-108.2802038156632,10331.719796184343,10331.919044442075,-0.1992482577314562
2026-07-25 18:00:00,4937.0,-106.18434544319766,10333.815654556809,10334.015612812029,-0.19995825522020047
2026-07-25 19:00:00,4938.0,-104.0882225627608,10335.911777437246,10336.112181181983,-0.2004037447377978
2026-07-25 20:00:00,4939.0,-101.99183814865789,10338.00816185135,10338.208749551939,-0.20058770058835523
2026-07-25 21:00:00,4940.0,-99.89519555418846,10340.104804445818,10340.305317921893,-0.2005134760735219
2026-07-25 22:00:00,4941.0,-97.79829854643225,10342.201701453574,10342.401886291847,-0.20018483827279582
2026-07-25 23:00:00,4942.0,-95.70115132469233,10344.298848675315,10344.498454661802,-0.19960598648728073
2026-07-26 00:00:00,4943.0,-93.60375851682835,10346.396241483179,10346.595023031756,-0.19878154857731542
2026-07-26 01:00:00,4944.0,-91.50612514951331,10348.493874850494,10348.69159140171,-0.1977165512173158
2026-07-26 02:00:00,4945.0,-89.40825659120823,10350.591743408799,10350.788159771664,-0.19641636286603759
2026-07-26 03:00:00,4946.0,-87.31015847043521,10352.689841529571,10352.884728141618,-0.19488661204799967
2026-07-26 04:00:00,4947.0,-85.21183676900546,10354.788163231002,10354.981296511574,-0.19313328057213242
2026-07-26 05:00:00,4948.0,-83.11329756650186,10356.886702433505,10357.077864881529,-0.19116244802240048
2026-07-26 06:00:00,4949.0,-81.01454710147266,10358.985452898534,10359.174433251483,-0.18898035294821477
2026-07-26 07:00:00,4950.0,-78.91559185198274,10361.084408148025,10361.271001621437,-0.18659347341215757
2026-07-26 08:00:00,4951.0,-76.81643838038502,10363.18356161962,10363.367569991391,-0.18400837176995785
2026-07-26 09:00:00,4952.0,-74.71709325248345,10365.282906747525,10365.464138361345,-0.1812316138215036
2026-07-26 10:00:00,4953.0,-72.61756299865895,10367.382437001346,10367.560706731301,-0.1782697299545397
2026-07-26 11:00:00,4954.0,-70.51785409244013,10369.482145907567,10369.657275101255,-0.17512919368991817
2026-07-26 12:00:00,4955.0,-68.41797292959714,10371.58202707041,10371.753843471211,-0.17181640080006086
2026-07-26 13:00:00,4956.0,-66.31792579780881,10373.6820742022,10373.850411841166,-0.1683376389661624
2026-07-26 14:00:00,4957.0,-64.2177188330349,10375.782281166972,10375.94698021112,-0.16469904414729034
2026-07-26 15:00:00,4958.0,-62.117357963716515,10377.882642036291,10378.043548581074,-0.16090654478337976
2026-07-26 16:00:00,4959.0,-60.01684884768495,10379.983151152323,10380.140116951028,-0.15696579870605626
2026-07-26 17:00:00,4960.0,-57.9161968091019,10382.083803190906,10382.236685320982,-0.1528821300771419
2026-07-26 18:00:00,4961.0,-55.8154067838627,10384.184593216143,10384.333253690937,-0.14866047479344205
2026-07-26 19:00:00,4962.0,-53.714483281709235,10386.285516718297,10386.42982206089,-0.1443053425944817
2026-07-26 20:00:00,4963.0,-51.61343037191332,10388.386569628094,10388.526390430847,-0.13982080275173983
2026-07-26 21:00:00,4964.0,-49.51225169694771,10390.48774830306,10390.622958800801,-0.13521049774106528
2026-07-26 22:00:00,4965.0,-47.41095051524259,10392.589049484764,10392.719527170755,-0.13047768599095977
2026-07-26 23:00:00,4966.0,-45.309529770142866,10394.690470229863,10394.81609554071,-0.12562531084555317
2026-07-27 00:00:00,4967.0,-43.207992177773455,10396.792007822232,10396.912663910663,-0.12065608843055584
2026-07-27 01:00:00,4968.0,-41.10634032193239,10398.893659678073,10399.009232280618,-0.11557260254431906
2026-07-27 02:00:00,4969.0,-39.004576739619175,10400.995423260387,10401.105800650572,-0.11037739018534203
2026-07-27 03:00:00,4970.0,-36.902703976627386,10403.09729602338,10403.202369020528,-0.10507299714897846
2026-07-27 04:00:00,4971.0,-34.800724589043604,10405.199275410963,10405.298937390484,-0.09966197951909117
2026-07-27 05:00:00,4972.0,-32.698641063774936,10407.301358936233,10407.395505760438,-0.09414682420487053
2026-07-27 06:00:00,4973.0,-30.59645562968221,10409.403544370325,10409.492074130392,-0.08852976006738573
2026-07-27 07:00:00,4974.0,-28.494170320075895,10411.50582967993,10411.588642500346,-0.08281282041600865
2026-07-27 08:00:00,4975.0,-26.39178731618044,10413.608212683826,10413.6852108703,-0.0769981864749363
2026-07-27 09:00:00,4976.0,-24.28930854591727,10415.71069145409,10415.781779240255,-0.07108778616553037
2026-07-27 10:00:00,4977.0,-22.18673578725736,10417.81326421275,10417.878347610209,-0.06508339746040091
2026-07-27 11:00:00,4978.0,-20.084070707445026,10419.915929292561,10419.974915980163,-0.058986687602851494
2026-07-27 12:00:00,4979.0,-17.981314890779064,10422.01868510923,10422.07148435012,-0.05279924088976228
2026-07-27 13:00:00,4980.0,-15.878469864985732,10424.12153013502,10424.168052720073,-0.04652258505238274
2026-07-27 14:00:00,4981.0,-13.775537130882661,10426.224462869124,10426.264621090028,-0.04015822090378309
2026-07-27 15:00:00,4982.0,-11.672518196853101,10428.327481803153,10428.361189459982,-0.03370765682766967
2026-07-27 16:00:00,4983.0,-9.569414617936118,10430.43058538207,10430.457757829936,-0.027172447865926236
2026-07-27 17:00:00,4984.0,-7.466228038561099,10432.533771961447,10432.55432619989,-0.020554238444099076
2026-07-27 18:00:00,4985.0,-5.362960237732054,10434.637039762274,10434.650894569844,-0.013854807570488617
2026-07-27 19:00:00,4986.0,-3.259613175534007,10436.740386824473,10436.7474629398,-0.007076115326597064
2026-07-27 20:00:00,4987.0,-1.1561890400155548,10438.84381095999,10438.844031309754,-0.00022034976305864668
2026-07-27 21:00:00,4988.0,0.947309706299552,10440.947309706307,10440.94059967971,0.0067100265968851715
2026-07-27 22:00:00,4989.0,3.050880280856792,10443.050880280864,10443.037168049665,0.013712231200036437
2026-07-27 23:00:00,4990.0,5.154519536945979,10445.154519536953,10445.133736419619,0.02078311733403683
2026-07-28 00:00:00,4991.0,7.258223921421436,10447.258223921428,10447.230304789573,0.027919131854589947
2026-07-28 01:00:00,4992.0,9.361989434657541,10449.361989434665,10449.326873159527,0.035116275137138095
2026-07-28 02:00:00,4993.0,11.465811593126345,10451.465811593134,10451.423441529481,0.042370063651962345
2026-07-28 03:00:00,4994.0,13.569685394986431,10453.569685394994,10453.520009899436,0.049675495556789316
2026-07-28 04:00:00,4995.0,15.673605289069496,10455.673605289077,10455.616578269392,0.057027019686332156
2026-07-28 05:00:00,4996.0,17.777565147637006,10457.777565147644,10457.713146639346,0.06441850829865181
2026-07-28 06:00:00,4997.0,19.881558243251455,10459.88155824326,10459.8097150093,0.07184323395939447
2026-07-28 07:00:00,4998.0,21.985577230063832,10461.98557723007,10461.906283379254,0.07929385081631406
2026-07-28 08:00:00,4999.0,24.089614129764083,10464.08961412977,10464.002851749208,0.08676238056208498
2026-07-28 09:00:00,5000.0,26.193660322374324,10466.193660322382,10466.099420119162,0.09424020321893753
2026-07-28 10:00:00,5001.0,28.297706484217276,10468.297706484223,10468.195988489117,0.10171799510634078
2026-07-28 11:00:00,5002.0,30.401742748325496,10470.401742748332,10470.292556859073,0.10918588926064904
2026-07-28 12:00:00,5003.0,32.505758625330714,10472.505758625337,10472.389125229027,0.1166333963106366
2026-07-28 13:00:00,5004.0,34.609742922948115,10474.609742922954,10474.485693598981,0.12404932397374026
2026-07-28 14:00:00,5005.0,36.713683809592986,10476.7136838096,10476.582261968935,0.1314218406647103
2026-07-28 15:00:00,5006.0,38.817568865789724,10478.817568865798,10478.678830338891,0.1387385269055874
2026-07-28 16:00:00,5007.0,40.921385124122395,10480.92138512413,10480.775398708845,0.1459864152844616
2026-07-28 17:00:00,5008.0,43.02511910149059,10483.025119101498,10482.8719670788,0.1531520226970348
2026-07-28 18:00:00,5009.0,45.12875682907855,10485.128756829086,10484.968535448754,0.16022138033116012
2026-07-28 19:00:00,5010.0,47.23228388589525,10487.232283885902,10487.065103818708,0.1671800671932471
2026-07-28 20:00:00,5011.0,49.33568544120089,10489.335685441207,10489.161672188664,0.17401325254388356
2026-07-28 21:00:00,5012.0,51.4389463098196,10491.438946309827,10491.258240558618,0.18070575120956447
2026-07-28 22:00:00,5013.0,53.54205102248013,10493.542051022487,10493.354808928572,0.18724209391518834
2026-07-28 23:00:00,5014.0,55.644983911160715,10495.644983911166,10495.451377298526,0.19360661264057752
2026-07-29 00:00:00,5015.0,57.74772920717185,10497.74772920718,10497.54794566848,0.19978353869840337
2026-07-29 01:00:00,5016.0,59.85027114761587,10499.850271147623,10499.644514038435,0.20575710918719886
2026-07-29 02:00:00,5017.0,61.95259408412589,10501.952594084134,10501.741082408389,0.21151167574373383
2026-07-29 03:00:00,5018.0,64.0546825866091,10504.054682586615,10503.837650778345,0.21703180827164084
2026-07-29 04:00:00,5019.0,66.15652153428736,10506.156521534294,10505.9342191483,0.22230238599586125
2026-07-29 05:00:00,5020.0,68.25809618682847,10508.258096186835,10508.030787518253,0.22730866858167978
2026-07-29 06:00:00,5021.0,70.35939222998277,10510.35939222999,10510.127355888208,0.23203634178163834
2026-07-29 07:00:00,5022.0,72.46039579309944,10512.460395793107,10512.223924258162,0.23647153494456583
2026-07-29 08:00:00,5023.0,74.56109344045076,10514.561093440458,10514.320492628118,0.24060081233922845
2026-07-29 09:00:00,5024.0,76.66147214477252,10516.661472144779,10516.417060998072,0.24441114670677086
2026-07-29 10:00:00,5025.0,78.76151926026724,10518.761519260275,10518.513629368026,0.2478898922480871
2026-07-29 11:00:00,5026.0,80.86122252408275,10520.86122252409,10520.61019773798,0.2510247861089615
2026-07-29 12:00:00,5027.0,82.9605701307226,10522.960570130728,10522.706766107936,0.25380402279344566
2026-07-29 13:00:00,5028.0,85.0595509551724,10525.05955095518,10524.80333447789,0.2562164772899978
2026-07-29 14:00:00,5029.0,87.15815462684165,10527.15815462685,10526.899902847845,0.25825177900446894
2026-07-29 15:00:00,5030.0,89.25637155762877,10529.256371557634,10528.996471217799,0.2599003398361057
2026-07-29 16:00:00,5031.0,91.35419306871081,10531.354193068719,10531.093039587753,0.26115348096494295
2026-07-29 17:00:00,5032.0,93.45161145956114,10533.451611459568,10533.189607957707,0.26200350186037524
2026-07-29 18:00:00,5033.0,95.5486200673666,10535.548620067373,10535.286176327661,0.26244373971122026
2026-07-29 19:00:00,5034.0,97.64521331723705,10537.645213317244,10537.382744697617,0.2624686196273907
2026-07-29 20:00:00,5035.0,99.74138676342194,10539.741386763428,10539.479313067572,0.2620736958574398
2026-07-29 21:00:00,5036.0,101.83713712187463,10541.837137121882,10541.575881437526,0.26125568435581326
2026-07-29 22:00:00,5037.0,103.9324622946793,10543.932462294686,10543.67244980748,0.26001248720625203
2026-07-29 23:00:00,5038.0,106.02736138695842,10546.027361386967,10545.769018177434,0.25834320953155504
2026-07-30 00:00:00,5039.0,108.1218347168823,10548.121834716889,10547.865586547388,0.25624816950036716
2026-07-30 01:00:00,5040.0,110.21588381931777,10550.215883819325,10549.962154917343,0.25372890198140796
2026-07-30 02:00:00,5041.0,112.30951144351731,10552.309511443524,10552.058723287299,0.2507881562245673
2026-07-30 03:00:00,5042.0,114.4027215451036,10554.402721545111,10554.155291657253,0.24742988785710282
2026-07-30 04:00:00,5043.0,116.49551927247475,10556.495519272481,10556.251860027209,0.24365924527310548
2026-07-30 05:00:00,5044.0,118.5879109476694,10558.587910947677,10558.348428397163,0.23948255051393827
2026-07-30 06:00:00,5045.0,120.67990404169392,10560.6799040417,10560.444996767117,0.2349072745842822
2026-07-30 07:00:00,5046.0,122.771507144328,10562.771507144336,10562.541565137071,0.2299420072640415
2026-07-30 08:00:00,5047.0,124.86272992848218,10564.862729928489,10564.638133507025,0.22459642146333286
2026-07-30 09:00:00,5048.0,126.95358310926926,10566.953583109276,10566.73470187698,0.21888123229643117
2026-07-30 10:00:00,5049.0,129.0440783980601,10569.044078398067,10568.831270246934,0.2128081511319649
2026-07-30 11:00:00,5050.0,131.1342284519092,10571.134228451916,10570.92783861689,0.20638983502647343
2026-07-30 12:00:00,5051.0,133.2240468188484,10573.224046818856,10573.024406986844,0.1996398320119454
2026-07-30 13:00:00,5052.0,135.31354787965068,10575.313547879658,10575.120975356798,0.19257252285940463
2026-07-30 14:00:00,5053.0,137.40274678675624,10577.402746786764,10577.217543726752,0.18520306001063178
2026-07-30 15:00:00,5054.0,139.49165940112564,10579.491659401132,10579.314112096707,0.17754730442547764
2026-07-30 16:00:00,5055.0,141.58030225165635,10581.580302251663,10581.41068046666,0.16962178500266722
2026-07-30 17:00:00,5056.0,143.6686923707094,10583.668692370717,10583.507248836615,0.16144353410044235
2026-07-30 18:00:00,5057.0,145.75684730409424,10585.756847304101,10585.60381720657,0.1530300975303223
2026-07-30 19:00:00,5058.0,147.8447850635154,10587.844785063522,10587.700385576525,0.144399486998397
2026-07-30 20:00:00,5059.0,149.93252401586219,10589.932524015869,10589.796953946481,0.1355700693890482
2026-07-30 21:00:00,5060.0,152.02008279982337,10592.02008279983,10591.893522316435,0.1265604833951304
2026-07-30 22:00:00,5061.0,154.10748025697032,10594.107480256976,10593.99009068639,0.11738957058756504
2026-07-30 23:00:00,5062.0,156.19473536882913,10596.194735368836,10596.086659056344,0.10807631249226445
2026-07-31 00:00:00,5063.0,158.2818671952084,10598.281867195215,10598.183227426298,0.09863976891770072
2026-07-31 01:00:00,5064.0,160.36889481207575,10600.368894812082,10600.279795796252,0.08909901582976738
2026-07-31 02:00:00,5065.0,162.4558372495374,10602.455837249545,10602.376364166206,0.07947308333737492
2026-07-31 03:00:00,5066.0,164.54271343196007,10604.542713431967,10604.472932536162,0.06978089580479446
2026-07-31 04:00:00,5067.0,166.6295421230057,10606.629542123012,10606.569500906116,0.06004121689655822
2026-07-31 05:00:00,5068.0,168.71634187838578,10608.716341878391,10608.66606927607,0.050272602321643066
2026-07-31 06:00:00,5069.0,170.80313100857052,10610.803131008577,10610.762637646025,0.04049336255187375
2026-07-31 07:00:00,5070.0,172.88992755261836,10612.889927552626,10612.859206015979,0.030721536646314045
2026-07-31 08:00:00,5071.0,174.97674926285882,10614.976749262865,10614.955774385933,0.020974876932494065
2026-07-31 09:00:00,5072.0,177.06361359850976,10617.063613598515,10617.052342755887,0.011270842627795168
2026-07-31 10:00:00,5073.0,179.15053772459305,10619.150537724601,10619.148911125842,0.0016265987581631028
2026-07-31 11:00:00,5074.0,-178.7624614891044,10621.237538510903,10621.245479495798,-0.00794098489386679
2026-07-31 12:00:00,5075.0,-176.67536747563489,10623.324632524373,10623.342047865752,-0.017415341379347058
2026-07-31 13:00:00,5076.0,-174.58816399258703,10625.41183600742,10625.438616235708,-0.026780228286819724
2026-07-31 14:00:00,5077.0,-172.50083516568998,10627.499164834318,10627.535184605662,-0.0360197713439043
2026-07-31 15:00:00,5078.0,-170.4133655615617,10629.586634438445,10629.631752975616,-0.04511853717129026
2026-07-31 16:00:00,5079.0,-168.32574029509524,10631.674259704912,10631.72832134557,-0.05406164065907726
2026-07-31 17:00:00,5080.0,-166.23794517366207,10633.762054826346,10633.824889715524,-0.06283488918014711
2026-07-31 18:00:00,5081.0,-164.14996687483932,10635.850033125167,10635.921458085479,-0.07142496031202779
2026-07-31 19:00:00,5082.0,-162.0617929777596,10637.938207022247,10638.018026455435,-0.07981943318606885
2026-07-31 20:00:00,5083.0,-159.97341180252678,10640.02658819748,10640.114594825389,-0.08800662790820733
2026-07-31 21:00:00,5084.0,-157.88481257262796,10642.115187427378,10642.211163195343,-0.09597576796368752
2026-07-31 22:00:00,5085.0,-155.79598534229817,10644.20401465771,10644.307731565297,-0.10371690758845876
2026-07-31 23:00:00,5086.0,-153.70692094865336,10646.293079051355,10646.404299935251,-0.11122088389780724
2026-08-01 00:00:00,5087.0,-151.61761097673136,10648.382389023276,10648.500868305206,-0.11847928193017712
2026-08-01 01:00:00,5088.0,-149.5280477312876,10650.47195226872,10650.59743667516,-0.12548440644089215
2026-08-01 02:00:00,5089.0,-147.43822421221574,10652.561775787792,10652.694005045114,-0.13222925732405033
2026-08-01 03:00:00,5090.0,-145.34813409189488,10654.651865908112,10654.79057341507,-0.1387075069576111
2026-08-01 04:00:00,5091.0,-143.25777169329533,10656.742228306712,10656.887141785024,-0.14491347831222265
2026-08-01 05:00:00,5092.0,-141.16713196779605,10658.832868032212,10658.983710154978,-0.15084212276692932
2026-08-01 06:00:00,5093.0,-139.07621047167322,10660.923789528335,10661.080278524933,-0.15648899659769724
2026-08-01 07:00:00,5094.0,-136.98500334031021,10663.014996659698,10663.176846894889,-0.16185023519100367
2026-08-01 08:00:00,5095.0,-134.89350725942043,10665.106492740586,10665.273415264843,-0.1669225242562038
2026-08-01 09:00:00,5096.0,-132.80171943299922,10667.198280567009,10667.369983634797,-0.17170306778915234
2026-08-01 10:00:00,5097.0,-130.70963754828884,10669.290362451718,10669.466552004751,-0.17618955303297376
2026-08-01 11:00:00,5098.0,-128.61725973870514,10671.3827402613,10671.563120374707,-0.1803801134049064
2026-08-01 12:00:00,5099.0,-126.5245845463625,10673.475415453644,10673.659688744661,-0.1842732910160353
2026-08-01 13:00:00,5100.0,-124.43161088646922,10675.568389113538,10675.756257114615,-0.1878680010767635
2026-08-01 14:00:00,5101.0,-122.33833801637891,10677.661661983628,10677.85282548457,-0.19116350094172002
2026-08-01 15:00:00,5102.0,-120.24476551240096,10679.755234487606,10679.949393854524,-0.19415936691746039
2026-08-01 16:00:00,5103.0,-118.15089325753304,10681.849106742475,10682.045962224478,-0.1968554820035403
2026-08-01 17:00:00,5104.0,-116.05672144302576,10683.943278556982,10684.142530594432,-0.19925203745093656
2026-08-01 18:00:00,5105.0,-113.96225058607497,10686.037749413932,10686.239098964388,-0.201349550455091
2026-08-01 19:00:00,5106.0,-111.86748156492146,10688.132518435086,10688.335667334342,-0.2031488992553925
2026-08-01 20:00:00,5107.0,-109.77241567118794,10690.227584328819,10690.432235704297,-0.20465137547662388
2026-08-01 21:00:00,5108.0,-107.67705467737942,10692.322945322627,10692.52880407425,-0.20585875162308023
2026-08-01 22:00:00,5109.0,-105.58140085481193,10694.418599145196,10694.625372444205,-0.20677329900936575
2026-08-01 23:00:00,5110.0,-103.48545703678332,10696.514542963223,10696.72194081416,-0.2073978509358787
2026-08-02 00:00:00,5111.0,-101.38922662689907,10698.610773373108,10698.818509184113,-0.2077358110052748
2026-08-02 01:00:00,5112.0,-99.29271355346019,10700.707286446546,10700.91507755407,-0.20779110752277843
2026-08-02 02:00:00,5113.0,-97.19592226555993,10702.804077734449,10703.011645924023,-0.20756818957651804
2026-08-02 03:00:00,5114.0,-95.09885770657073,10704.901142293436,10705.10821429398,-0.20707200054274214
2026-08-02 04:00:00,5115.0,-93.00152527227176,10706.998474727736,10707.204782663934,-0.20630793619735452
2026-08-02 05:00:00,5116.0,-90.9039307598108,10709.096069240195,10709.301351033888,-0.20528179369187843
2026-08-02 06:00:00,5117.0,-88.80608031245826,10711.19391968755,10711.397919403842,-0.20399971629220956
2026-08-02 07:00:00,5118.0,-86.70798036379942,10713.292019636208,10713.494487773796,-0.20246813758812468
2026-08-02 08:00:00,5119.0,-84.60963758371028,10715.390362416298,10715.59105614375,-0.20069372745336767
2026-08-02 09:00:00,5120.0,-82.51105882725783,10717.488941172749,10717.687624513705,-0.19868334095647588
2026-08-02 10:00:00,5121.0,-80.41225108662222,10719.587748913385,10719.78419288366,-0.1964439702744575
2026-08-02 11:00:00,5122.0,-78.31322144531504,10721.686778554693,10721.880761253615,-0.19398269892211606
2026-08-02 12:00:00,5123.0,-76.21397703339802,10723.78602296661,10723.977329623569,-0.1913066569600698
2026-08-02 13:00:00,5124.0,-74.11452498211722,10725.88547501789,10726.073897993523,-0.18842297563281574
2026-08-02 14:00:00,5125.0,-72.01487237636647,10727.98512762364,10728.170466363477,-0.18533873983607796
2026-08-02 15:00:00,5126.0,-69.91502620368267,10730.084973796324,10730.267034733432,-0.18206093710742763
2026-08-02 16:00:00,5127.0,-67.8149932990525,10732.185006700955,10732.363603103386,-0.17859640243180233
2026-08-02 17:00:00,5128.0,-65.71478028568167,10734.285219714326,10734.46017147334,-0.17495175901499788
2026-08-02 18:00:00,5129.0,-63.61439351306855,10736.38560648694,10736.556739843296,-0.17113335635719992
2026-08-02 19:00:00,5130.0,-61.51383899529165,10738.486161004716,10738.653308213252,-0.16714720853495657
2026-08-02 20:00:00,5131.0,-59.41312235447189,10740.586877645535,10740.749876583206,-0.1629989376697449
2026-08-02 21:00:00,5132.0,-57.31224877707688,10742.68775122293,10742.84644495316,-0.15869373023030492
2026-08-02 22:00:00,5133.0,-55.2112229943488,10744.788777005659,10744.943013323114,-0.1542363174554857
2026-08-02 23:00:00,5134.0,-53.11004930300507,10746.889950697003,10747.039581693069,-0.1496309960664246
2026-08-03 00:00:00,5135.0,-51.00873164893322,10748.991268351074,10749.136150063023,-0.14488171194902746
2026-08-03 01:00:00,5136.0,-48.90727378172025,10751.092726218287,10751.232718432977,-0.13999221469004688
2026-08-03 02:00:00,5137.0,-46.80567922294516,10753.194320777062,10753.329286802933,-0.1349660258696493
2026-08-03 03:00:00,5138.0,-44.70395141951997,10755.296048580487,10755.425855172887,-0.12980659239895848
2026-08-03 04:00:00,5139.0,-42.602093777395176,10757.397906222612,10757.522423542841,-0.12451732022884643
2026-08-03 05:00:00,5140.0,-40.50010960841378,10759.499890391593,10759.618991912796,-0.11910152120240654
2026-08-03 06:00:00,5141.0,-38.39800209096119,10761.601997909047,10761.71556028275,-0.11356237370360439
2026-08-03 07:00:00,5142.0,-36.295774240096,10763.704225759911,10763.812128652704,-0.1079028927932434
2026-08-03 08:00:00,5143.0,-34.19342888558102,10765.806571114426,10765.908697022658,-0.10212590823311299
2026-08-03 09:00:00,5144.0,-32.090968657655644,10767.909031342351,10768.005265392612,-0.0962340502615303
2026-08-03 10:00:00,5145.0,-29.98839598090741,10770.0116040191,10770.101833762568,-0.09022974346713387
2026-08-03 11:00:00,5146.0,-27.88571307656014,10772.114286923446,10772.198402132522,-0.08411520907521908
2026-08-03 12:00:00,5147.0,-25.782921973170158,10774.217078026837,10774.294970502478,-0.07789247564010127
2026-08-03 13:00:00,5148.0,-23.68002452531321,10776.319975474695,10776.391538872433,-0.07156339773802456
2026-08-03 14:00:00,5149.0,-21.577022439481087,10778.422977560525,10778.488107242387,-0.06512968186104974
2026-08-03 15:00:00,5150.0,-19.47391730616375,10780.526082693845,10780.584675612341,-0.05859291849740105
2026-08-03 16:00:00,5151.0,-17.370710636994072,10782.629289363013,10782.681243982295,-0.05195461928278749
2026-08-03 17:00:00,5152.0,-15.267403905866933,10784.73259609414,10784.77781235225,-0.04521625811047155
2026-08-03 18:00:00,5153.0,-13.16399859308236,10786.836001406924,10786.874380722205,-0.038379315280014425
2026-08-03 19:00:00,5154.0,-11.060496231752936,10788.939503768253,10788.97094909216,-0.03144532390467299
2026-08-03 20:00:00,5155.0,-8.956898455910984,10791.043101544095,10791.067517462114,-0.02441591801726395
2026-08-03 21:00:00,5156.0,-6.853207049899113,10793.146792950109,10793.164085832068,-0.017292881959241817
2026-08-03 22:00:00,5157.0,-4.749423998686435,10795.250576001321,10795.260654202022,-0.010078200701246855
2026-08-03 23:00:00,5158.0,-2.645551538686355,10797.354448461321,10797.357222571976,-0.002774110655443109
2026-08-04 00:00:00,5159.0,-0.5415922084368484,10799.45840779157,10799.45379094193,0.004616849639162183
2026-08-04 01:00:00,5160.0,1.5624511018746445,10801.562451101881,10801.550359311885,0.012091789995736648
2026-08-04 02:00:00,5161.0,3.666575103606533,10803.666575103613,10803.64692768184,0.019647421773256967
2026-08-04 03:00:00,5162.0,5.770776067855219,10805.770776067862,10805.743496051795,0.027280016067837715
2026-08-04 04:00:00,5163.0,7.875049781290944,10807.875049781298,10807.840064421749,0.034985359549330144
2026-08-04 05:00:00,5164.0,9.979391504036622,10809.979391504043,10809.936632791703,0.04275871233998978
2026-08-04 06:00:00,5165.0,12.083795934067053,10812.083795934075,10812.03320116166,0.05059477241506218
2026-08-04 07:00:00,5166.0,14.188257173551941,10814.18825717356,10814.129769531613,0.05848764194610244
2026-08-04 08:00:00,5167.0,16.292768703118217,10816.292768703124,10816.226337901568,0.066430801556904
2026-08-04 09:00:00,5168.0,18.397323357730794,10818.397323357738,10818.322906271522,0.07441708621601378
2026-08-04 10:00:00,5169.0,20.50191330616979,10820.501913306178,10820.419474641478,0.08243866470042488
2026-08-04 11:00:00,5170.0,22.60653003528234,10822.60653003529,10822.516043011432,0.09048702385829378
2026-08-04 12:00:00,5171.0,24.711164339578282,10824.711164339586,10824.612611381386,0.09855295819992638
2026-08-04 13:00:00,5172.0,26.815806316318383,10826.815806316325,10826.70917975134,0.1066265649847624
2026-08-04 14:00:00,5173.0,28.920445366000273,10828.920445366008,10828.805748121295,0.11469724471316553
2026-08-04 15:00:00,5174.0,31.02507019805939,10831.025070198068,10830.902316491249,0.12275370681783511
2026-08-04 16:00:00,5175.0,33.129668841646655,10833.129668841653,10832.998884861203,0.13078398045061923
2026-08-04 17:00:00,5176.0,35.23422866148813,10835.234228661495,10835.095453231157,0.13877543033704548
2026-08-04 18:00:00,5177.0,37.33873637904471,10837.338736379052,10837.192021601113,0.14671477793957913
2026-08-04 19:00:00,5178.0,39.44317809943808,10839.443178099446,10839.288589971067,0.15458812837905925
2026-08-04 20:00:00,5179.0,41.54753934486267,10841.54753934487,10841.385158341021,0.16238100384874113
2026-08-04 21:00:00,5180.0,43.651805095430035,10843.651805095438,10843.481726710976,0.1700783844621855
2026-08-04 22:00:00,5181.0,45.75595983856049,10845.755959838567,10845.57829508093,0.17766475763745115
2026-08-04 23:00:00,5182.0,47.85998762810255,10847.85998762811,10847.674863450886,0.18512417722426797
2026-08-05 00:00:00,5183.0,49.96387215426079,10849.963872154269,10849.77143182084,0.19244033342779387
2026-08-05 01:00:00,5184.0,52.06759682504576,10852.067596825054,10851.868000190794,0.19959663425849805
2026-08-05 02:00:00,5185.0,54.17114485915866,10854.171144859167,10853.96456856075,0.2065762984169782
2026-08-05 03:00:00,5186.0,56.27449938872904,10856.274499388735,10856.061136930704,0.2133624580324922
2026-08-05 04:00:00,5187.0,58.37764356773514,10858.377643567743,10858.157705300659,0.21993826708475955
2026-08-05 05:00:00,5188.0,60.4805606776635,10860.48056067767,10860.254273670613,0.22628700705740776
2026-08-05 06:00:00,5189.0,62.58323421516563,10862.583234215172,10862.350842040567,0.23239217460525502
2026-08-05 07:00:00,5190.0,64.68564793878365,10864.685647938792,10864.447410410521,0.23823752826948308
2026-08-05 08:00:00,5191.0,66.78778589390433,10866.787785893912,10866.543978780475,0.24380711343517
2026-08-05 09:00:00,5192.0,68.88963239292849,10868.889632392935,10868.64054715043,0.24908524250498446
2026-08-05 10:00:00,5193.0,70.99117195823673,10870.991171958245,10870.737115520385,0.2540564378596778
2026-08-05 11:00:00,5194.0,73.09238933091694,10873.092389330925,10872.83368389034,0.2587054405849155
2026-08-05 12:00:00,5195.0,75.19326953185734,10875.193269531865,10874.930252260294,0.2630172715704961
2026-08-05 13:00:00,5196.0,77.29379795397186,10877.293797953978,10877.026820630248,0.2669773237307627
2026-08-05 14:00:00,5197.0,79.39396047057312,10879.39396047058,10879.123389000202,0.2705714703775516
2026-08-05 15:00:00,5198.0,81.49374354929144,10881.493743549298,10881.219957370156,0.27378617914124825
2026-08-05 16:00:00,5199.0,83.59313436411517,10883.593134364122,10883.31652574011,0.276608624010992
2026-08-05 17:00:00,5200.0,85.69212090052986,10885.692120900538,10885.413094110067,0.27902679047027656
2026-08-05 18:00:00,5201.0,87.79069205061276,10887.79069205062,10887.509662480023,0.2810295705980801
2026-08-05 19:00:00,5202.0,89.88883769643789,10889.888837696446,10889.606230849977,0.2826068464696241
2026-08-05 20:00:00,5203.0,91.98654878133128,10891.986548781339,10891.702799219931,0.28374956140731217
2026-08-05 21:00:00,5204.0,94.08381736941068,10894.083817369417,10893.799367589885,0.28444977953292716
2026-08-05 22:00:00,5205.0,96.18063669445513,10896.180636694462,10895.89593595984,0.28470073462257917
2026-08-05 23:00:00,5206.0,98.27700119948176,10898.277001199489,10897.992504329794,0.2844968696958079
2026-08-06 00:00:00,5207.0,100.37290656846929,10900.372906568477,10900.089072699748,0.2838338687279008
2026-08-06 01:00:00,5208.0,102.46834975148337,10902.46834975149,10902.185641069704,0.2827086817881831
2026-08-06 02:00:00,5209.0,104.56332898406188,10904.56332898407,10904.282209439658,0.28111954441198783
2026-08-06 03:00:00,5210.0,106.65784380116001,10906.657843801167,10906.378777809612,0.27906599155642053
2026-08-06 04:00:00,5211.0,108.75189504529021,10908.751895045298,10908.475346179566,0.2765488657311803
2026-08-06 05:00:00,5212.0,110.84548486779342,10910.845484867801,10910.57191454952,0.27357031828014533
2026-08-06 06:00:00,5213.0,112.93861672151064,10912.938616721518,10912.668482919475,0.2701338020436039
2026-08-06 07:00:00,5214.0,115.03129534256912,10915.031295342576,10914.765051289429,0.2662440531473656
2026-08-06 08:00:00,5215.0,117.12352671862475,10917.123526718631,10916.861619659383,0.26190705924810304
2026-08-06 09:00:00,5216.0,119.21531804078674,10919.215318040793,10918.958188029339,0.25713001145517156
2026-08-06 10:00:00,5217.0,121.306677696931,10921.306677696939,10921.054756399293,0.2519212976458464
2026-08-06 11:00:00,5218.0,123.39761528490324,10923.397615284912,10923.15132476925,0.24629051566223292
2026-08-06 12:00:00,5219.0,125.48814149672566,10925.488141496733,10925.247893139203,0.24024835753052695
2026-08-06 13:00:00,5220.0,127.57826808721147,10927.578268087218,10927.344461509158,0.23380657806135755
2026-08-06 14:00:00,5221.0,129.66800782616846,10929.668007826174,10929.441029879112,0.2269779470630979
2026-08-06 15:00:00,5222.0,131.75737444376182,10931.757374443769,10931.537598249066,0.219776194702684
2026-08-06 16:00:00,5223.0,133.84638257071362,10933.84638257072,10933.63416661902,0.2122159516993803
2026-08-06 17:00:00,5224.0,135.93504767467553,10935.935047674684,10935.730734988976,0.20431268570798655
2026-08-06 18:00:00,5225.0,138.0233859938138,10938.023385993822,10937.82730335893,0.1960826348913504
2026-08-06 19:00:00,5226.0,140.1114144684045,10940.11141446841,10939.923871728884,0.1875427395273478
2026-08-06 20:00:00,5227.0,142.19915067106982,10942.199150671076,10942.020440098839,0.17871057223819997
2026-08-06 21:00:00,5228.0,144.2866127361883,10944.286612736196,10944.117008468793,0.16960426740231171
2026-08-06 22:00:00,5229.0,146.37381928898787,10946.373819288996,10946.213576838747,0.1602424502485625
2026-08-06 23:00:00,5230.0,148.46078937486197,10948.460789374869,10948.310145208701,0.15064416616718138
2026-08-07 00:00:00,5231.0,150.54754238951858,10950.547542389526,10950.406713578655,0.1408288108690406
2026-08-07 01:00:00,5232.0,152.63409801065453,10952.634098010662,10952.503281948611,0.13081606205126023
2026-08-07 02:00:00,5233.0,154.72047613191563,10954.720476131923,10954.599850318566,0.12062581335729038
2026-08-07 03:00:00,5234.0,156.8066967999349,10956.806696799942,10956.69641868852,0.11027811142289463
2026-08-07 04:00:00,5235.0,158.89278015522243,10958.892780155229,10958.792987058476,0.09979309675386237
2026-08-07 05:00:00,5236.0,160.97874637761845,10960.978746377627,10960.88955542843,0.08919094919593303
2026-08-07 06:00:00,5237.0,163.06461563694256,10963.06461563695,10962.986123798384,0.07849183856525942
2026-08-07 07:00:00,5238.0,165.15040804944462,10965.150408049452,10965.082692168338,0.06771588111358604
2026-08-07 08:00:00,5239.0,167.23614364077957,10967.236143640788,10967.179260538293,0.05688310249417558
2026-08-07 09:00:00,5240.0,169.32184231663484,10969.321842316642,10969.275828908249,0.04601340839444993
2026-08-07 10:00:00,5241.0,171.4075238429989,10971.407523843007,10971.372397278203,0.03512656480413425
2026-08-07 11:00:00,5242.0,173.49320783956992,10973.493207839576,10973.468965648157,0.024242191420058814
2026-08-07 12:00:00,5243.0,175.5789137921421,10975.57891379215,10975.565534018111,0.01337977403861779
2026-08-07 13:00:00,5244.0,177.6646610944758,10977.664661094483,10977.662102388065,0.0025587064181790916
2026-08-07 14:00:00,5245.0,179.75046881927986,10979.750468819288,10979.75867075802,-0.008201938732251805
2026-08-07 15:00:00,5246.0,-178.16364412380685,10981.836355876201,10981.855239127974,-0.018883251772794384
2026-08-07 16:00:00,5247.0,-176.0776590677477,10983.92234093226,10983.951807497928,-0.02946656566915479
2026-08-07 17:00:00,5248.0,-173.99155780245164,10986.008442197557,10986.048375867884,-0.03993367032679626
2026-08-07 18:00:00,5249.0,-171.9053227249385,10988.09467727507,10988.144944237838,-0.05026696276767295
2026-08-07 19:00:00,5250.0,-169.81893693791795,10990.181063062091,10990.241512607792,-0.060449545701573536
2026-08-07 20:00:00,5251.0,-167.73238430750666,10992.2676156925,10992.338080977746,-0.0704652852446902
2026-08-07 21:00:00,5252.0,-165.6456494896157,10994.354350510392,10994.4346493477,-0.08029883730855365
2026-08-07 22:00:00,5253.0,-163.55871793362715,10996.44128206638,10996.531217717657,-0.08993565127705963
2026-08-07 23:00:00,5254.0,-161.47157587106457,10998.528424128943,10998.62778608761,-0.09936195866761337
2026-08-08 00:00:00,5255.0,-159.38421029590188,11000.615789704107,11000.724354457565,-0.10856475345952614
2026-08-08 01:00:00,5256.0,-157.29660894189402,11002.703391058114,11002.820922827521,-0.11753176940653343
2026-08-08 02:00:00,5257.0,-155.20876026086935,11004.79123973914,11004.917491197475,-0.12625145833615029
2026-08-08 03:00:00,5258.0,-153.12065340437704,11006.87934659563,11007.01405956743,-0.1347129717987359
2026-08-08 04:00:00,5259.0,-151.03227820954547,11008.967721790463,11009.110627937383,-0.14290614692120057
2026-08-08 05:00:00,5260.0,-148.94362518860834,11011.0563748114,11011.207196307338,-0.15082149593773939
2026-08-08 06:00:00,5261.0,-146.8546855204361,11013.145314479572,11013.303764677292,-0.15845019772029478
2026-08-08 07:00:00,5262.0,-144.76545104169125,11015.234548958317,11015.400333047246,-0.165784088929592
2026-08-08 08:00:00,5263.0,-142.67591423503063,11017.324085764978,11017.4969014172,-0.17281565222357614
2026-08-08 09:00:00,5264.0,-140.58606821218223,11019.413931787825,11019.593469787156,-0.17953799932973669
2026-08-08 10:00:00,5265.0,-138.49590669080143,11021.504093309206,11021.69003815711,-0.18594484790328994
2026-08-08 11:00:00,5266.0,-136.40542396578303,11023.594576034226,11023.786606527065,-0.19203049283888116
2026-08-08 12:00:00,5267.0,-134.31461487817128,11025.685385121837,11025.883174897019,-0.19778977518196011
2026-08-08 13:00:00,5268.0,-132.2234747879378,11027.77652521207,11027.979743266973,-0.20321805490282602
2026-08-08 14:00:00,5269.0,-130.13199956061283,11029.868000439395,11030.076311636927,-0.20831119753198757
2026-08-08 15:00:00,5270.0,-128.04018558196609,11031.959814418042,11032.172880006881,-0.21306558884058557
2026-08-08 16:00:00,5271.0,-125.94802968976852,11034.05197031024,11034.269448376837,-0.2174780665988189
2026-08-08 17:00:00,5272.0,-123.85552913173811,11036.14447086827,11036.366016746793,-0.22154587852300658
2026-08-08 18:00:00,5273.0,-121.76268164978832,11038.237318350219,11038.462585116748,-0.22526676652802344
2026-08-08 19:00:00,5274.0,-119.66948544465998,11040.330514555348,11040.559153486702,-0.2286389313542395
2026-08-08 20:00:00,5275.0,-117.5759392311182,11042.424060768888,11042.655721856656,-0.23166108776688618
2026-08-08 21:00:00,5276.0,-115.48204230044225,11044.517957699565,11044.75229022661,-0.23433252704433782
2026-08-08 22:00:00,5277.0,-113.38779457972976,11046.612205420279,11046.848858596564,-0.23665317628604202
2026-08-08 23:00:00,5278.0,-111.29319668067447,11048.706803319334,11048.945426966518,-0.23862364718604576
2026-08-09 00:00:00,5279.0,-109.19824993325072,11050.801750066757,11051.041995336473,-0.24024526971573112
2026-08-09 01:00:00,5280.0,-107.10295640210208,11052.897043597906,11053.138563706429,-0.24152010852224623
2026-08-09 02:00:00,5281.0,-105.0073188853642,11054.992681114643,11055.235132076383,-0.24245096173811273
2026-08-09 03:00:00,5282.0,-102.91134089713972,11057.088659102868,11057.331700446337,-0.24304134346893913
2026-08-09 04:00:00,5283.0,-100.81502663589337,11059.184973364114,11059.428268816291,-0.24329545217718046
2026-08-09 05:00:00,5284.0,-98.71838094166638,11061.281619058342,11061.524837186245,-0.24321812790454303
2026-08-09 06:00:00,5285.0,-96.62140924526105,11063.378590754746,11063.6214055562,-0.2428148014531325
2026-08-09 07:00:00,5286.0,-94.52411751246588,11065.47588248754,11065.717973926154,-0.24209143861287558
2026-08-09 08:00:00,5287.0,-92.42651218604641,11067.573487813961,11067.81454229611,-0.24105448214820252
2026-08-09 09:00:00,5288.0,-90.32860012768634,11069.67139987232,11069.911110666066,-0.2397107937440187
2026-08-09 10:00:00,5289.0,-88.23038856140161,11071.769611438605,11072.00767903602,-0.2380675974140188
2026-08-09 11:00:00,5290.0,-86.13188501923399,11073.868114980774,11074.104247405974,-0.23613242520022168
2026-08-09 12:00:00,5291.0,-84.03309728930441,11075.966902710703,11076.200815775928,-0.233913065225607
2026-08-09 13:00:00,5292.0,-81.93403336557718,11078.06596663443,11078.297384145882,-0.2314175114517325
2026-08-09 14:00:00,5293.0,-79.83470139790192,11080.165298602105,11080.393952515837,-0.22865391373109975
2026-08-09 15:00:00,5294.0,-77.73510963992068,11082.264890360086,11082.49052088579,-0.22563052570508843
2026-08-09 16:00:00,5295.0,-75.63526639099615,11084.364733609013,11084.587089255745,-0.22235564673364347
2026-08-09 17:00:00,5296.0,-73.53517992602247,11086.464820073985,11086.683657625701,-0.2188375517158525
2026-08-09 18:00:00,5297.0,-71.43485840321507,11088.565141596793,11088.780225995655,-0.2150843988613917
2026-08-09 19:00:00,5298.0,-69.33430975599485,11090.665690244014,11090.87679436561,-0.21110412159604164
2026-08-09 20:00:00,5299.0,-67.23354185468206,11092.766458145325,11092.973362735564,-0.2069045902384927
2026-08-09 21:00:00,5300.0,-65.13256228249648,11094.867437717512,11095.069931105518,-0.2024933880062448
2026-08-09 22:00:00,5301.0,-63.03137816453886,11096.96862183547,11097.166499475472,-0.19787764000293276
2026-08-09 23:00:00,5302.0,-60.929996190796025,11099.07000380921,11099.263067845426,-0.19306403621521218
2026-08-10 00:00:00,5303.0,-58.82842268297894,11101.171577317029,11101.359636215382,-0.18805889835224351
2026-08-10 01:00:00,5304.0,-56.72666367726637,11103.27333632274,11103.456204585336,-0.1828682625950736
2026-08-10 02:00:00,5305.0,-54.62472500317553,11105.375274996833,11105.55277295529,-0.1774979584572933
2026-08-10 03:00:00,5306.0,-52.522612345929765,11107.477387654078,11107.649341325246,-0.17195367116746993
2026-08-10 04:00:00,5307.0,-50.420331285806064,11109.579668714201,11109.7459096952,-0.16624098099932677
2026-08-10 05:00:00,5308.0,-48.31788731296409,11111.682112687044,11111.842478065155,-0.16036537811175322
2026-08-10 06:00:00,5309.0,-46.21528582013198,11113.784714179876,11113.939046435109,-0.15433225523383437
2026-08-10 07:00:00,5310.0,-44.11253207823704,11115.88746792177,11116.035614805063,-0.14814688329355807
2026-08-10 08:00:00,5311.0,-42.00963120164627,11117.99036879836,11118.132183175017,-0.14181437665704946
2026-08-10 09:00:00,5312.0,-39.90658811020021,11120.093411889808,11120.228751544973,-0.13533965516465596
2026-08-10 10:00:00,5313.0,-37.80340749480538,11122.196592505203,11122.325319914928,-0.12872740972518265
2026-08-10 11:00:00,5314.0,-35.7000937921639,11124.299906207843,11124.421888284882,-0.12198207703755598
2026-08-10 12:00:00,5315.0,-33.59665117246168,11126.403348827547,11126.518456654836,-0.1151078272895579
2026-08-10 13:00:00,5316.0,-31.49308354173845,11128.50691645827,11128.61502502479,-0.10810856652069804
2026-08-10 14:00:00,5317.0,-29.38939455846425,11130.610605441543,11130.711593394744,-0.10098795320140208
2026-08-10 15:00:00,5318.0,-27.285587661799752,11132.714412338208,11132.808161764699,-0.09374942649140042
2026-08-10 16:00:00,5319.0,-25.18166610736936,11134.81833389264,11134.904730134655,-0.08639624201501432
2026-08-10 17:00:00,5320.0,-23.077633005365964,11136.922366994642,11137.001298504609,-0.07893150996674549
2026-08-10 18:00:00,5321.0,-20.97349135565773,11139.02650864435,11139.097866874563,-0.07135823021238637
2026-08-10 19:00:00,5322.0,-18.869244075482225,11141.130755924525,11141.194435244517,-0.06367931999210945
2026-08-10 20:00:00,5323.0,-16.764894017464858,11143.235105982543,11143.291003614471,-0.055897631927800985
2026-08-10 21:00:00,5324.0,-14.660443979232506,11145.339556020775,11145.387571984427,-0.04801596365205036
2026-08-10 22:00:00,5325.0,-12.55589683094548,11147.444103169062,11147.484140354381,-0.04003718532020033
2026-08-10 23:00:00,5326.0,-10.451255628489205,11149.548744371517,11149.580708724336,-0.03196435281814528
2026-08-11 00:00:00,5327.0,-8.346523533897738,11151.65347646611,11151.677277094292,-0.023800628180273113
2026-08-11 01:00:00,5328.0,-6.2417039137458215,11153.758296086262,11153.773845464246,-0.01554937798330838
2026-08-11 02:00:00,5329.0,-4.136800389306143,11155.863199610701,11155.8704138342,-0.007214223497502099
2026-08-11 03:00:00,5330.0,-2.0318168859017613,11157.968183114106,11157.966982204154,0.00120090995197384
2026-08-11 04:00:00,5331.0,0.0732423191078023,11160.073242319117,11160.063550574108,0.009691745007809623
2026-08-11 05:00:00,5332.0,2.1783725502744495,11162.178372550283,11162.160118944063,0.01825360622001906
2026-08-11 06:00:00,5333.0,4.283568690492372,11164.2835686905,11164.256687314017,0.02688137648343424
2026-08-11 07:00:00,5334.0,6.388825140420363,11166.388825140428,11166.353255683971,0.035569456456881095
2026-08-11 08:00:00,5335.0,8.49413578134527,11168.494135781353,11168.449824053927,0.04431172742651409
2026-08-11 09:00:00,5336.0,10.599493941865028,11170.599493941872,11170.546392423881,0.053101517992737345
2026-08-11 10:00:00,5337.0,12.704892368694543,11172.704892368702,11172.642960793835,0.06193157486731846
2026-08-11 11:00:00,5338.0,14.810323201826435,11174.810323201835,11174.73952916379,0.07079403804450289
2026-08-11 12:00:00,5339.0,16.91577795422103,11176.91577795423,11176.836097533744,0.07968042048454663
2026-08-11 13:00:00,5340.0,19.021247496161333,11179.02124749617,11178.932665903698,0.08858159247088318
2026-08-11 14:00:00,5341.0,21.126722044393063,11181.1267220444,11181.029234273654,0.09748777074677366
2026-08-11 15:00:00,5342.0,23.23219115617482,11183.232191156181,11183.125802643608,0.10638851257311464
2026-08-11 16:00:00,5343.0,25.337643728383785,11185.337643728391,11185.222371013564,0.11527271482790866
2026-08-11 17:00:00,5344.0,27.44306800184985,11187.443068001858,11187.318939383518,0.12412861833955362
2026-08-11 18:00:00,5345.0,29.54845157112035,11189.548451571129,11189.415507753472,0.1329438176558784
2026-08-11 19:00:00,5346.0,31.653781399896722,11191.653781399906,11191.512076123427,0.141705276478535
2026-08-11 20:00:00,5347.0,33.75904384246921,11193.759043842478,11193.60864449338,0.15039934909657848
2026-08-11 21:00:00,5348.0,35.86422467168987,11195.864224671697,11195.705212863335,0.15901180836150638
2026-08-11 22:00:00,5349.0,37.96930911453388,11197.969309114542,11197.80178123329,0.16752788125247553
2026-08-11 23:00:00,5350.0,40.07428189738885,11200.074281897396,11199.898349603243,0.17593229415193062
2026-08-12 00:00:00,5351.0,42.17912730533666,11202.179127305344,11201.9949179732,0.18420933214539226
2026-08-12 01:00:00,5352.0,44.28382913578345,11204.283829135791,11204.091486343154,0.19234279263848664
2026-08-12 02:00:00,5353.0,46.388371116244585,11206.388371116253,11206.188054713108,0.20031640314565202
2026-08-12 03:00:00,5354.0,48.49273668877535,11208.492736688784,11208.284623083062,0.2081136057216078
2026-08-12 04:00:00,5355.0,50.59690902114018,11210.596909021147,11210.381191453016,0.21571756813085197
2026-08-12 05:00:00,5356.0,52.70087128212958,11212.700871282137,11212.47775982297,0.22311145916705893
2026-08-12 06:00:00,5357.0,54.80460679289589,11214.804606792903,11214.574328192924,0.23027859997786668
2026-08-12 07:00:00,5358.0,56.90809909361795,11216.908099093625,11216.670896562879,0.23720253074640146
2026-08-12 08:00:00,5359.0,59.01133195774472,11219.011331957752,11218.767464932836,0.24386702491736448
2026-08-12 09:00:00,5360.0,61.11428937998305,11221.11428937999,11220.86403330279,0.25025607720028503
2026-08-12 10:00:00,5361.0,63.21695555860948,11223.216955558617,11222.960601672745,0.25635388587321956
2026-08-12 11:00:00,5362.0,65.31931488736419,11225.319314887372,11225.057170042699,0.2621448446731006
2026-08-12 12:00:00,5363.0,67.4213519670695,11227.421351967077,11227.153738412653,0.2676135544244554
2026-08-12 13:00:00,5364.0,69.52305164227532,11229.523051642282,11229.250306782607,0.2727448596745103
2026-08-12 14:00:00,5365.0,71.624399063813,11231.62439906382,11231.346875152562,0.2775239112580093
2026-08-12 15:00:00,5366.0,73.72537977432005,11233.725379774329,11233.443443522516,0.2819362518116937
2026-08-12 16:00:00,5367.0,75.82597981077829,11235.825979810787,11235.540011892472,0.2859679183157919
2026-08-12 17:00:00,5368.0,77.92618581605505,11237.926185816063,11237.636580262426,0.2896055536375481
2026-08-12 18:00:00,5369.0,80.02598515050467,11240.02598515051,11239.73314863238,0.2928365181317462
2026-08-12 19:00:00,5370.0,82.12536599496548,11242.125365994973,11241.829717002334,0.29564899263816424
2026-08-12 20:00:00,5371.0,84.22431743802784,11244.224317438035,11243.926285372288,0.2980320657466311
2026-08-12 21:00:00,5372.0,86.32282954323635,11246.322829543244,11246.022853742243,0.299975801001282
2026-08-12 22:00:00,5373.0,88.4208933958598,11248.420893395867,11248.119422112197,0.30147128366947007
2026-08-12 23:00:00,5374.0,90.51850113388569,11250.518501133893,11250.215990482153,0.3025106517408261
2026-08-13 00:00:00,5375.0,92.61564597379702,11252.615645973805,11252.312558852107,0.3030871216990136
2026-08-13 01:00:00,5376.0,94.7123222482322,11254.71232224824,11254.409127222061,0.30319502617949573
2026-08-13 02:00:00,5377.0,96.8085254795398,11256.808525479548,11256.505695592017,0.3028298875312365
2026-08-13 03:00:00,5378.0,98.9042525201938,11258.904252520202,11258.602263961971,0.3019885582309125
2026-08-13 04:00:00,5379.0,100.99950146605497,11260.999501466064,11260.698832331926,0.3006691341373296
2026-08-13 05:00:00,5380.0,103.09427144625661,11263.094271446265,11262.79540070188,0.2988707443846934
2026-08-13 06:00:00,5381.0,105.18856292516405,11265.188562925172,11264.891969071834,0.2965938533368372
2026-08-13 07:00:00,5382.0,107.28237760837078,11267.282377608379,11266.988537441788,0.29384016659017753
2026-08-13 08:00:00,5383.0,109.37571843806775,11269.375718438076,11269.085105811744,0.290612626332649
2026-08-13 09:00:00,5384.0,111.46858958287399,11271.468589582882,11271.181674181698,0.28691540118384196
2026-08-13 10:00:00,5385.0,113.56099642219795,11273.560996422206,11273.278242551653,0.2827538705537979
2026-08-13 11:00:00,5386.0,115.65294552525341,11275.65294552526,11275.374810921607,0.27813460365399517
2026-08-13 12:00:00,5387.0,117.7444446249041,11277.744444624912,11277.47137929156,0.2730653333510516
2026-08-13 13:00:00,5388.0,119.8355025865496,11279.835502586559,11279.567947661515,0.2675549250422748
2026-08-13 14:00:00,5389.0,121.92612937229244,11281.9261293723,11281.66451603147,0.26161334082989407
2026-08-13 15:00:00,5390.0,124.01633600063808,11284.016336000646,11283.761084401425,0.2552515992219568
2026-08-13 16:00:00,5391.0,126.1061345019813,11286.10613450199,11285.85765277138,0.24848173061066964
2026-08-13 17:00:00,5392.0,128.19553787013152,11288.19553787014,11287.954221141334,0.24131672880664826
2026-08-13 18:00:00,5393.0,130.28456001013774,11290.284560010145,11290.050789511288,0.23377049885705786
2026-08-13 19:00:00,5394.0,132.3732156827061,11292.373215682714,11292.147357881244,0.22585780147007656
2026-08-13 20:00:00,5395.0,134.46152044557547,11294.461520445582,11294.243926251198,0.21759419438439756
2026-08-13 21:00:00,5396.0,136.5494905923389,11296.549490592346,11296.340494621152,0.2089959711934737
2026-08-13 22:00:00,5397.0,138.6371430893709,11298.637143089378,11298.437062991106,0.200080098270996
2026-08-13 23:00:00,5398.0,140.72449551172073,11300.72449551173,11300.53363136106,0.1908641506671957
2026-08-14 00:00:00,5399.0,142.81156597900917,11302.811565979016,11302.630199731017,0.18136624800026116
2026-08-14 01:00:00,5400.0,144.89837309242762,11304.898373092436,11304.72676810097,0.17160499146486694
2026-08-14 02:00:00,5401.0,146.98493587373125,11306.98493587374,11306.823336470925,0.16159940281437746
2026-08-14 03:00:00,5402.0,149.071273706434,11309.071273706442,11308.91990484088,0.15136886556261941
2026-08-14 04:00:00,5403.0,151.15740627795586,11311.157406277964,11311.016473210833,0.14093306713015205
2026-08-14 05:00:00,5404.0,153.24335351887404,11313.243353518881,11313.113041580787,0.13031193809353525
2026-08-14 06:00:00,5405.0,155.329135531241,11315.329135531249,11315.209609950742,0.11952558050611028
2026-08-14 07:00:00,5406.0,157.41477243901014,11317.414772439017,11317.306178320698,0.10859411832053331
2026-08-14 08:00:00,5407.0,159.5002846957492,11319.500284695758,11319.402746690652,0.09753800510606672
2026-08-14 09:00:00,5408.0,161.58569284500075,11321.585692845008,11321.499315060606,0.0863777844035038
2026-08-14 10:00:00,5409.0,163.67101730957472,11323.671017309582,11323.59588343056,0.07513387902242831
2026-08-14 11:00:00,5410.0,165.75627846224793,11325.756278462257,11325.692451800514,0.0638266617417391
2026-08-14 12:00:00,5411.0,167.84149668490653,11327.841496684914,11327.789020170469,0.0524765144449654
2026-08-14 13:00:00,5412.0,169.92669239843335,11329.926692398441,11329.885588540425,0.0411038580168702
2026-08-14 14:00:00,5413.0,172.01188605479277,11332.011886054801,11331.982156910379,0.02972914442107013
2026-08-14 15:00:00,5414.0,174.09709809047257,11334.09709809048,11334.078725280333,0.018372810146078545
2026-08-14 16:00:00,5415.0,176.1823488464425,11336.18234884645,11336.175293650289,0.007055196162397703
2026-08-14 17:00:00,5416.0,178.26765846394915,11338.267658463956,11338.271862020243,-0.004203556286497911
2026-08-14 18:00:00,5417.0,-179.64695323223077,11340.353046767777,11340.368430390197,-0.015383622419169506
2026-08-14 19:00:00,5418.0,-177.5614668509064,11342.438533149101,11342.464998760152,-0.026465611050190685
2026-08-14 20:00:00,5419.0,-175.47586354078467,11344.524136459224,11344.561567130106,-0.03743067088194401
2026-08-14 21:00:00,5420.0,-173.39012507706843,11346.60987492294,11346.65813550006,-0.04826057711992876
2026-08-14 22:00:00,5421.0,-171.3042339226063,11348.695766077402,11348.754703870014,-0.058937792612690776
2026-08-14 23:00:00,5422.0,-169.21817326155124,11350.781826738457,11350.85127223997,-0.0694455015117599
2026-08-15 00:00:00,5423.0,-167.13192700727208,11352.868072992736,11352.947840609924,-0.07976761718751624
2026-08-15 01:00:00,5424.0,-165.04547978971428,11354.954520210295,11355.044408979878,-0.0898887695843225
2026-08-15 02:00:00,5425.0,-162.95881693010224,11357.041183069907,11357.140977349833,-0.09979427992590344
2026-08-15 03:00:00,5426.0,-160.87192441241697,11359.12807558759,11359.237545719787,-0.1094701321964061
2026-08-15 04:00:00,5427.0,-158.7847888611032,11361.215211138904,11361.334114089741,-0.11890295083723083
2026-08-15 05:00:00,5428.0,-156.69739753264608,11363.302602467362,11363.430682459695,-0.12807999233448966
2026-08-15 06:00:00,5429.0,-154.60973832474198,11365.390261675266,11365.527250829651,-0.13698915438551745
2026-08-15 07:00:00,5430.0,-152.52179980057397,11367.478200199434,11367.623819199605,-0.14561900017245824
2026-08-15 08:00:00,5431.0,-150.43357121706055,11369.566428782948,11369.720387569561,-0.15395878661251156
2026-08-15 09:00:00,5432.0,-148.34504253482228,11371.654957465185,11371.816955939516,-0.16199847432889514
2026-08-15 10:00:00,5433.0,-146.2562043102747,11373.743795689734,11373.91352430947,-0.1697286197354896
2026-08-15 11:00:00,5434.0,-144.16704767725625,11375.832952322751,11376.010092679424,-0.17714035667287567
2026-08-15 12:00:00,5435.0,-142.07756441428305,11377.922435585726,11378.106661049378,-0.18422546365330028
2026-08-15 13:00:00,5436.0,-139.98774690686193,11380.012253093146,11380.203229419332,-0.19097632618662497
2026-08-15 14:00:00,5437.0,-137.89758814052158,11382.102411859487,11382.299797789286,-0.19738592980081487
2026-08-15 15:00:00,5438.0,-135.8070816760288,11384.192918323979,11384.396366159242,-0.20344783526190624
2026-08-15 16:00:00,5439.0,-133.71622162267823,11386.28377837733,11386.492934529197,-0.2091561518658967
2026-08-15 17:00:00,5440.0,-131.62500262049477,11388.374997379515,11388.58950289915,-0.21450551963659525
2026-08-15 18:00:00,5441.0,-129.53341983766063,11390.466580162347,11390.686071269105,-0.21949110675756628
2026-08-15 19:00:00,5442.0,-127.44146898557486,11392.558531014434,11392.78263963906,-0.2241086246254657
2026-08-15 20:00:00,5443.0,-125.34914635074297,11394.650853649266,11394.879208009013,-0.22835435974800208
2026-08-15 21:00:00,5444.0,-123.2564488402241,11396.743551159785,11396.975776378968,-0.2322252191840379
2026-08-15 22:00:00,5445.0,-121.16337403564934,11398.836625964359,11399.072344748922,-0.2357187845639622
2026-08-15 23:00:00,5446.0,-119.06992024986135,11400.930079750147,11401.168913118878,-0.23883336873022976
2026-08-16 00:00:00,5447.0,-116.97608657997142,11403.023913420036,11403.265481488834,-0.24156806879695183
2026-08-16 01:00:00,5448.0,-114.88187295102284,11405.118127048985,11405.362049858788,-0.2439228098019659
2026-08-16 02:00:00,5449.0,-112.78728014540148,11407.212719854606,11407.458618228742,-0.24589837413607563
2026-08-16 03:00:00,5450.0,-110.69230981453015,11409.307690185477,11409.555186598696,-0.2474964132189943
2026-08-16 04:00:00,5451.0,-108.59696447110309,11411.403035528905,11411.65175496865,-0.24871943974632285
2026-08-16 05:00:00,5452.0,-106.50124746201935,11413.49875253799,11413.748323338605,-0.24957080061666864
2026-08-16 06:00:00,5453.0,-104.40516292414034,11415.594837075869,11415.844891708559,-0.2500546326917072
2026-08-16 07:00:00,5454.0,-102.3087157269187,11417.691284273089,11417.941460078515,-0.2501758054244718
2026-08-16 08:00:00,5455.0,-100.21191140777125,11419.788088592237,11420.038028448469,-0.24993985623129672
2026-08-16 09:00:00,5456.0,-98.114756107821,11421.885243892188,11422.134596818423,-0.24935292623504526
2026-08-16 10:00:00,5457.0,-96.01725651744741,11423.98274348256,11424.231165188377,-0.24842170581645653
2026-08-16 11:00:00,5458.0,-93.91941984325757,11426.080580156751,11426.327733558332,-0.24715340158115892
2026-08-16 12:00:00,5459.0,-91.8212538111274,11428.178746188882,11428.424301928286,-0.24555573940486025
2026-08-16 13:00:00,5460.0,-89.7227664369073,11430.2772335631,11430.52087029824,-0.2436367351402909
2026-08-16 14:00:00,5461.0,-87.62396620957766,11432.37603379043,11432.617438668194,-0.24140487776504327
2026-08-16 15:00:00,5462.0,-85.52486189108711,11434.47513810892,11434.71400703815,-0.23886892922789155
2026-08-16 16:00:00,5463.0,-83.42546231067553,11436.574537689332,11436.810575408104,-0.2360377187714297
2026-08-16 17:00:00,5464.0,-81.32577646226527,11438.674223537742,11438.907143778059,-0.23292024031627934
2026-08-16 18:00:00,5465.0,-79.22581348683369,11440.774186513174,11441.003712148015,-0.22952563483969718
2026-08-16 19:00:00,5466.0,-77.12558258901896,11442.874417410989,11443.100280517969,-0.22586310697970113
2026-08-16 20:00:00,5467.0,-75.02509292658311,11444.974907073425,11445.196848887923,-0.2219418144979202
2026-08-16 21:00:00,5468.0,-72.92435350143138,11447.075646498577,11447.293417257877,-0.2177707593008653
2026-08-16 22:00:00,5469.0,-70.82337307166846,11449.17662692834,11449.389985627831,-0.21335869949255448
2026-08-16 23:00:00,5470.0,-68.72216009578251,11451.277839904225,11451.486553997787,-0.20871409356122303
2026-08-17 00:00:00,5471.0,-66.62072271267506,11453.379277287333,11453.583122367741,-0.20384508040808672
2026-08-17 01:00:00,5472.0,-64.51906875510524,11455.480931244903,11455.679690737696,-0.1987594927917751
2026-08-17 02:00:00,5473.0,-62.41720578936926,11457.582794210639,11457.77625910765,-0.193464897010255
2026-08-17 03:00:00,5474.0,-60.315141170831026,11459.684858829176,11459.872827477604,-0.18796864842751387
2026-08-17 04:00:00,5475.0,-58.21288210333537,11461.787117896672,11461.969395847558,-0.18227795088571064
2026-08-17 05:00:00,5476.0,-56.110435690580196,11463.889564309427,11464.065964217512,-0.17639990808584052
2026-08-17 06:00:00,5477.0,-54.00780896913949,11465.992191030868,11466.162532587467,-0.170341556599552
2026-08-17 07:00:00,5478.0,-51.90500891588306,11468.094991084125,11468.259100957423,-0.1641098732964796
2026-08-17 08:00:00,5479.0,-49.80204242683652,11470.197957573171,11470.355669327377,-0.1577117542054126
2026-08-17 09:00:00,5480.0,-47.69891626981024,11472.301083730197,11472.452237697331,-0.1511539671330884
2026-08-17 10:00:00,5481.0,-45.59563701908776,11474.40436298092,11474.548806067285,-0.14444308636521663
2026-08-17 11:00:00,5482.0,-43.492210986750614,11476.507789013258,11476.645374437241,-0.13758542398359686
2026-08-17 12:00:00,5483.0,-41.3886441714306,11478.611355828578,11478.741942807195,-0.13058697861735735
2026-08-17 13:00:00,5484.0,-39.28494225100155,11480.715057749007,11480.83851117715,-0.12345342814426927
2026-08-17 14:00:00,5485.0,-37.18111065050181,11482.818889349506,11482.935079547104,-0.1161901975984897
2026-08-17 15:00:00,5486.0,-35.07715471995544,11484.922845280053,11485.03164791706,-0.10880263700641675
2026-08-17 16:00:00,5487.0,-32.97307958498482,11487.026920415023,11487.128216287014,-0.10129587198998045
2026-08-17 17:00:00,5488.0,-30.868889849794662,11489.131110150212,11489.224784656968,-0.09367450675474215
2026-08-17 18:00:00,5489.0,-28.76459005464661,11491.235409945362,11491.321353026922,-0.08594308156052426
2026-08-17 19:00:00,5490.0,-26.660184567370454,11493.339815432637,11493.417921396876,-0.07810596423935663
2026-08-17 20:00:00,5491.0,-24.55567761838177,11495.444322381625,11495.51448976683,-0.07016738520539399
2026-08-17 21:00:00,5492.0,-22.45107333873991,11497.54892666127,11497.611058136785,-0.06213147551653746
2026-08-17 22:00:00,5493.0,-20.34637580060166,11499.653624199407,11499.70762650674,-0.054002307333125686
2026-08-17 23:00:00,5494.0,-18.24158905945355,11501.758410940554,11501.804194876695,-0.0457839361402308
2026-08-18 00:00:00,5495.0,-16.136717197542346,11503.863282802466,11503.90076324665,-0.037480444183145126
2026-08-18 01:00:00,5496.0,-14.031764367961117,11505.968235632048,11505.997331616603,-0.02909598455587396
2026-08-18 02:00:00,5497.0,-11.926734838883371,11508.073265161125,11508.093899986558,-0.020634825432931412
2026-08-18 03:00:00,5498.0,-9.821633037467315,11510.178366962542,11510.190468356512,-0.012101393970562136
2026-08-18 04:00:00,5499.0,-7.716463592977856,11512.28353640703,11512.287036726466,-0.00350031943608056
2026-08-18 05:00:00,5500.0,-5.611231378700807,11514.388768621307,11514.383605096422,0.00516352488412283
2026-08-18 06:00:00,5501.0,-3.5059415522562145,11516.494058447752,11516.480173466376,0.013884981375707248
2026-08-18 07:00:00,5502.0,-1.4005995939645919,11518.599400406043,11518.576741836332,0.02265856971232815
2026-08-18 08:00:00,5503.0,0.7047886570182398,11520.704788657025,11520.673310206286,0.03147845074000628
2026-08-18 09:00:00,5504.0,2.810216969003795,11522.810216969012,11522.76987857624,0.0403383927715938
2026-08-18 10:00:00,5505.0,4.9156786866338225,11524.915678686642,11524.866446946195,0.04923174044766821
2026-08-18 11:00:00,5506.0,7.02116670235431,11527.021166702361,11526.963015316149,0.05815138621270728
2026-08-18 12:00:00,5507.0,9.126673430516998,11529.126673430525,11529.059583686103,0.06708974442120107
2026-08-18 13:00:00,5508.0,11.232190784155803,11531.232190784163,11531.156152056057,0.07603872810626983
2026-08-18 14:00:00,5509.0,13.337710154604991,11533.337710154614,11533.252720426013,0.08498972860131587
2026-08-18 15:00:00,5510.0,15.44322239433139,11535.44322239434,11535.349288795967,0.09393359837296694
2026-08-18 16:00:00,5511.0,17.548717803597825,11537.548717803606,11537.445857165922,0.10286063768411988
2026-08-18 17:00:00,5512.0,19.65418612172415,11539.654186121734,11539.542425535876,0.11176058585733853
2026-08-18 18:00:00,5513.0,21.759616523500927,11541.75961652351,11541.63899390583,0.1206226176792495
2026-08-18 19:00:00,5514.0,23.864997743789722,11543.864997743798,11543.735562275784,0.12943546801396205
2026-08-18 20:00:00,5515.0,25.970317712083546,11545.970317712092,11545.832130645738,0.13818706635255168
2026-08-18 21:00:00,5516.0,28.07556378281932,11548.075563782826,11547.928699015692,0.1468647671336652
2026-08-18 22:00:00,5517.0,30.180722940778836,11550.180722940788,11550.025267385648,0.1554555551391622
2026-08-18 23:00:00,5518.0,32.28578170821448,11552.285781708222,11552.121835755604,0.16394595261906847
2026-08-19 00:00:00,5519.0,34.3907261096771,11554.390726109685,11554.218404125559,0.17232198412695632
2026-08-19 01:00:00,5520.0,36.495541686361044,11556.495541686369,11556.314972495513,0.18056919085676562
2026-08-19 02:00:00,5521.0,38.60021355048339,11558.600213550491,11558.411540865467,0.188672685024691
2026-08-19 03:00:00,5522.0,40.70472646865848,11560.704726468666,11560.508109235421,0.1966172332455145
2026-08-19 04:00:00,5523.0,42.80906496217374,11562.80906496218,11562.604677605375,0.20438735680567316
2026-08-19 05:00:00,5524.0,44.91321341196672,11564.913213411974,11564.70124597533,0.21196743664415812
2026-08-19 06:00:00,5525.0,47.017156157133584,11567.017156157142,11566.797814345286,0.21934181185709206
2026-08-19 07:00:00,5526.0,49.120877577944086,11569.120877577952,11568.89438271524,0.2264948627125472
2026-08-19 08:00:00,5527.0,51.22436215741076,11571.224362157418,11570.990951085194,0.23341107222526974
2026-08-19 09:00:00,5528.0,53.32759451916048,11573.327594519169,11573.087519455148,0.2400750640212597
2026-08-19 10:00:00,5529.0,55.430559443304645,11575.430559443314,11575.184087825102,0.24647161821021454
2026-08-19 11:00:00,5530.0,57.533241865780354,11577.533241865787,11577.280656195057,0.25258567073089466
2026-08-19 12:00:00,5531.0,59.63562686980588,11579.635626869815,11579.37722456501,0.2584023048034209
2026-08-19 13:00:00,5532.0,61.73769968024156,11581.737699680249,11581.473792934965,0.26390674528345914
2026-08-19 14:00:00,5533.0,63.83944567238382,11583.839445672393,11583.57036130492,0.26908436747210235
2026-08-19 15:00:00,5534.0,65.94085040570766,11585.940850405716,11585.666929674875,0.2739207308409458
2026-08-19 16:00:00,5535.0,68.04189969003458,11588.041899690043,11587.763498044831,0.27840164521205113
2026-08-19 17:00:00,5536.0,70.14257968632822,11590.142579686335,11589.860066414785,0.2825132715504874
2026-08-19 18:00:00,5537.0,72.24287703667886,11592.242877036686,11591.95663478474,0.2862422519467309
2026-08-19 19:00:00,5538.0,74.34277900797791,11594.342779007986,11594.053203154694,0.2895758532926509
2026-08-19 20:00:00,5539.0,76.44227362133924,11596.442273621347,11596.149771524648,0.292502096698839
2026-08-19 21:00:00,5540.0,78.54134972461405,11598.54134972462,11598.246339894602,0.2950098300189911
2026-08-19 22:00:00,5541.0,80.6399969393779,11600.639996939386,11600.342908264558,0.2970886748293996
2026-08-19 23:00:00,5542.0,82.73820575852956,11602.738205758538,11602.439476634512,0.29872912402648694
2026-08-20 00:00:00,5543.0,84.83596768147531,11604.835967681483,11604.536045004466,0.29992267701696973
2026-08-20 01:00:00,5544.0,86.9332752233796,11606.933275223388,11606.63261337442,0.3006618489674206
2026-08-20 02:00:00,5545.0,89.03012195684347,11609.030121956852,11608.729181744375,0.30094021247614994
2026-08-20 03:00:00,5546.0,91.12650254794339,11611.126502547952,11610.825750114329,0.3007524336220707
2026-08-20 04:00:00,5547.0,93.22241278670906,11613.222412786716,11612.922318484283,0.30009430243288565
2026-08-20 05:00:00,5548.0,95.31784961209807,11615.317849612107,11615.018886854237,0.29896275786867527
2026-08-20 06:00:00,5549.0,97.41281113150605,11617.412811131513,11617.115455224193,0.29735590732088574
2026-08-20 07:00:00,5550.0,99.50729663483777,11619.507296634845,11619.212023594147,0.2952730406983701
2026-08-20 08:00:00,5551.0,101.60130660316477,11621.601306603172,11621.308591964102,0.2927146390711686
2026-08-20 09:00:00,5552.0,103.69484271200909,11623.694842712017,11623.405160334056,0.2896823779615941
2026-08-20 10:00:00,5553.0,105.7879078293251,11625.787907829334,11625.501728704012,0.2861791253217045
2026-08-20 11:00:00,5554.0,107.88050600829253,11627.8805060083,11627.598297073966,0.2822089343339522
2026-08-20 12:00:00,5555.0,109.97264247507863,11629.972642475086,11629.69486544392,0.27777703116528507
2026-08-20 13:00:00,5556.0,112.06432361175561,11632.064323611763,11631.791433813874,0.27288979788802536
2026-08-20 14:00:00,5557.0,114.15555693455474,11634.155556934564,11633.88800218383,0.2675547507336294
2026-08-20 15:00:00,5558.0,116.246351067584,11636.246351067592,11635.984570553785,0.2617805138079723
2026-08-20 16:00:00,5559.0,118.33671571202572,11638.336715712034,11638.081138923739,0.255576788295844
2026-08-20 17:00:00,5560.0,120.42666161068058,11640.426661610689,11640.177707293693,0.24895431699506723
2026-08-20 18:00:00,5561.0,122.51620050759281,11642.516200507602,11642.274275663647,0.24192484395388464
2026-08-20 19:00:00,5562.0,124.60534510249587,11644.605345102504,11644.370844033601,0.2345010689022105
2026-08-20 20:00:00,5563.0,126.69410900016317,11646.694109000171,11646.467412403555,0.2266965966151646
2026-08-20 21:00:00,5564.0,128.78250665575908,11648.782506655767,11648.56398077351,0.2185258822559778
2026-08-20 22:00:00,5565.0,130.8705533194357,11650.870553319444,11650.660549143466,0.2100041759795844
2026-08-20 23:00:00,5566.0,132.95826498737327,11652.958264987381,11652.75711751342,0.20114747396205399
2026-08-21 00:00:00,5567.0,135.04565837310017,11655.045658373108,11654.853685883374,0.191972489735092
2026-08-21 01:00:00,5568.0,137.13275077479784,11657.132750774806,11656.950254253328,0.18249652147762446
2026-08-21 02:00:00,5569.0,139.21956014759692,11659.219560147605,11659.046822623282,0.17273752432196843
2026-08-21 03:00:00,5570.0,141.30610494463681,11661.306104944644,11661.143390993237,0.16271395140792724
2026-08-21 04:00:00,5571.0,143.3924039975065,11663.392403997514,11663.239959363193,0.1524446343208037
2026-08-21 05:00:00,5572.0,145.47847654861758,11665.478476548626,11665.336527733147,0.14194881547789448
2026-08-21 06:00:00,5573.0,147.56434221977506,11667.564342219783,11667.433096103103,0.13124611668160788
2026-08-21 07:00:00,5574.0,149.65002095100002,11669.650020951009,11669.529664473057,0.12035647795185059
2026-08-21 08:00:00,5575.0,151.73553293343616,11671.735532933444,11671.626232843011,0.10930009043413494
2026-08-21 09:00:00,5576.0,153.8208985512817,11673.82089855129,11673.722801212965,0.09809733832438067
2026-08-21 10:00:00,5577.0,155.9061383401155,11675.906138340124,11675.81936958292,0.08676875720354674
2026-08-21 11:00:00,5578.0,157.9912729627858,11677.991272962794,11677.915937952874,0.07533500992037587
2026-08-21 12:00:00,5579.0,160.0763231992866,11680.076323199295,11680.012506322828,0.06381687646572966
2026-08-21 13:00:00,5580.0,162.16130994380964,11682.161309943818,11682.109074692782,0.052235251034875654
2026-08-21 14:00:00,5581.0,164.24625420045018,11684.246254200458,11684.205643062738,0.040611137720253
2026-08-21 15:00:00,5582.0,166.3311770687981,11686.331177068807,11686.302211432692,0.02896563611439903
2026-08-21 16:00:00,5583.0,168.41609971176283,11688.416099711772,11688.398779802646,0.01731990912538211
2026-08-21 17:00:00,5584.0,170.50104330026292,11690.50104330027,11690.4953481726,0.005695127669958191
2026-08-21 18:00:00,5585.0,172.58602893263713,11692.586028932645,11692.591916542555,-0.005887609909980385
2026-08-21 19:00:00,5586.0,174.67107753049748,11694.671077530505,11694.688484912509,-0.017407382004311373
2026-08-21 20:00:00,5587.0,176.75620971693098,11696.75620971694,11696.785053282463,-0.02884356552438071
2026-08-21 21:00:00,5588.0,178.84144568709522,11698.841445687103,11698.88162165242,-0.040175965317075395
2026-08-21 22:00:00,5589.0,-179.0731949150257,11700.926805084984,11700.978190022375,-0.05138493739080917
2026-08-21 23:00:00,5590.0,-176.98769309702465,11703.012306902983,11703.07475839233,-0.062451489344920716
2026-08-22 00:00:00,5591.0,-174.90203057723465,11705.097969422774,11705.171326762284,-0.07335733950987426
2026-08-22 01:00:00,5592.0,-172.81618978409617,11707.183810215913,11707.267895132238,-0.08408491632519402
2026-08-22 02:00:00,5593.0,-170.7301537789494,11709.26984622106,11709.364463502192,-0.09461728113330578
2026-08-22 03:00:00,5594.0,-168.64390608950592,11711.356093910503,11711.461031872146,-0.10493796164345474
2026-08-22 04:00:00,5595.0,-166.55743088096082,11713.442569119048,11713.5576002421,-0.11503112305348605
2026-08-22 05:00:00,5596.0,-164.47071317573943,11715.52928682427,11715.654168612054,-0.12488178778556386
2026-08-22 06:00:00,5597.0,-162.38373852468752,11717.616261475321,11717.75073698201,-0.1344755066886725
2026-08-22 07:00:00,5598.0,-160.29649315617857,11719.70350684383,11719.847305351965,-0.1437985081340634
2026-08-22 08:00:00,5599.0,-158.20896395612968,11721.79103604388,11721.943873721919,-0.15283767803913262
2026-08-22 09:00:00,5600.0,-156.1211384668192,11723.878861533189,11724.040442091873,-0.16158055868354207
2026-08-22 10:00:00,5601.0,-154.0330048940046,11725.966995106004,11726.137010461827,-0.17001535582389127
2026-08-22 11:00:00,5602.0,-151.944552114839,11728.05544788517,11728.233578831781,-0.17813094661284065
2026-08-22 12:00:00,5603.0,-149.8557696818967,11730.144230318112,11730.330147201736,-0.18591688362462497
2026-08-22 13:00:00,5604.0,-147.7666478211395,11732.23335217887,11732.426715571692,-0.19336339282112677
2026-08-22 14:00:00,5605.0,-145.67717742380697,11734.322822576201,11734.523283941646,-0.20046136544385382
2026-08-22 15:00:00,5606.0,-143.58735003392655,11736.412649966082,11736.619852311602,-0.20720234551888822
2026-08-22 16:00:00,5607.0,-141.49715783436457,11738.502842165643,11738.716420681556,-0.21357851591252058
2026-08-22 17:00:00,5608.0,-139.4065936350499,11740.593406364958,11740.81298905151,-0.21958268655108598
2026-08-22 18:00:00,5609.0,-137.3156508671828,11742.684349132825,11742.909557421464,-0.22520828863835946
2026-08-22 19:00:00,5610.0,-135.22432358690918,11744.775676413099,11745.006125791419,-0.23044937831955495
2026-08-22 20:00:00,5611.0,-133.132606491127,11746.867393508881,11747.102694161373,-0.23530065249188814
2026-08-22 21:00:00,5612.0,-131.04049494685728,11748.959505053152,11749.199262531329,-0.23975747817682072
2026-08-22 22:00:00,5613.0,-128.9479850340446,11751.052014965964,11751.295830901283,-0.24381593531882556
2026-08-22 23:00:00,5614.0,-126.85507359985027,11753.144926400159,11753.392399271237,-0.24747287107770954
2026-08-23 00:00:00,5615.0,-124.76175832059259,11755.238241679417,11755.488967641191,-0.25072596177462336
2026-08-23 01:00:00,5616.0,-122.66803776558682,11757.331962234422,11757.585536011145,-0.253573776723809
2026-08-23 02:00:00,5617.0,-120.57391145535162,11759.426088544657,11759.6821043811,-0.2560158364429591
2026-08-23 03:00:00,5618.0,-118.47937990502948,11761.520620094978,11761.778672751054,-0.25805265607567623
2026-08-23 04:00:00,5619.0,-116.38444464238546,11763.615555357623,11763.875241121008,-0.25968576338577865
2026-08-23 05:00:00,5620.0,-114.28910818822246,11765.710891811786,11765.971809490964,-0.26091767917689
2026-08-23 06:00:00,5621.0,-112.19337398509295,11767.806626014915,11768.068377860918,-0.261751846002418
2026-08-23 07:00:00,5622.0,-110.09724647772366,11769.902753522285,11770.164946230872,-0.2621927085878896
2026-08-23 08:00:00,5623.0,-108.00073085992601,11771.999269140082,11772.261514600827,-0.26224546074469873
2026-08-23 09:00:00,5624.0,-105.90383311145199,11774.096166888556,11774.358082970783,-0.26191608222667934
2026-08-23 10:00:00,5625.0,-103.80656009618255,11776.193439903825,11776.454651340737,-0.2612114369106224
2026-08-23 11:00:00,5626.0,-101.7089194018594,11778.291080598148,11778.551219710691,-0.2601391125427306
2026-08-23 12:00:00,5627.0,-99.61091923390069,11780.389080766108,11780.647788080645,-0.25870731453801477
2026-08-23 13:00:00,5628.0,-97.51256834261736,11782.487431657391,11782.744356450601,-0.2569247932083882
2026-08-23 14:00:00,5629.0,-95.41387596851347,11784.586124031495,11784.840924820555,-0.2548007890599764
2026-08-23 15:00:00,5630.0,-93.31485179418554,11786.685148205823,11786.93749319051,-0.252344984685624
2026-08-23 16:00:00,5631.0,-91.21550589438615,11788.784494105621,11789.034061560464,-0.24956745484168769
2026-08-23 17:00:00,5632.0,-89.11584867853763,11790.88415132147,11791.130629930418,-0.2464786089476782
2026-08-23 18:00:00,5633.0,-87.01589082259387,11792.984109177416,11793.227198300372,-0.2430891229570491
2026-08-23 19:00:00,5634.0,-84.91564318970937,11795.0843568103,11795.323766670326,-0.23940986002754736
2026-08-23 20:00:00,5635.0,-82.81511674161713,11797.184883258391,11797.42033504028,-0.235451781889892
2026-08-23 21:00:00,5636.0,-80.71432244480992,11799.285677555199,11799.516903410236,-0.23122585503637225
2026-08-23 22:00:00,5637.0,-78.61327117738263,11801.386728822627,11801.61347178019,-0.2267429575640804
2026-08-23 23:00:00,5638.0,-76.51197364354496,11803.488026356463,11803.710040150145,-0.2220137936816017
2026-08-24 00:00:00,5639.0,-74.41044030317488,11805.589559696833,11805.806608520099,-0.21704882326578429
2026-08-24 01:00:00,5640.0,-72.30868132320292,11807.691318676805,11807.903176890053,-0.21185821324780021
2026-08-24 02:00:00,5641.0,-70.20670655598012,11809.793293444029,11809.99974526001,-0.2064518159808956
2026-08-24 03:00:00,5642.0,-68.10452554701112,11811.895474452998,11812.096313629963,-0.2008391769657289
2026-08-24 04:00:00,5643.0,-66.00214757050239,11813.997852429506,11814.192881999918,-0.19502957041233088
2026-08-24 05:00:00,5644.0,-63.899581686098564,11816.10041831391,11816.289450369874,-0.189032055962066
2026-08-24 06:00:00,5645.0,-61.796836804028,11818.20316319598,11818.386018739828,-0.1828555438465619
2026-08-24 07:00:00,5646.0,-59.69392173876069,11820.306078261248,11820.482587109782,-0.17650884853354024
2026-08-24 08:00:00,5647.0,-57.590845223361626,11822.409154776646,11822.579155479736,-0.17000070308969242
2026-08-24 09:00:00,5648.0,-55.487615848204435,11824.512384151803,11824.67572384969,-0.1633396978860479
2026-08-24 10:00:00,5649.0,-53.38424189361401,11826.615758106394,11826.772292219644,-0.15653411325092656
2026-08-24 11:00:00,5650.0,-51.28073132134508,11828.719268678664,11828.868860589599,-0.14959191093526392
2026-08-24 12:00:00,5651.0,-49.177091772403706,11830.822908227605,11830.965428959553,-0.1425207319484089
2026-08-24 13:00:00,5652.0,-47.07333050234912,11832.92666949766,11833.061997329509,-0.13532783184864483
2026-08-24 14:00:00,5653.0,-44.96945435961936,11835.03054564039,11835.158565699463,-0.12802005907348518
2026-08-24 15:00:00,5654.0,-42.86546977352753,11837.13453022648,11837.255134069417,-0.12060384293641281
2026-08-24 16:00:00,5655.0,-40.76138275130527,11839.238617248704,11839.351702439371,-0.1130851906679972
2026-08-24 17:00:00,5656.0,-38.65719888351016,11841.342801116498,11841.448270809326,-0.10546969282721394
2026-08-24 18:00:00,5657.0,-36.552923357076885,11843.447076642931,11843.54483917928,-0.09776253634853799
2026-08-24 19:00:00,5658.0,-34.44856097528136,11845.551439024728,11845.641407549234,-0.08996852450666706
2026-08-24 20:00:00,5659.0,-32.344116183899175,11847.655883816109,11847.73797591919,-0.08209210308073137
2026-08-24 21:00:00,5660.0,-30.23959310287405,11849.760406897134,11849.834544289146,-0.07413739201124485
2026-08-24 22:00:00,5661.0,-28.134995562862517,11851.865004437146,11851.9311126591,-0.06610822195378767
2026-08-24 23:00:00,5662.0,-26.03032714607722,11853.969672853931,11854.027681029054,-0.05800817512200999
2026-08-25 00:00:00,5663.0,-23.925591230899943,11856.074408769107,11856.124249399008,-0.0498406299004838
2026-08-25 01:00:00,5664.0,-21.820791039759936,11858.179208960248,11858.220817768963,-0.04160880871444263
2026-08-25 02:00:00,5665.0,-19.715929689755793,11860.284070310252,11860.317386138917,-0.03331582866461914
2026-08-25 03:00:00,5666.0,-17.61101024542918,11862.38898975458,11862.413954508871,-0.024964754292087582
2026-08-25 04:00:00,5667.0,-15.50603577297478,11864.493964227033,11864.510522878825,-0.01655865179242128
2026-08-25 05:00:00,5668.0,-13.401009395014073,11866.598990604994,11866.607091248781,-0.008100643786778064
2026-08-25 06:00:00,5669.0,-11.29593434492143,11868.704065655087,11868.703659618735,0.00040603635157955776
2026-08-25 07:00:00,5670.0,-9.190814019663588,11870.809185980344,11870.80022798869,0.008957991655905153
2026-08-25 08:00:00,5671.0,-7.085652030346545,11872.914347969661,11872.896796358644,0.017551611017438254
2026-08-25 09:00:00,5672.0,-4.980452250370128,11875.019547749638,11874.993364728598,0.026183021040457582
2026-08-25 10:00:00,5673.0,-2.8752188625565913,11877.12478113745,11877.089933098552,0.034848038898827344
2026-08-25 11:00:00,5674.0,-0.7699564092062173,11879.230043590802,11879.186501468506,0.04354212229554165
2026-08-25 12:00:00,5675.0,1.3353301468302672,11881.335330146838,11881.283069838462,0.0522603083765333
2026-08-25 13:00:00,5676.0,3.4406353978036517,11883.440635397812,11883.379638208417,0.060997189396835134
2026-08-25 14:00:00,5677.0,5.545953475182588,11885.54595347519,11885.476206578373,0.06974689681882441
2026-08-25 15:00:00,5678.0,7.651277992462239,11887.65127799247,11887.572774948327,0.07850304414406786
2026-08-25 16:00:00,5679.0,9.756602029693722,11889.756602029704,11889.66934331828,0.0872587114219339
2026-08-25 17:00:00,5680.0,11.861918096688285,11891.861918096696,11891.765911688235,0.09600640846141434
2026-08-25 18:00:00,5681.0,13.967218110681204,11893.96721811069,11893.86248005819,0.10473805250027186
2026-08-25 19:00:00,5682.0,16.07249338426113,11896.072493384268,11895.959048428143,0.11344495612524243
2026-08-25 20:00:00,5683.0,18.177734619825994,11898.177734619834,11898.055616798098,0.12211782173532566
2026-08-25 21:00:00,5684.0,20.282931908100906,11900.28293190811,11900.152185168054,0.130746740056644
2026-08-25 22:00:00,5685.0,22.38807472986969,11902.388074729877,11902.248753538008,0.13932119187022168
2026-08-25 23:00:00,5686.0,24.49315196162976,11904.493151961637,11904.345321907962,0.14783005367571306
2026-08-26 00:00:00,5687.0,26.598151887079872,11906.598151887089,11906.441890277916,0.1562616091719327
2026-08-26 01:00:00,5688.0,28.70306221700139,11908.70306221701,11908.53845864787,0.16460356913852825
2026-08-26 02:00:00,5689.0,30.807870120102706,11910.807870120112,11910.635027017825,0.17284310228685176
2026-08-26 03:00:00,5690.0,32.91256226676823,11912.912562266776,11912.731595387779,0.1809668789967088
2026-08-26 04:00:00,5691.0,35.01712488646444,11915.017124886472,11914.828163757735,0.18896112873855048
2026-08-26 05:00:00,5692.0,37.121543837946845,11917.121543837955,11916.924732127689,0.19681171026755204
2026-08-26 06:00:00,5693.0,39.225804689566814,11919.225804689575,11919.021300497643,0.20450419193195699
2026-08-26 07:00:00,5694.0,41.329892805108315,11921.329892805117,11921.1178688676,0.21202393751813078
2026-08-26 08:00:00,5695.0,43.43379342891934,11923.433793428927,11923.214437237553,0.219356191374214
2026-08-26 09:00:00,5696.0,45.53749176287103,11925.53749176288,11925.311005607507,0.22648615537201394
2026-08-26 10:00:00,5697.0,47.64097302710302,11927.640973027112,11927.407573977462,0.23339904964959426
2026-08-26 11:00:00,5698.0,49.74422249680623,11929.744222496814,11929.504142347416,0.24008014939782477
2026-08-26 12:00:00,5699.0,51.847225508644584,11931.847225508654,11931.60071071737,0.24651479128296466
2026-08-26 13:00:00,5700.0,53.949967432990185,11933.949967432998,11933.697279087326,0.25268834567355003
2026-08-26 14:00:00,5701.0,56.05243361208324,11936.05243361209,11935.79384745728,0.25858615481163233
2026-08-26 15:00:00,5702.0,58.15460926963565,11938.154609269644,11937.890415827234,0.2641934424097097
2026-08-26 16:00:00,5703.0,60.256479630137896,11940.256479630145,11939.986984197189,0.2694954329570482
2026-08-26 17:00:00,5704.0,62.35803017007494,11942.358030170082,11942.083552567143,0.27447760293973705
2026-08-26 18:00:00,5705.0,64.45924652371477,11944.459246523724,11944.180120937097,0.27912558662543263
2026-08-26 19:00:00,5706.0,66.56011466221902,11946.560114662228,11946.276689307051,0.283425355175914
2026-08-26 20:00:00,5707.0,68.66062099859352,11948.660620998602,11948.373257677007,0.287363321595413
2026-08-26 21:00:00,5708.0,70.76075248323224,11950.76075248324,11950.469826046961,0.2909264362795657
2026-08-26 22:00:00,5709.0,72.86049669022549,11952.860496690233,11952.566394416916,0.29410227331805905
2026-08-26 23:00:00,5710.0,74.95984189487896,11954.959841894888,11954.66296278687,0.2968791080183358
2026-08-27 00:00:00,5711.0,77.05877714306125,11957.058777143071,11956.759531156824,0.299245986246368
2026-08-27 01:00:00,5712.0,79.15729231307525,11959.157292313084,11958.85609952678,0.30119278630427265
2026-08-27 02:00:00,5713.0,81.255378170751,11961.25537817076,11960.952667896734,0.3027102740254567
2026-08-27 03:00:00,5714.0,83.35302641839799,11963.353026418406,11963.049236266688,0.303790151717502
2026-08-27 04:00:00,5715.0,85.45022973814594,11965.450229738155,11965.145804636642,0.304425101511344
2026-08-27 05:00:00,5716.0,87.54698183006406,11967.546981830073,11967.242373006598,0.30460882347500395
2026-08-27 06:00:00,5717.0,89.64327744529258,11969.6432774453,11969.338941376553,0.304336068749167
2026-08-27 07:00:00,5718.0,91.73911241427507,11971.739112414283,11971.435509746507,0.30360266777625905
2026-08-27 08:00:00,5719.0,93.83448367006532,11973.834483670074,11973.532078116461,0.3024055536132509
2026-08-27 09:00:00,5720.0,95.92938926662939,11975.929389266637,11975.628646486415,0.30074278022234147
2026-08-27 10:00:00,5721.0,98.0238283920898,11978.023828392097,11977.72521485637,0.29861353572812
2026-08-27 11:00:00,5722.0,100.1178013769761,11980.117801376986,11979.821783226324,0.29601815066075
2026-08-27 12:00:00,5723.0,102.21130969772707,11982.211309697735,11981.91835159628,0.29295810145712337
2026-08-27 13:00:00,5724.0,104.30435597586285,11984.304355975872,11984.014919966234,0.2894360096384966
2026-08-27 14:00:00,5725.0,106.39694397324702,11986.396943973255,11986.111488336188,0.2854556370684616
2026-08-27 15:00:00,5726.0,108.48907858340574,11988.489078583414,11988.208056706142,0.28102187727171085
2026-08-27 16:00:00,5727.0,110.58076581749894,11990.580765817507,11990.304625076096,0.27614074141150613
2026-08-27 17:00:00,5728.0,112.67201278054829,11992.672012780557,11992.40119344605,0.27081933450625395
2026-08-27 18:00:00,5729.0,114.76282762789991,11994.762827627908,11994.497761816005,0.26506581190282585
2026-08-27 19:00:00,5730.0,116.85321958938393,11996.853219589393,11996.59433018596,0.2588894034312684
2026-08-27 20:00:00,5731.0,118.94319882936654,11998.943198829375,11998.690898555917,0.25230027345958284
2026-08-27 21:00:00,5732.0,121.03277647224193,12001.032776472251,12000.78746692587,0.24530954638050217
2026-08-27 22:00:00,5733.0,123.12196462648055,12003.121964626489,12002.884035295825,0.23792933066523733
2026-08-27 23:00:00,5734.0,125.21077628697958,12005.210776286987,12004.98060366578,0.23017262120894771
2026-08-28 00:00:00,5735.0,127.29922526936966,12007.299225269378,12007.077172035733,0.22205323364419557
2026-08-28 01:00:00,5736.0,129.38732615996412,12009.387326159973,12009.173740405688,0.21358575428420598
2026-08-28 02:00:00,5737.0,131.47509427162387,12011.475094271633,12011.270308775642,0.20478549599040616
2026-08-28 03:00:00,5738.0,133.56254560011104,12013.562545600118,12013.366877145596,0.19566845452198411
2026-08-28 04:00:00,5739.0,135.649696778335,12015.649696778344,12015.463445515552,0.18625126279289672
2026-08-28 05:00:00,5740.0,137.73656502779505,12017.736565027804,12017.560013885506,0.17655114229864222
2026-08-28 06:00:00,5741.0,139.82316810781307,12019.823168107821,12019.65658225546,0.1665858523609177
2026-08-28 07:00:00,5742.0,141.90952426401006,12021.909524264018,12021.753150625414,0.15637363860365103
2026-08-28 08:00:00,5743.0,143.99565217799505,12023.995652178002,12023.849718995369,0.14593318263408142
2026-08-28 09:00:00,5744.0,146.0815709204309,12026.08157092044,12025.946287365323,0.1352835551158887
2026-08-28 10:00:00,5745.0,148.16729990952518,12028.167299909534,12028.042855735277,0.12444417425527046
2026-08-28 11:00:00,5746.0,150.25285887655718,12030.252858876565,12030.139424105231,0.11343477133329656
2026-08-28 12:00:00,5747.0,152.33826783929942,12032.338267839308,12032.235992475189,0.1022753641199323
2026-08-28 13:00:00,5748.0,154.42354708313812,12034.423547083146,12034.332560845143,0.09098623800362941
2026-08-28 14:00:00,5749.0,156.508717148374,12036.508717148383,12036.429129215097,0.07958793328620609
2026-08-28 15:00:00,5750.0,158.5937988206447,12038.593798820653,12038.525697585052,0.06810123560108236
2026-08-28 16:00:00,5751.0,160.67881311971777,12040.678813119726,12040.622265955006,0.0565471647209846
2026-08-28 17:00:00,5752.0,162.7637812801406,12042.76378128015,12042.71883432496,0.04494695518923262
2026-08-28 18:00:00,5753.0,164.84872471549212,12044.8487247155,12044.815402694914,0.03332202058516457
2026-08-28 19:00:00,5754.0,166.9336649563642,12046.933664956372,12046.911971064868,0.02169389150321888
2026-08-28 20:00:00,5755.0,169.01862355081127,12049.01862355082,12049.008539434824,0.01008411599638208
2026-08-28 21:00:00,5756.0,171.1036219149671,12051.103621914976,12051.105107804779,-0.001485889802607491
2026-08-28 22:00:00,5757.0,173.18868114252584,12053.188681142534,12053.201676174733,-0.012995032197808218
2026-08-28 23:00:00,5758.0,175.27382190451343,12055.27382190452,12055.298244544687,-0.02442264016568854
2026-08-29 00:00:00,5759.0,177.35906437532356,12057.359064375332,12057.394812914641,-0.03574853930928265
2026-08-29 01:00:00,5760.0,179.4444281954053,12059.444428195413,12059.491381284595,-0.046953089182126866
2026-08-29 02:00:00,5761.0,-178.47006753803717,12061.529932461972,12061.58794965455,-0.05801719257853266
2026-08-29 03:00:00,5762.0,-176.38440427394562,12063.615595726062,12063.684518024505,-0.06892229844198765
2026-08-29 04:00:00,5763.0,-174.29856400895963,12065.70143599105,12065.78108639446,-0.07965040340892048
2026-08-29 05:00:00,5764.0,-172.21252929084508,12067.787470709163,12067.877654764414,-0.09018405524960298
2026-08-29 06:00:00,5765.0,-170.12628322549003,12069.873716774518,12069.97422313437,-0.10050635985091806
2026-08-29 07:00:00,5766.0,-168.03980948792278,12071.960190512085,12072.070791504324,-0.11060099223766864
2026-08-29 08:00:00,5767.0,-165.95309233686766,12074.046907663142,12074.167359874278,-0.12045221113738083
2026-08-29 09:00:00,5768.0,-163.8661166317016,12076.133883368308,12076.263928244232,-0.13004487592589206
2026-08-29 10:00:00,5769.0,-161.77886785030145,12078.221132149707,12078.360496614187,-0.13936446447998269
2026-08-29 11:00:00,5770.0,-159.69133210615783,12080.30866789385,12080.45706498414,-0.14839709029069392
2026-08-29 12:00:00,5771.0,-157.60349616326198,12082.396503836748,12082.553633354097,-0.1571295173489345
2026-08-29 13:00:00,5772.0,-155.51534744762193,12084.484652552386,12084.650201724051,-0.16554917166346486
2026-08-29 14:00:00,5773.0,-153.4268740548063,12086.573125945202,12086.746770094005,-0.1736441488022216
2026-08-29 15:00:00,5774.0,-151.338064753608,12088.661935246402,12088.84333846396,-0.18140321755794458
2026-08-29 16:00:00,5775.0,-149.24890898671313,12090.751091013297,12090.939906833913,-0.1888158206174677
2026-08-29 17:00:00,5776.0,-147.15939687007784,12092.840603129931,12093.036475203868,-0.19587207393639622
2026-08-29 18:00:00,5777.0,-145.06951919346125,12094.930480806548,12095.133043573822,-0.20256276727486486
2026-08-29 19:00:00,5778.0,-142.97926742510947,12097.0207325749,12097.229611943778,-0.2088793688776859
2026-08-29 20:00:00,5779.0,-140.8886337237794,12099.11136627623,12099.326180313732,-0.21481403750203654
2026-08-29 21:00:00,5780.0,-138.7976109609574,12101.202389039052,12101.422748683686,-0.2203596446343203
2026-08-29 22:00:00,5781.0,-136.70619275507832,12103.29380724493,12103.51931705364,-0.22550980871028922
2026-08-29 23:00:00,5782.0,-134.61437351761137,12105.385626482397,12105.615885423595,-0.23025894119675205
2026-08-30 00:00:00,5783.0,-132.5221485079264,12107.477851492082,12107.71245379355,-0.2346023014685085
2026-08-30 01:00:00,5784.0,-130.42951390512982,12109.570486094879,12109.809022163505,-0.23853606862598645
2026-08-30 02:00:00,5785.0,-128.33646695791214,12111.663533042098,12111.905590533459,-0.24205749136257132
2026-08-30 03:00:00,5786.0,-126.2430059677155,12113.756994032294,12114.002158903413,-0.24516487111998148
2026-08-30 04:00:00,5787.0,-124.14913033318214,12115.850869666827,12116.09872727337,-0.24785760654153244
2026-08-30 05:00:00,5788.0,-122.05484059488573,12117.945159405124,12118.195295643323,-0.2501362381989796
2026-08-30 06:00:00,5789.0,-119.96013844031536,12120.039861559693,12120.291864013278,-0.25200245358369927
2026-08-30 07:00:00,5790.0,-117.86502668327074,12122.134973316737,12122.388432383232,-0.2534590664938443
2026-08-30 08:00:00,5791.0,-115.76950922655467,12124.230490773454,12124.485000753186,-0.2545099797315777
2026-08-30 09:00:00,5792.0,-113.67359101354636,12126.326408986462,12126.58156912314,-0.25516013667803333
2026-08-30 10:00:00,5793.0,-111.57727797223575,12128.422722027773,12128.678137493094,-0.2554154653220674
2026-08-30 11:00:00,5794.0,-109.4805769540974,12130.519423045911,12130.77470586305,-0.25528281713824136
2026-08-30 12:00:00,5795.0,-107.3834956694264,12132.616504330583,12132.871274233004,-0.254769902421311
2026-08-30 13:00:00,5796.0,-105.286042620218,12134.713957379792,12134.967842602959,-0.25388522316664985
2026-08-30 14:00:00,5797.0,-103.18822703121731,12136.811772968793,12137.064410972913,-0.2526380041203024
2026-08-30 15:00:00,5798.0,-101.09005877933708,12138.90994122067,12139.160979342867,-0.25103812219570715
2026-08-30 16:00:00,5799.0,-98.9915483212402,12141.008451678768,12141.257547712821,-0.24909603405353511
2026-08-30 17:00:00,5800.0,-96.89270661853993,12143.107293381468,12143.354116082777,-0.2468227013088859
2026-08-30 18:00:00,5801.0,-94.79354505983852,12145.206454940171,12145.450684452731,-0.2442295125613887
2026-08-30 19:00:00,5802.0,-92.69407537875725,12147.305924621252,12147.547252822686,-0.24132820143398775
2026-08-30 20:00:00,5803.0,-90.59430956726818,12149.40569043274,12149.643821192642,-0.23813075990063892
2026-08-30 21:00:00,5804.0,-88.49425978406153,12151.505740215947,12151.740389562596,-0.23464934664725226
2026-08-30 22:00:00,5805.0,-86.39393825840558,12153.606061741604,12153.83695793255,-0.23089619094627134
2026-08-30 23:00:00,5806.0,-84.29335719099939,12155.70664280901,12155.933526302504,-0.22688349349420445
2026-08-31 00:00:00,5807.0,-82.19252865467953,12157.80747134533,12158.030094672458,-0.222623327128651
2026-08-31 01:00:00,5808.0,-80.09146449951372,12159.908535500495,12160.126663042412,-0.2181275419177001
2026-08-31 02:00:00,5809.0,-77.99017626876709,12162.009823731241,12162.223231412367,-0.2134076811257065
2026-08-31 03:00:00,5810.0,-75.88867513442509,12164.111324865584,12164.319799782323,-0.2084749167383074
2026-08-31 04:00:00,5811.0,-73.78697192513368,12166.213028074875,12166.416368152277,-0.2033400774016362
2026-08-31 05:00:00,5812.0,-71.68507713912456,12168.314922860885,12168.512936522231,-0.19801366134565399
2026-08-31 06:00:00,5813.0,-69.58300101431873,12170.41699898569,12170.609504892185,-0.1925059064951773
2026-08-31 07:00:00,5814.0,-67.48075362755957,12172.519246372449,12172.70607326214,-0.186826889690971
2026-08-31 08:00:00,5815.0,-65.37834488670858,12174.6216551133,12174.802641632094,-0.1809865187934233
2026-08-31 09:00:00,5816.0,-63.27578449506815,12176.72421550494,12176.899210002048,-0.1749944971075582
2026-08-31 10:00:00,5817.0,-61.17308189962791,12178.826918100382,12178.995778372002,-0.16886027162131453
2026-08-31 11:00:00,5818.0,-59.07024623240034,12180.929753767608,12181.092346741958,-0.16259297435062173
2026-08-31 12:00:00,5819.0,-56.967286252002985,12183.032713748005,12183.188915111914,-0.15620136390757222
2026-08-31 13:00:00,5820.0,-54.8642102907071,12185.135789709302,12185.285483481868,-0.14969377256622102
2026-08-31 14:00:00,5821.0,-52.761026210441976,12187.238973789566,12187.382051851822,-0.14307806225551506
2026-08-31 15:00:00,5822.0,-50.65774136975024,12189.342258630259,12189.478620221777,-0.13636159151816443
2026-08-31 16:00:00,5823.0,-48.55436260244709,12191.44563739756,12191.57518859173,-0.12955119416988398
2026-08-31 17:00:00,5824.0,-46.4508962077611,12193.549103792247,12193.671756961685,-0.12265316943753628
2026-08-31 18:00:00,5825.0,-44.34734795102849,12195.65265204898,12195.768325331639,-0.11567328265936265
2026-08-31 19:00:00,5826.0,-42.24372307357975,12197.75627692643,12197.864893701595,-0.10861677516475289
2026-08-31 20:00:00,5827.0,-40.14002631029071,12199.859973689718,12199.96146207155,-0.10148838183049996
2026-08-31 21:00:00,5828.0,-38.036261913356945,12201.963738086652,12202.058030441503,-0.09429235485119702
2026-08-31 22:00:00,5829.0,-35.93243368116118,12204.067566318847,12204.154598811458,-0.08703249260992109
2026-08-31 23:00:00,5830.0,-33.828544991586355,12206.171455008422,12206.251167181412,-0.0797121729896834
2026-09-01 00:00:00,5831.0,-31.724598839693552,12208.275401160316,12208.347735551366,-0.07233439105073816
2026-09-01 01:00:00,5832.0,-29.62059788018825,12210.379402119821,12210.44430392132,-0.06490180150040202
2026-09-01 02:00:00,5833.0,-27.516544475319556,12212.483455524689,12212.540872291274,-0.057416766585592
2026-09-01 03:00:00,5834.0,-25.412440748465873,12214.587559251542,12214.63744066123,-0.049881409686545884
2026-09-01 04:00:00,5835.0,-23.308288642192288,12216.691711357817,12216.734009031185,-0.042297673367593804
2026-09-01 05:00:00,5836.0,-21.20408997638042,12218.79591002363,12218.83057740114,-0.0346673775109805
2026-09-01 06:00:00,5837.0,-19.099846496279874,12220.90015350373,12220.927145771095,-0.0269922673657339
2026-09-01 07:00:00,5838.0,-16.995559923368415,12223.00444007664,12223.023714141049,-0.01927406440885645
2026-09-01 08:00:00,5839.0,-14.891232023962068,12225.108767976048,12225.120282511003,-0.011514534956556055
2026-09-01 09:00:00,5840.0,-12.786864662631082,12227.213135337377,12227.216850880957,-0.003715543580466071
2026-09-01 10:00:00,5841.0,-10.682459863207045,12229.3175401368,12229.313419250911,0.004120885889214146
2026-09-01 11:00:00,5842.0,-8.5780198585708,12231.421980141438,12231.409987620867,0.011992520570787134
2026-09-01 12:00:00,5843.0,-6.473547141915809,12233.526452858094,12233.506555990822,0.019896867272525636
2026-09-01 13:00:00,5844.0,-4.369044517323357,12235.630955482686,12235.603124360776,0.02783112190994517
2026-09-01 14:00:00,5845.0,-2.264515148430956,12237.735484851577,12237.69969273073,0.0357921208478974
2026-09-01 15:00:00,5846.0,-0.15996260438630275,12239.840037395623,12239.796261100684,0.04377629493773833
2026-09-01 16:00:00,5847.0,1.944609097525023,12241.944609097533,12241.892829470638,0.05177962689443511
2026-09-01 17:00:00,5848.0,4.049195453060237,12244.04919545307,12243.989397840593,0.05979761247608961
2026-09-01 18:00:00,5849.0,6.153791436374256,12246.153791436383,12246.085966210547,0.0678252258355355
2026-09-01 19:00:00,5850.0,8.258391469812429,12248.25839146982,12248.182534580503,0.07585688931921589
2026-09-01 20:00:00,5851.0,10.362989398337744,12250.362989398347,12250.279102950457,0.08388644789084186
2026-09-01 21:00:00,5852.0,12.467578468779573,12252.467578468788,12252.375671320411,0.0919071483768738
2026-09-01 22:00:00,5853.0,14.572151314150208,12254.57215131416,12254.472239690367,0.09991162379274789
2026-09-01 23:00:00,5854.0,16.676699943401974,12256.676699943411,12256.568808060321,0.1078918830901927
2026-09-02 00:00:00,5855.0,18.781215737175557,12258.781215737185,12258.665376430276,0.1158393069086188
2026-09-02 01:00:00,5856.0,20.885689450290965,12260.8856894503,12260.76194480023,0.123744650069895
2026-09-02 02:00:00,5857.0,22.990111221923904,12262.990111221932,12262.858513170184,0.1315980517479811
2026-09-02 03:00:00,5858.0,25.094470594551993,12265.094470594562,12264.95508154014,0.13938905442238744
2026-09-02 04:00:00,5859.0,27.19875654281277,12267.19875654282,12267.051649910094,0.147106632727689
2026-09-02 05:00:00,5860.0,29.302957513353025,12269.302957513362,12269.148218280048,0.15473923331457737
2026-09-02 06:00:00,5861.0,31.40706147653925,12271.40706147655,12271.244786650002,0.16227482654644385
2026-09-02 07:00:00,5862.0,33.51105599051938,12273.51105599053,12273.341355019957,0.16970097057213715
2026-09-02 08:00:00,5863.0,35.61492827755773,12275.614928277568,12275.43792338991,0.17700488765601866
2026-09-02 09:00:00,5864.0,37.71866531179861,12277.718665311808,12277.534491759865,0.1841735519413233
2026-09-02 10:00:00,5865.0,39.82225392543573,12279.822253925444,12279.63106012982,0.1911937956247081
2026-09-02 11:00:00,5866.0,41.92568077682592,12281.925680776834,12281.727628499775,0.19805227705991968
2026-09-02 12:00:00,5867.0,44.02893248477342,12284.028932484784,12283.82419686973,0.2047356150539422
2026-09-02 13:00:00,5868.0,46.13199559570811,12286.131995595717,12285.920765239684,0.2112303560343094
2026-09-02 14:00:00,5869.0,48.2348564888283,12288.234856488836,12288.017333609638,0.2175228791987558
2026-09-02 15:00:00,5870.0,50.337501337889485,12290.337501337897,12290.113901979592,0.22359935830540642
2026-09-02 16:00:00,5871.0,52.43991612097454,12292.439916120984,12292.210470349548,0.22944577143529887
2026-09-02 17:00:00,5872.0,54.542086668337284,12294.542086668347,12294.307038719502,0.23504794884421001
2026-09-02 18:00:00,5873.0,56.64399873808303,12296.643998738093,12296.403607089456,0.24039164863482004
2026-09-02 19:00:00,5874.0,58.74563810987229,12298.745638109882,12298.500175459412,0.24546265047040774
2026-09-02 20:00:00,5875.0,60.846990687842236,12300.846990687853,12300.596743829366,0.2502468584859972
2026-09-02 21:00:00,5876.0,62.94804260536922,12302.948042605378,12302.69331219932,0.2547304060575593
2026-09-02 22:00:00,5877.0,65.04878032598587,12305.048780325995,12304.789880569275,0.2588997567199431
2026-09-02 23:00:00,5878.0,67.14919073656897,12307.149190736578,12306.886448939229,0.26274179734806963
2026-09-03 00:00:00,5879.0,69.24926123068425,12309.249261230692,12308.983017309183,0.2662439215088382
2026-09-03 01:00:00,5880.0,71.34897978158587,12311.348979781595,12311.079585679137,0.26939410245612827
2026-09-03 02:00:00,5881.0,73.44833500569948,12313.448335005709,12313.176154049093,0.2721809566156887
2026-09-03 03:00:00,5882.0,75.5473162183671,12315.547316218375,12315.272722419048,0.2745937993284044
2026-09-03 04:00:00,5883.0,77.64591348410931,12317.645913484119,12317.369290789002,0.27662269511710535
2026-09-03 05:00:00,5884.0,79.74411766360221,12319.744117663611,12319.465859158956,0.2782585046557771
2026-09-03 06:00:00,5885.0,81.84192045894049,12321.841920458948,12321.56242752891,0.27949293003867526
2026-09-03 07:00:00,5886.0,83.93931445757846,12323.939314457586,12323.658995898864,0.2803185587222582
2026-09-03 08:00:00,5887.0,86.03629317369929,12326.036293173709,12325.755564268818,0.2807289048892933
2026-09-03 09:00:00,5888.0,88.13285108385149,12328.132851083861,12327.852132638774,0.28071844508572524
2026-09-03 10:00:00,5889.0,90.22898365186168,12330.22898365187,12329.948701008729,0.2802826431407544
2026-09-03 11:00:00,5890.0,92.3246873368423,12332.324687336852,12332.045269378685,0.2794179581673824
2026-09-03 12:00:00,5891.0,94.41995957841738,12334.419959578427,12334.141837748639,0.2781218297875395
2026-09-03 13:00:00,5892.0,96.51479882621045,12336.51479882622,12336.238406118593,0.2763927076264625
2026-09-03 14:00:00,5893.0,98.60920468923793,12338.609204689246,12338.334974488547,0.27423020069963305
2026-09-03 15:00:00,5894.0,100.7031777834261,12340.703177783435,12340.431542858501,0.27163492493342406
2026-09-03 16:00:00,5895.0,102.79671974397827,12342.796719743988,12342.528111228456,0.26860851553150356
2026-09-03 17:00:00,5896.0,104.8898332519211,12344.889833251931,12344.62467959841,0.2651536535201
2026-09-03 18:00:00,5897.0,106.98252203214727,12346.982522032156,12346.721247968366,0.2612740637906128
2026-09-03 19:00:00,5898.0,109.07479083781585,12349.074790837825,12348.81781633832,0.2569744995056326
2026-09-03 20:00:00,5899.0,111.16664542853981,12351.166645428548,12350.914384708274,0.2522607202745348
2026-09-03 21:00:00,5900.0,113.25809254552307,12353.258092545531,12353.010953078228,0.24713946730342395
2026-09-03 22:00:00,5901.0,115.34913988460058,12355.349139884609,12355.107521448183,0.24161843642647315
2026-09-03 23:00:00,5902.0,117.43979606718165,12357.43979606719,12357.204089818137,0.23570624905285437
2026-09-04 00:00:00,5903.0,119.53007060884875,12359.530070608856,12359.30065818809,0.22941242076545287
2026-09-04 01:00:00,5904.0,121.61997388545923,12361.619973885467,12361.397226558045,0.22274732742154876
2026-09-04 02:00:00,5905.0,123.709517096815,12363.709517096824,12363.493794928001,0.21572216882385958
2026-09-04 03:00:00,5906.0,125.79871222818939,12365.7987122282,12365.590363297957,0.20834893024203727
2026-09-04 04:00:00,5907.0,127.88757201017518,12367.887572010184,12367.686931667911,0.20064034227315206
2026-09-04 05:00:00,5908.0,129.9761098774337,12369.976109877442,12369.783500037865,0.19260983957692154
2026-09-04 06:00:00,5909.0,132.0643399269917,12372.064339927001,12371.88006840782,0.18427151918103069
2026-09-04 07:00:00,5910.0,134.15227687676722,12374.152276876775,12373.976636777774,0.17564009900140615
2026-09-04 08:00:00,5911.0,136.23993602502617,12376.239936025035,12376.073205147728,0.16673087730698852
2026-09-04 09:00:00,5912.0,138.32733321148837,12378.327333211497,12378.169773517682,0.15755969381457666
2026-09-04 10:00:00,5913.0,140.4144847808244,12380.414484780833,12380.266341887638,0.14814289319539778
2026-09-04 11:00:00,5914.0,142.50140754930453,12382.501407549313,12382.362910257592,0.13849729172131747
2026-09-04 12:00:00,5915.0,144.58811877538025,12384.58811877539,12384.459478627547,0.12864014784374206
2026-09-04 13:00:00,5916.0,146.67463613497836,12386.674636134987,12386.5560469975,0.11858913748686621
2026-09-04 14:00:00,5917.0,148.76097770226062,12388.76097770227,12388.652615367455,0.10836233481412093
2026-09-04 15:00:00,5918.0,150.8471619365353,12390.847161936545,12390.74918373741,0.09797819913548383
2026-09-04 16:00:00,5919.0,152.93320775254008,12392.933207752549,12392.845752107363,0.08745564518460826
2026-09-04 17:00:00,5920.0,155.01913431417555,12395.019134314185,12394.942320477317,0.0768138368666204
2026-09-04 18:00:00,5921.0,157.10496114451294,12397.104961144523,12397.038888847273,0.06607229724974062
2026-09-04 19:00:00,5922.0,159.19070822323894,12399.190708223248,12399.135457217228,0.05525100602114293
2026-09-04 20:00:00,5923.0,161.2763958459012,12401.27639584591,12401.232025587182,0.04437025872914119
2026-09-04 21:00:00,5924.0,163.36204446655685,12403.362044466567,12403.328593957138,0.033450509428274114
2026-09-04 22:00:00,5925.0,165.44767454581273,12405.447674545821,12405.425162327092,0.022512218729195992
2026-09-04 23:00:00,5926.0,167.53330641814514,12407.533306418154,12407.521730697046,0.011575721108174423
2026-09-05 00:00:00,5927.0,169.6189601857075,12409.618960185717,12409.618299067,0.0006611187162573043
2026-09-05 01:00:00,5928.0,171.70465564056454,12411.704655640573,12411.714867436955,-0.01021179638218492
2026-09-05 02:00:00,5929.0,173.7904122133813,12413.79041221339,12413.81143580691,-0.021023593520101146
2026-09-05 03:00:00,5930.0,175.87624894395222,12415.876248943961,12415.908004176865,-0.03175523290259596
2026-09-05 04:00:00,5931.0,177.96218446747116,12417.96218446748,12418.004572546819,-0.042388079337969425
2026-09-05 05:00:00,5932.0,-179.95176299002523,12420.048237009983,12420.101140916773,-0.052903906789218046
2026-09-05 06:00:00,5933.0,-177.86557561321487,12422.134424386795,12422.197709286727,-0.06328489993245567
2026-09-05 07:00:00,5934.0,-175.77923600113462,12424.220763998874,12424.294277656682,-0.07351365780788495
2026-09-05 08:00:00,5935.0,-173.69272717640237,12426.307272823607,12426.390846026636,-0.08357320302864811
2026-09-05 09:00:00,5936.0,-171.60603260159903,12428.39396739841,12428.48741439659,-0.09344699818088646
2026-09-05 10:00:00,5937.0,-169.51913620238574,12430.480863797624,12430.583982766546,-0.10311896892159009
2026-09-05 11:00:00,5938.0,-167.43202239506823,12432.567977604942,12432.6805511365,-0.11257353155792528
2026-09-05 12:00:00,5939.0,-165.34467611487563,12434.655323885134,12434.777119506454,-0.12179562132027934
2026-09-05 13:00:00,5940.0,-163.25708284052146,12436.742917159487,12436.873687876408,-0.13077071692082437
2026-09-05 14:00:00,5941.0,-161.16922861104783,12438.83077138896,12438.970256246364,-0.13948485740302738
2026-09-05 15:00:00,5942.0,-159.08110003299453,12440.918899967015,12441.066824616319,-0.14792464930354704
2026-09-05 16:00:00,5943.0,-156.99268428014338,12443.007315719866,12443.163392986273,-0.15607726640796693
2026-09-05 17:00:00,5944.0,-154.9039690951436,12445.096030904866,12445.259961356227,-0.1639304513613268
2026-09-05 18:00:00,5945.0,-152.81494281300053,12447.185057187009,12447.356529726183,-0.1714725391730831
2026-09-05 19:00:00,5946.0,-150.7255944133176,12449.274405586692,12449.453098096137,-0.17869250944456497
2026-09-05 20:00:00,5947.0,-148.63591342309516,12451.364086576914,12451.549666466091,-0.1855798891769226
2026-09-05 21:00:00,5948.0,-146.54589001113547,12453.454109988874,12453.646234836046,-0.19212484717202588
2026-09-05 22:00:00,5949.0,-144.45551501256693,12455.544484987444,12455.742803206,-0.19831821855683085
2026-09-05 23:00:00,5950.0,-142.36477993619926,12457.63522006381,12457.839371575954,-0.20415151214394667
2026-09-06 00:00:00,5951.0,-140.27367701705703,12459.726322982951,12459.935939945908,-0.20961696295709661
2026-09-06 01:00:00,5952.0,-138.18219929271632,12461.817800707293,12462.032508315862,-0.2147076085709444
2026-09-06 02:00:00,5953.0,-136.09034068738166,12463.909659312629,12464.129076685818,-0.219417373189286
2026-09-06 03:00:00,5954.0,-133.99809609208933,12466.00190390792,12466.225645055772,-0.22374114785243038
2026-09-06 04:00:00,5955.0,-131.90546143309163,12468.094538566917,12468.322213425727,-0.2276748588090491
2026-09-06 05:00:00,5956.0,-129.81243372347456,12470.187566276534,12470.41878179568,-0.23121551914599325
2026-09-06 06:00:00,5957.0,-127.71901109549687,12472.280988904513,12472.515350165635,-0.23436126112267747
2026-09-06 07:00:00,5958.0,-125.62519281309618,12474.374807186914,12474.61191853559,-0.23711134867590136
2026-09-06 08:00:00,5959.0,-123.53097926554993,12476.46902073446,12476.708486905545,-0.23946617108683083
2026-09-06 09:00:00,5960.0,-121.4363719444404,12478.563628055568,12478.8050552755,-0.24142721993200178
2026-09-06 10:00:00,5961.0,-119.34137340686596,12480.658626593144,12480.901623645455,-0.24299705231142607
2026-09-06 11:00:00,5962.0,-117.24598722827245,12482.754012771737,12482.99819201541,-0.2441792436725691
2026-09-06 12:00:00,5963.0,-115.15021794834203,12484.849782051668,12485.094760385364,-0.2449783336955273
2026-09-06 13:00:00,5964.0,-113.05407101308141,12486.945928986928,12487.191328755318,-0.2453997683904448
2026-09-06 14:00:00,5965.0,-110.95755271560432,12489.042447284404,12489.287897125272,-0.24544984086774857
2026-09-06 15:00:00,5966.0,-108.8606701371395,12491.13932986287,12491.384465495226,-0.24513563235753522
2026-09-06 16:00:00,5967.0,-106.76343108855914,12493.23656891145,12493.48103386518,-0.24446495373051852
2026-09-06 17:00:00,5968.0,-104.66584405128361,12495.334155948725,12495.577602235135,-0.2434462864099392
2026-09-06 18:00:00,5969.0,-102.56791811486033,12497.43208188515,12497.67417060509,-0.24208871994027872
2026-09-06 19:00:00,5970.0,-100.46966290694039,12499.530337093069,12499.770738975045,-0.2404018819755668
2026-09-06 20:00:00,5971.0,-98.37108850990172,12501.628911490106,12501.867307344999,-0.23839585489164938
2026-09-06 21:00:00,5972.0,-96.27220535711437,12503.727794642895,12503.963875714953,-0.23608107205756318
2026-09-06 22:00:00,5973.0,-94.17302423447711,12505.826975765533,12506.060444084907,-0.2334683193760435
2026-09-06 23:00:00,5974.0,-92.0735560512592,12507.926443948749,12508.157012454862,-0.23056850611260069
2026-09-07 00:00:00,5975.0,-89.9738118821253,12510.026188117885,12510.253580824816,-0.22739270693217337
2026-09-07 01:00:00,5976.0,-87.87380289778984,12512.12619710222,12512.350149194772,-0.22395209255184087
2026-09-07 02:00:00,5977.0,-85.77354015534962,12514.22645984466,12514.446717564728,-0.2202577200672596
2026-09-07 03:00:00,5978.0,-83.67303449834034,12516.32696550167,12516.543285934682,-0.2163204330117979
2026-09-07 04:00:00,5979.0,-81.57229653203127,12518.427703467978,12518.639854304636,-0.2121508366579261
2026-09-07 05:00:00,5980.0,-79.47133664388548,12520.528663356123,12520.73642267459,-0.20775931846721615
2026-09-07 06:00:00,5981.0,-77.37016504427916,12522.629834955731,12522.832991044545,-0.2031560888144691
2026-09-07 07:00:00,5982.0,-75.26879180814937,12524.73120819186,12524.929559414499,-0.19835122263842722
2026-09-07 08:00:00,5983.0,-73.16722690390155,12526.832773096108,12527.026127784453,-0.1933546883450265
2026-09-07 09:00:00,5984.0,-71.06548020136675,12528.934519798642,12529.122696154407,-0.18817635576560252
2026-09-07 10:00:00,5985.0,-68.96356145559459,12531.036438544415,12531.219264524363,-0.18282597994735877
2026-09-07 11:00:00,5986.0,-66.86148026758092,12533.138519732429,12533.315832894317,-0.17731316188832513
2026-09-07 12:00:00,5987.0,-64.75924602647545,12535.240753973534,12535.412401264271,-0.17164729073736654
2026-09-07 13:00:00,5988.0,-62.65686784025121,12537.343132159758,12537.508969634226,-0.1658374744680653
2026-09-07 14:00:00,5989.0,-60.554354463143035,12539.445645536867,12539.60553800418,-0.1598924673136279
2026-09-07 15:00:00,5990.0,-58.45171422832234,12541.548285771687,12541.702106374134,-0.1538206024470105
2026-09-07 16:00:00,5991.0,-56.3489549932599,12543.651045006749,12543.798674744088,-0.14762973734010876
2026-09-07 17:00:00,5992.0,-54.24608410309619,12545.753915896914,12545.895243114044,-0.14132721713028182
2026-09-07 18:00:00,5993.0,-52.143108374211714,12547.856891625797,12547.991811483998,-0.13491985820075147
2026-09-07 19:00:00,5994.0,-50.040034096291066,12549.959965903718,12550.088379853954,-0.12841395023569854
2026-09-07 20:00:00,5995.0,-47.936867046845215,12552.063132953164,12552.184948223909,-0.12181527074435476
2026-09-07 21:00:00,5996.0,-45.83361250789967,12554.16638749211,12554.281516593863,-0.11512910175255384
2026-09-07 22:00:00,5997.0,-43.730275271085425,12556.269724728923,12556.378084963817,-0.10836023489324736
2026-09-07 23:00:00,5998.0,-41.626859615667485,12558.373140384343,12558.474653333771,-0.10151294942902464
2026-09-08 00:00:00,5999.0,-39.52336924544395,12560.476630754565,12560.571221703725,-0.09459094916130688
2026-09-08 01:00:00,6000.0,-37.41980741587474,12562.580192584135,12562.667790073681,-0.08759748954505717
2026-09-08 02:00:00,6001.0,-35.31617718034332,12564.683822819667,12564.764358443636,-0.08053562396813682
2026-09-08 03:00:00,6002.0,-33.21248114744689,12566.787518852563,12566.86092681359,-0.07340796102684227
2026-09-08 04:00:00,6003.0,-31.10872159977844,12568.891278400231,12568.957495183544,-0.06621678331275242
2026-09-08 05:00:00,6004.0,-29.004900561181884,12570.995099438827,12571.054063553498,-0.05896411467072263
2026-09-08 06:00:00,6005.0,-26.901019851772002,12573.098980148237,12573.150631923452,-0.05165177521586513
2026-09-08 07:00:00,6006.0,-24.79708113980883,12575.202918860201,12575.247200293406,-0.044281433206004105
2026-09-08 08:00:00,6007.0,-22.69308599422529,12577.306914005785,12577.34376866336,-0.03685465757690749
2026-09-08 09:00:00,6008.0,-20.5890359388104,12579.410964061199,12579.440337033317,-0.029372972117361857
2026-09-08 10:00:00,6009.0,-18.484932507751957,12581.515067492259,12581.53690540327,-0.021837911012140228
2026-09-08 11:00:00,6010.0,-16.380777301772646,12583.619222698237,12583.633473773225,-0.014251074987494243
2026-09-08 12:00:00,6011.0,-14.276572044038126,12585.72342795597,12585.73004214318,-0.0066141872074943365
2026-09-08 13:00:00,6012.0,-12.17231863512379,12587.827681364884,12587.826610513135,0.001070851749700926
2026-09-08 14:00:00,6013.0,-10.068019206470076,12589.931980793539,12589.92317888309,0.008801910449569758
2026-09-08 15:00:00,6014.0,-7.9636761718754965,12592.036323828133,12592.019747253044,0.01657657509028664
2026-09-08 16:00:00,6015.0,-5.859292276654537,12594.140707723354,12594.116315622998,0.024392100356282496
2026-09-08 17:00:00,6016.0,-3.7548706441292663,12596.24512935588,12596.212883992954,0.03224536292779702
2026-09-08 18:00:00,6017.0,-1.6504148191387114,12598.349585180871,12598.309452362908,0.04013281796396975
2026-09-08 19:00:00,6018.0,0.45407119174998445,12600.45407119176,12600.406020732862,0.048050458898186245
2026-09-08 20:00:00,6019.0,2.5585828836533557,12602.558582883663,12602.502589102816,0.05599378084694142
2026-09-08 21:00:00,6020.0,4.663115220745519,12604.663115220754,12604.59915747277,0.06395774798396414
2026-09-08 22:00:00,6021.0,6.7676626079531905,12606.767662607963,12606.695725842725,0.07193676523786051
2026-09-08 23:00:00,6022.0,8.872218867357564,12608.872218867367,12608.792294212679,0.07992465468781815
2026-09-09 00:00:00,6023.0,10.976777219721969,12610.97677721973,12610.888862582633,0.08791463709705126
2026-09-09 01:00:00,6024.0,13.081330271603118,12613.081330271612,12612.985430952589,0.0958993190236664
2026-09-09 02:00:00,6025.0,15.185870008543423,12615.185870008554,12615.081999322543,0.1038706860105097
2026-09-09 03:00:00,6026.0,17.290387794875823,12617.290387794885,12617.178567692497,0.11182010238812508
2026-09-09 04:00:00,6027.0,19.39487425642968,12619.394874256439,12619.275136062452,0.11973819398770394
2026-09-09 05:00:00,6028.0,21.49931966027344,12621.499319660283,12621.371704432406,0.12761522787631221
2026-09-09 06:00:00,6029.0,23.603713741168654,12623.603713741177,12623.46827280236,0.13544093881687058
2026-09-09 07:00:00,6030.0,25.708045535502258,12625.708045535512,12625.564841172316,0.14320436319455032
2026-09-09 08:00:00,6031.0,27.812303554402586,12627.812303554412,12627.66140954227,0.15089401214154
2026-09-09 09:00:00,6032.0,29.916475931240146,12629.916475931248,12629.757977912226,0.15849801902358968
2026-09-09 10:00:00,6033.0,32.020550528638815,12632.020550528647,12631.85454628218,0.16600424646786438
2026-09-09 11:00:00,6034.0,34.124515001121374,12634.124515001131,12633.951114652134,0.17340034899615692
2026-09-09 12:00:00,6035.0,36.228356817602425,12636.228356817612,12636.047683022089,0.1806737955234702
2026-09-09 13:00:00,6036.0,38.33206325332647,12638.332063253336,12638.144251392043,0.18781186129233426
2026-09-09 14:00:00,6037.0,40.43562136379246,12640.435621363802,12640.240819761997,0.1948016018046745
2026-09-09 15:00:00,6038.0,42.53901795402702,12642.539017954037,12642.337388131951,0.2016298220849315
2026-09-09 16:00:00,6039.0,44.64223955562074,12644.642239555631,12644.433956501905,0.2082830537238857
2026-09-09 17:00:00,6040.0,46.74527242161197,12646.745272421622,12646.530524871861,0.2147475497604583
2026-09-09 18:00:00,6041.0,48.84810254599452,12648.848102546004,12648.627093241816,0.22100930418884154
2026-09-09 19:00:00,6042.0,50.950715710754906,12650.950715710764,12650.72366161177,0.22705409899447532
2026-09-09 20:00:00,6043.0,53.05309755933024,12653.053097559341,12652.820229981724,0.23286757761641275
2026-09-09 21:00:00,6044.0,55.1552336916383,12655.155233691647,12654.916798351678,0.23843533996865574
2026-09-09 22:00:00,6045.0,57.25710977277662,12657.257109772787,12657.013366721632,0.24374305115344785
2026-09-09 23:00:00,6046.0,59.35871164552144,12659.35871164553,12659.109935091587,0.2487765539427865
2026-09-10 00:00:00,6047.0,61.46002543626455,12661.460025436274,12661.206503461543,0.25352197472987476
2026-09-10 01:00:00,6048.0,63.56103764537435,12663.561037645384,12663.303071831499,0.2579658138865932
2026-09-10 02:00:00,6049.0,65.66173521648787,12665.661735216498,12665.399640201453,0.26209501504565014
2026-09-10 03:00:00,6050.0,67.76210558521822,12667.762105585227,12667.496208571407,0.2658970138203687
2026-09-10 04:00:00,6051.0,69.86213671640131,12669.86213671641,12669.592776941361,0.2693597750504582
2026-09-10 05:00:00,6052.0,71.96181715039717,12671.961817150406,12671.689345311315,0.27247183909053485
2026-09-10 06:00:00,6053.0,74.06113609301711,12674.061136093027,12673.78591368127,0.2752224117572254
2026-09-10 07:00:00,6054.0,76.16008354008153,12676.16008354009,12675.882482051224,0.2776014888660509
2026-09-10 08:00:00,6055.0,78.25865015559741,12678.258650155607,12677.979050421178,0.2795997344287006
2026-09-10 09:00:00,6056.0,80.35682740995404,12680.356827409963,12680.075618791134,0.2812086188297623
2026-09-10 10:00:00,6057.0,82.45460763692228,12682.454607636932,12682.172187161088,0.2824204758434316
2026-09-10 11:00:00,6058.0,84.551984035653,12684.551984035663,12684.268755531042,0.2832285046202141
2026-09-10 12:00:00,6059.0,86.64895069284869,12686.648950692857,12686.365323900996,0.28362679186144685
2026-09-10 13:00:00,6060.0,88.74550261047317,12688.745502610484,12688.46189227095,0.2836103395321586
2026-09-10 14:00:00,6061.0,90.84163573144788,12690.841635731456,12690.558460640905,0.283175090551402
2026-09-10 15:00:00,6062.0,92.93734696011612,12692.937346960125,12692.655029010859,0.2823179492650519
2026-09-10 16:00:00,6063.0,95.03263417665995,12695.03263417667,12694.751597380815,0.28103679585590596
2026-09-10 17:00:00,6064.0,97.12749624578609,12697.127496245796,12696.84816575077,0.2793304950265482
2026-09-10 18:00:00,6065.0,99.22193302036177,12699.221933020372,12698.944734120725,0.27719889964706357
2026-09-10 19:00:00,6066.0,101.31594534064475,12701.315945340653,12701.04130249068,0.274642849975013
2026-09-10 20:00:00,6067.0,103.40953502955425,12703.409535029563,12703.137870860633,0.27166416892968936
2026-09-10 21:00:00,6068.0,105.50270488422271,12705.502704884231,12705.234439230588,0.2682656536437497
2026-09-10 22:00:00,6069.0,107.59545866392418,12707.595458663935,12707.331007600542,0.26445106339156
2026-09-10 23:00:00,6070.0,109.68780107442068,12709.68780107443,12709.427575970496,0.2602251039333346
2026-09-11 00:00:00,6071.0,111.77973774879489,12711.779737748804,12711.52414434045,0.2555934083532355
2026-09-11 01:00:00,6072.0,113.87127522491939,12713.871275224928,12713.620712710406,0.25056251452333633
2026-09-11 02:00:00,6073.0,115.96242091982526,12715.962420919835,12715.71728108036,0.2451398394751701
2026-09-11 03:00:00,6074.0,118.05318310134189,12718.053183101352,12717.813849450315,0.23933365103712073
2026-09-11 04:00:00,6075.0,120.14357085747075,12720.14357085748,12719.910417820269,0.23315303721153322
2026-09-11 05:00:00,6076.0,122.23359406401406,12722.233594064022,12722.006986190223,0.22660787379961883
2026-09-11 06:00:00,6077.0,124.32326335100062,12724.32326335101,12724.103554560177,0.21970879083271042
2026-09-11 07:00:00,6078.0,126.41259006844217,12726.412590068452,12726.200122930131,0.21246713831957134
2026-09-11 08:00:00,6079.0,128.50158625191733,12728.501586251927,12728.296691300087,0.20489495184063086
2026-09-11 09:00:00,6080.0,130.59026458843283,12730.590264588442,12730.393259670042,0.19700491840114184
2026-09-11 10:00:00,6081.0,132.67863844283983,12732.678638442849,12732.489828039996,0.18881040285431308
2026-09-11 11:00:00,6082.0,134.76672161310717,12734.766721613118,12734.58639640995,0.18032520316734635
2026-09-11 12:00:00,6083.0,136.85452852444834,12736.854528524458,12736.682964779906,0.17156374455150214
2026-09-11 13:00:00,6084.0,138.94207421985055,12738.94207421986,12738.77953314986,0.1625410699992116
2026-09-11 14:00:00,6085.0,141.02937422494082,12741.02937422495,12740.876101519814,0.15327270513625238
2026-09-11 15:00:00,6086.0,143.1164445131169,12743.116444513125,12742.972669889768,0.1437746233567626
2026-09-11 16:00:00,6087.0,145.203301522071,12745.20330152208,12745.069238259723,0.13406326235683283
2026-09-11 17:00:00,6088.0,147.28996218485702,12747.289962184866,12747.165806629679,0.12415555518893295
2026-09-11 18:00:00,6089.0,149.37644394990295,12749.376443949912,12749.262374999633,0.11406895028037445
2026-09-11 19:00:00,6090.0,151.4627647745134,12751.462764774522,12751.358943369587,0.10382140493581864
2026-09-11 20:00:00,6091.0,153.54894308517845,12753.548943085189,12753.455511739541,0.09343134564721127
2026-09-11 21:00:00,6092.0,155.63499770520303,12755.634997705212,12755.552080109495,0.08291759571596058
2026-09-11 22:00:00,6093.0,157.72094775567427,12757.720947755684,12757.64864847945,0.07229927623377165
2026-09-11 23:00:00,6094.0,159.80681253952645,12759.806812539535,12759.745216849404,0.06159569013092002
2026-09-12 00:00:00,6095.0,161.89261142045112,12761.89261142046,12761.84178521936,0.05082620110144052
2026-09-12 01:00:00,6096.0,163.97836370868873,12763.978363708697,12763.938353589314,0.04001011938406535
2026-09-12 02:00:00,6097.0,166.06408856445387,12766.064088564463,12766.034921959268,0.02916660519549506
2026-09-12 03:00:00,6098.0,168.1498049270577,12768.149804927067,12768.131490329222,0.018314597844231336
2026-09-12 04:00:00,6099.0,170.23553147394847,12770.235531473958,12770.228058699176,0.007472774781724281
2026-09-12 05:00:00,6100.0,172.32128660919713,12772.321286609205,12772.324627069132,-0.0033404599270110873
2026-09-12 06:00:00,6101.0,174.40708847581917,12774.40708847583,12774.421195439087,-0.014106963258160906
2026-09-12 07:00:00,6102.0,176.49295498125477,12776.492954981264,12776.51776380904,-0.02480882777816123
2026-09-12 08:00:00,6103.0,178.57890382098816,12778.578903820997,12778.614332178995,-0.03542835799869119
2026-09-12 09:00:00,6104.0,-179.33504751748117,12780.66495248253,12780.710900548951,-0.045948066421182564
2026-09-12 10:00:00,6105.0,-177.248881788213,12782.751118211796,12782.807468918905,-0.05635070710882115
2026-09-12 11:00:00,6106.0,-175.16258207191126,12784.837417928098,12784.90403728886,-0.06661936076134657
2026-09-12 12:00:00,6107.0,-173.07613191675247,12786.923868083257,12787.000605658814,-0.07673757555591659
2026-09-12 13:00:00,6108.0,-170.9895151648373,12789.010484835173,12789.097174028768,-0.08668919359568826
2026-09-12 14:00:00,6109.0,-168.90271585564972,12791.09728414436,12791.193742398722,-0.09645825436263013
2026-09-12 15:00:00,6110.0,-166.8157185113219,12793.184281488688,12793.290310768676,-0.10602927998834163
2026-09-12 16:00:00,6111.0,-164.72850801178785,12795.271491988222,12795.386879138632,-0.11538715040939415
2026-09-12 17:00:00,6112.0,-162.64106965086836,12797.35893034914,12797.483447508586,-0.1245171594444284
2026-09-12 18:00:00,6113.0,-160.5533891667017,12799.446610833309,12799.58001587854,-0.1334050452314012
2026-09-12 19:00:00,6114.0,-158.46545275576267,12801.534547244248,12801.676584248495,-0.1420370042468599
2026-09-12 20:00:00,6115.0,-156.37724708068941,12803.62275291932,12803.773152618449,-0.15039969912898718
2026-09-12 21:00:00,6116.0,-154.28875928109795,12805.71124071891,12805.869720988403,-0.1584802694920979
2026-09-12 22:00:00,6117.0,-152.19997699440722,12807.800023005602,12807.966289358357,-0.166266352756066
2026-09-12 23:00:00,6118.0,-150.11088839104204,12809.889111608967,12810.062857728313,-0.17374611934677012
2026-09-13 00:00:00,6119.0,-148.02148222564412,12811.978517774365,12812.15942609827,-0.1809083239025149
2026-09-13 01:00:00,6120.0,-145.93174790337733,12814.068252096631,12814.255994468223,-0.18774237159078458
2026-09-13 02:00:00,6121.0,-143.84167555824408,12816.158324441765,12816.352562838178,-0.1942383964119723
2026-09-13 03:00:00,6122.0,-141.75125613865032,12818.248743861359,12818.449131208132,-0.2003873467724839
2026-09-13 04:00:00,6123.0,-139.66048149434317,12820.339518505667,12820.545699578086,-0.20618107241922057
2026-09-13 05:00:00,6124.0,-137.56934445834167,12822.430655541668,12822.64226794804,-0.2116124063731102
2026-09-13 06:00:00,6125.0,-135.4778389176133,12824.522161082396,12824.738836317994,-0.2166752355986915
2026-09-13 07:00:00,6126.0,-133.38595986701654,12826.614040132994,12826.835404687949,-0.22136455495609195
2026-09-13 08:00:00,6127.0,-131.29370344242128,12828.706296557588,12828.931973057905,-0.22567650031543662
2026-09-13 09:00:00,6128.0,-129.2010669308924,12830.798933069116,12831.028541427859,-0.22960835874113691
2026-09-13 10:00:00,6129.0,-127.10804875831812,12832.891951241692,12833.125109797813,-0.23315855612060138
2026-09-13 11:00:00,6130.0,-125.01464845779853,12834.985351542211,12835.221678167767,-0.23632662555613793
2026-09-13 12:00:00,6131.0,-122.92086662536947,12837.07913337464,12837.318246537721,-0.2391131630810476
2026-09-13 13:00:00,6132.0,-120.82670487308644,12839.173295126924,12839.414814907675,-0.2415197807522954
2026-09-13 14:00:00,6133.0,-118.73216579297524,12841.267834207036,12841.51138327763,-0.24354907059513164
2026-09-13 15:00:00,6134.0,-116.63725294869275,12843.362747051318,12843.607951647584,-0.24520459626708718
2026-09-13 16:00:00,6135.0,-114.54197067274346,12845.458029327267,12845.70452001754,-0.24649069027272774
2026-09-13 17:00:00,6136.0,-112.44632430395895,12847.55367569605,12847.801088387496,-0.24741269144452746
2026-09-13 18:00:00,6137.0,-110.35031999547996,12849.64968000453,12849.89765675745,-0.2479767529200095
2026-09-13 19:00:00,6138.0,-108.25396443599612,12851.746035564012,12851.994225127404,-0.2481895633912166
2026-09-13 20:00:00,6139.0,-106.15726491216748,12853.842735087843,12854.090793497358,-0.24805840951645544
2026-09-13 21:00:00,6140.0,-104.06022931160074,12855.93977068841,12856.187361867313,-0.2475911789036064
2026-09-13 22:00:00,6141.0,-101.96286607400131,12858.03713392601,12858.283930237267,-0.24679631125843182
2026-09-13 23:00:00,6142.0,-99.86518410320156,12860.134815896807,12860.380498607221,-0.24568271041440293
2026-09-14 00:00:00,6143.0,-97.76719265532905,12862.23280734468,12862.477066977177,-0.24425963249605145
2026-09-14 01:00:00,6144.0,-95.66890121877415,12864.331098781237,12864.573635347131,-0.2425365658945049
2026-09-14 02:00:00,6145.0,-93.5703194002286,12866.42968059978,12866.670203717085,-0.24052311730409023
2026-09-14 03:00:00,6146.0,-91.47145682830424,12868.528543171704,12868.76677208704,-0.2382289153347337
2026-09-14 04:00:00,6147.0,-89.37232308252338,12870.627676917487,12870.863340456994,-0.2356635395069173
2026-09-14 05:00:00,6148.0,-87.27292765122208,12872.727072348787,12872.959908826948,-0.23283647816128672
2026-09-14 06:00:00,6149.0,-85.17327991754351,12874.826720082467,12875.056477196902,-0.2297571144361202
2026-09-14 07:00:00,6150.0,-83.07338916861929,12876.926610831391,12877.153045566858,-0.22643473546640847
2026-09-14 08:00:00,6151.0,-80.97326461962574,12879.026735380383,12879.249613936812,-0.22287855642783058
2026-09-14 09:00:00,6152.0,-78.87291544201332,12881.127084557997,12881.346182306766,-0.2190977487690873
2026-09-14 10:00:00,6153.0,-76.77235078416423,12883.227649215845,12883.442750676722,-0.21510146087685555
2026-09-14 11:00:00,6154.0,-74.67157977332084,12885.32842022669,12885.539319046677,-0.21089881998758161
2026-09-14 12:00:00,6155.0,-72.57061149008787,12887.429388509921,12887.63588741663,-0.20649890670884638
2026-09-14 13:00:00,6156.0,-70.4694549113269,12889.530545088684,12889.732455786585,-0.20191069790169214
2026-09-14 14:00:00,6157.0,-68.3681188239448,12891.631881176067,12891.82902415654,-0.19714298047405424
2026-09-14 15:00:00,6158.0,-66.26661172093709,12893.733388279074,12893.925592526493,-0.19220424742089637
2026-09-14 16:00:00,6159.0,-64.16494170196012,12895.83505829805,12896.02216089645,-0.18710259839956236
2026-09-14 17:00:00,6160.0,-62.063116413355054,12897.936883586655,12898.118729266404,-0.1818456797476699
2026-09-14 18:00:00,6161.0,-59.96114307636375,12900.038856923646,12900.215297636358,-0.17644071271218734
2026-09-14 19:00:00,6162.0,-57.859028533459906,12902.14097146655,12902.311866006312,-0.17089453976238086
2026-09-14 20:00:00,6163.0,-55.756779010646945,12904.243220989363,12904.408434376266,-0.16521338690375717
2026-09-14 21:00:00,6164.0,-53.65440025104243,12906.345599748967,12906.50500274622,-0.15940299725281082
2026-09-14 22:00:00,6165.0,-51.55189751636379,12908.448102483646,12908.601571116174,-0.15346863252867887
2026-09-14 23:00:00,6166.0,-49.449275563302955,12910.550724436707,12910.69813948613,-0.1474150494227901
2026-09-15 00:00:00,6167.0,-47.34653864967995,12912.65346135033,12912.794707856085,-0.14124650575438322
2026-09-15 01:00:00,6168.0,-45.24369055594485,12914.756309444065,12914.891276226039,-0.13496678197410994
2026-09-15 02:00:00,6169.0,-43.14073461461,12916.8592653854,12916.987844595993,-0.12857921059327485
2026-09-15 03:00:00,6170.0,-41.03767374427723,12918.962326255732,12919.084412965947,-0.12208671021505807
2026-09-15 04:00:00,6171.0,-38.934510487073815,12921.065489512936,12921.180981335903,-0.11549182296755743
2026-09-15 05:00:00,6172.0,-36.83124704925709,12923.168752950753,12923.277549705857,-0.10879675510578257
2026-09-15 06:00:00,6173.0,-34.72788534501077,12925.272114655,12925.374118075812,-0.10200342081354166
2026-09-15 07:00:00,6174.0,-32.62442704338285,12927.375572956627,12927.470686445766,-0.09511348914008269
2026-09-15 08:00:00,6175.0,-30.520873618121534,12929.47912638189,12929.567254815722,-0.08812843383210817
2026-09-15 09:00:00,6176.0,-28.41722639997447,12931.582773600036,12931.663823185676,-0.08104958563939638
2026-09-15 10:00:00,6177.0,-26.313486630882156,12933.686513369126,12933.76039155563,-0.0738781865029038
2026-09-15 11:00:00,6178.0,-24.20965551943437,12935.790344480576,12935.856959925584,-0.06661544500816849
2026-09-15 12:00:00,6179.0,-22.105734296957156,12937.894265703051,12937.953528295538,-0.05926259248683427
2026-09-15 13:00:00,6180.0,-20.00172427364063,12939.998275726368,12940.050096665493,-0.05182093912468864
2026-09-15 14:00:00,6181.0,-17.897626894180625,12942.102373105829,12942.146665035447,-0.04429192961862166
2026-09-15 15:00:00,6182.0,-15.793443792474372,12944.206556207535,12944.243233405403,-0.0366771978662892
2026-09-15 16:00:00,6183.0,-13.689176844969676,12946.310823155041,12946.339801775357,-0.028978620315566663
2026-09-15 17:00:00,6184.0,-11.584828222312769,12948.415171777697,12948.436370145311,-0.021198367613907292
2026-09-15 18:00:00,6185.0,-9.48040043897227,12950.519599561037,12950.532938515265,-0.013338954227030712
2026-09-15 19:00:00,6186.0,-7.375896400538813,12952.624103599472,12952.62950688522,-0.005403285748477956
2026-09-15 20:00:00,6187.0,-5.271319448416259,12954.728680551594,12954.726075255174,0.0026052964191421633
2026-09-15 21:00:00,6188.0,-3.1666734016375067,12956.833326598373,12956.822643625128,0.010682973244082761
2026-09-15 22:00:00,6189.0,-1.0619626321440045,12958.938037367865,12958.919211995084,0.018825372780864463
2026-09-15 23:00:00,6190.0,1.0428080361812326,12961.04280803619,12961.015780365038,0.027027671151716098
2026-09-16 00:00:00,6191.0,3.147633150302874,12963.147633150313,12963.112348734994,0.03528441531975762
2026-09-16 01:00:00,6192.0,5.2525065968739195,12965.252506596884,12965.208917104948,0.04358949193523801
2026-09-16 02:00:00,6193.0,7.357421654063505,12967.357421654073,12967.305485474903,0.05193617917053616
2026-09-16 03:00:00,6194.0,9.462370987563943,12969.462370987574,12969.402053844857,0.06031714271744547
2026-09-16 04:00:00,6195.0,11.567346626409698,12971.56734662642,12971.49862221481,0.06872441160803744
2026-09-16 05:00:00,6196.0,13.672339942589723,12973.672339942601,12973.595190584765,0.07714935783468503
2026-09-16 06:00:00,6197.0,15.777341648338298,12975.777341648347,12975.69175895472,0.08558269362730432
2026-09-16 07:00:00,6198.0,17.882341816629744,12977.88234181664,12977.788327324675,0.09401449196523502
2026-09-16 08:00:00,6199.0,19.987329923883625,12979.987329923893,12979.88489569463,0.10243422926527149
2026-09-16 09:00:00,6200.0,22.092294909239982,12982.09229490925,12981.981464064584,0.11083084466679485
2026-09-16 10:00:00,6201.0,24.197225241951745,12984.197225241962,12984.078032434538,0.11919280742329935
2026-09-16 11:00:00,6202.0,26.302108987362693,12986.302108987373,12986.174600804492,0.1275081828804294
2026-09-16 12:00:00,6203.0,28.4069338624353,12988.406933862445,12988.271169174446,0.1357646879977775
2026-09-16 13:00:00,6204.0,30.511687273653827,12990.511687273663,12990.3677375444,0.14394972926231758
2026-09-16 14:00:00,6205.0,32.61635633309276,12992.616356333101,12992.464305914355,0.15205041874649108
2026-09-16 15:00:00,6206.0,34.72092785220448,12994.720927852213,12994.56087428431,0.16005356790220698
2026-09-16 16:00:00,6207.0,36.825388317086805,12996.825388317096,12996.657442654267,0.16794566283129123
2026-09-16 17:00:00,6208.0,38.92972385323709,12998.929723853247,12998.75401102422,0.1757128290264173
2026-09-16 18:00:00,6209.0,41.03392019161857,13001.033920191629,13000.850579394175,0.1833407974538747
2026-09-16 19:00:00,6210.0,43.1379626507242,13003.137962650733,13002.94714776413,0.19081488660485907
2026-09-16 20:00:00,6211.0,45.241836150603895,13005.241836150613,13005.043716134083,0.1981200165294028
2026-09-16 21:00:00,6212.0,47.34552527380436,13007.345525273813,13007.140284504037,0.2052407697760061
2026-09-16 22:00:00,6213.0,49.44901438402192,13009.44901438403,13009.236852873992,0.21216151003843814
2026-09-16 23:00:00,6214.0,51.55228780501348,13011.552287805023,13011.333421243948,0.21886656107613606
2026-09-17 00:00:00,6215.0,53.65533004883289,13013.655330048841,13013.429989613902,0.22534043494063094
2026-09-17 01:00:00,6216.0,55.7581257208957,13015.758125720906,13015.526557983856,0.23156773705029052
2026-09-17 02:00:00,6217.0,57.86065940454106,13017.86065940455,13017.62312635381,0.23753305074015338
2026-09-17 03:00:00,6218.0,59.962916065731484,13019.96291606574,13019.719694723764,0.24322134197585882
2026-09-17 04:00:00,6219.0,62.06488099861935,13022.064880998629,13021.816263093719,0.2486179049098786
2026-09-17 05:00:00,6220.0,64.16653989736909,13024.166539897378,13023.912831463673,0.2537084337056678
2026-09-17 06:00:00,6221.0,66.26787891820682,13026.267878918217,13026.009399833627,0.25847908458952357
2026-09-17 07:00:00,6222.0,68.36888473537695,13028.368884735386,13028.105968203583,0.26291653180392044
2026-09-17 08:00:00,6223.0,70.46954459327736,13030.469544593287,13030.202536573537,0.2670080197502876
2026-09-17 09:00:00,6224.0,72.56984635589049,13032.5698463559,13032.299104943493,0.2707414124073986
2026-09-17 10:00:00,6225.0,74.66977855382578,13034.669778553836,13034.395673313447,0.2741052403885173
2026-09-17 11:00:00,6226.0,76.76933042882452,13036.769330428833,13036.492241683402,0.277088745432117
2026-09-17 12:00:00,6227.0,78.86849197538156,13038.86849197539,13038.588810053356,0.27968192203467884
2026-09-17 13:00:00,6228.0,80.96725397911959,13040.967253979128,13040.68537842331,0.28187555581846147
2026-09-17 14:00:00,6229.0,83.06560805163085,13043.06560805164,13042.781946793264,0.28366125837531686
2026-09-17 15:00:00,6230.0,85.16354666160814,13045.163546661619,13044.87851516322,0.28503149839928277
2026-09-17 16:00:00,6231.0,87.26106316218629,13047.261063162196,13046.975083533174,0.2859796290216437
2026-09-17 17:00:00,6232.0,89.35815181447921,13049.35815181449,13049.071651903128,0.28649991136148795
2026-09-17 18:00:00,6233.0,91.45480780732859,13051.454807807339,13051.168220273083,0.28658753425593514
2026-09-17 19:00:00,6234.0,93.55102727328187,13053.551027273292,13053.264788643037,0.2862386302547129
2026-09-17 20:00:00,6235.0,95.646807300807,13055.646807300816,13055.361357012991,0.28545028782534504
2026-09-17 21:00:00,6236.0,97.74214594274275,13057.742145942751,13057.457925382945,0.284220559806404
2026-09-17 22:00:00,6237.0,99.8370422209892,13059.837042221,13059.5544937529,0.2825484680990581
2026-09-17 23:00:00,6238.0,101.93149612747128,13061.931496127481,13061.651062122855,0.28043400462622514
2026-09-18 00:00:00,6239.0,104.02550862145802,13064.025508621467,13063.74763049281,0.2778781286586673
2026-09-18 01:00:00,6240.0,106.11908162338885,13066.1190816234,13065.844198862764,0.2748827606350461
2026-09-18 02:00:00,6241.0,108.2122180054353,13068.212218005445,13067.940767232718,0.2714507727267179
2026-09-18 03:00:00,6242.0,110.30492157909882,13070.304921579107,13070.037335602674,0.26758597643387627
2026-09-18 04:00:00,6243.0,112.39719698749138,13072.3971969875,13072.133903972628,0.26329301487212325
2026-09-18 05:00:00,6244.0,114.48904996138518,13074.489049961396,13074.230472342582,0.25857761881271957
2026-09-18 06:00:00,6245.0,116.58048712025602,13076.580487120267,13076.327040712536,0.25344640772906724
2026-09-18 07:00:00,6246.0,118.67151582889922,13078.671515828908,13078.423609082492,0.24790674641710142
2026-09-18 08:00:00,6247.0,120.76214427213517,13080.762144272145,13080.520177452447,0.24196681969853004
2026-09-18 09:00:00,6248.0,122.85238147787895,13082.85238147789,13082.6167458224,0.23563565548774315
2026-09-18 10:00:00,6249.0,124.94223730571912,13084.942237305728,13084.713314192355,0.2289231133731635
2026-09-18 11:00:00,6250.0,127.03172241647155,13087.031722416481,13086.80988256231,0.22183985417185775
2026-09-18 12:00:00,6251.0,129.12084823559724,13089.120848235607,13088.906450932263,0.214397303343285
2026-09-18 13:00:00,6252.0,131.2096269202004,13091.20962692021,13091.003019302218,0.20660761799213617
2026-09-18 14:00:00,6253.0,133.2980713358384,13093.298071335848,13093.099587672172,0.1984836636760346
2026-09-18 15:00:00,6254.0,135.38619504585256,13095.386195045863,13095.196156042128,0.19003900373597102
2026-09-18 16:00:00,6255.0,137.4740123126131,13097.474012312623,13097.292724412082,0.18128790054206312
2026-09-18 17:00:00,6256.0,139.56153810719044,13099.5615381072,13099.389292782036,0.17224532516488447
2026-09-18 18:00:00,6257.0,141.6487881217128,13101.648788121722,13101.48586115199,0.16292696973209764
2026-09-18 19:00:00,6258.0,143.73577877721445,13103.735778777223,13103.582429521945,0.15334925527918258
2026-09-18 20:00:00,6259.0,145.82252721925576,13105.822527219265,13105.6789978919,0.14352932736403712
2026-09-18 21:00:00,6260.0,147.90905129410478,13107.909051294115,13107.775566261855,0.13348503225912553
2026-09-18 22:00:00,6261.0,149.99536949987316,13109.995369499884,13109.872134631809,0.1232348680737321
2026-09-18 23:00:00,6262.0,152.08150090970574,13112.081500909715,13111.968703001765,0.11279790795165687
2026-09-19 00:00:00,6263.0,154.16746506788667,13114.167465067896,13114.065271371719,0.10219369617811704
2026-09-19 01:00:00,6264.0,156.25328186440532,13116.253281864416,13116.161839741673,0.09144212274233435
2026-09-19 02:00:00,6265.0,158.33897139887668,13118.338971398885,13118.258408111627,0.08056328725824097
2026-09-19 03:00:00,6266.0,160.42455385032457,13120.424553850335,13120.354976481582,0.06957736875246898
2026-09-19 04:00:00,6267.0,162.51004937459052,13122.510049374601,13122.451544851536,0.05850452306423644
2026-09-19 05:00:00,6268.0,164.59547805512256,13124.595478055133,13124.54811322149,0.04736483364191192
2026-09-19 06:00:00,6269.0,166.68085993434326,13126.680859934353,13126.644681591446,0.0361783429084744
2026-09-19 07:00:00,6270.0,168.7662150664065,13128.766215066416,13128.7412499614,0.02496510501658497
2026-09-19 08:00:00,6271.0,170.85156342563454,13130.851563425646,13130.837818331354,0.013745094290951545
2026-09-19 09:00:00,6272.0,172.93692491887765,13132.936924918888,13132.934386701309,0.002538217578448134
2026-09-19 10:00:00,6273.0,175.02231934820745,13135.022319348218,13135.030955071263,-0.00863572304488112
2026-09-19 11:00:00,6274.0,177.10776638272836,13137.107766382738,13137.127523441217,-0.01975705847847197
2026-09-19 12:00:00,6275.0,179.193285532035,13139.193285532045,13139.224091811171,-0.03080627912622124
2026-09-19 13:00:00,6276.0,-178.7211038843672,13141.278896115642,13141.320660181125,-0.041764065483550376
2026-09-19 14:00:00,6277.0,-176.63538277197668,13143.364617228033,13143.417228551081,-0.0526113230479879
2026-09-19 15:00:00,6278.0,-174.5495322983906,13145.45046770162,13145.513796921037,-0.06332921941675207
2026-09-19 16:00:00,6279.0,-172.46353392984923,13147.53646607016,13147.610365290991,-0.07389922083066262
2026-09-19 17:00:00,6280.0,-170.37736946502568,13149.622630534985,13149.706933660946,-0.08430312596109682
2026-09-19 18:00:00,6281.0,-168.29102106494244,13151.708978935067,13151.8035020309,-0.09452309583264791
2026-09-19 19:00:00,6282.0,-166.2044712791607,13153.79552872085,13153.900070400854,-0.1045416800052477
2026-09-19 20:00:00,6283.0,-164.11770306958203,13155.882296930427,13155.996638770808,-0.11434184038038932
2026-09-19 21:00:00,6284.0,-162.03069983416293,13157.969300165847,13158.093207140762,-0.12390697491615717
2026-09-19 22:00:00,6285.0,-159.94344543347546,13160.056554566536,13160.189775510718,-0.1332209441822632
2026-09-19 23:00:00,6286.0,-157.85592422328995,13162.14407577672,13162.286343880673,-0.14226810395172507
2026-09-20 00:00:00,6287.0,-155.76812109619013,13164.23187890382,13164.382912250627,-0.15103334680598174
2026-09-20 01:00:00,6288.0,-153.68002153463704,13166.319978465373,13166.479480620581,-0.15950215520751185
2026-09-20 02:00:00,6289.0,-151.5916116768878,13168.408388323123,13168.576048990535,-0.16766066741273297
2026-09-20 03:00:00,6290.0,-149.50287839576382,13170.497121604247,13170.67261736049,-0.17549575624309452
2026-09-20 04:00:00,6291.0,-147.41380938847166,13172.586190611539,13172.769185730443,-0.18299511890516337
2026-09-20 05:00:00,6292.0,-145.3243932735559,13174.675606726454,13174.865754100398,-0.19014737394492254
2026-09-20 06:00:00,6293.0,-143.23461968865118,13176.765380311359,13176.962322470354,-0.19694215899349363
2026-09-20 07:00:00,6294.0,-141.14447938007197,13178.855520619938,13179.058890840308,-0.20337022036901087
2026-09-20 08:00:00,6295.0,-139.05396427251193,13180.946035727498,13181.155459210264,-0.20942348276588202
2026-09-20 09:00:00,6296.0,-136.9630675043178,13183.036932495692,13183.252027580218,-0.2150950845252568
2026-09-20 10:00:00,6297.0,-134.87178342512775,13185.128216574882,13185.348595950172,-0.22037937529006763
2026-09-20 11:00:00,6298.0,-132.7801076229003,13187.21989237711,13187.445164320126,-0.22527194301603015
2026-09-20 12:00:00,6299.0,-130.6880368798073,13189.311963120203,13189.54173269008,-0.22976956987826513
2026-09-20 13:00:00,6300.0,-128.59556915694856,13191.404430843062,13191.638301060035,-0.23387021697369562
2026-09-20 14:00:00,6301.0,-126.50270357230521,13193.497296427706,13193.73486942999,-0.23757300228494263
2026-09-20 15:00:00,6302.0,-124.40944035765406,13195.590559642356,13195.831437799945,-0.24087815758844028
2026-09-20 16:00:00,6303.0,-122.3157808065966,13197.684219193412,13197.9280061699,-0.24378697648590236
2026-09-20 17:00:00,6304.0,-120.22172722073407,13199.778272779275,13200.024574539853,-0.24630176057773456
2026-09-20 18:00:00,6305.0,-118.12728285699094,13201.87271714302,13202.121142909808,-0.2484257667877565
2026-09-20 19:00:00,6306.0,-116.03245187614328,13203.967548123868,13204.217711279762,-0.25016315589460064
2026-09-20 20:00:00,6307.0,-113.93723929069728,13206.062760709312,13206.314279649716,-0.25151894040359174
2026-09-20 21:00:00,6308.0,-111.84165090930624,13208.158349090705,13208.41084801967,-0.2524989289663245
2026-09-20 22:00:00,6309.0,-109.745693274806,13210.254306725205,13210.507416389626,-0.2531096644216265
2026-09-20 23:00:00,6310.0,-107.64937359355812,13212.350626406453,13212.60398475958,-0.25335835312760274
2026-09-21 00:00:00,6311.0,-105.55269965497233,13214.447300345037,13214.700553129534,-0.25325278449696037
2026-09-21 01:00:00,6312.0,-103.45567974166674,13216.544320258343,13216.79712149949,-0.25280124114761165
2026-09-21 02:00:00,6313.0,-101.35832253254395,13218.641677467467,13218.893689869445,-0.252012401977687
2026-09-21 03:00:00,6314.0,-99.26063700291544,13220.739362997094,13220.990258239399,-0.2508952423044637
2026-09-21 04:00:00,6315.0,-97.16263232748747,13222.837367672524,13223.086826609353,-0.2494589368302737
2026-09-21 05:00:00,6316.0,-95.0643177932964,13224.935682206715,13225.183394979307,-0.24771277259402957
2026-09-21 06:00:00,6317.0,-92.96570273028522,13227.034297269725,13227.279963349263,-0.24566607953762948
2026-09-21 07:00:00,6318.0,-90.86679646685245,13229.133203533158,13229.376531719217,-0.24332818605920664
2026-09-21 08:00:00,6319.0,-88.76760831603744,13231.232391683972,13231.473100089172,-0.24070840519903894
2026-09-21 09:00:00,6320.0,-86.66814759464552,13233.331852405365,13233.569668459126,-0.2378160537607383
2026-09-21 10:00:00,6321.0,-84.568423672128,13235.431576327883,13235.66623682908,-0.2346605011971396
2026-09-21 11:00:00,6322.0,-82.46844603793953,13237.53155396207,13237.762805199034,-0.2312512369643727
2026-09-21 12:00:00,6323.0,-80.36822436489607,13239.631775635115,13239.859373568988,-0.22759793387484767
2026-09-21 13:00:00,6324.0,-78.26776835182947,13241.732231648182,13241.955941938942,-0.22371029076188131
2026-09-21 14:00:00,6325.0,-76.16708757955325,13243.832912420457,13244.052510308898,-0.21959788844056857
2026-09-21 15:00:00,6326.0,-74.06619155471934,13245.93380844529,13246.149078678853,-0.21527023356177946
2026-09-21 16:00:00,6327.0,-71.96508955294793,13248.034910447062,13248.245647048807,-0.21073660174414882
2026-09-21 17:00:00,6328.0,-69.86379056386951,13250.136209436141,13250.342215418761,-0.2060059826206052
2026-09-21 18:00:00,6329.0,-67.76230323335197,13252.237696766657,13252.438783788715,-0.20108702205792095
2026-09-21 19:00:00,6330.0,-65.66063581128414,13254.339364188725,13254.535352158671,-0.1959879699455408
2026-09-21 20:00:00,6331.0,-63.558796108906925,13256.441203891103,13256.631920528625,-0.19071663752220694
2026-09-21 21:00:00,6332.0,-61.45679146697277,13258.543208533038,13258.72848889858,-0.1852803655431357
2026-09-21 22:00:00,6333.0,-59.35462873450381,13260.645371265506,13260.825057268536,-0.17968600302882354
2026-09-21 23:00:00,6334.0,-57.252314257218735,13262.747685742792,13262.92162563849,-0.17393989569820908
2026-09-22 00:00:00,6335.0,-55.14985387450052,13264.850146125511,13265.018194008444,-0.16804788293325382
2026-09-22 01:00:00,6336.0,-53.04725292385675,13266.952747076153,13267.114762378398,-0.1620153022441353
2026-09-22 02:00:00,6337.0,-50.94451625202048,13269.05548374799,13269.211330748352,-0.15584700036220775
2026-09-22 03:00:00,6338.0,-48.8416482320541,13271.158351767957,13271.307899118307,-0.1495473503500631
2026-09-22 04:00:00,6339.0,-46.73865278599239,13273.261347214018,13273.40446748826,-0.14312027424341642
2026-09-22 05:00:00,6340.0,-44.63553341267219,13275.364466587338,13275.501035858215,-0.13656927087795678
2026-09-22 06:00:00,6341.0,-42.53229322043799,13277.467706779571,13277.59760422817,-0.12989744859827348
2026-09-22 07:00:00,6342.0,-40.42893496439797,13279.571065035612,13279.694172598125,-0.12310756251176937
2026-09-22 08:00:00,6343.0,-38.32546108784412,13281.674538912166,13281.79074096808,-0.1162020559130192
2026-09-22 09:00:00,6344.0,-36.221873767361345,13283.778126232648,13283.887309338033,-0.10918310538515455
2026-09-22 10:00:00,6345.0,-34.118174961043856,13285.881825038967,13285.983877707988,-0.10205266902134753
2026-09-22 11:00:00,6346.0,-32.01436645912459,13287.985633540886,13288.080446077942,-0.09481253705639148
2026-09-22 12:00:00,6347.0,-29.910449936210224,13290.0895500638,13290.177014447896,-0.08746438409741371
2026-09-22 13:00:00,6348.0,-27.80642700420457,13292.193572995806,13292.273582817852,-0.08000982204667703
2026-09-22 14:00:00,6349.0,-25.70229926490156,13294.29770073511,13294.370151187808,-0.07245045269869232
2026-09-22 15:00:00,6350.0,-23.598068361137656,13296.401931638871,13296.466719557762,-0.06478791888964455
2026-09-22 16:00:00,6351.0,-21.493735996533175,13298.506264003478,13298.563287927716,-0.05702392423901931
2026-09-22 17:00:00,6352.0,-19.38930410751336,13300.610695892497,13300.65985629767,-0.04916040517354128
2026-09-22 18:00:00,6353.0,-17.284774829860346,13302.71522517015,13302.756424667625,-0.041199497475677756
2026-09-22 19:00:00,6354.0,-15.180150505809625,13304.8198494942,13304.852993037579,-0.033143543378769014
2026-09-22 20:00:00,6355.0,-13.075433774319098,13306.92456622569,13306.949561407533,-0.024995181843078255
2026-09-22 21:00:00,6356.0,-10.970627635978357,13309.029372364032,13309.046129777487,-0.016757413455798627
2026-09-22 22:00:00,6357.0,-8.865735501408336,13311.134264498602,13311.142698147443,-0.008433648841436358
2026-09-22 23:00:00,6358.0,-6.76076122996539,13313.239238770046,13313.239266517397,-2.7747352011701354e-05
2026-09-23 00:00:00,6359.0,-4.655709163504031,13315.344290836505,13315.335834887352,0.008455949154127257
2026-09-23 01:00:00,6360.0,-2.550584157987997,13317.449415842022,13317.432403257306,0.017012584715605718
2026-09-23 02:00:00,6361.0,-0.4453916139701999,13319.55460838604,13319.52897162726,0.025636758780293662
2026-09-23 03:00:00,6362.0,1.6598624945248344,13321.659862494535,13321.625539997214,0.03432249731996622
2026-09-23 04:00:00,6363.0,3.765171594319312,13323.765171594328,13323.722108367168,0.04306322715951253
2026-09-23 05:00:00,6364.0,5.870528492939576,13325.87052849295,13325.818676737124,0.0518517558265697
2026-09-23 06:00:00,6365.0,7.97592536664732,13327.975925366658,13327.91524510708,0.0606802595775741
2026-09-23 07:00:00,6366.0,10.081353759117654,13330.081353759128,13330.011813477035,0.06954028209337772
2026-09-23 08:00:00,6367.0,12.186804592614493,13332.186804592624,13332.108381846989,0.07842274563571802
2026-09-23 09:00:00,6368.0,14.2922681924471,13334.292268192457,13334.204950216943,0.08731797551458893
2026-09-23 10:00:00,6369.0,16.39773432402693,13336.397734324037,13336.301518586897,0.09621573714022717
2026-09-23 11:00:00,6370.0,18.50319224005938,13338.503192240069,13338.398086956851,0.10510528321704769
2026-09-23 12:00:00,6371.0,20.608630733433394,13340.608630733443,13340.494655326806,0.11397540663713313
2026-09-23 13:00:00,6372.0,22.714038189414232,13342.714038189424,13342.59122369676,0.12281449266372171
2026-09-23 14:00:00,6373.0,24.819402629101038,13344.819402629111,13344.687792066716,0.13161056239600596
2026-09-23 15:00:00,6374.0,26.924711735208753,13346.924711735219,13346.78436043667,0.14035129854902967
2026-09-23 16:00:00,6375.0,29.02995285167871,13349.029952851688,13348.880928806624,0.14902404506448963
2026-09-23 17:00:00,6376.0,31.135112951229736,13351.13511295124,13350.977497176578,0.15761577466236074
2026-09-23 18:00:00,6377.0,33.240178570830324,13353.24017857084,13353.074065546532,0.16611302430728875
2026-09-23 19:00:00,6378.0,35.34513569825157,13355.345135698262,13355.170633916487,0.1745017817744383
2026-09-23 20:00:00,6379.0,37.449969788247515,13357.449969788258,13357.26720228644,0.18276750181668508
2026-09-23 21:00:00,6380.0,39.55466580777284,13359.554665807782,13359.363770656397,0.1908951513865053
2026-09-23 22:00:00,6381.0,41.659208291346204,13361.659208291358,13361.460339026351,0.19886926500632887
2026-09-23 23:00:00,6382.0,43.76358144532804,13363.763581445337,13363.556907396305,0.20667404903292289
2026-09-24 00:00:00,6383.0,45.86776924408877,13365.8677692441,13365.653475766261,0.2142934778381796
2026-09-24 01:00:00,6384.0,47.97175551960685,13367.971755519617,13367.750044136215,0.22171138340121968
2026-09-24 02:00:00,6385.0,50.075524044865006,13370.075524044876,13369.84661250617,0.22891153870589473
2026-09-24 03:00:00,6386.0,52.179058611196155,13372.179058611206,13371.943180876124,0.23587773508210635
2026-09-24 04:00:00,6387.0,54.28234309992413,13374.282343099934,13374.039749246078,0.2425938538557137
2026-09-24 05:00:00,6388.0,56.38536154892672,13376.385361548935,13376.136317616034,0.24904393290303953
2026-09-24 06:00:00,6389.0,58.488098214957695,13378.488098214966,13378.232885985988,0.25521222897956425
2026-09-24 07:00:00,6390.0,60.590537632639396,13380.590537632648,13380.329454355942,0.2610832767070527
2026-09-24 08:00:00,6391.0,62.692664670975255,13382.692664670985,13382.426022725896,0.2666419450887034
2026-09-24 09:00:00,6392.0,64.79446458806622,13384.794464588076,13384.52259109585,0.27187349222486634
2026-09-24 10:00:00,6393.0,66.89592308448469,13386.895923084496,13386.619159465805,0.2767636186901807
2026-09-24 11:00:00,6394.0,68.99702635551205,13388.997026355522,13388.715727835759,0.2812985197626589
2026-09-24 12:00:00,6395.0,71.0977611422152,13391.097761142226,13390.812296205713,0.2854649365112321
2026-09-24 13:00:00,6396.0,73.19811478115413,13393.198114781164,13392.90886457567,0.28925020549586045
2026-09-24 14:00:00,6397.0,75.29807525239696,13395.298075252407,13395.005432945623,0.292642306783833
2026-09-24 15:00:00,6398.0,77.39763122548466,13397.397631225494,13397.102001315578,0.2956299099174851
2026-09-24 16:00:00,6399.0,79.49677210304284,13399.496772103052,13399.198569685532,0.2982024175206713
2026-09-24 17:00:00,6400.0,81.59548806188852,13401.595488061897,13401.295138055486,0.30035000641209125
2026-09-24 18:00:00,6401.0,83.69377009172553,13403.693770091735,13403.391706425442,0.3020636662938621
2026-09-24 19:00:00,6402.0,85.79161003186732,13405.791610031878,13405.488274795396,0.30333523648107286
2026-09-24 20:00:00,6403.0,87.88900060686323,13407.889000606874,13407.58484316535,0.30415744152236823
2026-09-24 21:00:00,6404.0,89.9859354624325,13409.985935462442,13409.681411535306,0.30452392713645104
2026-09-24 22:00:00,6405.0,92.08240919530111,13412.08240919531,13411.77797990526,0.3044292900516898
2026-09-24 23:00:00,6406.0,94.1784173424533,13414.178417342462,13413.874548275215,0.3038690672486177
2026-09-25 00:00:00,6407.0,96.27395642511152,13416.27395642512,13415.971116645169,0.3028397799523472
2026-09-25 01:00:00,6408.0,98.36902397156966,13418.36902397158,13418.067685015123,0.30133895645684117
2026-09-25 02:00:00,6409.0,100.46361852056332,13420.463618520573,13420.164253385077,0.29936513549579186
2026-09-25 03:00:00,6410.0,102.55773962239141,13422.557739622402,13422.260821755031,0.2969178673695042
2026-09-25 04:00:00,6411.0,104.65138783824739,13424.651387838258,13424.357390124986,0.29399771327072
2026-09-25 05:00:00,6412.0,106.74456473775794,13426.744564737768,13426.453958494942,0.2906062428272958
2026-09-25 06:00:00,6413.0,108.83727289450283,13428.837272894512,13428.550526864896,0.28674602961746837
2026-09-25 07:00:00,6414.0,110.92951587925478,13430.929515879265,13430.64709523485,0.28242064441506887
2026-09-25 08:00:00,6415.0,113.02129825078742,13433.021298250798,13432.743663604804,0.2776346459936994
2026-09-25 09:00:00,6416.0,115.11262554430449,13435.112625544316,13434.840231974758,0.27239356955663896
2026-09-25 10:00:00,6417.0,117.20350425780535,13437.203504257815,13436.936800344713,0.26670391310188113
2026-09-25 11:00:00,6418.0,119.29394183697579,13439.293941836986,13439.033368714669,0.26057312231668817
2026-09-25 12:00:00,6419.0,121.38394665944887,13441.383946659458,13441.129937084623,0.25400957483542264
2026-09-25 13:00:00,6420.0,123.47352801947856,13443.47352801949,13443.226505454579,0.24702256491100394
2026-09-25 14:00:00,6421.0,125.56269611418247,13445.562696114193,13445.323073824533,0.23962228966107063
2026-09-25 15:00:00,6422.0,127.65146203249965,13447.65146203251,13447.419642194487,0.23181983802387293
2026-09-25 16:00:00,6423.0,129.73983774784134,13449.739837747851,13449.516210564441,0.22362718341073365
2026-09-25 17:00:00,6424.0,131.82783611504541,13451.827836115055,13451.612778934395,0.21505718065922924
2026-09-25 18:00:00,6425.0,133.91547087163747,13453.915470871647,13453.70934730435,0.20612356729686257
2026-09-25 19:00:00,6426.0,136.00275664251907,13456.002756642529,13455.805915674304,0.1968409682244677
2026-09-25 20:00:00,6427.0,138.08970894603263,13458.089708946043,13457.902484044258,0.18722490178379225
2026-09-25 21:00:00,6428.0,140.1763441979192,13460.17634419793,13459.999052414214,0.1772917837162448
2026-09-25 22:00:00,6429.0,142.2626797080985,13462.262679708108,13462.095620784168,0.16705892394020416
2026-09-25 23:00:00,6430.0,144.34873366368672,13464.348733663697,13464.192189154122,0.15654450957449073
2026-09-26 00:00:00,6431.0,146.43452509065725,13466.434525090666,13466.288757524077,0.14576756659013887
2026-09-26 01:00:00,6432.0,148.52007368106055,13468.52007368107,13468.38532589403,0.1347477870390025
2026-09-26 02:00:00,6433.0,150.605399706155,13470.605399706164,13470.481894263985,0.1235054421795248
2026-09-26 03:00:00,6434.0,152.6905238467869,13472.690523846797,13472.57846263394,0.11206121285801153
2026-09-26 04:00:00,6435.0,154.77546702079795,13474.775467020807,13474.675031003895,0.10043601691310863
2026-09-26 05:00:00,6436.0,156.86025035258064,13476.86025035259,13476.771599373851,0.08865097874018396
2026-09-26 06:00:00,6437.0,158.94489514539862,13478.944895145409,13478.868167743805,0.07672740160452242
2026-09-26 07:00:00,6438.0,161.02942285881448,13481.029422858825,13480.96473611376,0.06468674506620686
2026-09-26 08:00:00,6439.0,163.11385508977835,13483.113855089789,13483.061304483714,0.0525506060755117
2026-09-26 09:00:00,6440.0,165.1982135544637,13485.198213554473,13485.157872853668,0.04034070080598172
2026-09-26 10:00:00,6441.0,167.28252006791456,13487.282520067925,13487.254441223622,0.028078844302138948
2026-09-26 11:00:00,6442.0,169.36679651933488,13489.366796519345,13489.351009593576,0.015786925767845048
2026-09-26 12:00:00,6443.0,171.45106484193596,13491.451064841945,13491.44757796353,0.0034868784140322504
2026-09-26 13:00:00,6444.0,173.53534697734378,13493.535346977353,13493.544146333486,-0.008799356132568634
2026-09-26 14:00:00,6445.0,175.6196648354608,13495.61966483547,13495.64071470344,-0.021049867968944303
2026-09-26 15:00:00,6446.0,177.70404025127175,13497.704040251283,13497.737283073395,-0.033242822111904415
2026-09-26 16:00:00,6447.0,179.78849494034813,13499.788494940358,13499.833851443349,-0.04535650299042848
2026-09-26 17:00:00,6448.0,-178.12694954524844,13501.873050454762,13501.930419813303,-0.05736935854067241
2026-09-26 18:00:00,6449.0,-176.04227185929747,13503.957728140713,13504.026988183257,-0.06926004254551243
2026-09-26 19:00:00,6450.0,-173.95745090117185,13506.042549098838,13506.123556553212,-0.08100745437346395
2026-09-26 20:00:00,6451.0,-171.8724658529041,13508.127534147106,13508.220124923168,-0.09259077605997977
2026-09-26 21:00:00,6452.0,-169.78729621425282,13510.212703785759,13510.316693293122,-0.10398950736296408
2026-09-26 22:00:00,6453.0,-167.7019218372675,13512.298078162743,13512.413261663078,-0.11518350033463848
2026-09-26 23:00:00,6454.0,-165.61632296261394,13514.383677037398,13514.509830033032,-0.12615299563421462
2026-09-27 00:00:00,6455.0,-163.53048026058244,13516.469519739429,13516.606398402986,-0.1368786635581692
2026-09-27 01:00:00,6456.0,-161.44437488019236,13518.55562511982,13518.70296677294,-0.14734165312154604
2026-09-27 02:00:00,6457.0,-159.35798851007692,13520.642011489934,13520.799535142894,-0.15752365296176152
2026-09-27 03:00:00,6458.0,-157.2713034548245,13522.728696545186,13522.896103512849,-0.1674069676637748
2026-09-27 04:00:00,6459.0,-155.1843027183553,13524.815697281656,13524.992671882803,-0.17697460114781943
2026-09-27 05:00:00,6460.0,-153.09697010599675,13526.903029894014,13527.089240252759,-0.18621035874353015
2026-09-27 06:00:00,6461.0,-151.0092903364674,13528.990709663543,13529.185808622713,-0.1950989591698941
2026-09-27 07:00:00,6462.0,-148.92124915259052,13531.07875084742,13531.282376992667,-0.20362614524664463
2026-09-27 08:00:00,6463.0,-146.83283342297187,13533.16716657704,13533.378945362621,-0.2117787855824466
2026-09-27 09:00:00,6464.0,-144.74403121943158,13535.255968780579,13535.475513732576,-0.21954495199763766
2026-09-27 10:00:00,6465.0,-142.6548318711323,13537.345168128879,13537.57208210253,-0.22691397365207844
2026-09-27 11:00:00,6466.0,-140.56522599736806,13539.434774002642,13539.668650472484,-0.23387646984201452
2026-09-27 12:00:00,6467.0,-138.47520552164676,13541.524794478364,13541.76521884244,-0.24042436407471796
2026-09-27 13:00:00,6468.0,-136.38476367005256,13543.615236329959,13543.861787212394,-0.24655088243515796
2026-09-27 14:00:00,6469.0,-134.29389495695162,13545.70610504306,13545.958355582348,-0.2522505392882625
2026-09-27 15:00:00,6470.0,-132.20259516095322,13547.797404839057,13548.054923952302,-0.2575191132447136
2026-09-27 16:00:00,6471.0,-130.11086129370577,13549.889138706305,13550.151492322258,-0.2623536159534462
2026-09-27 17:00:00,6472.0,-128.01869156363313,13551.981308436376,13552.248060692213,-0.2667522558362007
2026-09-27 18:00:00,6473.0,-125.92608533614353,13554.073914663868,13554.344629062167,-0.2707143982997507
2026-09-27 19:00:00,6474.0,-123.8330430912059,13556.166956908804,13556.441197432121,-0.274240523316565
2026-09-27 20:00:00,6475.0,-121.73956637851587,13558.260433621495,13558.537765802075,-0.27733218058071746
2026-09-27 21:00:00,6476.0,-119.64565776980506,13560.354342230205,13560.634334172031,-0.2799919418254176
2026-09-27 22:00:00,6477.0,-117.55132080722322,13562.448679192787,13562.730902541985,-0.28222334919807956
2026-09-27 23:00:00,6478.0,-115.45655994621696,13564.543440053794,13564.82747091194,-0.2840308581459056
2026-09-28 00:00:00,6479.0,-113.36138049104932,13566.638619508962,13566.924039281894,-0.2854197729327606
2026-09-28 01:00:00,6480.0,-111.26578852123207,13568.734211478779,13569.020607651848,-0.2863961730693293
2026-09-28 02:00:00,6481.0,-109.16979080794938,13570.830209192061,13571.117176021802,-0.2869668297413704
2026-09-28 03:00:00,6482.0,-107.0733947214405,13572.92660527857,13573.213744391756,-0.2871391131870788
2026-09-28 04:00:00,6483.0,-104.97660813385212,13575.023391866158,13575.310312761712,-0.2869208955538875
2026-09-28 05:00:00,6484.0,-102.87943932805085,13577.12056067196,13577.406881131667,-0.28632045970560377
2026-09-28 06:00:00,6485.0,-100.78189693233203,13579.218103067678,13579.50344950162,-0.2853464339413461
2026-09-28 07:00:00,6486.0,-98.68398980956786,13581.316010190441,13581.600017871575,-0.2840076811327054
2026-09-28 08:00:00,6487.0,-96.58572694305835,13583.414273056953,13583.696586241529,-0.2823131845763347
2026-09-28 09:00:00,6488.0,-94.48711747697374,13585.512882523037,13585.793154611483,-0.2802720884461262
2026-09-28 10:00:00,6489.0,-92.38817075876808,13587.611829241241,13587.88972298144,-0.2778937401978933
2026-09-28 11:00:00,6490.0,-90.28889640140986,13589.7111035986,13589.986291351393,-0.27518775279384383
2026-09-28 12:00:00,6491.0,-88.18930429818738,13591.810695701824,13592.082859721348,-0.2721640195246776
2026-09-28 13:00:00,6492.0,-86.08940459805864,13593.91059540195,13594.179428091304,-0.26883268935168725
2026-09-28 14:00:00,6493.0,-83.98920765079627,13596.010792349214,13596.275996461258,-0.26520411204285144
2026-09-28 15:00:00,6494.0,-81.88872393157594,13598.111276068434,13598.372564831212,-0.2612887627775065
2026-09-28 16:00:00,6495.0,-79.78796395424622,13600.212036045763,13600.469133201166,-0.2570971554023914
2026-09-28 17:00:00,6496.0,-77.68693818145763,13602.313061818553,13602.56570157112,-0.25263975256759436
2026-09-28 18:00:00,6497.0,-75.58565693831662,13604.414343061693,13604.662269941075,-0.2479268793815666
2026-09-28 19:00:00,6498.0,-73.48413033446946,13606.515869665542,13606.758838311029,-0.24296864548844893
2026-09-28 20:00:00,6499.0,-71.38236819770344,13608.617631802308,13608.855406680985,-0.23777487867640976
2026-09-28 21:00:00,6500.0,-69.28038002044097,13610.719619979569,13610.951975050939,-0.23235507136860387
2026-09-28 22:00:00,6501.0,-67.1781749190318,13612.821825080979,13613.048543420893,-0.22671833991370102
2026-09-28 23:00:00,6502.0,-65.07576160461751,13614.924238395393,13615.145111790847,-0.22087339545465115
2026-09-29 00:00:00,6503.0,-62.97314836361963,13617.026851636392,13617.241680160801,-0.21482852441015476
2026-09-29 01:00:00,6504.0,-60.87034304562792,13619.129656954383,13619.338248530756,-0.20859157637369546
2026-09-29 02:00:00,6505.0,-58.767353056650144,13621.23264694336,13621.43481690071,-0.20216995735061213
2026-09-29 03:00:00,6506.0,-56.66418535632181,13623.335814643688,13623.531385270666,-0.195570626978345
2026-09-29 04:00:00,6507.0,-54.56084645873339,13625.439153541278,13625.627953640622,-0.1888000993439145
2026-09-29 05:00:00,6508.0,-52.45734243796698,13627.542657562044,13627.724522010576,-0.18186444853203002
2026-09-29 06:00:00,6509.0,-50.35367894118177,13629.646321058828,13629.82109038053,-0.17476932170149512
2026-09-29 07:00:00,6510.0,-48.24986121406723,13631.750138785943,13631.917658750484,-0.16751996454104412
2026-09-29 08:00:00,6511.0,-46.145894145601574,13633.854105854409,13634.014227120439,-0.16012126603038238
2026-09-29 09:00:00,6512.0,-44.04178234119916,13635.958217658812,13636.110795490393,-0.15257783158174815
2026-09-29 10:00:00,6513.0,-41.93753011579397,13638.062469884217,13638.207363860347,-0.14489397613042498
2026-09-29 11:00:00,6514.0,-39.833141446938704,13640.166858553072,13640.303932230301,-0.13707367723066902
2026-09-29 12:00:00,6515.0,-37.728620135314394,13642.271379864696,13642.400500600257,-0.1291207355600349
2026-09-29 13:00:00,6516.0,-35.62396981533815,13644.376030184672,13644.497068970211,-0.12103878553845891
2026-09-29 14:00:00,6517.0,-33.51919399847834,13646.480806001531,13646.593637340166,-0.11283133863347021
2026-09-29 15:00:00,6518.0,-31.414296119431885,13648.585703880579,13648.69020571012,-0.10450182954123421
2026-09-29 16:00:00,6519.0,-29.309279584108417,13650.690720415902,13650.786774080074,-0.09605366417191179
2026-09-29 17:00:00,6520.0,-27.20414781854715,13652.795852181463,13652.883342450028,-0.08749026856486004
2026-09-29 18:00:00,6521.0,-25.098904318071455,13654.90109568194,13654.979910819982,-0.07881513804321437
2026-09-29 19:00:00,6522.0,-22.993552696147503,13657.006447303864,13657.076479189936,-0.07003188607372215
2026-09-29 20:00:00,6523.0,-20.888096732543104,13659.111903267467,13659.173047559892,-0.06114429242471706
2026-09-29 21:00:00,6524.0,-18.782540420474014,13661.217459579537,13661.269615929848,-0.05215635031120123
2026-09-29 22:00:00,6525.0,-16.67688801247393,13663.323111987538,13663.366184299803,-0.04307231226485573
2026-09-29 23:00:00,6526.0,-14.571144064730987,13665.42885593528,13665.462752669757,-0.03389673447657064
2026-09-30 00:00:00,6527.0,-12.465313479603111,13667.534686520406,13667.559321039711,-0.024634519303718672
2026-09-30 01:00:00,6528.0,-10.35940154595829,13669.640598454052,13669.655889409665,-0.01529095561322677
2026-09-30 02:00:00,6529.0,-8.253413976889309,13671.746586023122,13671.75245777962,-0.005871756497967501
2026-09-30 03:00:00,6530.0,-6.1473569442268685,13673.852643055785,13673.849026149574,0.0036169062099988543
2026-09-30 04:00:00,6531.0,-4.041237109121786,13675.958762890888,13675.94559451953,0.013168371360502938
2026-09-30 05:00:00,6532.0,-1.9350616477922298,13678.064938352218,13678.042162889484,0.022775462734681392
2026-09-30 06:00:00,6533.0,0.171161728646836,13680.171161728658,13680.138731259438,0.032430469220299636
2026-09-30 07:00:00,6534.0,2.2774247614945216,13682.277424761505,13682.235299629392,0.04212513211314557
2026-09-30 08:00:00,6535.0,4.3837186401458945,13684.383718640156,13684.331867999346,0.05185064080979524
2026-09-30 09:00:00,6536.0,6.490034007081997,13686.490034007093,13686.4284363693,0.06159763779227986
2026-09-30 10:00:00,6537.0,8.596360972216713,13688.596360972228,13688.525004739255,0.07135623297142059
2026-09-30 11:00:00,6538.0,10.70268913469443,13690.702689134705,13690.621573109209,0.08111602549495046
2026-09-30 12:00:00,6539.0,12.809007606491543,13692.809007606502,13692.718141479165,0.09086612733715424
2026-09-30 13:00:00,6540.0,14.915305164844725,13694.915305164854,13694.814709849119,0.10059531573588242
2026-09-30 14:00:00,6541.0,17.021570052139044,13697.02157005215,13696.911278219073,0.11029183307632538
2026-09-30 15:00:00,6542.0,19.12779019603631,13699.127790196047,13699.00784658903,0.11994360701755911
2026-09-30 16:00:00,6543.0,21.233953369281398,13701.233953369292,13701.104414958983,0.12953841030803906
2026-09-30 17:00:00,6544.0,23.340047060257998,13703.340047060268,13703.200983328938,0.13906373133081618
2026-09-30 18:00:00,6545.0,25.44605837026214,13705.446058370271,13705.297551698892,0.1485066713796611
2026-09-30 19:00:00,6546.0,27.551973941860872,13707.551973941872,13707.394120068846,0.1578538730254412
2026-09-30 20:00:00,6547.0,29.657779920971688,13709.657779920983,13709.490688438802,0.1670914821815177
2026-09-30 21:00:00,6548.0,31.763461952625438,13711.763461952634,13711.587256808756,0.17620514387956193
2026-09-30 22:00:00,6549.0,33.869005207633556,13713.869005207644,13713.68382517871,0.18518002893369725
2026-09-30 23:00:00,6550.0,35.97439443511618,13715.974394435127,13715.780393548665,0.19400088646270347
2026-10-01 00:00:00,6551.0,38.07961403435434,13718.079614034366,13717.876961918619,0.20265211574673644
2026-10-01 01:00:00,6552.0,40.18464813881411,13720.184648138826,13719.973530288573,0.21111785025178156
2026-10-01 02:00:00,6553.0,42.289480705416445,13722.289480705427,13722.070098658527,0.2193820468993252
2026-10-01 03:00:00,6554.0,44.394095603070674,13724.39409560308,13724.166667028483,0.22742857459834098
2026-10-01 04:00:00,6555.0,46.4984766959631,13726.498476695973,13726.263235398437,0.23524129753694342
2026-10-01 05:00:00,6556.0,48.602607918876004,13728.602607918887,13728.359803768391,0.2428041504962943
2026-10-01 06:00:00,6557.0,50.70647334367643,13730.706473343687,13730.456372138346,0.25010120534159946
2026-10-01 07:00:00,6558.0,52.810057237825525,13732.810057237837,13732.5529405083,0.2571167295369871
2026-10-01 08:00:00,6559.0,54.91334411710361,13734.913344117114,13734.649508878256,0.2638352388582397
2026-10-01 09:00:00,6560.0,57.01631879552504,13737.016318795537,13736.74607724821,0.2702415473257725
2026-10-01 10:00:00,6561.0,59.11896643545688,13739.118966435466,13738.842645618164,0.2763208173020846
2026-10-01 11:00:00,6562.0,61.22127260011605,13741.221272600127,13740.939213988118,0.2820586120074493
2026-10-01 12:00:00,6563.0,63.323223308783795,13743.323223308795,13743.035782358074,0.28744095072090886
2026-10-01 13:00:00,6564.0,65.42480509217015,13745.42480509218,13745.132350728029,0.2924543641522557
2026-10-01 14:00:00,6565.0,67.52600504133724,13747.526005041347,13747.228919097983,0.29708594336537514
2026-10-01 15:00:00,6566.0,69.62681083844791,13749.62681083846,13749.325487467937,0.3013233705216401
2026-10-01 16:00:00,6567.0,71.72721077823424,13751.727210778245,13751.422055837891,0.3051549403542016
2026-10-01 17:00:00,6568.0,73.82719383818039,13753.827193838191,13753.518624207845,0.3085696303457832
2026-10-01 18:00:00,6569.0,75.92674970610668,13755.926749706117,13755.6151925778,0.3115571283177788
2026-10-01 19:00:00,6570.0,78.02586881290419,13758.025868812914,13757.711760947755,0.31410786516034905
2026-10-01 20:00:00,6571.0,80.12454236528275,13760.124542365293,13759.80832931771,0.3162130475836864
2026-10-01 21:00:00,6572.0,82.22276237549158,13762.222762375502,13761.904897687664,0.3178646878387471
2026-10-01 22:00:00,6573.0,84.3205216879646,13764.320521687974,13764.001466057618,0.319055630356966
2026-10-01 23:00:00,6574.0,86.4178140028439,13766.417814002854,13766.098034427572,0.3197795752829012
2026-10-02 00:00:00,6575.0,88.51463389634134,13768.514633896351,13768.194602797526,0.3200310988248983
2026-10-02 01:00:00,6576.0,90.61097683791608,13770.610976837927,13770.29117116748,0.31980567044494557
2026-10-02 02:00:00,6577.0,92.70683920428682,13772.706839204297,13772.387739537437,0.31909966686003527
2026-10-02 03:00:00,6578.0,94.80221829036087,13774.802218290371,13774.48430790739,0.31791038298042185
2026-10-02 04:00:00,6579.0,96.89711231724733,13776.897112317258,13776.580876277347,0.31623603991179605
2026-10-02 05:00:00,6580.0,98.99152043761755,13778.991520437628,13778.677444647301,0.3140757903275213
2026-10-02 06:00:00,6581.0,101.08544273876497,13781.085442738775,13780.774013017255,0.31142972152033815
2026-10-02 07:00:00,6582.0,103.17888024377999,13783.178880243791,13782.87058138721,0.30829885658135736
2026-10-02 08:00:00,6583.0,105.2718349112678,13785.271834911278,13784.967149757163,0.3046851541150825
2026-10-02 09:00:00,6584.0,107.36430963398567,13787.364309633997,13787.063718127118,0.30059150687803055
2026-10-02 10:00:00,6585.0,109.45630823665509,13789.456308236666,13789.160286497072,0.2960217395933601
2026-10-02 11:00:00,6586.0,111.54783547303825,13791.547835473048,13791.256854867028,0.29098060602130077
2026-10-02 12:00:00,6587.0,113.63889702221392,13793.638897022225,13793.353423236982,0.28547378524304384
2026-10-02 13:00:00,6588.0,115.72949948395475,13795.729499483965,13795.449991606936,0.27950787702944746
2026-10-02 14:00:00,6589.0,117.8196503733647,13797.819650373376,13797.54655997689,0.27309039648508454
2026-10-02 15:00:00,6590.0,119.90935811572632,13799.909358115738,13799.643128346845,0.26622976889258904
2026-10-02 16:00:00,6591.0,121.99863204415061,13801.998632044162,13801.739696716799,0.25893532736281094
2026-10-02 17:00:00,6592.0,124.08748240551465,13804.087482405526,13803.836265086753,0.25121731877212367
2026-10-02 18:00:00,6593.0,126.1759203847759,13806.175920384787,13805.932833456707,0.2430869280783492
2026-10-02 19:00:00,6594.0,128.26395810663965,13808.26395810665,13808.029401826663,0.23455627998828518
2026-10-02 20:00:00,6595.0,130.3516086251071,13810.351608625118,13810.12597019662,0.22563842849983745
2026-10-02 21:00:00,6596.0,132.43888590546973,13812.43888590548,13812.222538566573,0.21634733890771377
2026-10-02 22:00:00,6597.0,134.52580489869612,13814.525804898707,13814.319106936528,0.20669796217934655
2026-10-02 23:00:00,6598.0,136.61238159505612,13816.612381595067,13816.415675306482,0.1967062885844391
2026-10-03 00:00:00,6599.0,138.69863299327042,13818.69863299328,13818.512243676436,0.18638931684409396
2026-10-03 01:00:00,6600.0,140.78457701351616,13820.784577013526,13820.60881204639,0.17576496713607784
2026-10-03 02:00:00,6601.0,142.87023237973412,13822.870232379744,13822.705380416344,0.1648519633990316
2026-10-03 03:00:00,6602.0,144.95561849239223,13824.955618492404,13824.8019487863,0.15366970610376932
2026-10-03 04:00:00,6603.0,147.04075530777934,13827.040755307791,13826.898517156254,0.1422381515367247
2026-10-03 05:00:00,6604.0,149.12566323457412,13829.125663234585,13828.995085526209,0.1305777083758446
2026-10-03 06:00:00,6605.0,151.21036305332254,13831.210363053333,13831.091653896163,0.11870915717054684
2026-10-03 07:00:00,6606.0,153.29487585992067,13833.29487585993,13833.188222266117,0.10665359381354403
2026-10-03 08:00:00,6607.0,155.37922303050638,13835.379223030515,13835.284790636071,0.09443239444461837
2026-10-03 09:00:00,6608.0,157.46342620247805,13837.463426202488,13837.381359006025,0.08206719646296473
2026-10-03 10:00:00,6609.0,159.54750726476917,13839.547507264779,13839.47792737598,0.06957988879886619
2026-10-03 11:00:00,6610.0,161.63148835002252,13841.631488350034,13841.574495745936,0.05699260409879127
2026-10-03 12:00:00,6611.0,163.71539182187072,13843.715391821881,13843.67106411589,0.04432770599259035
2026-10-03 13:00:00,6612.0,165.7992402520379,13845.799240252049,13845.767632485846,0.03160776620245843
2026-10-03 14:00:00,6613.0,167.88305638427445,13847.883056384286,13847.8642008558,0.01885552848592807
2026-10-03 15:00:00,6614.0,169.96686308504584,13849.966863085056,13849.960769225754,0.0060938593021585925
2026-10-03 16:00:00,6615.0,172.05068328419242,13852.050683284202,13852.057337595708,-0.006654311505765003
2026-10-03 17:00:00,6616.0,174.13453991223986,13854.134539912251,13854.153905965662,-0.019366053412439684
2026-10-03 18:00:00,6617.0,176.2184558444028,13856.218455844413,13856.250474335617,-0.03201849120419121
2026-10-03 19:00:00,6618.0,178.3024538643306,13858.30245386434,13858.347042705573,-0.044588841231494404
2026-10-03 20:00:00,6619.0,-179.6134433369843,13860.386556663027,13860.443611075527,-0.05705441250003063
2026-10-03 21:00:00,6620.0,-177.52921311026213,13862.47078688975,13862.540179445481,-0.0693925557313311
2026-10-03 22:00:00,6621.0,-175.4448330441713,13864.55516695584,13864.636747815435,-0.0815808595951639
2026-10-03 23:00:00,6622.0,-173.36028108196007,13866.639718918052,13866.73331618539,-0.09359726733869293
2026-10-04 00:00:00,6623.0,-171.27553537550114,13868.72446462451,13868.829884555344,-0.10541993083392794
2026-10-04 01:00:00,6624.0,-169.19057445640948,13870.809425543603,13870.926452925298,-0.11702738169624805
2026-10-04 02:00:00,6625.0,-167.10537724563486,13872.894622754377,13873.023021295252,-0.12839854087593694
2026-10-04 03:00:00,6626.0,-165.0199231031625,13874.980076896849,13875.119589665208,-0.13951276835829368
2026-10-04 04:00:00,6627.0,-162.93419190955046,13877.06580809046,13877.216158035162,-0.150349944701452
2026-10-04 05:00:00,6628.0,-160.84816417000803,13879.151835830002,13879.312726405116,-0.16089057511349306
2026-10-04 06:00:00,6629.0,-158.7618211314937,13881.238178868516,13881.40929477507,-0.17111590655385334
2026-10-04 07:00:00,6630.0,-156.67514490375558,13883.324855096256,13883.505863145027,-0.18100804877068147
2026-10-04 08:00:00,6631.0,-154.58811857622408,13885.411881423786,13885.60243151498,-0.19055009119380537
2026-10-04 09:00:00,6632.0,-152.50072632405954,13887.499273675952,13887.698999884935,-0.1997262089838905
2026-10-04 10:00:00,6633.0,-150.412953498318,13889.587046501694,13889.795568254889,-0.2085217531961272
2026-10-04 11:00:00,6634.0,-148.32478669699432,13891.675213303017,13891.892136624845,-0.21692332182761373
2026-10-04 12:00:00,6635.0,-146.2362138155045,13893.763786184507,13893.9887049948,-0.22491881029260652
2026-10-04 13:00:00,6636.0,-144.14722407686278,13895.852775923147,13896.085273364753,-0.23249744160572958
2026-10-04 14:00:00,6637.0,-142.05780804329123,13897.94219195672,13898.181841734708,-0.23964977798789486
2026-10-04 15:00:00,6638.0,-139.96795761217922,13900.032042387831,13900.278410104662,-0.246367716831018
2026-10-04 16:00:00,6639.0,-137.87766600011082,13902.1223339999,13902.374978474616,-0.25264447471646906
2026-10-04 17:00:00,6640.0,-135.7869277190222,13904.213072280989,13904.47154684457,-0.25847456358279447
2026-10-04 18:00:00,6641.0,-133.69573854835642,13906.304261451654,13906.568115214524,-0.2638537628711826
2026-10-04 19:00:00,6642.0,-131.6040955062328,13908.395904493778,13908.66468358448,-0.268779090702005
2026-10-04 20:00:00,6643.0,-129.51199682097229,13910.48800317904,13910.761251954435,-0.2732487753949592
2026-10-04 21:00:00,6644.0,-127.4194419015427,13912.580558098467,13912.857820324389,-0.27726222592095245
2026-10-04 22:00:00,6645.0,-125.32643130119166,13914.67356869882,13914.954388694343,-0.28081999552429143
2026-10-04 23:00:00,6646.0,-123.23296666208506,13916.767033337925,13917.050957064297,-0.28392372637187063
2026-10-05 00:00:00,6647.0,-121.13905061924127,13918.86094938077,13919.147525434251,-0.2865760534814903
2026-10-05 01:00:00,6648.0,-119.04468690389227,13920.95531309612,13921.244093804207,-0.2887807080889677
2026-10-05 02:00:00,6649.0,-116.94987994701592,13923.050120052994,13923.340662174161,-0.2905421211676202
2026-10-05 03:00:00,6650.0,-114.85463498393493,13925.145365016075,13925.437230544117,-0.2918655280411361
2026-10-05 04:00:00,6651.0,-112.75895820095639,13927.241041799054,13927.533798914072,-0.29275711501681434
2026-10-05 05:00:00,6652.0,-110.66285648441817,13929.337143515593,13929.630367284026,-0.293223768432574
2026-10-05 06:00:00,6653.0,-108.56633723911429,13931.433662760895,13931.72693565398,-0.29327289308382004
2026-10-05 07:00:00,6654.0,-106.46940827156882,13933.530591728442,13933.823504023934,-0.29291229549169234
2026-10-05 08:00:00,6655.0,-104.37207772875907,13935.627922271251,13935.920072393888,-0.2921501226377458
2026-10-05 09:00:00,6656.0,-102.27435407937952,13937.725645920631,13938.016640763843,-0.2909948432124174
2026-10-05 10:00:00,6657.0,-100.17624612283657,13939.823753877174,13940.113209133797,-0.2894552566235786
2026-10-05 11:00:00,6658.0,-98.07776301090647,13941.922236989103,13942.209777503753,-0.2875405146483268
2026-10-05 12:00:00,6659.0,-95.97891426822821,13944.021085731783,13944.306345873707,-0.28526014192369586
2026-10-05 13:00:00,6660.0,-93.87970980028699,13946.120290199724,13946.402914243661,-0.2826240439374311
2026-10-05 14:00:00,6661.0,-91.78015988092939,13948.219840119082,13948.499482613615,-0.2796424945345669
2026-10-05 15:00:00,6662.0,-89.68027511536181,13950.319724884648,13950.59605098357,-0.2763260989208073
2026-10-05 16:00:00,6663.0,-87.5800663786145,13952.419933621395,13952.692619353524,-0.2726857321285128
2026-10-05 17:00:00,6664.0,-85.47954473320956,13954.5204552668,13954.789187723478,-0.2687324566776869
2026-10-05 18:00:00,6665.0,-83.37872133287662,13956.621278667133,13956.885756093434,-0.26447742630073795
2026-10-05 19:00:00,6666.0,-81.27760732126836,13958.722392678743,13958.98232446339,-0.25993178464674926
2026-10-05 20:00:00,6667.0,-79.1762137354411,13960.823786264571,13961.078892833344,-0.25510656877337373
2026-10-05 21:00:00,6668.0,-77.07455142313461,13962.925448576876,13963.175461203298,-0.2500126264218791
2026-10-05 22:00:00,6669.0,-74.97263098041768,13965.027369019594,13965.272029573252,-0.2446605536591417
2026-10-05 23:00:00,6670.0,-72.87046271193655,13967.129537288074,13967.368597943207,-0.23906065513221403
2026-10-06 00:00:00,6671.0,-70.76805660974902,13969.231943390263,13969.46516631316,-0.23322292289855276
2026-10-06 01:00:00,6672.0,-68.66542233856224,13971.334577661448,13971.561734683115,-0.22715702166743063
2026-10-06 02:00:00,6673.0,-66.56256920519972,13973.437430794811,13973.658303053071,-0.22087225825846946
2026-10-06 03:00:00,6674.0,-64.45950607846554,13975.540493921546,13975.754871423025,-0.21437750147893858
2026-10-06 04:00:00,6675.0,-62.3562413737669,13977.643758626244,13977.85143979298,-0.207681166734959
2026-10-06 05:00:00,6676.0,-60.252783180561394,13979.74721681945,13979.948008162934,-0.20079134348330133
2026-10-06 06:00:00,6677.0,-58.149139155558224,13981.850860844454,13982.044576532888,-0.19371568843477155
2026-10-06 07:00:00,6678.0,-56.045316561183554,13983.954683438827,13984.141144902842,-0.18646146401480132
2026-10-06 08:00:00,6679.0,-53.94132228138594,13986.058677718624,13986.237713272796,-0.17903555417238234
2026-10-06 09:00:00,6680.0,-51.837162842682396,13988.162837157328,13988.33428164275,-0.1714444854228196
2026-10-06 10:00:00,6681.0,-49.73284444000084,13990.26715556001,13990.430850012706,-0.16369445269602306
2026-10-06 11:00:00,6682.0,-47.62837296680276,13992.371627033208,13992.52741838266,-0.1557913494513224
2026-10-06 12:00:00,6683.0,-45.52375404891973,13994.476245951091,13994.623986752616,-0.14774080152467545
2026-10-06 13:00:00,6684.0,-43.418993081514046,13996.581006918497,13996.72055512257,-0.13954820407317733
2026-10-06 14:00:00,6685.0,-41.31409526857762,13998.685904731434,13998.817123492525,-0.1312187610908823
2026-10-06 15:00:00,6686.0,-39.20906566441506,14000.790934335595,14000.913691862479,-0.12275752688364393
2026-10-06 16:00:00,6687.0,-37.10390921660838,14002.896090783403,14003.010260232433,-0.11416944903072478
2026-10-06 17:00:00,6688.0,-34.99863081002478,14005.001369189986,14005.106828602387,-0.10545941240163746
2026-10-06 18:00:00,6689.0,-32.89323531148924,14007.106764688522,14007.203396972343,-0.0966322838211067
2026-10-06 19:00:00,6690.0,-30.787727614785904,14009.212272385226,14009.299965342298,-0.08769295707111908
2026-10-06 20:00:00,6691.0,-28.68211268566059,14011.31788731435,14011.396533712252,-0.07864639790111529
2026-10-06 21:00:00,6692.0,-26.57639560646126,14013.42360439355,14013.493102082206,-0.06949768865549763
2026-10-06 22:00:00,6693.0,-24.470581619972176,14015.52941838004,14015.58967045216,-0.060252072121113304
2026-10-06 23:00:00,6694.0,-22.364676171886178,14017.635323828124,14017.686238822114,-0.0509149939905599
2026-10-07 00:00:00,6695.0,-20.258684951250775,14019.74131504876,14019.782807192069,-0.0414921433094775
2026-10-07 01:00:00,6696.0,-18.152613928177885,14021.847386071833,14021.879375562023,-0.031989490189683153
2026-10-07 02:00:00,6697.0,-16.046469388208784,14023.953530611801,14023.975943931979,-0.022413320175853
2026-10-07 03:00:00,6698.0,-13.940257963086568,14026.059742036923,14026.072512301933,-0.012770265008457807
2026-10-07 04:00:00,6699.0,-11.83398665843666,14028.166013341575,14028.169080671887,-0.003067330312196265
2026-10-07 05:00:00,6700.0,-9.727662880123278,14030.272337119888,14030.265649041841,0.006688078046010489
2026-10-07 06:00:00,6701.0,-7.6212944629462305,14032.378705537065,14032.362217411797,0.01648812526709253
2026-10-07 07:00:00,6702.0,-5.514889674115949,14034.485110325895,14034.458785781751,0.026324544143103226
2026-10-07 08:00:00,6703.0,-3.4084572510433873,14036.591542748967,14036.555354151706,0.03618859726103404
2026-10-07 09:00:00,6704.0,-1.302006312758893,14038.697993687252,14038.65192252166,0.04607116559179643
2026-10-07 10:00:00,6705.0,0.8044535961551508,14040.804453596167,14040.748490891616,0.05596270455154593
2026-10-07 11:00:00,6706.0,2.9109124637592325,14042.91091246377,14042.84505926157,0.06585320220115315
2026-10-07 12:00:00,6707.0,5.017359844693215,14045.017359844704,14044.941627631524,0.07573221317971986
2026-10-07 13:00:00,6708.0,7.123784930163415,14047.123784930174,14047.038196001478,0.08558892869673033
2026-10-07 14:00:00,6709.0,9.23017662337992,14049.23017662339,14049.134764371433,0.09541225195832045
2026-10-07 15:00:00,6710.0,11.336523599487164,14051.336523599497,14051.231332741387,0.10519085811030124
2026-10-07 16:00:00,6711.0,13.442814338287649,14053.442814338297,14053.32790111134,0.11491322695685559
2026-10-07 17:00:00,6712.0,15.549037126241739,14055.549037126253,14055.424469481295,0.12456764495701067
2026-10-07 18:00:00,6713.0,17.65518003087011,14057.65518003088,14057.521037851251,0.13414217963038358
2026-10-07 19:00:00,6714.0,19.76123085552168,14059.761230855533,14059.617606221205,0.1436246343271494
2026-10-07 20:00:00,6715.0,21.867177085391905,14061.867177085403,14061.71417459116,0.1530024942434941
2026-10-07 21:00:00,6716.0,23.97300583672054,14063.973005836731,14063.810742961114,0.16226287561741892
2026-10-07 22:00:00,6717.0,26.078703820410734,14066.078703820422,14065.907311331068,0.1713924893541867
2026-10-07 23:00:00,6718.0,28.1842573291333,14068.184257329145,14068.003879701024,0.18037762812090316
2026-10-08 00:00:00,6719.0,30.289652253621117,14070.289652253632,14070.100448070978,0.18920418265375527
2026-10-08 01:00:00,6720.0,32.394874129684965,14072.394874129695,14072.197016440932,0.19785768876304696
2026-10-08 02:00:00,6721.0,34.4999082128989,14074.499908212909,14074.293584810888,0.20632340202178323
2026-10-08 03:00:00,6722.0,36.60473957333995,14076.60473957335,14076.390153180842,0.21458639250854192
2026-10-08 04:00:00,6723.0,38.709353198670996,14078.709353198683,14078.486721550797,0.22263164788635004
2026-10-08 05:00:00,6724.0,40.81373409067384,14080.813734090685,14080.58328992075,0.23044416993358724
2026-10-08 06:00:00,6725.0,42.917867338515286,14082.917867338525,14082.679858290705,0.23800904782070872
2026-10-08 07:00:00,6726.0,45.021738151987485,14085.021738151998,14084.77642666066,0.245311491338645
2026-10-08 08:00:00,6727.0,47.12533184010498,14087.125331840116,14086.872995030613,0.25233680950267606
2026-10-08 09:00:00,6728.0,49.22863372512923,14089.22863372514,14088.969563400567,0.2590703245722172
2026-10-08 10:00:00,6729.0,51.33162938757348,14091.331629387585,14091.066131770523,0.26549761706161684
2026-10-08 11:00:00,6730.0,53.43430495609013,14093.434304956101,14093.162700140478,0.2716048156243584
2026-10-08 12:00:00,6731.0,55.536646754859724,14095.536646754872,14095.259268510432,0.2773782444395673
2026-10-08 13:00:00,6732.0,57.63864148218243,14097.638641482194,14097.355836880386,0.28280460180672157
2026-10-08 14:00:00,6733.0,59.74027625206153,14099.740276252072,14099.45240525034,0.28787100173122554
2026-10-08 15:00:00,6734.0,61.841538634816814,14101.841538634828,14101.548973620294,0.29256501453291833
2026-10-08 16:00:00,6735.0,63.94241669662253,14103.942416696635,14103.645541990249,0.2968747063846939
2026-10-08 17:00:00,6736.0,66.04289903785802,14106.04289903787,14105.742110360205,0.30078867766398554
2026-10-08 18:00:00,6737.0,68.1429748301506,14108.142974830162,14107.83867873016,0.3042961000014954
2026-10-08 19:00:00,6738.0,70.24263385197655,14110.242633851987,14109.935247100115,0.30738675187246634
2026-10-08 20:00:00,6739.0,72.34186652266719,14112.341866522678,14112.031815470069,0.31005105260999183
2026-10-08 21:00:00,6740.0,74.44066393464429,14114.440663934654,14114.128383840023,0.3122800946319225
2026-10-08 22:00:00,6741.0,76.53901788368155,14116.539017883693,14116.224952209977,0.3140656737152687
2026-10-08 23:00:00,6742.0,78.63692089696981,14118.63692089698,14118.321520579932,0.31540031704940497
2026-10-09 00:00:00,6743.0,80.73436625875559,14120.734366258766,14120.418088949886,0.31627730888080635
2026-10-09 01:00:00,6744.0,82.8313480333462,14122.831348033356,14122.51465731984,0.316690713516448
2026-10-09 02:00:00,6745.0,84.92786108534085,14124.927861085353,14124.611225689796,0.31663539555722225
2026-10-09 03:00:00,6746.0,87.02390109706859,14127.02390109708,14126.70779405975,0.3161070373304312
2026-10-09 04:00:00,6747.0,89.11946458339594,14129.119464583406,14128.804362429704,0.3151021537021136
2026-10-09 05:00:00,6748.0,91.21454890428748,14131.2145489043,14130.900930799658,0.31361810464049
2026-10-09 06:00:00,6749.0,93.30915227571928,14133.30915227573,14132.997499169613,0.31165310611676716
2026-10-09 07:00:00,6750.0,95.40327377965549,14135.403273779666,14135.094067539567,0.3092062400988988
2026-10-09 08:00:00,6751.0,97.49691337364129,14137.496913373652,14137.190635909521,0.30627746413009294
2026-10-09 09:00:00,6752.0,99.59007189988087,14139.590071899891,14139.287204279477,0.3028676204155297
2026-10-09 10:00:00,6753.0,101.68275109208656,14141.682751092098,14141.383772649431,0.29897844266671136
2026-10-09 11:00:00,6754.0,103.77495357538493,14143.774953575396,14143.480341019387,0.2946125560086408
2026-10-09 12:00:00,6755.0,105.86668284945786,14145.866682849468,14145.576909389341,0.28977346012705496
2026-10-09 13:00:00,6756.0,107.9579434402536,14147.957943440264,14147.673477759296,0.28446568096938196
2026-10-09 14:00:00,6757.0,110.04874053741725,14150.048740537428,14149.77004612925,0.2786944081781991
2026-10-09 15:00:00,6758.0,112.1390802215968,14152.139080221608,14151.866614499204,0.27246572240410205
2026-10-09 16:00:00,6759.0,114.22896966812877,14154.22896966814,14153.963182869158,0.265786798981709
2026-10-09 17:00:00,6760.0,116.3184170025933,14156.318417002605,14156.059751239112,0.2586657634915637
2026-10-09 18:00:00,6761.0,118.40743123677412,14158.407431236785,14158.156319609068,0.25111162771669004
2026-10-09 19:00:00,6762.0,120.49602226498784,14160.496022264999,14160.252887979022,0.24313428597696432
2026-10-09 20:00:00,6763.0,122.58420089913346,14162.584200899144,14162.349456348977,0.23474455016834495
2026-10-09 21:00:00,6764.0,124.67197892134284,14164.671978921355,14164.44602471893,0.22595420242349437
2026-10-09 22:00:00,6765.0,126.7593691354546,14166.759369135465,14166.542593088885,0.21677604658038002
2026-10-09 23:00:00,6766.0,128.84638540225228,14168.846385402263,14168.63916145884,0.20722394342343084
2026-10-10 00:00:00,6767.0,130.93304264803416,14170.933042648045,14170.735729828793,0.19731281925078115
2026-10-10 01:00:00,6768.0,133.01935684114216,14173.019356841154,14172.83229819875,0.18705864240513584
2026-10-10 02:00:00,6769.0,135.10534493611118,14175.105344936122,14174.928866568704,0.1764783674197696
2026-10-10 03:00:00,6770.0,137.19102478969197,14177.191024789703,14177.025434938658,0.16558985104618387
2026-10-10 04:00:00,6771.0,139.27641505677883,14179.276415056791,14179.122003308614,0.15441174817699405
2026-10-10 05:00:00,6772.0,141.36153507692833,14181.36153507694,14181.218571678568,0.14296339837106653
2026-10-10 06:00:00,6773.0,143.4464047634299,14183.446404763441,14183.315140048522,0.1312647149190282
2026-10-10 07:00:00,6774.0,145.53104450660112,14185.531044506612,14185.411708418476,0.11933608813486285
2026-10-10 08:00:00,6775.0,147.61547510099922,14187.61547510101,14187.50827678843,0.10719831257912057
2026-10-10 09:00:00,6776.0,149.69971770250908,14189.69971770252,14189.604845158385,0.09487254413476233
2026-10-10 10:00:00,6777.0,151.78379381579288,14191.783793815803,14191.70141352834,0.08238028746325589
2026-10-10 11:00:00,6778.0,153.86772530543433,14193.867725305447,14193.797981898295,0.06974340715127501
2026-10-10 12:00:00,6779.0,155.9515344154247,14195.951534415435,14195.894550268249,0.05698414718688965
2026-10-10 13:00:00,6780.0,158.03524377161457,14198.035243771625,14197.991118638203,0.044125133421773224
2026-10-10 14:00:00,6781.0,160.1188763306715,14200.118876330682,14200.087687008157,0.031189322524368696
2026-10-10 15:00:00,6782.0,162.20245522726796,14202.20245522728,14202.184255378112,0.01819984916670389
2026-10-10 16:00:00,6783.0,164.28600378606066,14204.286003786072,14204.280823748066,0.005180038004853965
2026-10-10 17:00:00,6784.0,166.36954559789388,14206.369545597905,14206.377392118022,-0.00784652011639329
2026-10-10 18:00:00,6785.0,168.45310431580765,14208.453104315819,14208.473960487976,-0.020856172157088515
2026-10-10 19:00:00,6786.0,170.53670371798415,14210.536703717995,14210.57052885793,-0.033825139934618074
2026-10-10 20:00:00,6787.0,172.6203676223707,14212.620367622381,14212.667097227884,-0.046729605503022825
2026-10-10 21:00:00,6788.0,174.70411981809073,14214.704119818101,14214.763665597839,-0.059545779736545464
2026-10-10 22:00:00,6789.0,176.78798401121782,14216.787984011227,14216.860233967795,-0.07224995656658631
2026-10-10 23:00:00,6790.0,178.87198378043587,14218.871983780446,14218.956802337749,-0.08481855730306359
2026-10-11 00:00:00,6791.0,-179.0438574629917,14220.95614253702,14221.053370707703,-0.09722817068436504
2026-10-11 01:00:00,6792.0,-176.95951651677004,14223.04048348324,14223.149939077659,-0.10945559441732587
2026-10-11 02:00:00,6793.0,-174.87497043599092,14225.12502956402,14225.246507447613,-0.12147788359249721
2026-10-11 03:00:00,6794.0,-172.79019659271654,14227.209803407295,14227.343075817567,-0.13327241027216888
2026-10-11 04:00:00,6795.0,-170.70517274953752,14229.294827250475,14229.439644187521,-0.1448169370471847
2026-10-11 05:00:00,6796.0,-168.61987714815027,14231.38012285186,14231.536212557476,-0.15608970561452523
2026-10-11 06:00:00,6797.0,-166.53428861212785,14233.465711387884,14233.63278092743,-0.16706953954678008
2026-10-11 07:00:00,6798.0,-164.448386661232,14235.55161333878,14235.729349297384,-0.1777359586056594
2026-10-11 08:00:00,6799.0,-162.36215163298877,14237.637848367021,14237.825917667338,-0.1880693003167377
2026-10-11 09:00:00,6800.0,-160.27556480596627,14239.724435194044,14239.922486037294,-0.19805084324917774
2026-10-11 10:00:00,6801.0,-158.18860851837405,14241.811391481637,14242.019054407248,-0.20766292561042188
2026-10-11 11:00:00,6802.0,-156.10126627536596,14243.898733724645,14244.115622777203,-0.2168890525573944
2026-10-11 12:00:00,6803.0,-154.01352283887064,14245.986477161141,14246.212191147157,-0.22571398601658713
2026-10-11 13:00:00,6804.0,-151.92536429499506,14248.074635705016,14248.308759517111,-0.23412381209512698
2026-10-11 14:00:00,6805.0,-149.8367780961573,14250.163221903853,14250.405327887065,-0.24210598321187926
2026-10-11 15:00:00,6806.0,-147.74775307825152,14252.25224692176,14252.50189625702,-0.2496493352596188
2026-10-11 16:00:00,6807.0,-145.658279457543,14254.341720542468,14254.598464626975,-0.25674408450772945
2026-10-11 17:00:00,6808.0,-143.56834881796337,14256.431651182049,14256.695032996931,-0.26338181488242823
2026-10-11 18:00:00,6809.0,-141.47795410752596,14258.522045892487,14258.791601366886,-0.2695554743988443
2026-10-11 19:00:00,6810.0,-139.38708963677405,14260.612910363237,14260.88816973684,-0.2752593736025981
2026-10-11 20:00:00,6811.0,-137.29575105578044,14262.70424894423,14262.984738106794,-0.28048916256314466
2026-10-11 21:00:00,6812.0,-135.2039353614227,14264.796064638589,14265.081306476748,-0.28524183815943194
2026-10-11 22:00:00,6813.0,-133.11164081375009,14266.888359186261,14267.177874846702,-0.2895156604413889
2026-10-11 23:00:00,6814.0,-131.0188668854476,14268.981133114565,14269.274443216656,-0.2933101020927941
2026-10-12 00:00:00,6815.0,-128.92561423536944,14271.074385764643,14271.37101158661,-0.29662582196906123
2026-10-12 01:00:00,6816.0,-126.83188468374043,14273.168115316272,14273.467579956567,-0.2994646402944082
2026-10-12 02:00:00,6817.0,-124.73768117454222,14275.26231882547,14275.56414832652,-0.30182950105131495
2026-10-12 03:00:00,6818.0,-122.64300771812239,14277.356992281888,14277.660716696475,-0.30372441458601435
2026-10-12 04:00:00,6819.0,-120.5478693135144,14279.452130686497,14279.75728506643,-0.30515437993171385
2026-10-12 05:00:00,6820.0,-118.45227185491147,14281.5477281451,14281.853853436383,-0.3061252912837999
2026-10-12 06:00:00,6821.0,-116.35622202999188,14283.643777970019,14283.950421806338,-0.30664383631816605
2026-10-12 07:00:00,6822.0,-114.25972721930817,14285.740272780704,14286.046990176292,-0.3067173955892
2026-10-12 08:00:00,6823.0,-112.16279540583284,14287.83720459418,14288.143558546248,-0.3063539520680909
2026-10-12 09:00:00,6824.0,-110.06543510220652,14289.934564897805,14290.240126916204,-0.3055620183986078
2026-10-12 10:00:00,6825.0,-107.96765530055512,14292.032344699457,14292.336695286158,-0.3043505867003131
2026-10-12 11:00:00,6826.0,-105.86946544627824,14294.130534553733,14294.433263656112,-0.30272910237829825
2026-10-12 12:00:00,6827.0,-103.77087543335774,14296.229124566655,14296.529832026066,-0.3007074594120947
2026-10-12 13:00:00,6828.0,-101.67189561490528,14298.328104385106,14298.62640039602,-0.29829601091450514
2026-10-12 14:00:00,6829.0,-99.57253681929208,14300.427463180718,14300.722968765975,-0.29550558525645604
2026-10-12 15:00:00,6830.0,-97.47281035970488,14302.527189640306,14302.819537135929,-0.29234749562270657
2026-10-12 16:00:00,6831.0,-95.37272802376668,14304.627271976246,14304.916105505883,-0.2888335296386609
2026-10-12 17:00:00,6832.0,-93.27230203033746,14306.727697969674,14307.012673875839,-0.2849759061644915
2026-10-12 18:00:00,6833.0,-91.17154494313027,14308.828455056882,14309.109242245793,-0.280787188911071
2026-10-12 19:00:00,6834.0,-89.07046953565992,14310.929530464351,14311.205810615747,-0.2762801513963681
2026-10-12 20:00:00,6835.0,-86.96908860955105,14313.030911390459,14313.302378985702,-0.2714675952420378
2026-10-12 21:00:00,6836.0,-84.86741477858199,14315.132585221429,14315.398947355656,-0.2663621342270919
2026-10-12 22:00:00,6837.0,-82.76546058855259,14317.23453941146,14317.49551572561,-0.26097631415114725
2026-10-12 23:00:00,6838.0,-80.66323865697554,14319.336761343036,14319.592084095564,-0.25532275252886616
2026-10-13 00:00:00,6839.0,-78.56076124654399,14321.439238753468,14321.68865246552,-0.24941371205161988
2026-10-13 01:00:00,6840.0,-76.45804033826566,14323.541959661747,14323.785220835474,-0.24326117372742234
2026-10-13 02:00:00,6841.0,-74.35508758744366,14325.644912412567,14325.881789205429,-0.23687679286083219
2026-10-13 03:00:00,6842.0,-72.25191428683614,14327.748085713174,14327.978357575385,-0.23027186220940726
2026-10-13 04:00:00,6843.0,-70.14853133690595,14329.851468663104,14330.074925945339,-0.22345728223366118
2026-10-13 05:00:00,6844.0,-68.04494922303299,14331.955050776978,14332.171494315293,-0.21644353831513186
2026-10-13 06:00:00,6845.0,-65.94117799951934,14334.058822000492,14334.268062685247,-0.2092406847552908
2026-10-13 07:00:00,6846.0,-63.83722728016578,14336.162772719845,14336.364631055201,-0.20185833535662304
2026-10-13 08:00:00,6847.0,-61.73310623513747,14338.266893764874,14338.461199425155,-0.19430566028298704
2026-10-13 09:00:00,6848.0,-59.62882359376591,14340.371176406245,14340.557767795111,-0.18659138886542379
2026-10-13 10:00:00,6849.0,-57.52438765285846,14342.475612347152,14342.654336165066,-0.17872381791210643
2026-10-13 11:00:00,6850.0,-55.41980629001589,14344.580193709995,14344.75090453502,-0.17071082502412693
2026-10-13 12:00:00,6851.0,-53.31508698140337,14346.684913018607,14346.847472904974,-0.16255988636670532
2026-10-13 13:00:00,6852.0,-51.210236823397594,14348.789763176614,14348.944041274928,-0.15427809831446732
2026-10-13 14:00:00,6853.0,-49.10526255755881,14350.894737442453,14351.040609644882,-0.1458722024301469
2026-10-13 15:00:00,6854.0,-47.00017059845927,14352.999829401553,14353.137178014837,-0.1373486132849234
2026-10-13 16:00:00,6855.0,-44.89496706404299,14355.105032935968,14355.233746384793,-0.12871344882401675
2026-10-13 17:00:00,6856.0,-42.7896578083745,14357.210342191636,14357.330314754747,-0.11997256310981107
2026-10-13 18:00:00,6857.0,-40.68424845680907,14359.315751543203,14359.4268831247,-0.11113158149787322
2026-10-13 19:00:00,6858.0,-38.578744443699236,14361.421255556312,14361.523451494655,-0.10219593834357373
2026-10-13 20:00:00,6859.0,-36.473151052597814,14363.526848947415,14363.62001986461,-0.09317091719534142
2026-10-13 21:00:00,6860.0,-34.36747345832833,14365.632526541684,14365.716588234565,-0.0840616928817986
2026-10-13 22:00:00,6861.0,-32.261716768987014,14367.738283231023,14367.81315660452,-0.07487337349630409
2026-10-13 23:00:00,6862.0,-30.15588606355995,14369.844113936451,14369.909724974474,-0.06561103802215185
2026-10-14 00:00:00,6863.0,-28.049986416939646,14371.950013583071,14372.006293344428,-0.056279761356869844
2026-10-14 01:00:00,6864.0,-25.944023036386508,14374.055976963626,14374.102861714384,-0.04688475075791411
2026-10-14 02:00:00,6865.0,-23.83800108402796,14376.161998915984,14376.199430084338,-0.03743116835367218
2026-10-14 03:00:00,6866.0,-21.73192584309182,14378.26807415692,14378.295998454292,-0.027924297371769453
2026-10-14 04:00:00,6867.0,-19.625802883918137,14380.374197116094,14380.392566824246,-0.018369708152420824
2026-10-14 05:00:00,6868.0,-17.519638008694052,14382.480361991316,14382.4891351942,-0.008773202883926835
2026-10-14 06:00:00,6869.0,-15.413437242134256,14384.586562757877,14384.585703564155,0.000859193721796695
2026-10-14 07:00:00,6870.0,-13.307206853732682,14386.692793146278,14386.682271934109,0.010521212168389216
2026-10-14 08:00:00,6871.0,-11.200953396122657,14388.79904660389,14388.778840304065,0.020206299825189327
2026-10-14 09:00:00,6872.0,-9.09468374555873,14390.905316254453,14390.87540867402,0.02990758043434634
2026-10-14 10:00:00,6873.0,-6.98840513363739,14393.011594866375,14392.971977043973,0.039617822401758776
2026-10-14 11:00:00,6874.0,-4.882125163330216,14395.11787483668,14395.068545413927,0.049329422753644124
2026-10-14 12:00:00,6875.0,-2.775851806583956,14397.224148193427,14397.165113783882,0.05903440954500748
2026-10-14 13:00:00,6876.0,-0.669593384656164,14399.330406615354,14399.261682153836,0.0687244615182175
2026-10-14 14:00:00,6877.0,1.4366414643687002,14401.43664146438,14401.358250523792,0.07839094058720725
2026-10-14 15:00:00,6878.0,3.542843824065229,14403.542843824078,14403.454818893746,0.08802493033063338
2026-10-14 16:00:00,6879.0,5.649004536042448,14405.649004536055,14405.5513872637,0.0976172723534022
2026-10-14 17:00:00,6880.0,7.755114225973972,14407.755114225985,14407.647955633656,0.10715859233037442
2026-10-14 18:00:00,6881.0,9.86116331212667,14409.861163312138,14409.74452400361,0.11663930852801267
2026-10-14 19:00:00,6882.0,11.967141991478233,14411.96714199149,14411.841092373565,0.12604961792515326
2026-10-14 20:00:00,6883.0,14.073040201845501,14414.073040201858,14413.937660743519,0.13537945833865575
2026-10-14 21:00:00,6884.0,16.1788475627296,14416.17884756274,14416.034229113473,0.14461844926691786
2026-10-14 22:00:00,6885.0,18.28455330264756,14418.28455330266,14418.130797483427,0.15375581923196113
2026-10-14 23:00:00,6886.0,20.39014618634966,14420.39014618636,14420.227365853381,0.1627803329782138
2026-10-15 00:00:00,6887.0,22.49561446126604,14422.495614461277,14422.323934223337,0.17168023794067097
2026-10-15 01:00:00,6888.0,24.60094584850192,14424.600945848513,14424.420502593292,0.18044325522168683
2026-10-15 02:00:00,6889.0,26.70612760939322,14426.706127609405,14426.517070963246,0.18905664615850803
2026-10-15 03:00:00,6890.0,28.811146723700833,14428.811146723712,14428.6136393332,0.19750739051250124
2026-10-15 04:00:00,6891.0,30.915989973104303,14430.915989973115,14430.710207703154,0.20578226996110544
2026-10-15 05:00:00,6892.0,33.02064380387787,14433.02064380389,14432.806776073108,0.2138677307809201
2026-10-15 06:00:00,6893.0,35.125094568287615,14435.125094568299,14434.903344443062,0.22175012523521606
2026-10-15 07:00:00,6894.0,37.22932853710019,14437.22932853711,14436.999912813017,0.2294157240934126
2026-10-15 08:00:00,6895.0,39.333331950007555,14439.33333195002,14439.096481182974,0.23685076704607538
2026-10-15 09:00:00,6896.0,41.4370910632556,14441.437091063266,14441.193049552929,0.24404151033853172
2026-10-15 10:00:00,6897.0,43.54059219495513,14443.540592194966,14443.289617922883,0.25097427208395334
2026-10-15 11:00:00,6898.0,45.64382176852283,14445.643821768534,14445.386186292837,0.25763547569721446
2026-10-15 12:00:00,6899.0,47.74676635465139,14447.746766354663,14447.482754662791,0.26401169187129286
2026-10-15 13:00:00,6900.0,49.84941271214576,14449.849412712158,14449.579323032745,0.27008967941213163
2026-10-15 14:00:00,6901.0,51.95174782789482,14451.951747827905,14451.6758914027,0.2758564252055399
2026-10-15 15:00:00,6902.0,54.053758956178186,14454.053758956188,14453.772459772654,0.28129918353434497
2026-10-15 16:00:00,6903.0,56.15543365744199,14456.155433657454,14455.86902814261,0.28640551484512994
2026-10-15 17:00:00,6904.0,58.25675983661655,14458.256759836628,14457.965596512564,0.2911633240638926
2026-10-15 18:00:00,6905.0,60.357725780989675,14460.357725781001,14460.062164882518,0.29556089848342354
2026-10-15 19:00:00,6906.0,62.458320197587625,14462.458320197598,14462.158733252472,0.2995869451263249
2026-10-15 20:00:00,6907.0,64.55853224994114,14464.558532249952,14464.255301622426,0.30323062752504676
2026-10-15 21:00:00,6908.0,66.65835159401931,14466.658351594031,14466.35186999238,0.3064816016502471
2026-10-15 22:00:00,6909.0,68.75776841299555,14468.757768413006,14468.448438362335,0.30933005067155717
2026-10-15 23:00:00,6910.0,70.85677345038219,14470.856773450392,14470.545006732289,0.3117667181029306
2026-10-16 00:00:00,6911.0,72.95535804096954,14472.955358040981,14472.641575102245,0.31378293873656565
2026-10-16 01:00:00,6912.0,75.05351413902063,14475.053514139032,14474.738143472201,0.3153706668312709
2026-10-16 02:00:00,6913.0,77.15123434345082,14477.151234343462,14476.834711842155,0.3165225013077505
2026-10-16 03:00:00,6914.0,79.24851192051324,14479.248511920525,14478.93128021211,0.31723170841491644
2026-10-16 04:00:00,6915.0,81.34534082618212,14481.345340826192,14481.027848582064,0.31749224412913546
2026-10-16 05:00:00,6916.0,83.44171573352145,14483.441715733534,14483.124416952018,0.31729878151534535
2026-10-16 06:00:00,6917.0,85.53763207557873,14485.53763207559,14485.220985321972,0.31664675361701283
2026-10-16 07:00:00,6918.0,87.63308602525674,14487.63308602527,14487.317553691926,0.3155323333415931
2026-10-16 08:00:00,6919.0,89.72807452845149,14489.728074528462,14489.414122061882,0.3139524665814527
2026-10-16 09:00:00,6920.0,91.82259535544026,14491.822595355452,14491.510690431836,0.311904923615704
2026-10-16 10:00:00,6921.0,93.91664705064218,14493.916647050653,14493.60725880179,0.30938824886293714
2026-10-16 11:00:00,6922.0,96.01022896017015,14496.01022896018,14495.703827171745,0.30640178843612126
2026-10-16 12:00:00,6923.0,98.1033412590775,14498.10334125909,14497.800395541699,0.3029457173897291
2026-10-16 13:00:00,6924.0,100.19598497386413,14500.195984973876,14499.896963911653,0.29902106222157626
2026-10-16 14:00:00,6925.0,102.2881619985491,14502.28816199856,14501.993532281607,0.29462971695207746
2026-10-16 15:00:00,6926.0,104.37987510505421,14504.379875105067,14504.090100651561,0.28977445350394815
2026-10-16 16:00:00,6927.0,106.47112795038741,14506.471127950399,14506.186669021517,0.28445892888201446
2026-10-16 17:00:00,6928.0,108.56192508400284,14508.561925084015,14508.283237391472,0.2786876925435505
2026-10-16 18:00:00,6929.0,110.65227195874135,14510.652271958752,14510.379805761426,0.2724661973267662
2026-10-16 19:00:00,6930.0,112.74217494801691,14512.742174948029,14512.476374131382,0.26580081664717575
2026-10-16 20:00:00,6931.0,114.83164137058603,14514.831641370598,14514.572942501336,0.2586988692613455
2026-10-16 21:00:00,6932.0,116.92067952251652,14516.92067952253,14516.66951087129,0.2511686512381351
2026-10-16 22:00:00,6933.0,119.0092987140916,14519.009298714103,14518.766079241244,0.24321947285760984
2026-10-16 23:00:00,6934.0,121.0975093075664,14521.097509307578,14520.862647611199,0.23486169637791396
2026-10-17 00:00:00,6935.0,123.1853227501674,14523.185322750178,14522.959215981155,0.226106769024289
2026-10-17 01:00:00,6936.0,125.27275159569413,14525.272751595705,14525.055784351109,0.21696724459689737
2026-10-17 02:00:00,6937.0,127.35980950775222,14527.359809507765,14527.152352721063,0.20745678670165507
2026-10-17 03:00:00,6938.0,129.44651123818693,14529.446511238199,14529.248921091017,0.19759014718149107
2026-10-17 04:00:00,6939.0,131.53287257585805,14531.53287257587,14531.345489460971,0.18738311489852663
2026-10-17 05:00:00,6940.0,133.618910263632,14533.618910263644,14533.442057830925,0.1768524327176289
2026-10-17 06:00:00,6941.0,135.70464188546964,14535.70464188548,14535.53862620088,0.16601568459987467
2026-10-17 07:00:00,6942.0,137.7900857308389,14537.79008573085,14537.635194570836,0.15489116001504652
2026-10-17 08:00:00,6943.0,139.8752606504166,14539.875260650428,14539.73176294079,0.1434977096386962
2026-10-17 09:00:00,6944.0,141.96018592517572,14541.960185925187,14541.828331310744,0.13185461444316043
2026-10-17 10:00:00,6945.0,144.04488136351821,14544.044881363528,14543.924899680698,0.11998168283098831
2026-10-17 11:00:00,6946.0,146.129367434906,14546.129367434918,14546.021468050652,0.10789938426505563
2026-10-17 12:00:00,6947.0,148.2136650508795,14548.213665050891,14548.118036420607,0.09562863028355854
2026-10-17 13:00:00,6948.0,150.29779561712928,14550.29779561714,14550.214604790563,0.08319082657765246
2026-10-17 14:00:00,6949.0,152.3817810192792,14552.38178101929,14552.311173160517,0.0706078587735076
2026-10-17 15:00:00,6950.0,154.46564359946427,14554.465643599475,14554.407741530471,0.057902069003885136
2026-10-17 16:00:00,6951.0,156.5494061237153,14556.549406123726,14556.504309900427,0.04509622330017464
2026-10-17 17:00:00,6952.0,158.6330917413344,14558.633091741345,14558.600878270381,0.0322134709643448
2026-10-17 18:00:00,6953.0,160.71672393815106,14560.716723938163,14560.697446640335,0.01927729782771538
2026-10-17 19:00:00,6954.0,162.80032648583366,14562.800326485845,14562.79401501029,0.006311475555867139
2026-10-17 20:00:00,6955.0,164.88392338934457,14564.883923389356,14564.890583380244,-0.006659990888218396
2026-10-17 21:00:00,6956.0,166.9675388342397,14566.967538834251,14566.987151750198,-0.019612915947120432
2026-10-17 22:00:00,6957.0,169.05119713489435,14569.051197134906,14569.083720120152,-0.03252298524698425
2026-10-17 23:00:00,6958.0,171.1349226839741,14571.134922683985,14571.180288490108,-0.04536580612162465
2026-10-18 00:00:00,6959.0,173.21873990264882,14573.218739902659,14573.276856860062,-0.05811695740220114
2026-10-18 01:00:00,6960.0,175.30267319025992,14575.302673190272,14575.373425230016,-0.0707520397442797
2026-10-18 02:00:00,6961.0,177.3867468714816,14577.386746871493,14577.46999359997,-0.08324672847735419
2026-10-18 03:00:00,6962.0,179.47098513854175,14579.470985138552,14579.566561969925,-0.09557683137226879
2026-10-18 04:00:00,6963.0,-178.44458801414385,14581.555411985868,14581.663130339879,-0.10771835401184528
2026-10-18 05:00:00,6964.0,-176.359948865484,14583.640051134527,14583.759698709833,-0.11964757530671655
2026-10-18 06:00:00,6965.0,-174.2750740555129,14585.724925944498,14585.85626707979,-0.13134113529125627
2026-10-18 07:00:00,6966.0,-172.18994068687132,14587.81005931314,14587.952835449743,-0.1427761366033234
2026-10-18 08:00:00,6967.0,-170.10452644029021,14589.895473559722,14590.0494038197,-0.15393025997676735
2026-10-18 09:00:00,6968.0,-168.0188097030138,14591.981190296998,14592.145972189654,-0.16478189265563625
2026-10-18 10:00:00,6969.0,-165.93276970739186,14594.06723029262,14594.242540559608,-0.1753102669877887
2026-10-18 11:00:00,6970.0,-163.84638667477174,14596.15361332524,14596.339108929562,-0.1854956043223474
2026-10-18 12:00:00,6971.0,-161.75964195715525,14598.240358042856,14598.435677299516,-0.19531925665990044
2026-10-18 13:00:00,6972.0,-159.67251809536634,14600.327481904646,14600.53224566947,-0.20476376482540595
2026-10-18 14:00:00,6973.0,-157.58499890032587,14602.415001099685,14602.628814039424,-0.21381293973894688
2026-10-18 15:00:00,6974.0,-155.4970695432791,14604.502930456734,14604.72538240938,-0.22245195264618434
2026-10-18 16:00:00,6975.0,-153.4087165468449,14606.591283453166,14606.821950779335,-0.23066732616680083
2026-10-18 17:00:00,6976.0,-151.3199278201261,14608.680072179886,14608.918519149289,-0.23844696940212456
2026-10-18 18:00:00,6977.0,-149.2306926786418,14610.76930732137,14611.015087519243,-0.2457801978721693
2026-10-18 19:00:00,6978.0,-147.1410018497045,14612.858998150308,14613.111655889197,-0.2526577388894993
2026-10-18 20:00:00,6979.0,-145.05084746662504,14614.949152533387,14615.208224259151,-0.25907172576522586
2026-10-18 21:00:00,6980.0,-142.9602230556295,14617.039776944383,14617.304792629106,-0.26501568472445974
2026-10-18 22:00:00,6981.0,-140.86912351856634,14619.130876481446,14619.40136099906,-0.2704845176154927
2026-10-18 23:00:00,6982.0,-138.77754511305704,14621.222454886954,14621.497929369016,-0.27547448206069364
2026-10-19 00:00:00,6983.0,-136.6854854302173,14623.314514569794,14623.594497738972,-0.27998316917613786
2026-10-19 01:00:00,6984.0,-134.59294336877858,14625.407056631233,14625.691066108926,-0.2840094776923752
2026-10-19 02:00:00,6985.0,-132.4999191035859,14627.500080896427,14627.78763447888,-0.28755358245380924
2026-10-19 03:00:00,6986.0,-130.40641404613407,14629.593585953879,14629.884202848834,-0.2906168949566137
2026-10-19 04:00:00,6987.0,-128.31243079505586,14631.687569204956,14631.980771218789,-0.2932020138326362
2026-10-19 05:00:00,6988.0,-126.21797307525524,14633.782026924757,14634.077339588743,-0.29531266398630385
2026-10-19 06:00:00,6989.0,-124.12304566560366,14635.876954334408,14636.173907958697,-0.29695362429008093
2026-10-19 07:00:00,6990.0,-122.02765431667878,14637.972345683333,14638.270476328653,-0.29813064531873557
2026-10-19 08:00:00,6991.0,-119.93180566179304,14640.068194338219,14640.367044698607,-0.29885036038744384
2026-10-19 09:00:00,6992.0,-117.83550712638534,14642.164492873628,14642.463613068561,-0.2991201949337669
2026-10-19 10:00:00,6993.0,-115.7387668425851,14644.261233157426,14644.560181438515,-0.2989482810894787
2026-10-19 11:00:00,6994.0,-113.64159357724064,14646.35840642277,14646.65674980847,-0.2983433856984561
2026-10-19 12:00:00,6995.0,-111.54399668277631,14648.456003317237,14648.753318178424,-0.297314861188152
2026-10-19 13:00:00,6996.0,-109.44598608074143,14650.55401391927,14650.849886548378,-0.29587262910765477
2026-10-19 14:00:00,6997.0,-107.34757228768042,14652.652427712332,14652.946454918332,-0.29402720600203514
2026-10-19 15:00:00,6998.0,-105.24876649183143,14654.751233508181,14655.043023288288,-0.29178978010717294
2026-10-19 16:00:00,6999.0,-103.14958057452615,14656.850419425486,14657.139591658242,-0.2891722327556536
2026-10-19 17:00:00,7000.0,-101.05002696679443,14658.949973033217,14659.236160028197,-0.2861869949792466
2026-10-19 18:00:00,7001.0,-98.95011865043998,14661.049881349572,14661.33272839815,-0.28284704857879306
2026-10-19 19:00:00,7002.0,-96.84986902682078,14663.150130973192,14663.429296768105,-0.2791657949139593
2026-10-19 20:00:00,7003.0,-94.74929179381654,14665.250708206195,14665.525865138059,-0.27515693186452217
2026-10-19 21:00:00,7004.0,-92.64840082980906,14667.351599170202,14667.622433508013,-0.27083433781187644
2026-10-19 22:00:00,7005.0,-90.54721008635204,14669.45278991366,14669.71900187797,-0.266211964308291
2026-10-19 23:00:00,7006.0,-88.44573349046003,14671.55426650955,14671.815570247923,-0.2613037383718975
2026-10-20 00:00:00,7007.0,-86.34398485688,14673.656015143131,14673.912138617878,-0.2561234747461278
2026-10-20 01:00:00,7008.0,-84.24197781030448,14675.758022189708,14676.008706987832,-0.2506847981236001
2026-10-20 02:00:00,7009.0,-82.13972571722655,14677.860274282786,14678.105275357786,-0.2450010750006232
2026-10-20 03:00:00,7010.0,-80.03724162700051,14679.962758373009,14680.201843727744,-0.23908535473403755
2026-10-20 04:00:00,7011.0,-77.93453822163474,14682.065461778378,14682.298412097698,-0.23295031932000226
2026-10-20 05:00:00,7012.0,-75.83162777387624,14684.168372226135,14684.394980467652,-0.22660824151692935
2026-10-20 06:00:00,7013.0,-73.72852211321485,14686.271477886796,14686.491548837606,-0.22007095081100422
2026-10-20 07:00:00,7014.0,-71.62523259950653,14688.374767400506,14688.588117207562,-0.2133498070549343
2026-10-20 08:00:00,7015.0,-69.52177010394885,14690.478229896062,14690.684685577517,-0.20645568145423682
2026-10-20 09:00:00,7016.0,-67.41814499711072,14692.581855002902,14692.78125394747,-0.19939894456886342
2026-10-20 10:00:00,7017.0,-65.3143671436004,14694.68563285641,14694.877822317425,-0.19218946101424358
2026-10-20 11:00:00,7018.0,-63.2104459027593,14696.789554097253,14696.97439068738,-0.1848365901256895
2026-10-20 12:00:00,7019.0,-61.10639013453987,14698.89360986547,14699.070959057333,-0.17734919186313433
2026-10-20 13:00:00,7020.0,-59.002208209569886,14700.997791790442,14701.167527427287,-0.1697356368456038
2026-10-20 14:00:00,7021.0,-56.89790802251439,14703.102091977498,14703.264095797242,-0.16200381974353986
2026-10-20 15:00:00,7022.0,-54.793497008524,14705.206502991487,14705.360664167198,-0.15416117570980042
2026-10-20 16:00:00,7023.0,-52.68898216425122,14707.311017835762,14707.457232537152,-0.14621470138984405
2026-10-20 17:00:00,7024.0,-50.58437007825228,14709.415629921757,14709.553800907106,-0.13817098534757732
2026-10-20 18:00:00,7025.0,-48.479666981408336,14711.520333018605,14711.65036927706,-0.13003625845592612
2026-10-20 19:00:00,7026.0,-46.3748787620371,14713.625121237974,14713.746937647014,-0.12181640904136459
2026-10-20 20:00:00,7027.0,-44.270010963998494,14715.729989036014,14715.843506016969,-0.11351698095583762
2026-10-20 21:00:00,7028.0,-42.165068877536896,14717.834931122476,14717.940074386923,-0.10514326444719266
2026-10-20 22:00:00,7029.0,-40.060057546781096,14719.939942453231,14720.036642756877,-0.09670030364676523
2026-10-20 23:00:00,7030.0,-37.95498180990773,14722.045018190105,14722.133211126833,-0.0881929367268079
2026-10-21 00:00:00,7031.0,-35.849846343029384,14724.150153656983,14724.229779496787,-0.07962583980334047
2026-10-21 01:00:00,7032.0,-33.74465570379549,14726.255344296214,14726.326347866741,-0.07100357052633884
2026-10-21 02:00:00,7033.0,-31.639414373138084,14728.360585626871,14728.422916236696,-0.06233060982326839
2026-10-21 03:00:00,7034.0,-29.534126795083036,14730.465873204928,14730.51948460665,-0.05361140172105362
2026-10-21 04:00:00,7035.0,-27.428797415243462,14732.571202584768,14732.616052976604,-0.0448503918359803
2026-10-21 05:00:00,7036.0,-25.323430718708657,14734.676569281304,14734.712621346558,-0.03605206525455983
2026-10-21 06:00:00,7037.0,-23.218031267734347,14736.781968732277,14736.809189716514,-0.02722098423526462
2026-10-21 07:00:00,7038.0,-21.11260373910874,14738.887396260903,14738.905758086468,-0.01836182556503337
2026-10-21 08:00:00,7039.0,-19.007152960466623,14740.992847039546,14741.002326456422,-0.009479416876829107
2026-10-21 09:00:00,7040.0,-16.9016839442746,14743.098316055739,14743.098894826377,-0.0005787706385222915
2026-10-21 10:00:00,7041.0,-14.796201917808599,14745.203798082202,14745.19546319633,0.008334885870712103
2026-10-21 11:00:00,7042.0,-12.690712347257437,14747.309287652755,14747.292031566285,0.017256086469194094
2026-10-21 12:00:00,7043.0,-10.585220954156984,14749.414779045856,14749.38859993624,0.026179109615683645
2026-10-21 13:00:00,7044.0,-8.479733722716981,14751.520266277295,14751.485168306193,0.03509797110092404
2026-10-21 14:00:00,7045.0,-6.374256897256241,14753.625743102757,14753.581736676151,0.044006426604298904
2026-10-21 15:00:00,7046.0,-4.268796969916176,14755.731203030095,14755.678305046107,0.05289798398858444
2026-10-21 16:00:00,7047.0,-2.1633606600689923,14757.836639339945,14757.774873416061,0.06176592388348151
2026-10-21 17:00:00,7048.0,-0.05795488836257985,14759.942045111648,14759.871441786016,0.07060332563324231
2026-10-21 18:00:00,7049.0,2.047413249871204,14762.047413249882,14761.96801015597,0.079403093911959
2026-10-21 19:00:00,7050.0,4.152736505101753,14764.152736505113,14764.064578525924,0.08815797918984795
2026-10-21 20:00:00,7051.0,6.258007479021775,14766.258007479035,14766.161146895878,0.09686058315596817
2026-10-21 21:00:00,7052.0,8.363218603583388,14768.363218603596,14768.257715265832,0.10550333776340395
2026-10-21 22:00:00,7053.0,10.468362002632732,14770.468362002644,14770.354283635786,0.11407836685712165
2026-10-21 23:00:00,7054.0,12.573429402258917,14772.57342940227,14772.450852005742,0.12257739652812759
2026-10-22 00:00:00,7055.0,14.678412065605835,14774.678412065616,14774.547420375697,0.13099168992034105
2026-10-22 01:00:00,7056.0,16.78330071434523,14776.783300714358,14776.64398874565,0.13931196870702486
2026-10-22 02:00:00,7057.0,18.888085561268497,14778.88808556128,14778.740557115605,0.14752844567594967
2026-10-22 03:00:00,7058.0,20.992756359076783,14780.99275635909,14780.83712548556,0.15563087353060365
2026-10-22 04:00:00,7059.0,23.097302457521337,14783.097302457532,14782.933693855513,0.16360860201926486
2026-10-22 05:00:00,7060.0,25.201712863144532,14785.201712863158,14785.030262225468,0.17145063768912525
2026-10-22 06:00:00,7061.0,27.305976297691103,14787.3059762977,14787.126830595424,0.17914570227903545
2026-10-22 07:00:00,7062.0,29.41008125278888,14789.4100812528,14789.223398965378,0.1866822874221956
2026-10-22 08:00:00,7063.0,31.514016039739676,14791.514016039753,14791.319967335332,0.1940487044211744
2026-10-22 09:00:00,7064.0,33.617768834216946,14793.617768834229,14793.416535705286,0.2012331289421833
2026-10-22 10:00:00,7065.0,35.72132771635253,14795.721327716365,14795.51310407524,0.2082236411236519
2026-10-22 11:00:00,7066.0,37.824680707126085,14797.824680707137,14797.609672445195,0.2150082619426395
2026-10-22 12:00:00,7067.0,39.92781580217536,14799.927815802186,14799.706240815149,0.22157498703761666
2026-10-22 13:00:00,7068.0,42.030721004155026,14802.030721004166,14801.802809185103,0.2279118190623908
2026-10-22 14:00:00,7069.0,44.13338435462726,14804.133384354638,14803.899377555059,0.23400679958081014
2026-10-22 15:00:00,7070.0,46.23579396621597,14806.235793966229,14805.995945925013,0.23984804121550518
2026-10-22 16:00:00,7071.0,48.33793805545114,14808.337938055463,14808.092514294967,0.24542376049686096
2026-10-22 17:00:00,7072.0,50.43980497642283,14810.439804976435,14810.189082664921,0.25072231151318386
2026-10-22 18:00:00,7073.0,52.54138325510192,14812.541383255115,14812.285651034876,0.25573222023830094
2026-10-22 19:00:00,7074.0,54.64266162399363,14814.642661624006,14814.38221940483,0.2604422191750777
2026-10-22 20:00:00,7075.0,56.74362905666029,14816.743629056673,14816.478787774784,0.2648412818882014
2026-10-22 21:00:00,7076.0,58.84427480151166,14818.844274801524,14818.575356144738,0.2689186567846231
2026-10-22 22:00:00,7077.0,60.94458841395048,14820.944588413962,14820.671924514694,0.27266389926881346
2026-10-22 23:00:00,7078.0,63.04455978518115,14823.044559785192,14822.768492884648,0.2760669005434225
2026-10-23 00:00:00,7079.0,65.1441791642561,14825.144179164266,14824.865061254603,0.27911790966492556
2026-10-23 01:00:00,7080.0,67.243437214742,14827.243437214755,14826.96162962456,0.2818075901939329
2026-10-23 02:00:00,7081.0,69.34232501446907,14829.342325014482,14829.058197994515,0.28412701996720785
2026-10-23 03:00:00,7082.0,71.44083409912564,14831.440834099138,14831.154766364469,0.28606773466831376
2026-10-23 04:00:00,7083.0,73.53895651037472,14833.538956510387,14833.251334734423,0.2876217759644191
2026-10-23 05:00:00,7084.0,75.6366848033327,14835.636684803345,14835.347903104377,0.28878169896782785
2026-10-23 06:00:00,7085.0,77.73401206835307,14837.734012068364,14837.444471474331,0.2895405940310734
2026-10-23 07:00:00,7086.0,79.83093195724315,14839.830931957255,14839.541039844287,0.28989211296812456
2026-10-23 08:00:00,7087.0,81.92743870949428,14841.927438709507,14841.637608214241,0.28983049526581944
2026-10-23 09:00:00,7088.0,84.02352717704018,14844.02352717705,14843.734176584196,0.28935059285575604
2026-10-23 10:00:00,7089.0,86.11919284744435,14846.119192847456,14845.83074495415,0.2884478933065913
2026-10-23 11:00:00,7090.0,88.21443186592619,14848.214431865938,14847.927313324104,0.2871185418340905
2026-10-23 12:00:00,7091.0,90.30924105670802,14850.309241056719,14850.023881694058,0.28535936265979833
2026-10-23 13:00:00,7092.0,92.40361794407559,14852.403617944086,14852.120450064012,0.2831678800733338
2026-10-23 14:00:00,7093.0,94.49756077344281,14854.497560773456,14854.217018433968,0.28054233948817126
2026-10-23 15:00:00,7094.0,96.59106853266812,14856.59106853268,14856.313586803923,0.27748172875797184
2026-10-23 16:00:00,7095.0,98.6841409738988,14858.68414097391,14858.410155173877,0.27398580003355927
2026-10-23 17:00:00,7096.0,100.77677863630923,14860.77677863632,14860.506723543831,0.27005509248948406
2026-10-23 18:00:00,7097.0,102.86898287021118,14862.868982870223,14862.603291913785,0.26569095643802215
2026-10-23 19:00:00,7098.0,104.96075586311936,14864.96075586313,14864.69986028374,0.2608955793907929
2026-10-23 20:00:00,7099.0,107.05210066840587,14867.052100668418,14866.796428653694,0.25567201472262996
2026-10-23 21:00:00,7100.0,109.14302123714376,14869.143021237156,14868.892997023648,0.2500242135076618
2026-10-23 22:00:00,7101.0,111.23352245358556,14871.233522453596,14870.989565393604,0.24395705999333536
2026-10-23 23:00:00,7102.0,113.32361017442045,14873.323610174433,14873.086133763558,0.2374764108752287
2026-10-24 00:00:00,7103.0,115.41329127147493,14875.413291271487,14875.182702133512,0.23058913797531103
2026-10-24 01:00:00,7104.0,117.50257367684625,14877.502573676858,14877.279270503466,0.2233031733921811
2026-10-24 02:00:00,7105.0,119.59146642855882,14879.59146642857,14879.37583887342,0.2156275551496092
2026-10-24 03:00:00,7106.0,121.67997971369745,14881.679979713708,14881.472407243375,0.2075724703340189
2026-10-24 04:00:00,7107.0,123.76812486277248,14883.768124862783,14883.568975613329,0.1991492494535567
2026-10-24 05:00:00,7108.0,125.855914291408,14885.85591429142,14885.665543983285,0.19037030813654027
2026-10-24 06:00:00,7109.0,127.94336145910708,14887.943361459118,14887.762112353239,0.18124910587971504
2026-10-24 07:00:00,7110.0,130.0304807035828,14890.030480703595,14889.858680723193,0.1717999804029309
2026-10-24 08:00:00,7111.0,132.11728711945082,14892.117287119461,14891.955249093147,0.16203802631377998
2026-10-24 09:00:00,7112.0,134.20379648332542,14894.203796483336,14894.051817463102,0.15197902023499843
2026-10-24 10:00:00,7113.0,136.29002521299734,14896.29002521301,14896.148385833056,0.1416393799533205
2026-10-24 11:00:00,7114.0,138.3759903494175,14898.375990349428,14898.24495420301,0.13103614641865846
2026-10-24 12:00:00,7115.0,140.46170955164536,14900.461709551657,14900.341522572964,0.12018697869266946
2026-10-24 13:00:00,7116.0,142.54720109661892,14902.54720109663,14902.438090942922,0.10911015370774563
2026-10-24 14:00:00,7117.0,144.63248387745261,14904.632483877464,14904.534659312876,0.09782456458646004
2026-10-24 15:00:00,7118.0,146.71757739585485,14906.717577395868,14906.631227682832,0.08634971303673315
2026-10-24 16:00:00,7119.0,148.80250174607602,14908.802501746088,14908.727796052786,0.07470569330188881
2026-10-24 17:00:00,7120.0,150.8872775894494,14910.887277589462,14910.82436442274,0.06291316672110213
2026-10-24 18:00:00,7121.0,152.97192611998406,14912.971926119995,14912.920932792695,0.050993327300836486
2026-10-24 19:00:00,7122.0,155.0564690225293,14915.056469022542,14915.017501162649,0.038967859893144816
2026-10-24 20:00:00,7123.0,157.1409284256942,14917.140928425704,14917.114069532603,0.026858893101069207
2026-10-24 21:00:00,7124.0,159.22532685192755,14919.225326851938,14919.210637902557,0.01468894937985995
2026-10-24 22:00:00,7125.0,161.3096871669352,14921.309687166948,14921.307206272513,0.0024808944347067857
2026-10-24 23:00:00,7126.0,163.39403252995402,14923.394032529965,14923.403774642467,-0.009742112502170105
2026-10-25 00:00:00,7127.0,165.47838634539045,14925.478386345401,14925.500343012422,-0.021956667020022365
2026-10-25 01:00:00,7128.0,167.56277221509498,14927.562772215106,14927.596911382376,-0.03413916726903768
2026-10-25 02:00:00,7129.0,169.64721388928152,14929.647213889291,14929.69347975233,-0.046265863038384945
2026-10-25 03:00:00,7130.0,171.73173521308226,14931.731735213092,14931.790048122284,-0.0583129091919756
2026-10-25 04:00:00,7131.0,173.81636006530297,14933.816360065315,14933.886616492238,-0.07025642692401299
2026-10-25 05:00:00,7132.0,175.90111228652944,14935.901112286541,14935.983184862193,-0.08207257565153796
2026-10-25 06:00:00,7133.0,177.98601559580942,14937.986015595821,14938.079753232149,-0.09373763632562375
2026-10-25 07:00:00,7134.0,-179.9289064428035,14940.071093557206,14940.176321602103,-0.10522804489590008
2026-10-25 08:00:00,7135.0,-177.8436305953753,14942.156369404636,14942.272889972057,-0.1165205674203931
2026-10-25 09:00:00,7136.0,-175.75813404224027,14944.24186595777,14944.369458342011,-0.12759238423979552
2026-10-25 10:00:00,7137.0,-173.67239447407405,14946.327605525936,14946.466026711965,-0.13842118602960735
2026-10-25 11:00:00,7138.0,-171.5863902701442,14948.413609729867,14948.56259508192,-0.14898535205287272
2026-10-25 12:00:00,7139.0,-169.50010064809123,14950.49989935192,14950.659163451874,-0.15926409995422933
2026-10-25 13:00:00,7140.0,-167.4135057895461,14952.586494210464,14952.75573182183,-0.16923761136505083
2026-10-25 14:00:00,7141.0,-165.32658694391952,14954.673413056093,14954.852300191784,-0.17888713569069659
2026-10-25 15:00:00,7142.0,-163.23932651189853,14956.76067348811,14956.948868561738,-0.18819507362689042
2026-10-25 16:00:00,7143.0,-161.1517081101065,14958.848291889903,14959.045436931692,-0.19714504178940595
2026-10-25 17:00:00,7144.0,-159.06371661866524,14960.936283381347,14961.142005301646,-0.20572192030045716
2026-10-25 18:00:00,7145.0,-156.97533821376723,14963.024661786243,14963.2385736716,-0.2139118853575783
2026-10-25 19:00:00,7146.0,-154.88656038764842,14965.113439612363,14965.335142041555,-0.22170242919183342
2026-10-25 20:00:00,7147.0,-152.79737195843117,14967.20262804158,14967.431710411509,-0.22908236992967337
2026-10-25 21:00:00,7148.0,-150.70776307215516,14969.292236927855,14969.528278781465,-0.23604185360894936
2026-10-25 22:00:00,7149.0,-148.61772519892736,14971.382274801083,14971.624847151419,-0.24257235033578517
2026-10-25 23:00:00,7150.0,-146.52725112455786,14973.472748875452,14973.721415521373,-0.24866664592088875
2026-10-26 00:00:00,7151.0,-144.4363349383695,14975.563665061642,14975.817983891331,-0.2543188296890205
2026-10-26 01:00:00,7152.0,-142.34497201716258,14977.65502798285,14977.914552261285,-0.25952427843556297
2026-10-26 02:00:00,7153.0,-140.2531590046688,14979.746840995342,14980.01112063124,-0.2642796358983559
2026-10-26 03:00:00,7154.0,-138.16089378532365,14981.839106214687,14982.107689001194,-0.26858278650717893
2026-10-26 04:00:00,7155.0,-136.06817545090604,14983.931824549105,14984.204257371148,-0.2724328220429892
2026-10-26 05:00:00,7156.0,-133.97500425859764,14986.024995741414,14986.300825741102,-0.275829999689204
2026-10-26 06:00:00,7157.0,-131.8813815793636,14988.118618420647,14988.397394111058,-0.2787756904100262
2026-10-26 07:00:00,7158.0,-129.7873098362846,14990.212690163728,14990.493962481012,-0.2812723172845267
2026-10-26 08:00:00,7159.0,-127.69279243361059,14992.3072075664,14992.590530850966,-0.2833232845651103
2026-10-26 09:00:00,7160.0,-125.59783367886556,14994.402166321144,14994.68709922092,-0.284932899776012
2026-10-26 10:00:00,7161.0,-123.50243862814871,14996.49756137186,14996.783667590875,-0.2861062190143738
2026-10-26 11:00:00,7162.0,-121.40661319386791,14998.593386806142,14998.880235960829,-0.28684915468809963
2026-10-26 12:00:00,7163.0,-119.31036391596501,15000.689636084046,15000.976804330783,-0.2871682467390153
2026-10-26 13:00:00,7164.0,-117.21369784589213,15002.786302154118,15003.073372700737,-0.2870705466194905
2026-10-26 14:00:00,7165.0,-115.11662264151299,15004.883377358497,15005.169941070693,-0.286563712194898
2026-10-26 15:00:00,7166.0,-113.01914663494736,15006.980853365063,15007.266509440647,-0.28565607558459055
2026-10-26 16:00:00,7167.0,-110.92127886591875,15009.078721134092,15009.363077810602,-0.2843566765091772
2026-10-26 17:00:00,7168.0,-108.82302907885055,15011.17697092116,15011.459646180556,-0.2826752593951497
2026-10-26 18:00:00,7169.0,-106.72440768620427,15013.275592313805,15013.55621455051,-0.2806222367055807
2026-10-26 19:00:00,7170.0,-104.62542570346807,15015.374574296542,15015.652782920464,-0.27820862392286866
2026-10-26 20:00:00,7171.0,-102.52609466291547,15017.473905337096,15017.749351290418,-0.2754459533226282
2026-10-26 21:00:00,7172.0,-100.42642651391392,15019.573573486097,15019.845919660374,-0.27234617427709185
2026-10-26 22:00:00,7173.0,-98.32643351734394,15021.673566482668,15021.942488030329,-0.2689215476602873
2026-10-26 23:00:00,7174.0,-96.22612814077709,15023.773871859235,15024.039056400283,-0.2651845410478958
2026-10-27 00:00:00,7175.0,-94.12552295965722,15025.874477040354,15026.135624770237,-0.2611477298837288
2026-10-27 01:00:00,7176.0,-92.02463056803734,15027.975369431973,15028.232193140191,-0.256823708218199
2026-10-27 02:00:00,7177.0,-89.92346350065678,15030.076536499355,15030.328761510145,-0.2522250107905317
2026-10-27 03:00:00,7178.0,-87.82203416650177,15032.177965833509,15032.4253298801,-0.2473640465915069
2026-10-27 04:00:00,7179.0,-85.72035479266953,15034.27964520734,15034.521898250054,-0.24225304271471004
2026-10-27 05:00:00,7180.0,-83.61843737651463,15036.381562623495,15036.61846662001,-0.23690399651284755
2026-10-27 06:00:00,7181.0,-81.51629364381834,15038.48370635619,15038.715034989964,-0.23132863377279111
2026-10-27 07:00:00,7182.0,-79.41393501114257,15040.586064988867,15040.811603359918,-0.22553837104966806
2026-10-27 08:00:00,7183.0,-77.31137255157603,15042.688627448435,15042.908171729872,-0.2195442814369686
2026-10-27 09:00:00,7184.0,-75.20861696458927,15044.791383035423,15045.004740099826,-0.21335706440450605
2026-10-27 10:00:00,7185.0,-73.10567855236113,15046.894321447651,15047.10130846978,-0.20698702213061176
2026-10-27 11:00:00,7186.0,-71.00256720618377,15048.997432793827,15049.197876839738,-0.20044404591114162
2026-10-27 12:00:00,7187.0,-68.89929240658566,15051.100707593427,15051.294445209693,-0.19373761626695327
2026-10-27 13:00:00,7188.0,-66.79586322808328,15053.204136771927,15053.391013579647,-0.18687680772176077
2026-10-27 14:00:00,7189.0,-64.69228830522118,15055.307711694788,15055.487581949603,-0.17987025481325164
2026-10-27 15:00:00,7190.0,-62.588575861481786,15057.411424138529,15057.584150319557,-0.17272618102727963
2026-10-27 16:00:00,7191.0,-60.48473371989445,15059.515266280116,15059.680718689511,-0.16545240939577832
2026-10-27 17:00:00,7192.0,-58.3807693083817,15061.619230691627,15061.777287059465,-0.1580563678380575
2026-10-27 18:00:00,7193.0,-56.27668967360553,15063.723310326404,15063.87385542942,-0.1505451030156045
2026-10-27 19:00:00,7194.0,-54.17250149993156,15065.82749850008,15065.970423799374,-0.1429252992936864
2026-10-27 20:00:00,7195.0,-52.06821113178207,15067.931788868229,15068.066992169328,-0.13520330109988574
2026-10-27 21:00:00,7196.0,-49.96382459848867,15070.036175401521,15070.163560539284,-0.12738513776112867
2026-10-27 22:00:00,7197.0,-47.85934764115676,15072.140652358854,15072.260128909238,-0.11947655038278138
2026-10-27 23:00:00,7198.0,-45.75478574123611,15074.245214258774,15074.356697279192,-0.11148302041807166
2026-10-28 00:00:00,7199.0,-43.6501441505784,15076.349855849434,15076.453265649146,-0.10340979971288064
2026-10-28 01:00:00,7200.0,-41.54542792280656,15078.454572077206,15078.5498340191,-0.09526194189562923
2026-10-28 02:00:00,7201.0,-39.44064194584312,15080.559358054168,15080.646402389055,-0.0870443348875341
2026-10-28 03:00:00,7202.0,-37.335790975445704,15082.664209024564,15082.742970759009,-0.07876173444529717
2026-10-28 04:00:00,7203.0,-35.230879669573596,15084.769120330437,15084.839539128963,-0.07041879852778764
2026-10-28 05:00:00,7204.0,-33.12591262335376,15086.874087376656,15086.93610749892,-0.06202012226199154
2026-10-28 06:00:00,7205.0,-31.02089440433072,15088.979105595681,15089.032675868873,-0.053570273192310496
2026-10-28 07:00:00,7206.0,-28.915829587575065,15091.084170412434,15091.129244238828,-0.04507382639307118
2026-10-28 08:00:00,7207.0,-26.810722790100304,15093.18927720991,15093.225812608782,-0.03653539887103316
2026-10-28 09:00:00,7208.0,-24.705578703907452,15095.294421296103,15095.322380978736,-0.02795968263257274
2026-10-28 10:00:00,7209.0,-22.600402126854718,15097.399597873155,15097.41894934869,-0.019351475536182917
2026-10-28 11:00:00,7210.0,-20.49519799044491,15099.504802009566,15099.515517718644,-0.01071570908024173
2026-10-28 12:00:00,7211.0,-18.389971383546587,15101.610028616464,15101.6120860886,-0.0020574721359550774
2026-10-28 13:00:00,7212.0,-16.284727571021914,15103.71527242899,15103.708654458555,0.006617970436271504
2026-10-28 14:00:00,7213.0,-14.179472006229208,15105.820527993783,15105.805222828509,0.015305165273869173
2026-10-28 15:00:00,7214.0,-12.074210336403924,15107.925789663608,15107.901791198463,0.023998465144754365
2026-10-28 16:00:00,7215.0,-9.968948370579023,15110.031051629432,15109.998359568417,0.03269206101464799
2026-10-28 17:00:00,7216.0,-7.863692094964471,15112.136307905046,15112.094927938371,0.04137996667456408
2026-10-28 18:00:00,7217.0,-5.758447708636003,15114.241552291374,15114.191496308325,0.05005598304857431
2026-10-28 19:00:00,7218.0,-3.653221488398747,15116.346778511612,15116.28806467828,0.05871383333186145
2026-10-28 20:00:00,7219.0,-1.5480197496462218,15118.451980250364,15118.384633048236,0.06734720212874246
2026-10-28 21:00:00,7220.0,0.5571511122463618,15120.557151112256,15120.48120141819,0.07594969406739271
2026-10-28 22:00:00,7221.0,2.6622845374475905,15122.662284537457,15122.577769788148,0.08451474930965769
2026-10-28 23:00:00,7222.0,4.767373703029275,15124.76737370304,15124.674338158102,0.09303554493899827
2026-10-29 00:00:00,7223.0,6.872411431061674,15126.872411431072,15126.770906528056,0.10150490301528577
2026-10-29 01:00:00,7224.0,8.977390117075915,15128.977390117087,15128.86747489801,0.10991521907633986
2026-10-29 02:00:00,7225.0,11.082301686172821,15131.082301686183,15130.964043267964,0.11825841821879395
2026-10-29 03:00:00,7226.0,13.187137578752571,15133.187137578761,15133.060611637919,0.12652594084269642
2026-10-29 04:00:00,7227.0,15.291888763668577,15135.291888763679,15135.157180007873,0.13470875580608122
2026-10-29 05:00:00,7228.0,17.39654577361292,15137.396545773623,15137.253748377829,0.14279739579477155
2026-10-29 06:00:00,7229.0,19.501098755716995,15139.501098755727,15139.350316747783,0.15078200794418986
2026-10-29 07:00:00,7230.0,21.605537529654125,15141.605537529666,15141.446885117737,0.15865241192921217
2026-10-29 08:00:00,7231.0,23.70985164587067,15143.709851645883,15143.543453487691,0.16639815819081163
2026-10-29 09:00:00,7232.0,25.814030437818335,15145.814030437828,15145.640021857645,0.17400858018305562
2026-10-29 10:00:00,7233.0,27.91806306403914,15147.91806306405,15147.7365902276,0.18147283644884188
2026-10-29 11:00:00,7234.0,30.021938538458645,15150.02193853847,15149.833158597554,0.18877994091547054
2026-10-29 12:00:00,7235.0,32.12564575002959,15152.125645750039,15151.929726967508,0.1959187825304218
2026-10-29 13:00:00,7236.0,34.22917347567558,15154.229173475687,15154.026295337464,0.20287813822377032
2026-10-29 14:00:00,7237.0,36.332510393037964,15156.332510393047,15156.122863707418,0.20964668562958946
2026-10-29 15:00:00,7238.0,38.43564510156718,15158.43564510158,15158.219432077372,0.2162130242068702
2026-10-29 16:00:00,7239.0,40.53856616179495,15160.538566161806,15160.316000447327,0.22256571447850743
2026-10-29 17:00:00,7240.0,42.641262163022446,15162.641262163033,15162.41256881728,0.22869334575177222
2026-10-29 18:00:00,7241.0,44.74372182912518,15164.743721829134,15164.509137187235,0.2345846418987769
2026-10-29 19:00:00,7242.0,46.845933908525154,15166.845933908535,15166.60570555719,0.24022835134531226
2026-10-29 20:00:00,7243.0,48.94788712630532,15168.947887126316,15168.702273927145,0.24561319917179605
2026-10-29 21:00:00,7244.0,51.04957039090104,15171.049570390911,15170.7988422971,0.2507280938116694
2026-10-29 22:00:00,7245.0,53.15097272665291,15173.150972726664,15172.895410667054,0.25556205961101713
2026-10-29 23:00:00,7246.0,55.25208333059697,15175.252083330606,15174.991979037008,0.26010429359938236
2026-10-30 00:00:00,7247.0,57.35289160790381,15177.352891607912,15177.088547406962,0.264344200950763
2026-10-30 01:00:00,7248.0,59.45338719937551,15179.453387199384,15179.185115776916,0.2682714224684896
2026-10-30 02:00:00,7249.0,61.55356000743142,15181.553560007444,15181.28168414687,0.2718758605719346
2026-10-30 03:00:00,7250.0,63.6534002230184,15183.653400223031,15183.378252516824,0.27514770620492074
2026-10-30 04:00:00,7251.0,65.752898353829,15185.75289835384,15185.47482088678,0.27807746705991276
2026-10-30 05:00:00,7252.0,67.85204525334832,15187.85204525336,15187.571389256735,0.28065599662620133
2026-10-30 06:00:00,7253.0,69.95083215005636,15189.950832150067,15189.667957626689,0.282874523378133
2026-10-30 07:00:00,7254.0,72.04925067624359,15192.049250676255,15191.764525996643,0.28472467961159675
2026-10-30 08:00:00,7255.0,74.14729289614108,15194.147292896152,15193.861094366597,0.2861985295542242
2026-10-30 09:00:00,7256.0,76.24495133330718,15196.244951333318,15195.957662736551,0.28728859676558827
2026-10-30 10:00:00,7257.0,78.34221899739627,15198.342218997404,15198.05423110651,0.2879878908957949
2026-10-30 11:00:00,7258.0,80.43908941054654,15200.439089410556,15200.150799476463,0.28828993409233117
2026-10-30 12:00:00,7259.0,82.53555663367385,15202.535556633686,15202.247367846418,0.2881887872668665
2026-10-30 13:00:00,7260.0,84.63161529296049,15204.631615292972,15204.343936216374,0.28767907659980757
2026-10-30 14:00:00,7261.0,86.727260606804,15206.727260606815,15206.440504586328,0.2867560204877893
2026-10-30 15:00:00,7262.0,88.82248841345488,15208.822488413467,15208.537072956282,0.28541545718488354
2026-10-30 16:00:00,7263.0,90.91729519953596,15210.917295199546,15210.633641326236,0.28365387331013936
2026-10-30 17:00:00,7264.0,93.01167812960644,15213.011678129616,15212.73020969619,0.28146843342663996
2026-10-30 18:00:00,7265.0,95.10563507691147,15215.105635076921,15214.826778066144,0.27885701077675473
2026-10-30 19:00:00,7266.0,97.19916465544603,15217.199164655456,15216.923346436099,0.2758182193559722
2026-10-30 20:00:00,7267.0,99.29226625345562,15219.292266253467,15219.019914806053,0.2723514474132498
2026-10-30 21:00:00,7268.0,101.38494006849716,15221.384940068507,15221.116483176009,0.2684568924983856
2026-10-30 22:00:00,7269.0,103.47718702121284,15223.477187021224,15223.213051545963,0.264135475261964
2026-10-30 23:00:00,7270.0,105.56900918677461,15225.569009186785,15225.309619915917,0.25938927086925295
2026-10-31 00:00:00,7271.0,107.66040955473584,15227.660409554748,15227.406188285871,0.25422126887636587
2026-10-31 01:00:00,7272.0,109.75139192785956,15229.751391927872,15229.502756655826,0.2486352720452657
2026-10-31 02:00:00,7273.0,111.84196113798141,15231.84196113799,15231.59932502578,0.24263611221030099
2026-10-31 03:00:00,7274.0,113.93212317022989,15233.93212317024,15233.695893395734,0.23622977450568466
2026-10-31 04:00:00,7275.0,116.02188520850089,15236.02188520851,15235.79246176569,0.22942344282187976
2026-10-31 05:00:00,7276.0,118.11125561898824,15238.111255618998,15237.889030135644,0.22222548335505815
2026-10-31 06:00:00,7277.0,120.20024389023737,15240.20024389025,15239.985598505598,0.21464538465104946
2026-10-31 07:00:00,7278.0,122.28886054795456,15242.288860547964,15242.082166875553,0.20669367241166503
2026-10-31 08:00:00,7279.0,124.37711706103313,15244.377117061043,15244.178735245507,0.198381815536736
2026-10-31 09:00:00,7280.0,126.46502575232734,15246.465025752337,15246.27530361546,0.1897221368756118
2026-10-31 10:00:00,7281.0,128.55259972399932,15248.552599724011,15248.371871985415,0.1807277385955716
2026-10-31 11:00:00,7282.0,130.63985280316993,15250.639852803182,15250.46844035537,0.1714124478113363
2026-10-31 12:00:00,7283.0,132.72679950949296,15252.726799509504,15252.565008725325,0.16179078417903286
2026-10-31 13:00:00,7284.0,134.81345504250734,15254.813455042518,15254.66157709528,0.15187794723992767
2026-10-31 14:00:00,7285.0,136.8998352835294,15256.899835283539,15256.758145465234,0.14168981830616462
2026-10-31 15:00:00,7286.0,138.98595680472164,15258.985956804732,15258.854713835188,0.13124296954422568
2026-10-31 16:00:00,7287.0,141.07183687705134,15261.071836877061,15260.951282205142,0.12055467191848084
2026-10-31 17:00:00,7288.0,143.15749346929948,15263.15749346931,15263.047850575096,0.10964289421412166
2026-10-31 18:00:00,7289.0,145.24294523217623,15265.242945232189,15265.14441894505,0.098526287137034
2026-10-31 19:00:00,7290.0,147.32821146491793,15267.32821146493,15267.240987315006,0.08722414992418244
2026-10-31 20:00:00,7291.0,149.41331206632165,15269.413312066334,15269.33755568496,0.0757563813730423
2026-10-31 21:00:00,7292.0,151.49826747771343,15271.498267477724,15271.434124054918,0.06414342280697717
2026-10-31 22:00:00,7293.0,153.58309863137274,15273.583098631385,15273.530692424873,0.052406206512188136
2026-10-31 23:00:00,7294.0,155.66782692379203,15275.667826923802,15275.627260794827,0.040566128975865146
2026-11-01 00:00:00,7295.0,157.7524742379936,15277.752474238003,15277.72382916478,0.02864507322192489
2026-11-01 01:00:00,7296.0,159.83706282676897,15279.83706282678,15279.820397534735,0.016665292045062445
2026-11-01 02:00:00,7297.0,161.92161524366523,15281.921615243677,15281.91696590469,0.004649338987524005
2026-11-01 03:00:00,7298.0,164.0061543750335,15284.006154375043,15284.013534274643,-0.0073798996000877005
2026-11-01 04:00:00,7299.0,166.09070329074441,15286.090703290754,15286.1101026446,-0.019399353844788376
2026-11-01 05:00:00,7300.0,168.1752852305092,15288.17528523052,15288.206671014554,-0.031385784033398624
2026-11-01 06:00:00,7301.0,170.25992356941106,15290.259923569422,15290.303239384508,-0.04331581508670337
2026-11-01 07:00:00,7302.0,172.34464175997954,15292.344641759992,15292.399807754462,-0.05516599447017724
2026-11-01 08:00:00,7303.0,174.42946325093126,15294.429463250943,15294.496376124416,-0.06691287347288141
2026-11-01 09:00:00,7304.0,176.51441138500502,15296.514411385015,15296.59294449437,-0.07853310935649856
2026-11-01 10:00:00,7305.0,178.5995092801364,15298.599509280146,15298.689512864325,-0.0900035841796345
2026-11-01 11:00:00,7306.0,-179.31522030049499,15300.684779699515,15300.786081234279,-0.10130153476393353
2026-11-01 12:00:00,7307.0,-177.22975508328912,15302.770244916721,15302.882649604235,-0.11240468751295697
2026-11-01 13:00:00,7308.0,-175.144073417524,15304.855926582484,15304.979217974189,-0.12329139170358118
2026-11-01 14:00:00,7309.0,-173.05815440114628,15306.941845598863,15307.075786344143,-0.13394074528003944
2026-11-01 15:00:00,7310.0,-170.97197799398458,15309.028022006025,15309.172354714097,-0.1443327080731192
2026-11-01 16:00:00,7311.0,-168.88552511462515,15311.114474885386,15311.268923084051,-0.15444819866652504
2026-11-01 17:00:00,7312.0,-166.79877771876707,15313.201222281243,15313.365491454006,-0.1642691727641172
2026-11-01 18:00:00,7313.0,-164.7117188585747,15315.288281141433,15315.46205982396,-0.1737786825271543
2026-11-01 19:00:00,7314.0,-162.62433272420142,15317.375667275808,15317.558628193914,-0.18296091810612877
2026-11-01 20:00:00,7315.0,-160.5366046701122,15319.463395329896,15319.65519656387,-0.1918012339727065
2026-11-01 21:00:00,7316.0,-158.4485212299196,15321.551478770089,15321.751764933824,-0.20028616373531008
2026-11-01 22:00:00,7317.0,-156.36007012402553,15323.639929875986,15323.848333303778,-0.20840342779280582
2026-11-01 23:00:00,7318.0,-154.27124026429425,15325.728759735715,15325.944901673733,-0.21614193801790857
2026-11-02 00:00:00,7319.0,-152.18202175916863,15327.817978240839,15328.041470043687,-0.22349180284769765
2026-11-02 01:00:00,7320.0,-150.09240592099053,15329.90759407902,15330.138038413641,-0.23044433462138553
2026-11-02 02:00:00,7321.0,-148.0023852747447,15331.997614725264,15332.234606783595,-0.23699205833157583
2026-11-02 03:00:00,7322.0,-145.91195356397859,15334.08804643603,15334.331175153551,-0.24312871751923068
2026-11-02 04:00:00,7323.0,-143.8211057291286,15336.178894270879,15336.427743523505,-0.24884925262513607
2026-11-02 05:00:00,7324.0,-141.72983781702038,15338.270162182987,15338.52431189346,-0.25414971047121404
2026-11-02 06:00:00,7325.0,-139.63814695199247,15340.361853048016,15340.620880263414,-0.25902721539798107
2026-11-02 07:00:00,7326.0,-137.54603138929178,15342.453968610716,15342.717448633368,-0.2634800226514562
2026-11-02 08:00:00,7327.0,-135.45349048869036,15344.54650951132,15344.814017003326,-0.26750749200562524
2026-11-02 09:00:00,7328.0,-133.36052462587267,15346.639475374137,15346.91058537328,-0.27110999914251815
2026-11-02 10:00:00,7329.0,-131.2671350843393,15348.732864915668,15349.007153743234,-0.27428882756586764
2026-11-02 11:00:00,7330.0,-129.1733239562638,15350.826676043747,15351.103722113188,-0.2770460694418969
2026-11-02 12:00:00,7331.0,-127.07909406851222,15352.920905931498,15353.200290483144,-0.2793845516451642
2026-11-02 13:00:00,7332.0,-124.98444894002967,15355.015551059978,15355.296858853098,-0.28130779311938503
2026-11-02 14:00:00,7333.0,-122.8893927690706,15357.11060723094,15357.393427223053,-0.28281999211368836
2026-11-02 15:00:00,7334.0,-120.79393044327122,15359.206069556738,15359.489995593007,-0.2839260362691985
2026-11-02 16:00:00,7335.0,-118.69806756224564,15361.301932437762,15361.586563962961,-0.28463152519903956
2026-11-02 17:00:00,7336.0,-116.60181046105917,15363.398189538952,15363.683132332915,-0.2849427939639844
2026-11-02 18:00:00,7337.0,-114.5051662233682,15365.49483377664,15365.77970070287,-0.28486692623028176
2026-11-02 19:00:00,7338.0,-112.4081426749264,15367.591857325082,15367.876269072824,-0.284411747742853
2026-11-02 20:00:00,7339.0,-110.31074835119938,15369.689251648811,15369.97283744278,-0.2835857939681096
2026-11-02 21:00:00,7340.0,-108.21299243662547,15371.787007563384,15372.069405812734,-0.28239824934973556
2026-11-02 22:00:00,7341.0,-106.11488467718918,15373.88511532282,15374.165974182688,-0.28085885986775816
2026-11-02 23:00:00,7342.0,-104.01643527201082,15375.983564728,15376.262542552642,-0.278977824642802
2026-11-03 00:00:00,7343.0,-101.91765475317,15378.08234524684,15378.359110922596,-0.276765675756922
2026-11-03 01:00:00,7344.0,-99.8185538655814,15380.181446134427,15380.45567929255,-0.27423315812328963
2026-11-03 02:00:00,7345.0,-97.7191434600994,15382.28085653991,15382.552247662505,-0.271391122595129
2026-11-03 03:00:00,7346.0,-95.61943441292644,15384.380565587082,15384.64881603246,-0.26825044537728043
2026-11-03 04:00:00,7347.0,-93.51943758278969,15386.480562417219,15386.745384402415,-0.2648219851948663
2026-11-03 05:00:00,7348.0,-91.41916381441456,15388.580836185594,15388.841952772369,-0.26111658677490457
2026-11-03 06:00:00,7349.0,-89.31862399305997,15390.68137600695,15390.938521142323,-0.25714513537312716
2026-11-03 07:00:00,7350.0,-87.21782879926093,15392.782171200748,15393.035089512277,-0.2529183115303144
2026-11-03 08:00:00,7351.0,-85.1167885197671,15394.88321148024,15395.131657882232,-0.24844640199040546
2026-11-03 09:00:00,7352.0,-83.01551330995879,15396.98448669005,15397.228226252186,-0.24373956213727604
2026-11-03 10:00:00,7353.0,-80.9140130338673,15399.08598696614,15399.32479462214,-0.23880765600011578
2026-11-03 11:00:00,7354.0,-78.81229725906113,15401.187702740948,15401.421362992096,-0.23366025114662767
2026-11-03 12:00:00,7355.0,-76.71037524059496,15403.289624759413,15403.51793136205,-0.22830660263634112
2026-11-03 13:00:00,7356.0,-74.60825590407758,15405.391744095932,15405.614499732004,-0.22275563607176668
2026-11-03 14:00:00,7357.0,-72.50594783243452,15407.494052167573,15407.711068101959,-0.2170159343852016
2026-11-03 15:00:00,7358.0,-70.40345925791088,15409.596540742099,15409.807636471913,-0.21109572981375768
2026-11-03 16:00:00,7359.0,-68.30079805935695,15411.699201940652,15411.904204841867,-0.2050029012156856
2026-11-03 17:00:00,7360.0,-66.197971764229,15413.802028235781,15414.000773211821,-0.1987449760407922
2026-11-03 18:00:00,7361.0,-64.09498755460525,15415.905012445404,15416.097341581775,-0.1923291363719677
2026-11-03 19:00:00,7362.0,-61.991852276599325,15418.008147723409,15418.193909951731,-0.18576222832130748
2026-11-03 20:00:00,7363.0,-59.88857245270343,15420.111427547305,15420.290478321689,-0.17905077438348835
2026-11-03 21:00:00,7364.0,-57.78515429673709,15422.21484570327,15422.387046691643,-0.17220098837185682
2026-11-03 22:00:00,7365.0,-55.68160373118018,15424.318396268829,15424.483615061597,-0.1652187927678715
2026-11-03 23:00:00,7366.0,-53.57792640673191,15426.422073593276,15426.580183431552,-0.15810983827545855
2026-11-04 00:00:00,7367.0,-51.47412772396379,15428.525872276046,15428.676751801506,-0.1508795254597755
2026-11-04 01:00:00,7368.0,-49.37021285693647,15430.62978714307,15430.77332017146,-0.14353302838896131
2026-11-04 02:00:00,7369.0,-47.26618677863744,15432.73381322137,15432.869888541414,-0.13607532004437642
2026-11-04 03:00:00,7370.0,-45.16205428807433,15434.837945711935,15434.966456911368,-0.12851119943419526
2026-11-04 04:00:00,7371.0,-43.05782003883082,15436.942179961177,15437.063025281324,-0.12084532014654335
2026-11-04 05:00:00,7372.0,-40.95348856886015,15439.046511431148,15439.159593651279,-0.11308222013048112
2026-11-04 06:00:00,7373.0,-38.84906433125546,15441.150935668753,15441.256162021233,-0.1052263524801092
2026-11-04 07:00:00,7374.0,-36.744551725697356,15443.25544827431,15443.352730391187,-0.09728211687656511
2026-11-04 08:00:00,7375.0,-34.63995513024007,15445.360044869769,15445.449298761141,-0.08925389137199323
2026-11-04 09:00:00,7376.0,-32.53527893306078,15447.464721066948,15447.545867131095,-0.08114606414745958
2026-11-04 10:00:00,7377.0,-30.430527418260922,15449.56947258175,15449.64243550105,-0.07296291930040365
2026-11-04 11:00:00,7378.0,-28.32570523993874,15451.67429476007,15451.739003871005,-0.0647091109335393
2026-11-04 12:00:00,7379.0,-26.220817126169095,15453.779182873839,15453.83557224096,-0.05638936712002046
2026-11-04 13:00:00,7380.0,-24.115867728059353,15455.88413227195,15455.932140610914,-0.048008338962967134
2026-11-04 14:00:00,7381.0,-22.010861812795962,15457.989138187213,15458.028708980868,-0.03957079365401495
2026-11-04 15:00:00,7382.0,-19.90580434979907,15460.09419565021,15460.125277350822,-0.031081700611488867
2026-11-04 16:00:00,7383.0,-17.800700523077886,15462.19929947693,15462.221845720776,-0.022546243846806858
2026-11-04 17:00:00,7384.0,-15.695555700153346,15464.304444299856,15464.31841409073,-0.013969790874227138
2026-11-04 18:00:00,7385.0,-13.590375383648118,15466.409624616363,15466.414982460685,-0.005357844323263228
2026-11-04 19:00:00,7386.0,-11.485165166297511,15468.514834833712,15468.51155083064,0.0032840030715081065
2026-11-04 20:00:00,7387.0,-9.379930704167627,15470.620069295843,15470.608119200595,0.011950095248579954
2026-11-04 21:00:00,7388.0,-7.274677716709572,15472.7253222833,15472.70468757055,0.020634712751120603
2026-11-04 22:00:00,7389.0,-5.169412016342669,15474.830587983668,15474.801255940503,0.029332043164201217
2026-11-04 23:00:00,7390.0,-3.064139564920262,15476.93586043509,15476.897824310458,0.03803612463058737
2026-11-05 00:00:00,7391.0,-0.9588665500242235,15479.041133449986,15478.994392680412,0.046740769574422227
2026-11-05 01:00:00,7392.0,1.1464005291550086,15481.146400529164,15481.090961050366,0.055439478797548805
2026-11-05 02:00:00,7393.0,3.2516547783381102,15483.251654778345,15483.187529420322,0.06412535802501203
2026-11-05 03:00:00,7394.0,5.356888839194777,15485.356888839204,15485.284097790276,0.07279104892742794
2026-11-05 04:00:00,7395.0,7.462094845457782,15487.462094845467,15487.38066616023,0.0814286852376748
2026-11-05 05:00:00,7396.0,9.567264411419336,15489.56726441143,15489.477234530184,0.09002988124430789
2026-11-05 06:00:00,7397.0,11.672388655272432,15491.672388655283,15491.573802900139,0.09858575514344634
2026-11-05 07:00:00,7398.0,13.777458253529264,15493.777458253538,15493.670371270096,0.10708698344183025
2026-11-05 08:00:00,7399.0,15.882463515447435,15495.882463515456,15495.76693964005,0.11552387540602332
2026-11-05 09:00:00,7400.0,17.98739445844868,15497.987394458458,15497.863508010005,0.12388644845285611
2026-11-05 10:00:00,7401.0,20.09224085745728,15500.092240857468,15499.960076379959,0.1321644775075636
2026-11-05 11:00:00,7402.0,22.19699223353841,15502.196992233548,15502.056644749913,0.1403474836339892
2026-11-05 12:00:00,7403.0,24.30163774086251,15504.301637740873,15504.15321311987,0.14842462100428694
2026-11-05 13:00:00,7404.0,26.4061662860414,15506.406166286051,15506.249781489823,0.15638479622804066
2026-11-05 14:00:00,7405.0,28.51056673548877,15508.510566735498,15508.346349859778,0.16421687572157947
2026-11-05 15:00:00,7406.0,30.614827699856047,15510.614827699867,15510.442918229732,0.17190947013456143
2026-11-05 16:00:00,7407.0,32.71893766156539,15512.718937661575,15512.539486599686,0.1794510618897074
2026-11-05 17:00:00,7408.0,34.82288496588647,15514.822884965897,15514.63605496964,0.186829996255671
2026-11-05 18:00:00,7409.0,36.92665783476899,15516.926657834778,15516.732623339594,0.19403449518229898
2026-11-05 19:00:00,7410.0,39.03024439009709,15519.030244390107,15518.82919170955,0.20105268055806813
2026-11-05 20:00:00,7411.0,41.133632679664956,15521.133632679675,15520.925760079504,0.20787260017073966
2026-11-05 21:00:00,7412.0,43.23681070315025,15523.23681070316,15523.022328449459,0.2144822537005822
2026-11-05 22:00:00,7413.0,45.339766437501524,15525.339766437512,15525.118896819413,0.22086961809804304
2026-11-05 23:00:00,7414.0,47.44248786210501,15527.442487862114,15527.215465189367,0.2270226727464649
2026-11-06 00:00:00,7415.0,49.544962984338085,15529.544962984348,15529.312033559321,0.23292942502539962
2026-11-06 01:00:00,7416.0,51.647179865997906,15531.647179866006,15531.408601929275,0.23857793673048364
2026-11-06 02:00:00,7417.0,53.74912665084063,15533.749126650851,15533.50517029923,0.24395635162019672
2026-11-06 03:00:00,7418.0,55.850791593217984,15535.85079159323,15535.601738669186,0.24905292404390722
2026-11-06 04:00:00,7419.0,57.952163087620846,15537.952163087632,15537.69830703914,0.2538560484916171
2026-11-06 05:00:00,7420.0,60.05322969885582,15540.053229698866,15539.794875409094,0.2583542897722859
2026-11-06 06:00:00,7421.0,62.153980192583795,15542.153980192592,15541.891443779048,0.26253641354389884
2026-11-06 07:00:00,7422.0,64.25440356601439,15544.254403566025,15543.988012149002,0.26639141702266383
2026-11-06 08:00:00,7423.0,66.35448907864998,15546.35448907866,15546.084580518956,0.26990855970197875
2026-11-06 09:00:00,7424.0,68.45422628308087,15548.454226283091,15548.18114888891,0.27307739417887655
2026-11-06 10:00:00,7425.0,70.55360505592895,15550.553605055937,15550.277717258867,0.27588779707166305
2026-11-06 11:00:00,7426.0,72.65261562910699,15552.652615629117,15552.37428562882,0.278330000295812
2026-11-06 12:00:00,7427.0,74.75124862159939,15554.75124862161,15554.470853998775,0.28039462283490774
2026-11-06 13:00:00,7428.0,76.8494950719774,15556.849495071987,15556.56742236873,0.2820727032574149
2026-11-06 14:00:00,7429.0,78.94734647184096,15558.947346471852,15558.663990738683,0.28335573316817486
2026-11-06 15:00:00,7430.0,81.0447948003372,15561.044794800346,15560.760559108638,0.28423569170862045
2026-11-06 16:00:00,7431.0,83.14183260556156,15563.141832605572,15562.857127478592,0.2847051269789756
2026-11-06 17:00:00,7432.0,85.23845293031036,15565.238452930318,15564.953695848546,0.28475708177143855
2026-11-06 18:00:00,7433.0,87.33464936741177,15567.334649367422,15567.050264218504,0.2843851489177363
2026-11-06 19:00:00,7434.0,89.43041620553159,15569.43041620554,15569.14683258846,0.283583617080459
2026-11-06 20:00:00,7435.0,91.5257484555075,15571.525748455519,15571.243400958414,0.2823474971045403
2026-11-06 21:00:00,7436.0,93.62064186267229,15573.620641862683,15573.339969328368,0.28067253431526706
2026-11-06 22:00:00,7437.0,95.71509292695876,15575.715092926968,15575.436537698322,0.2785552286458463
2026-11-06 23:00:00,7438.0,97.8090989413277,15577.809098941336,15577.533106068277,0.2759928730589137
2026-11-07 00:00:00,7439.0,99.9026580503294,15579.90265805034,15579.62967443823,0.27298361210863586
2026-11-07 01:00:00,7440.0,101.99576932434212,15581.99576932435,15581.726242808185,0.26952651616518847
2026-11-07 02:00:00,7441.0,104.08843284109616,15584.088432841103,15583.82281117814,0.2656216629639741
2026-11-07 03:00:00,7442.0,106.18064976428752,15586.1806497643,15585.919379548095,0.26127021620410046
2026-11-07 04:00:00,7443.0,108.27242240914626,15588.272422409154,15588.01594791805,0.2564744911062788
2026-11-07 05:00:00,7444.0,110.36375428643287,15590.363754286444,15590.112516288003,0.25123799843943595
2026-11-07 06:00:00,7445.0,112.45465011912,15592.45465011913,15592.209084657958,0.24556546117318226
2026-11-07 07:00:00,7446.0,114.54511582957295,15594.545115829584,15594.305653027912,0.2394628016717284
2026-11-07 08:00:00,7447.0,116.63515849893703,15596.635158498946,15596.402221397866,0.23293710108049182
2026-11-07 09:00:00,7448.0,118.72478630422836,15598.724786304238,15598.49878976782,0.22599653641604844
2026-11-07 10:00:00,7449.0,120.81400844186862,15600.81400844188,15600.595358137776,0.21865030410417305
2026-11-07 11:00:00,7450.0,122.90283504869898,15602.902835048708,15602.69192650773,0.21090854097750739
2026-11-07 12:00:00,7451.0,124.99127713250097,15604.99127713251,15604.788494877685,0.20278225482568046
2026-11-07 13:00:00,7452.0,127.07934652349115,15607.0793465235,15606.885063247639,0.1942832758611637
2026-11-07 14:00:00,7453.0,129.1670558560174,15609.167055856027,15608.981631617593,0.1854242384351018
2026-11-07 15:00:00,7454.0,131.25441858583545,15611.254418585846,15611.078199987547,0.176218598298819
2026-11-07 16:00:00,7455.0,133.34144904318163,15613.34144904319,15613.174768357501,0.1666806856878366
2026-11-07 17:00:00,7456.0,135.42816251598722,15615.428162515995,15615.271336727455,0.15682578853861792
2026-11-07 18:00:00,7457.0,137.51457535196602,15617.514575351977,15617.367905097411,0.1466702545659521
2026-11-07 19:00:00,7458.0,139.60070473680028,15619.600704736808,15619.464473467366,0.13623126944282626
2026-11-07 20:00:00,7459.0,141.6865685245796,15621.686568524588,15621.56104183732,0.12552668726963503
2026-11-07 21:00:00,7460.0,143.7721855077564,15623.772185507765,15623.657610207274,0.11457530049202981
2026-11-07 22:00:00,7461.0,145.85757527175272,15625.85757527176,15625.754178577228,0.10339669453298003
2026-11-07 23:00:00,7462.0,147.94275817536118,15627.94275817537,15627.850746947182,0.09201122818630753
2026-11-08 00:00:00,7463.0,150.0277553067142,15630.027755306724,15629.947315317137,0.08043998958681765
2026-11-08 01:00:00,7464.0,152.11258843093754,15632.112588430948,15632.04388368709,0.06870474385582483
2026-11-08 02:00:00,7465.0,154.1972799375183,15634.197279937529,15634.140452057047,0.05682788048287012
2026-11-08 03:00:00,7466.0,156.28185279010944,15636.281852790118,15636.237020427001,0.04483236311753591
2026-11-08 04:00:00,7467.0,158.36633047811208,15638.36633047812,15638.333588796955,0.032741681165576526
2026-11-08 05:00:00,7468.0,160.45073696736975,15640.45073696738,15640.43015716691,0.02057980046986336
2026-11-08 06:00:00,7469.0,162.53509664630826,15642.535096646317,15642.526725536867,0.008371109451228114
2026-11-08 07:00:00,7470.0,164.61943426363302,15644.619434263643,15644.623293906821,-0.0038596431795200757
2026-11-08 08:00:00,7471.0,166.70377485408997,15646.7037748541,15646.719862276776,-0.01608742267538402
2026-11-08 09:00:00,7472.0,168.78814364968474,15648.788143649694,15648.81643064673,-0.028286997035945182
2026-11-08 10:00:00,7473.0,170.87256597502886,15650.872565975036,15650.912999016684,-0.04043304164791804
2026-11-08 11:00:00,7474.0,172.95706712702673,15652.957067127034,15653.00956738664,-0.05250025960436322
2026-11-08 12:00:00,7475.0,175.04167224081357,15655.041672240823,15655.106135756594,-0.06446351577122492
2026-11-08 13:00:00,7476.0,177.1264061455649,15657.126406145575,15657.202704126548,-0.0762979809730192
2026-11-08 14:00:00,7477.0,179.21129321538325,15659.211293215392,15659.299272496502,-0.08797928110945089
2026-11-08 15:00:00,7478.0,-178.70364277822432,15661.296357221783,15661.395840866457,-0.09948364467289827
2026-11-08 16:00:00,7479.0,-176.61837880487778,15663.38162119513,15663.49240923641,-0.11078804128014401
2026-11-08 17:00:00,7480.0,-174.5328926971495,15665.46710730286,15665.588977606365,-0.12187030350604111
2026-11-08 18:00:00,7481.0,-172.44716324834747,15667.552836751662,15667.685545976321,-0.13270922465854745
2026-11-08 19:00:00,7482.0,-170.36117028012154,15669.638829719886,15669.782114346275,-0.14328462638846365
2026-11-08 20:00:00,7483.0,-168.2748946758748,15671.725105324134,15671.87868271623,-0.15357739209533317
2026-11-08 21:00:00,7484.0,-166.18831837907672,15673.81168162093,15673.975251086184,-0.1635694652534019
2026-11-08 22:00:00,7485.0,-164.10142456732217,15675.898575432684,15676.071819456138,-0.1732440234531989
2026-11-08 23:00:00,7486.0,-162.01419746275917,15677.985802537249,15678.168387826092,-0.18258528884414107
2026-11-09 00:00:00,7487.0,-159.92662245481438,15680.073377545192,15680.264956196046,-0.19157865085407316
2026-11-09 01:00:00,7488.0,-157.8386862565037,15682.161313743503,15682.361524566,-0.20021082249709296
2026-11-09 02:00:00,7489.0,-155.75037680240217,15684.249623197607,15684.458092935956,-0.20846973834827812
2026-11-09 03:00:00,7490.0,-153.66168321209634,15686.338316787911,15686.55466130591,-0.21634451799814589
2026-11-09 04:00:00,7491.0,-151.5725957897052,15688.427404210304,15688.651229675865,-0.22382546556086322
2026-11-09 05:00:00,7492.0,-149.4831060363699,15690.516893963639,15690.747798045819,-0.2309040821806964
2026-11-09 06:00:00,7493.0,-147.39320665897566,15692.606793341032,15692.844366415773,-0.23757307474092984
2026-11-09 07:00:00,7494.0,-145.30289156447822,15694.69710843553,15694.940934785727,-0.24382635019688062
2026-11-09 08:00:00,7495.0,-143.2121558347925,15696.787844165217,15697.037503155681,-0.2496589904652924
2026-11-09 09:00:00,7496.0,-141.12099568203348,15698.879004317974,15699.134071525637,-0.25506720766166663
2026-11-09 10:00:00,7497.0,-139.02940838779156,15700.970591612215,15701.230639895592,-0.26004828337558594
2026-11-09 11:00:00,7498.0,-136.93739223293306,15703.062607767073,15703.327208265546,-0.2646004984717504
2026-11-09 12:00:00,7499.0,-134.84494642604017,15705.155053573966,15705.4237766355,-0.26872306153289116
2026-11-09 13:00:00,7500.0,-132.7520710390012,15707.247928961006,15707.520345005454,-0.272416044448297
2026-11-09 14:00:00,7501.0,-130.65876695743108,15709.341233042578,15709.616913375408,-0.27568033283095117
2026-11-09 15:00:00,7502.0,-128.56503585161028,15711.434964148397,15711.713481745363,-0.27851759696609063
2026-11-09 16:00:00,7503.0,-126.47088017060359,15713.529119829405,15713.810050115317,-0.2809302859129819
2026-11-09 17:00:00,7504.0,-124.37630315833702,15715.62369684167,15715.906618485275,-0.28292164360371835
2026-11-09 18:00:00,7505.0,-122.28130888592779,15717.718691114082,15718.003186855229,-0.28449574114829224
2026-11-09 19:00:00,7506.0,-120.18590228977129,15719.814097710238,15720.099755225185,-0.2856575149466981
2026-11-09 20:00:00,7507.0,-118.09008920013714,15721.90991079987,15722.196323595139,-0.28641279526812463
2026-11-09 21:00:00,7508.0,-115.99387634066852,15724.006123659341,15724.292891965093,-0.2867683057526513
2026-11-09 22:00:00,7509.0,-113.89727127555797,15726.10272872445,15726.389460335047,-0.286731610597552
2026-11-09 23:00:00,7510.0,-111.80028227855493,15728.199717721453,15728.486028705001,-0.28631098354897605
2026-11-10 00:00:00,7511.0,-109.70291809646889,15730.29708190354,15730.582597074956,-0.2855151714160539
2026-11-10 01:00:00,7512.0,-107.60518791999893,15732.394812080009,15732.67916544491,-0.2843533649022082
2026-11-10 02:00:00,7513.0,-105.507101457883,15734.492898542127,15734.775733814866,-0.2828352727384382
2026-11-10 03:00:00,7514.0,-103.40866865225928,15736.591331347749,15736.87230218482,-0.28097083707039217
2026-11-10 04:00:00,7515.0,-101.30989969338243,15738.690100306627,15738.968870554774,-0.27877024814693163
2026-11-10 05:00:00,7516.0,-99.21080492001434,15740.789195079995,15741.065438924728,-0.2762438447342678
2026-11-10 06:00:00,7517.0,-97.11139474833809,15742.888605251672,15743.162007294683,-0.27340204301158244
2026-11-10 07:00:00,7518.0,-95.01167961535108,15744.988320384658,15745.258575664637,-0.2702552799793424
2026-11-10 08:00:00,7519.0,-92.91166992965982,15747.088330070346,15747.355144034591,-0.2668139642444649
2026-11-10 09:00:00,7520.0,-90.81137602671174,15749.188623973294,15749.451712404545,-0.2630884312511353
2026-11-10 10:00:00,7521.0,-88.71080812769007,15751.289191872318,15751.548280774501,-0.25908890218213737
2026-11-10 11:00:00,7522.0,-86.6099763022703,15753.390023697739,15753.644849144455,-0.25482544671633944
2026-11-10 12:00:00,7523.0,-84.50889043570321,15755.491109564304,15755.74141751441,-0.2503079501048131
2026-11-10 13:00:00,7524.0,-82.40756020059614,15757.592439799411,15757.837985884364,-0.2455460849531562
2026-11-10 14:00:00,7525.0,-80.30599503353737,15759.694004966472,15759.934554254318,-0.24054928784680726
2026-11-10 15:00:00,7526.0,-78.2042041164767,15761.79579588353,15762.031122624272,-0.2353267407411878
2026-11-10 16:00:00,7527.0,-76.10219636260254,15763.897803637406,15764.127690994226,-0.2298873568202945
2026-11-10 17:00:00,7528.0,-73.99998040635862,15766.00001959365,15766.224259364182,-0.2242397705306219
2026-11-10 18:00:00,7529.0,-71.89756459721787,15768.102435402792,15768.320827734136,-0.2183923313442221
2026-11-10 19:00:00,7530.0,-69.79495699685329,15770.205043003156,15770.41739610409,-0.21235310093498264
2026-11-10 20:00:00,7531.0,-67.69216537939785,15772.30783462061,15772.513964474045,-0.20612985343592077
2026-11-10 21:00:00,7532.0,-65.58919723454251,15774.410802765466,15774.610532843999,-0.19973007853322705
2026-11-10 22:00:00,7533.0,-63.48605977327505,15776.513940226732,15776.707101213953,-0.1931609872211864
2026-11-10 23:00:00,7534.0,-61.38275993609979,15778.617240063908,15778.803669583907,-0.1864295199997652
2026-11-11 00:00:00,7535.0,-59.27930440360291,15780.720695596407,15780.900237953862,-0.1795423574562403
2026-11-11 01:00:00,7536.0,-57.175699609239835,15782.824300390768,15782.996806323818,-0.17250593304848455
2026-11-11 02:00:00,7537.0,-55.07195175422803,15784.92804824578,15785.093374693772,-0.16532644799220172
2026-11-11 03:00:00,7538.0,-52.96806682443668,15787.03193317557,15787.189943063726,-0.15800988815440453
2026-11-11 04:00:00,7539.0,-50.86405065333752,15789.135949346672,15789.286511433684,-0.15056208701231646
2026-11-11 05:00:00,7540.0,-48.75990882486588,15791.240091175141,15791.383079803638,-0.14298862849714603
2026-11-11 06:00:00,7541.0,-46.65564675015558,15793.344353249853,15793.479648173592,-0.13529492373939545
2026-11-11 07:00:00,7542.0,-44.55126976668901,15795.448730233318,15795.576216543546,-0.1274863102280725
2026-11-11 08:00:00,7543.0,-42.44678313149007,15797.553216868517,15797.6727849135,-0.11956804498425337
2026-11-11 09:00:00,7544.0,-40.34219202300364,15799.657807977006,15799.769353283455,-0.11154530645007754
2026-11-11 10:00:00,7545.0,-38.2375015545223,15801.762498445487,15801.86592165341,-0.10342320792341086
2026-11-11 11:00:00,7546.0,-36.13271679807402,15803.867283201933,15803.962490023365,-0.09520682143083453
2026-11-11 12:00:00,7547.0,-34.02784281512806,15805.972157184879,15806.059058393319,-0.08690120844009888
2026-11-11 13:00:00,7548.0,-31.92288468918397,15808.077115310825,15808.155626763273,-0.07851145244854461
2026-11-11 14:00:00,7549.0,-29.81784755512091,15810.182152444886,15810.252195133227,-0.0700426883406912
2026-11-11 15:00:00,7550.0,-27.712736620913372,15812.287263379094,15812.348763503182,-0.061500124088881614
2026-11-11 16:00:00,7551.0,-25.607557178754327,15814.392442821254,15814.445331873136,-0.05288905188206853
2026-11-11 17:00:00,7552.0,-23.50231460453641,15816.497685395472,15816.54190024309,-0.044214847617739854
2026-11-11 18:00:00,7553.0,-21.39701434677898,15818.60298565323,15818.638468613046,-0.03548295981547198
2026-11-11 19:00:00,7554.0,-19.291661908198662,15820.70833809181,15820.735036983,-0.026698891189457535
2026-11-11 20:00:00,7555.0,-17.186262824946848,15822.813737175062,15822.831605352954,-0.01786817789235815
2026-11-11 21:00:00,7556.0,-15.080822649833207,15824.919177350175,15824.928173722908,-0.008996372732560678
2026-11-11 22:00:00,7557.0,-12.975346946397504,15827.02465305361,15827.024742092863,-8.903925315478537e-05
2026-11-11 23:00:00,7558.0,-10.869841300302218,15829.130158699705,15829.121310462817,0.008848236888500373
2026-11-12 00:00:00,7559.0,-8.764311353080808,15831.235688646928,15831.217878832771,0.017809814156618337
2026-11-12 01:00:00,7560.0,-6.658762860764518,15833.341237139242,15833.314447202727,0.02678993651625834
2026-11-12 02:00:00,7561.0,-4.55320177642321,15835.446798223584,15835.411015572681,0.035782650903783526
2026-11-12 03:00:00,7562.0,-2.4476343514474377,15837.55236564856,15837.507583942635,0.044781705924616826
2026-11-12 04:00:00,7563.0,-0.3420672459207155,15839.657932754086,15839.60415231259,0.05378044149684814
2026-11-12 05:00:00,7564.0,1.7634923656296584,15841.763492365637,15841.700720682544,0.06277168309356741
2026-11-12 06:00:00,7565.0,3.86903670949561,15843.869036709504,15843.797289052498,0.07174765700515284
2026-11-12 07:00:00,7566.0,5.9745575932540875,15845.974557593263,15845.893857422452,0.08070017080994833
2026-11-12 08:00:00,7567.0,8.080046589001686,15848.080046589012,15847.990425792406,0.08962079660352518
2026-11-12 09:00:00,7568.0,10.185494815527862,15850.185494815536,15850.086994162362,0.09850065317475615
2026-11-12 10:00:00,7569.0,12.290893060466521,15852.290893060475,15852.183562532317,0.1073305281586566
2026-11-12 11:00:00,7570.0,14.396231810487429,15854.396231810495,15854.28013090227,0.1161009082244792
2026-11-12 12:00:00,7571.0,16.501501273356524,15856.501501273366,15856.376699272225,0.12480200114113024
2026-11-12 13:00:00,7572.0,18.60669139452178,15858.60669139453,15858.473267642179,0.1334237523514725
2026-11-12 14:00:00,7573.0,20.711791870340473,15860.711791870348,15860.569836012133,0.14195585821483184
2026-11-12 15:00:00,7574.0,22.816792159448934,15862.816792159458,15862.666404382087,0.15038777737027956
2026-11-12 16:00:00,7575.0,24.921681493261318,15864.92168149327,15864.762972752045,0.15870874122381154
2026-11-12 17:00:00,7576.0,27.026448886228426,15867.026448886238,15866.859541122,0.16690776423685755
2026-11-12 18:00:00,7577.0,29.131083146276445,15869.131083146283,15868.956109491955,0.17497365432878142
2026-11-12 19:00:00,7578.0,31.235572885740314,15871.23557288575,15871.05267786191,0.1828950238395661
2026-11-12 20:00:00,7579.0,33.339906533057764,15873.339906533067,15873.149246231864,0.19066030120250016
2026-11-12 21:00:00,7580.0,35.44407234546195,15875.44407234547,15875.245814601818,0.1982577436525548
2026-11-12 22:00:00,7581.0,37.548058422875144,15877.548058422883,15877.342382971772,0.20567545111049734
2026-11-12 23:00:00,7582.0,39.65185272315496,15879.651852723162,15879.438951341726,0.21290138143489767
2026-11-13 00:00:00,7583.0,41.755443078779834,15881.755443078788,15881.53551971168,0.21992336710716553
2026-11-13 01:00:00,7584.0,43.85881721499212,15883.858817215001,15883.632088081637,0.22672913336590272
2026-11-13 02:00:00,7585.0,45.96196276936004,15885.961962769368,15885.72865645159,0.23330631777754318
2026-11-13 03:00:00,7586.0,48.06486731268877,15888.064867312696,15887.825224821545,0.23964249115208766
2026-11-13 04:00:00,7587.0,50.167518371215536,15890.167518371225,15889.9217931915,0.2457251797257678
2026-11-13 05:00:00,7588.0,52.269903450070004,15892.269903450077,15892.018361561453,0.2515418886236672
2026-11-13 06:00:00,7589.0,54.37201005806691,15894.372010058076,15894.114929931407,0.25708012666743757
2026-11-13 07:00:00,7590.0,56.47382573401544,15896.473825734023,15896.211498301362,0.2623274326616411
2026-11-13 08:00:00,7591.0,58.57533807486477,15898.575338074872,15898.308066671316,0.2672714035560617
2026-11-13 09:00:00,7592.0,60.676534766140854,15900.67653476615,15900.404635041272,0.27189972487806585
2026-11-13 10:00:00,7593.0,62.77740364433596,15902.777403644344,15902.501203411226,0.2762002331182924
2026-11-13 11:00:00,7594.0,64.87793261634656,15904.877932616355,15904.59777178118,0.2801608351747848
2026-11-13 12:00:00,7595.0,66.97810978206915,15906.978109782076,15906.694340151134,0.28376963094225527
2026-11-13 13:00:00,7596.0,69.07792350439269,15909.077923504401,15908.790908521089,0.2870149833123784
2026-11-13 14:00:00,7597.0,71.17736240428981,15911.1773624043,15910.887476891043,0.2898855132558903
2026-11-13 15:00:00,7598.0,73.27641538674395,15913.276415386752,15912.984045260997,0.29237012575393084
2026-11-13 16:00:00,7599.0,75.37507168455846,15915.375071684564,15915.080613630951,0.29445805361295774
2026-11-13 17:00:00,7600.0,77.47332091087524,15917.473320910882,15917.177182000907,0.29613890997555176
2026-11-13 18:00:00,7601.0,79.57115311457638,15919.571153114584,15919.273750370861,0.29740274372333847
2026-11-13 19:00:00,7602.0,81.66855883556045,15921.668558835569,15921.370318740815,0.2982400947528909
2026-11-13 20:00:00,7603.0,83.76552915910582,15923.765529159113,15923.46688711077,0.29864204834296143
2026-11-13 21:00:00,7604.0,85.86205577011991,15925.862055770129,15925.563455480724,0.2986002894044644
2026-11-13 22:00:00,7605.0,87.95813100901272,15927.958131009022,15927.660023850678,0.2981071583426197
2026-11-13 23:00:00,7606.0,90.05374793124464,15930.053747931252,15929.756592220632,0.29715571061891966
2026-11-14 00:00:00,7607.0,92.14890037232462,15932.148900372333,15931.853160590588,0.29573978174558657
2026-11-14 01:00:00,7608.0,94.24358301925061,15934.243583019257,15933.949728960542,0.2938540587156397
2026-11-14 02:00:00,7609.0,96.33779148818755,15936.337791488195,15936.046297330497,0.2914941576992152
2026-11-14 03:00:00,7610.0,98.43152240669237,15938.431522406701,15938.142865700454,0.2886567062474197
2026-11-14 04:00:00,7611.0,100.52477349716628,15940.524773497174,15940.239434070409,0.28533942676636875
2026-11-14 05:00:00,7612.0,102.6175436565959,15942.617543656605,15942.336002440363,0.28154121624254863
2026-11-14 06:00:00,7613.0,104.70983302619204,15944.7098330262,15944.432570810317,0.27726221588159516
2026-11-14 07:00:00,7614.0,106.80164304338653,15946.801643043396,15946.529139180271,0.2725038631240521
2026-11-14 08:00:00,7615.0,108.89297646788907,15948.892976467898,15948.625707550225,0.2672689176711627
2026-11-14 09:00:00,7616.0,110.9838373731508,15950.983837373158,15950.722275920181,0.26156145297787853
2026-11-14 10:00:00,7617.0,113.07423109450316,15953.074231094512,15952.818844290136,0.25538680437714767
2026-11-14 11:00:00,7618.0,115.16416412512832,15955.164164125137,15954.91541266009,0.24875146504839799
2026-11-14 12:00:00,7619.0,117.25364395029285,15957.253643950302,15957.011981030044,0.24166292025822306
2026-11-14 13:00:00,7620.0,119.34267903924793,15959.342679039255,15959.108549399998,0.23412963925724464
2026-11-14 14:00:00,7621.0,121.4312788969363,15961.431278896946,15961.205117769952,0.22616112699298038
2026-11-14 15:00:00,7622.0,123.51945399668774,15963.519453996698,15963.301686139906,0.21776785678996877
2026-11-14 16:00:00,7623.0,125.60721587481441,15965.607215874823,15965.39825450986,0.20896136496236564
2026-11-14 17:00:00,7624.0,127.69457711952168,15967.69457711953,15967.494822879817,0.19975423971446965
2026-11-14 18:00:00,7625.0,129.78155137789372,15969.7815513779,15969.59139124977,0.19016012813000405
2026-11-14 19:00:00,7626.0,131.8681533633089,15971.868153363315,15971.687959619725,0.18019374359130746
2026-11-14 20:00:00,7627.0,133.954398854856,15973.954398854863,15973.78452798968,0.16987086518332342
2026-11-14 21:00:00,7628.0,136.0403046858872,15976.040304685896,15975.881096359633,0.15920832626192347
2026-11-14 22:00:00,7629.0,138.12588872195127,15978.125888721961,15977.977664729588,0.14822399237220668
2026-11-14 23:00:00,7630.0,140.21116982985907,15980.211169829867,15980.074233099542,0.13693673032434794
2026-11-15 00:00:00,7631.0,142.2961678401361,15982.296167840144,15982.170801469498,0.12536637064819342
2026-11-15 01:00:00,7632.0,144.38090350501338,15984.380903505022,15984.267369839452,0.11353366556963451
2026-11-15 02:00:00,7633.0,146.4653984536555,15986.465398453664,15986.363938209406,0.10146024425771016
2026-11-15 03:00:00,7634.0,148.54967514568645,15988.549675145696,15988.46050657936,0.08916856633578747
2026-11-15 04:00:00,7635.0,150.63375682335086,15990.63375682336,15990.557074949314,0.07668187404439092
2026-11-15 05:00:00,7636.0,152.7176674619076,15992.717667461915,15992.653643319269,0.06402414264531198
2026-11-15 06:00:00,7637.0,154.8014317171449,15994.801431717155,15994.750211689223,0.05122002793034532
2026-11-15 07:00:00,7638.0,156.88507486826964,15996.885074868276,15996.846780059177,0.03829480909873029
2026-11-15 08:00:00,7639.0,158.968622753911,15998.968622753917,15998.943348429133,0.025274324785356916
2026-11-15 09:00:00,7640.0,161.0521016986284,16001.052101698637,16001.039916799087,0.012184899549547039
2026-11-15 10:00:00,7641.0,163.135538427181,16003.135538427188,16003.136485169041,-0.0009467418527514983
2026-11-15 11:00:00,7642.0,165.21895996395128,16005.21895996396,16005.233053538996,-0.014093575035152307
2026-11-15 12:00:00,7643.0,167.30239351536423,16007.302393515372,16007.32962190895,-0.027228393577285247
2026-11-15 13:00:00,7644.0,169.3858663339554,16009.385866333963,16009.426190278904,-0.040323944941246186
2026-11-15 14:00:00,7645.0,171.46940556394867,16011.469405563956,16011.522758648862,-0.05335308490671189
2026-11-15 15:00:00,7646.0,173.55303806983875,16013.553038069846,16013.619327018816,-0.06628894897118447
2026-11-15 16:00:00,7647.0,175.6367902992165,16015.636790299224,16015.71589538877,-0.07910508954639814
2026-11-15 17:00:00,7648.0,177.7206881167628,16017.72068811677,16017.812463758726,-0.09177564195538644
2026-11-15 18:00:00,7649.0,179.8047566825416,16019.80475668255,16019.90903212868,-0.1042754461293591
2026-11-15 19:00:00,7650.0,-178.11097962152212,16021.889020378487,16022.005600498635,-0.11658012014823282
2026-11-15 20:00:00,7651.0,-176.0264972893584,16023.973502710647,16024.102168868589,-0.12866615794075742
2026-11-15 21:00:00,7652.0,-173.9417737644284,16026.058226235578,16026.198737238543,-0.14051100296509286
2026-11-15 22:00:00,7653.0,-171.85678749515924,16028.143212504847,16028.295305608497,-0.15209310365081358
2026-11-15 23:00:00,7654.0,-169.77151797727657,16030.22848202273,16030.391873978451,-0.16339195572216797
2026-11-16 00:00:00,7655.0,-167.68594578729434,16032.314054212711,16032.488442348405,-0.17438813569517142
2026-11-16 01:00:00,7656.0,-165.6000526103915,16034.399947389615,16034.585010718361,-0.1850633287467968
2026-11-16 02:00:00,7657.0,-163.51382126480416,16036.486178735202,16036.681579088316,-0.19540035311232254
2026-11-16 03:00:00,7658.0,-161.42723572376073,16038.572764276247,16038.77814745827,-0.20538318202373004
2026-11-16 04:00:00,7659.0,-159.34028113495913,16040.659718865048,16040.874715828224,-0.21499696317612332
2026-11-16 05:00:00,7660.0,-157.2529438367053,16042.747056163304,16042.971284198178,-0.2242280348753796
2026-11-16 06:00:00,7661.0,-155.1652113691669,16044.834788630838,16045.067852568132,-0.23306393729395422
2026-11-16 07:00:00,7662.0,-153.07707247881518,16046.922927521191,16047.164420938087,-0.2414934168969915
2026-11-16 08:00:00,7663.0,-150.9885171140875,16049.011482885919,16049.260989308043,-0.24950642212369117
2026-11-16 09:00:00,7664.0,-148.8995364106438,16051.100463589362,16051.357557677997,-0.2570940886336058
2026-11-16 10:00:00,7665.0,-146.81012266532568,16053.189877334682,16053.454126047951,-0.2642487132678213
2026-11-16 11:00:00,7666.0,-144.72026929903902,16055.279730700968,16055.550694417905,-0.2709637169367182
2026-11-16 12:00:00,7667.0,-142.62997081019267,16057.370029189813,16057.64726278786,-0.2772335980464734
2026-11-16 13:00:00,7668.0,-140.53922272190152,16059.460777278106,16059.743831157813,-0.2830538797081625
2026-11-16 14:00:00,7669.0,-138.4480215276831,16061.551978472322,16061.840399527768,-0.2884210554454372
2026-11-16 15:00:00,7670.0,-136.3563646415386,16063.643635358469,16063.936967897722,-0.29333253925340474
2026-11-16 16:00:00,7671.0,-134.26425035869846,16065.735749641308,16066.033536267678,-0.2977866263694117
2026-11-16 17:00:00,7672.0,-132.17167783243636,16067.82832216757,16068.130104637632,-0.30178247006120373
2026-11-16 18:00:00,7673.0,-130.07864706961823,16069.921352930389,16070.226673007586,-0.30532007719755766
2026-11-16 19:00:00,7674.0,-127.98515904343745,16072.014840956568,16072.32324137754,-0.30840042097243175
2026-11-16 20:00:00,7675.0,-125.89121581084476,16074.108784189162,16074.419809747495,-0.31102555833206247
2026-11-16 21:00:00,7676.0,-123.7968204473171,16076.203179552691,16076.516378117449,-0.3131985647590393
2026-11-16 22:00:00,7677.0,-121.7019770591773,16078.29802294083,16078.612946487403,-0.31492354657357063
2026-11-16 23:00:00,7678.0,-119.60669071436436,16080.393309285644,16080.709514857359,-0.3162055717148432
2026-11-17 00:00:00,7679.0,-117.51096735278489,16082.489032647221,16082.806083227313,-0.3170505800919233
2026-11-17 01:00:00,7680.0,-115.41481368884406,16084.585186311162,16084.902651597271,-0.3174652861083557
2026-11-17 02:00:00,7681.0,-113.3182371140116,16086.681762885995,16086.999219967225,-0.31745708122910304
2026-11-17 03:00:00,7682.0,-111.22124560387026,16088.778754396137,16089.09578833718,-0.3170339410419894
2026-11-17 04:00:00,7683.0,-109.12384763178541,16090.876152368222,16091.192356707134,-0.316204338911086
2026-11-17 05:00:00,7684.0,-107.02605208986925,16092.973947910137,16093.288925077088,-0.3149771669515811
2026-11-17 06:00:00,7685.0,-104.92786821707199,16095.072131782934,16095.385493447042,-0.3133616641079224
2026-11-17 07:00:00,7686.0,-102.82930553382116,16097.170694466186,16097.482061816996,-0.31136735081087286
2026-11-17 08:00:00,7687.0,-100.73037378249849,16099.26962621751,16099.578630186952,-0.3090039694415987
2026-11-17 09:00:00,7688.0,-98.63108287308114,16101.368917126925,16101.675198556906,-0.30628142998072216
2026-11-17 10:00:00,7689.0,-96.53144283340202,16103.468557166603,16103.77176692686,-0.3032097602561007
2026-11-17 11:00:00,7690.0,-94.431463763648,16105.568536236357,16105.868335296815,-0.2997990604571292
2026-11-17 12:00:00,7691.0,-92.33115579488435,16107.668844205124,16107.964903666769,-0.2960594616452438
2026-11-17 13:00:00,7692.0,-90.23052905154329,16109.769470948462,16110.061472036723,-0.29200108826062754
2026-11-17 14:00:00,7693.0,-88.12959361792633,16111.870406382082,16112.158040406677,-0.2876340245958049
2026-11-17 15:00:00,7694.0,-86.0283595088304,16113.971640491178,16114.254608776631,-0.2829682854543383
2026-11-17 16:00:00,7695.0,-83.92683664439386,16116.073163355612,16116.351177146587,-0.2780137909750836
2026-11-17 17:00:00,7696.0,-81.82503482915482,16118.17496517085,16118.447745516542,-0.27278034569040055
2026-11-17 18:00:00,7697.0,-79.72296373509427,16120.277036264912,16120.544313886496,-0.2672776215838213
2026-11-17 19:00:00,7698.0,-77.62063288807946,16122.379367111927,16122.64088225645,-0.261515144521855
2026-11-17 20:00:00,7699.0,-75.51805165660768,16124.4819483434,16124.737450626404,-0.25550228300469674
2026-11-17 21:00:00,7700.0,-73.41522924105946,16126.584770758947,16126.834018996358,-0.24924823741198335
2026-11-17 22:00:00,7701.0,-71.31217466770823,16128.6878253323,16128.930587366312,-0.24276203401337645
2026-11-17 23:00:00,7702.0,-69.2088967796972,16130.79110322031,16131.027155736267,-0.2360525159567533
2026-11-18 00:00:00,7703.0,-67.10540424218182,16132.894595757823,16133.123724106223,-0.22912834839780538
2026-11-18 01:00:00,7704.0,-65.00170554440919,16134.998294455598,16135.220292476177,-0.22199802057793297
2026-11-18 02:00:00,7705.0,-62.89780899832216,16137.102191001684,16137.316860846131,-0.21466984444658155
2026-11-18 03:00:00,7706.0,-60.793722742692424,16139.206277257314,16139.413429216085,-0.20715195877143439
2026-11-18 04:00:00,7707.0,-58.689454750803,16141.310545249205,16141.50999758604,-0.19945233683443886
2026-11-18 05:00:00,7708.0,-56.58501284041798,16143.41498715959,16143.606565955994,-0.19157879640439762
2026-11-18 06:00:00,7709.0,-54.480404685330974,16145.519595314676,16145.703134325948,-0.1835390112728657
2026-11-18 07:00:00,7710.0,-52.375637828175094,16147.624362171833,16147.799702695904,-0.1753405240700049
2026-11-18 08:00:00,7711.0,-50.27071969440856,16149.729280305597,16149.896271065858,-0.16699076025943138
2026-11-18 09:00:00,7712.0,-48.165657607476014,16151.834342392533,16151.992839435812,-0.15849704327948808
2026-11-18 10:00:00,7713.0,-46.0604588050992,16153.93954119491,16154.089407805766,-0.1498666108569965
2026-11-18 11:00:00,7714.0,-43.95513045650084,16156.044869543508,16156.18597617572,-0.14110663221339623
2026-11-18 12:00:00,7715.0,-41.84967968014117,16158.150320319866,16158.282544545675,-0.13222422580827045
2026-11-18 13:00:00,7716.0,-39.74411356128918,16160.25588643872,16160.379112915633,-0.12322647691351375
2026-11-18 14:00:00,7717.0,-37.638439168507645,16162.361560831501,16162.475681285587,-0.11412045408667153
2026-11-18 15:00:00,7718.0,-35.53266356795174,16164.467336432057,16164.57224965554,-0.10491322348496272
2026-11-18 16:00:00,7719.0,-33.426793834316,16166.57320616569,16166.668818025497,-0.09561185980516658
2026-11-18 17:00:00,7720.0,-31.320837057347212,16168.679162942659,16168.765386395451,-0.0862234527908849
2026-11-18 18:00:00,7721.0,-29.214800343081166,16170.785199656924,16170.861954765405,-0.07675510847993014
2026-11-18 19:00:00,7722.0,-27.108690809314137,16172.891309190692,16172.95852313536,-0.06721394466748033
2026-11-18 20:00:00,7723.0,-25.002515575161333,16174.997484424846,16175.055091505314,-0.05760708046775322
2026-11-18 21:00:00,7724.0,-22.896281744636838,16177.103718255368,16177.151659875268,-0.047941619899290674
2026-11-18 22:00:00,7725.0,-20.78999638359677,16179.21000361641,16179.248228245222,-0.038224628813164165
2026-11-18 23:00:00,7726.0,-18.683666487466265,16181.316333512541,16181.344796615176,-0.028463102636756065
2026-11-19 00:00:00,7727.0,-16.577298932968326,16183.422701067038,16183.441364985132,-0.01866391809365205
2026-11-19 01:00:00,7728.0,-14.47090054320786,16185.5290994568,16185.537933355086,-0.008833898286033851
2026-11-19 02:00:00,7729.0,-12.364478164331908,16187.635521835675,16187.63450172504,0.0010201106349204572
2026-11-19 03:00:00,7730.0,-10.258038718009885,16189.741961281998,16189.731070094995,0.01089118700382778
2026-11-19 04:00:00,7731.0,-8.151589397803892,16191.848410602202,16191.827638464949,0.02077213725401086
2026-11-19 05:00:00,7732.0,-6.045137739866983,16193.95486226014,16193.924206834903,0.03065542523651503
2026-11-19 06:00:00,7733.0,-3.938691657383031,16196.061308342623,16196.020775204857,0.04053313776549013
2026-11-19 07:00:00,7734.0,-1.8322594456748837,16198.167740554334,16198.117343574813,0.05039697952116081
2026-11-19 08:00:00,7735.0,0.2741502334153079,16200.274150233423,16200.213911944767,0.06023828865683377
2026-11-19 09:00:00,7736.0,2.380528379466707,16202.380528379474,16202.310480314722,0.07004806475276742
2026-11-19 10:00:00,7737.0,4.486865686566775,16204.486865686573,16204.407048684676,0.07981700189638326
2026-11-19 11:00:00,7738.0,6.593152576073968,16206.59315257608,16206.50361705463,0.08953552144981593
2026-11-19 12:00:00,7739.0,8.699379225394457,16208.699379225403,16208.600185424584,0.09919380081800493
2026-11-19 13:00:00,7740.0,10.805535590801266,16210.805535590809,16210.696753794538,0.10878179626970873
2026-11-19 14:00:00,7741.0,12.911611423765653,16212.911611423773,16212.793322164493,0.11828925928056876
2026-11-19 15:00:00,7742.0,15.017596281397624,16215.017596281403,16214.889890534449,0.12770574695515097
2026-11-19 16:00:00,7743.0,17.123479532378926,16217.123479532385,16216.986458904403,0.137020627983794
2026-11-19 17:00:00,7744.0,19.22925036021671,16219.229250360224,16219.083027274357,0.14622308586692825
2026-11-19 18:00:00,7745.0,21.334897765763806,16221.33489776577,16221.179595644311,0.15530212145870542
2026-11-19 19:00:00,7746.0,23.440410570767835,16223.440410570776,16223.276164014265,0.1642465565104927
2026-11-19 20:00:00,7747.0,25.545777423761113,16225.54577742377,16225.37273238422,0.1730450395495555
2026-11-19 21:00:00,7748.0,27.65098680892985,16227.650986808938,16227.469300754174,0.18168605476384797
2026-11-19 22:00:00,7749.0,29.756027057758143,16229.756027057765,16229.565869124128,0.19015793363561692
2026-11-19 23:00:00,7750.0,31.86088636229138,16231.8608863623,16231.662437494084,0.19844886821647723
2026-11-20 00:00:00,7751.0,33.9655527878792,16233.965552787886,16233.759005864042,0.20654692384555948
2026-11-20 01:00:00,7752.0,36.07001428232082,16236.07001428233,16235.855574233996,0.2144400483339341
2026-11-20 02:00:00,7753.0,38.17425867753681,16238.174258677544,16237.95214260395,0.22211607359305544
2026-11-20 03:00:00,7754.0,40.27827367932475,16240.278273679332,16240.048710973904,0.22956270542767465
2026-11-20 04:00:00,7755.0,42.38204691749593,16242.382046917503,16242.145279343858,0.23676757364306156
2026-11-20 05:00:00,7756.0,44.48556602618687,16244.485566026193,16244.241847713813,0.243718312379404
2026-11-20 06:00:00,7757.0,46.58881857858704,16246.588818578595,16246.338416083767,0.2504024948274877
2026-11-20 07:00:00,7758.0,48.69179213107765,16248.691792131085,16248.434984453721,0.256807677362786
2026-11-20 08:00:00,7759.0,50.794474250882494,16250.79447425089,16250.531552823677,0.2629214272127226
2026-11-20 09:00:00,7760.0,52.89685254243451,16252.896852542443,16252.628121193631,0.26873134881141003
2026-11-20 10:00:00,7761.0,54.9989146735527,16254.99891467356,16254.724689563585,0.2742251099752579
2026-11-20 11:00:00,7762.0,57.100648402307314,16257.100648402315,16256.82125793354,0.2793904687755558
2026-11-20 12:00:00,7763.0,59.20204160524534,16259.202041605253,16258.917826303494,0.2842153017594081
2026-11-20 13:00:00,7764.0,61.30308230745651,16261.303082307462,16261.014394673448,0.28868763401406666
2026-11-20 14:00:00,7765.0,63.40375871478599,16263.403758714794,16263.110963043402,0.29279567139058077
2026-11-20 15:00:00,7766.0,65.50405924834848,16265.504059248355,16265.207531413358,0.29652783499749796
2026-11-20 16:00:00,7767.0,67.60397258137674,16267.603972581384,16267.304099783312,0.29987279807209277
2026-11-20 17:00:00,7768.0,69.70348767835168,16269.703487678358,16269.400668153266,0.30281952509233506
2026-11-20 18:00:00,7769.0,71.80259383632374,16271.80259383633,16271.49723652322,0.305357313110055
2026-11-20 19:00:00,7770.0,73.90128072834912,16273.901280728356,16273.593804893175,0.307475835181545
2026-11-20 20:00:00,7771.0,75.99953844903924,16275.999538449045,16275.690373263129,0.3091651859151379
2026-11-20 21:00:00,7772.0,78.09735756234703,16278.097357562354,16277.786941633083,0.31041592926929545
2026-11-20 22:00:00,7773.0,80.19472915188055,16280.194729151886,16279.883510003037,0.3112191488487294
2026-11-20 23:00:00,7774.0,82.29164487420935,16282.291644874216,16281.980078372993,0.31156650122291496
2026-11-21 00:00:00,7775.0,84.3880970157701,16284.388097015777,16284.076646742948,0.3114502728304377
2026-11-21 01:00:00,7776.0,86.48407855403059,16286.484078554038,16286.173215112902,0.31086344113683656
2026-11-21 02:00:00,7777.0,88.57958322347417,16288.579583223482,16288.269783482856,0.30979974062566806
2026-11-21 03:00:00,7778.0,90.67460558667466,16290.67460558668,16290.36635185281,0.3082537338703164
2026-11-21 04:00:00,7779.0,92.76914111023598,16292.769141110242,16292.462920222764,0.30622088747810733
2026-11-21 05:00:00,7780.0,94.86318624474164,16294.86318624475,16294.559488592718,0.30369765203062443
2026-11-21 06:00:00,7781.0,96.95673850730073,16296.956738507306,16296.656056962674,0.3006815446327918
2026-11-21 07:00:00,7782.0,99.04979659621378,16299.049796596219,16298.752625332629,0.29717126359115736
2026-11-21 08:00:00,7783.0,101.14236037965314,16301.14236037966,16300.849193702583,0.2931666770766658
2026-11-21 09:00:00,7784.0,103.23443100537796,16303.234431005387,16302.945762072537,0.2886689328492151
2026-11-21 10:00:00,7785.0,105.3260109126776,16305.326010912686,16305.042330442491,0.28368047019415077
2026-11-21 11:00:00,7786.0,107.41710372642822,16307.417103726435,16307.138898812449,0.2782049139854704
2026-11-21 12:00:00,7787.0,109.50771416339957,16309.507714163405,16309.235467182403,0.2722469810014405
2026-11-21 13:00:00,7788.0,111.5978479658992,16311.597847965908,16311.332035552357,0.26581241354921886
2026-11-21 14:00:00,7789.0,113.687511866592,16313.6875118666,16313.428603922312,0.2589079442872076
2026-11-21 15:00:00,7790.0,115.77671358142439,16315.77671358143,16315.525172292266,0.25154128916412
2026-11-21 16:00:00,7791.0,117.86546182386144,16317.865461823869,16317.621740662222,0.24372116164832405
2026-11-21 17:00:00,7792.0,119.95376633219935,16319.953766332206,16319.718309032176,0.23545730003033458
2026-11-21 18:00:00,7793.0,122.04163790182366,16322.041637901832,16321.81487740213,0.22676049970183004
2026-11-21 19:00:00,7794.0,124.12908841539097,16324.129088415399,16323.911445772084,0.21764264331443553
2026-11-21 20:00:00,7795.0,126.2161308655949,16326.2161308656,16326.008014142039,0.2081167235616541
2026-11-21 21:00:00,7796.0,128.30277936711306,16328.302779367119,16328.104582511993,0.19819685512513197
2026-11-21 22:00:00,7797.0,130.38904915627228,16330.38904915628,16330.201150881947,0.18789827433268547
2026-11-21 23:00:00,7798.0,132.47495657872543,16332.474956578733,16332.297719251903,0.17723732683097973
2026-11-22 00:00:00,7799.0,134.5605190668512,16334.56051906686,16334.394287621857,0.1662314450022675
2026-11-22 01:00:00,7800.0,136.64575510954342,16336.645755109552,16336.490855991811,0.1548991177404684
2026-11-22 02:00:00,7801.0,138.7306842174517,16338.730684217458,16338.587424361765,0.14325985569366056
2026-11-22 03:00:00,7802.0,140.81532688648574,16340.815326886493,16340.68399273172,0.13133415477390714
2026-11-22 04:00:00,7803.0,142.89970456143752,16342.899704561445,16342.780561101674,0.11914345977130393
2026-11-22 05:00:00,7804.0,144.98383959987137,16344.983839599876,16344.877129471628,0.10671012824811901
2026-11-22 06:00:00,7805.0,147.06775523395714,16347.067755233964,16346.973697841582,0.09405739238109297
2026-11-22 07:00:00,7806.0,149.1514755246882,16349.151475524694,16349.070266211538,0.08120931315656613
2026-11-22 08:00:00,7807.0,151.2350252989712,16351.235025298978,16351.166834581492,0.06819071748648527
2026-11-22 09:00:00,7808.0,153.31843005546764,16353.318430055475,16353.263402951447,0.055027104028973414
2026-11-22 10:00:00,7809.0,155.40171593598524,16355.401715935994,16355.3599713214,0.04174461459285328
2026-11-22 11:00:00,7810.0,157.48490968232275,16357.484909682329,16357.456539691355,0.0283699909741107
2026-11-22 12:00:00,7811.0,159.56803846695232,16359.56803846696,16359.55310806131,0.014930405649829137
2026-11-22 13:00:00,7812.0,161.6511298314187,16361.651129831425,16361.649676431263,0.0014534001611257502
2026-11-22 14:00:00,7813.0,163.7342115406702,16363.734211540677,16363.74624480122,-0.012033260541393488
2026-11-22 15:00:00,7814.0,165.81731142217188,16365.817311422179,16365.842813171173,-0.025501748994414448
2026-11-22 16:00:00,7815.0,167.90045720205413,16367.90045720206,16367.939381541128,-0.038924339066179155
2026-11-22 17:00:00,7816.0,169.98367634741905,16369.983676347427,16370.035949911082,-0.052273563655002436
2026-11-22 18:00:00,7817.0,172.06699592108959,16372.066995921095,16372.132518281036,-0.0655223599399627
2026-11-22 19:00:00,7818.0,174.1504424525901,16374.150442452597,16374.22908665099,-0.0786441983927491
2026-11-22 20:00:00,7819.0,176.2340418270265,16376.234041827032,16376.325655020944,-0.09161319391245058
2026-11-22 21:00:00,7820.0,178.31781919180568,16378.317819191812,16378.422223390899,-0.10440419908654361
2026-11-22 22:00:00,7821.0,-179.59820112018804,16380.401798879817,16380.518791760855,-0.11699288103716432
2026-11-22 23:00:00,7822.0,-177.51399565325949,16382.486004346747,16382.615360130812,-0.1293557840640922
2026-11-23 00:00:00,7823.0,-175.42954188022554,16384.57045811978,16384.711928500765,-0.14147038098633252
2026-11-23 01:00:00,7824.0,-173.34481824532972,16386.655181754675,16386.80849687072,-0.15331511604510176
2026-11-23 02:00:00,7825.0,-171.25980420143281,16388.740195798575,16388.905065240673,-0.16486944210074536
2026-11-23 03:00:00,7826.0,-169.17448024356892,16390.825519756436,16391.00163361063,-0.17611385419171183
2026-11-23 04:00:00,7827.0,-167.08882794007388,16392.911172059932,16393.098201980585,-0.18702992065086038
2026-11-23 05:00:00,7828.0,-165.0028299614124,16394.997170038594,16395.19477035054,-0.19760031194520422
2026-11-23 06:00:00,7829.0,-162.9164701056958,16397.08352989431,16397.291338720494,-0.20780882618385738
2026-11-23 07:00:00,7830.0,-160.82973331891836,16399.17026668109,16399.387907090448,-0.21764040935959347
2026-11-23 08:00:00,7831.0,-158.7426057074849,16401.25739429252,16401.484475460402,-0.22708116788135083
2026-11-23 09:00:00,7832.0,-156.65507454112955,16403.344925458878,16403.581043830356,-0.23611837147937642
2026-11-23 10:00:00,7833.0,-154.56712824650754,16405.4328717535,16405.67761220031,-0.24474044681195492
2026-11-23 11:00:00,7834.0,-152.47875639646466,16407.52124360354,16407.774180570264,-0.25293696672419197
2026-11-23 12:00:00,7835.0,-150.38994970841603,16409.61005029159,16409.87074894022,-0.2606986486293408
2026-11-23 13:00:00,7836.0,-148.30069996405223,16411.699300035954,16411.967317310173,-0.2680172742199996
2026-11-23 14:00:00,7837.0,-146.21100004386088,16413.788999956145,16414.063885680127,-0.2748857239846103
2026-11-23 15:00:00,7838.0,-144.12084389196858,16415.879156108036,16416.16045405008,-0.28129794204609593
2026-11-23 16:00:00,7839.0,-142.03022633148225,16417.969773668523,16418.257022420035,-0.28724875151259555
2026-11-23 17:00:00,7840.0,-139.9391430566182,16420.06085694339,16420.35359078999,-0.2927338466023095
2026-11-23 18:00:00,7841.0,-137.84759067731957,16422.152409322687,16422.450159159947,-0.2977498372596076
2026-11-23 19:00:00,7842.0,-135.75556678554818,16424.24443321446,16424.5467275299,-0.3022943154424707
2026-11-23 20:00:00,7843.0,-133.6630700198909,16426.336929980116,16426.643295899856,-0.30636591973914856
2026-11-23 21:00:00,7844.0,-131.57010011254877,16428.42989988746,16428.73986426981,-0.30996438235202595
2026-11-23 22:00:00,7845.0,-129.47665790955162,16430.523342090455,16430.836432639764,-0.3130905493098694
2026-11-23 23:00:00,7846.0,-127.3827453607873,16432.61725463922,16432.93300100972,-0.31574637049849325
2026-11-24 00:00:00,7847.0,-125.28836548097826,16434.71163451903,16435.029569379672,-0.3179348606432415
2026-11-24 01:00:00,7848.0,-123.19352228602327,16436.806477713984,16437.126137749627,-0.31966003564334106
2026-11-24 02:00:00,7849.0,-121.09822071118796,16438.90177928882,16439.22270611958,-0.3209268307621325
2026-11-24 03:00:00,7850.0,-119.00246651856925,16440.997533481437,16441.319274489535,-0.3217410080988821
2026-11-24 04:00:00,7851.0,-116.90626620120884,16443.093733798796,16443.41584285949,-0.3221090606929716
2026-11-24 05:00:00,7852.0,-114.80962689035412,16445.19037310965,16445.512411229443,-0.32203811979378344
2026-11-24 06:00:00,7853.0,-112.71255627083994,16447.287443729165,16447.608979599398,-0.3215358702337229
2026-11-24 07:00:00,7854.0,-110.61506250758919,16449.384937492418,16449.70554796935,-0.32061047693654077
2026-11-24 08:00:00,7855.0,-108.51715418401531,16451.48284581599,16451.802116339306,-0.31927052331655364
2026-11-24 09:00:00,7856.0,-106.41884025087246,16453.581159749134,16453.898684709264,-0.3175249601292181
2026-11-24 10:00:00,7857.0,-104.32012998207135,16455.679870017935,16455.995253079218,-0.31538306128493127
2026-11-24 11:00:00,7858.0,-102.22103293239151,16457.778967067617,16458.091821449176,-0.31285438155834017
2026-11-24 12:00:00,7859.0,-100.12155889110743,16459.8784411089,16460.18838981913,-0.3099487102297979
2026-11-24 13:00:00,7860.0,-98.0217178255361,16461.97828217447,16462.284958189084,-0.30667601461418315
2026-11-24 14:00:00,7861.0,-95.92151980962431,16464.07848019038,16464.38152655904,-0.3030463686568873
2026-11-24 15:00:00,7862.0,-93.82097493512106,16466.179025064885,16466.478094928993,-0.29906986410870834
2026-11-24 16:00:00,7863.0,-91.72009337385272,16468.27990662615,16468.574663298947,-0.29475667279429274
2026-11-24 17:00:00,7864.0,-89.61888544327522,16470.38111455673,16470.6712316689,-0.29011711217003344
2026-11-24 18:00:00,7865.0,-87.51736140866672,16472.482638591337,16472.767800038855,-0.28516144751697764
2026-11-24 19:00:00,7866.0,-85.4155315214593,16474.584468478544,16474.86436840881,-0.2798999302646281
2026-11-24 20:00:00,7867.0,-83.31340599862345,16476.68659400138,16476.960936778763,-0.27434277738135565
2026-11-24 21:00:00,7868.0,-81.21099500468489,16478.78900499532,16479.057505148718,-0.2685001533963774
2026-11-24 22:00:00,7869.0,-79.10830863619884,16480.89169136381,16481.15407351867,-0.26238215486440125
2026-11-24 23:00:00,7870.0,-77.00535690854764,16482.994643091457,16483.250641888626,-0.2559987971687157
2026-11-25 00:00:00,7871.0,-74.90214974497668,16485.097850255028,16485.34721025858,-0.24936000355199092
2026-11-25 01:00:00,7872.0,-72.79869696782704,16487.201303032176,16487.443778628534,-0.24247559635850702
2026-11-25 02:00:00,7873.0,-70.69500829195147,16489.304991708053,16489.540346998492,-0.235355290435699
2026-11-25 03:00:00,7874.0,-68.59109332031211,16491.408906679695,16491.636915368446,-0.22800868875038557
2026-11-25 04:00:00,7875.0,-66.48696154174998,16493.513038458255,16493.7334837384,-0.2204452801447732
2026-11-25 05:00:00,7876.0,-64.38262233089345,16495.61737766911,16495.830052108355,-0.21267443924200635
2026-11-25 06:00:00,7877.0,-62.27808495014246,16497.721915049864,16497.92662047831,-0.20470542844589684
2026-11-25 07:00:00,7878.0,-60.17335855363062,16499.826641446376,16500.023188848263,-0.19654740188827205
2026-11-25 08:00:00,7879.0,-58.06845219303558,16501.931547806973,16502.119757218217,-0.18820941124577675
2026-11-25 09:00:00,7880.0,-55.96337482507439,16504.03662517493,16504.21632558817,-0.17970041324048636
2026-11-25 10:00:00,7881.0,-53.85813532047978,16506.141864679525,16506.312893958126,-0.17102927859960565
2026-11-25 11:00:00,7882.0,-51.7527424741939,16508.24725752581,16508.40946232808,-0.16220480226906953
2026-11-25 12:00:00,7883.0,-49.647205016426874,16510.35279498358,16510.506030698034,-0.1532357144543934
2026-11-25 13:00:00,7884.0,-47.541531624117276,16512.458468375888,16512.60259906799,-0.14413069210120336
2026-11-25 14:00:00,7885.0,-45.435730932240126,16514.564269067767,16514.699167437942,-0.134898370177096
2026-11-25 15:00:00,7886.0,-43.329811544446784,16516.67018845556,16516.795735807897,-0.1255473523379469
2026-11-25 16:00:00,7887.0,-41.22378204292165,16518.776217957085,16518.89230417785,-0.116086220766969
2026-11-25 17:00:00,7888.0,-39.117650998510015,16520.8823490015,16520.98887254781,-0.10652354631014817
2026-11-25 18:00:00,7889.0,-37.011426984792756,16522.988573015213,16523.085440917763,-0.09686790254925617
2026-11-25 19:00:00,7890.0,-34.90511866383403,16525.094881336172,16525.182009287717,-0.08712795154268405
2026-11-25 20:00:00,7891.0,-32.798734474385576,16527.20126552562,16527.27857765767,-0.07731213205006815
2026-11-25 21:00:00,7892.0,-30.6922828727988,16529.307717127205,16529.37514602763,-0.06742890042149693
2026-11-25 22:00:00,7893.0,-28.585772396778697,16531.41422760323,16531.471714397583,-0.05748679435435026
2026-11-25 23:00:00,7894.0,-26.479211500874523,16533.520788499132,16533.568282767537,-0.04749426840417128
2026-11-26 00:00:00,7895.0,-24.37260847636545,16535.627391523638,16535.66485113749,-0.03745961385219424
2026-11-26 01:00:00,7896.0,-22.26597144434159,16537.734028555664,16537.761419507446,-0.02739095178120061
2026-11-26 02:00:00,7897.0,-20.159308403565266,16539.84069159644,16539.8579878774,-0.017296280958286357
2026-11-26 03:00:00,7898.0,-18.05262731218727,16541.947372687817,16541.954556247354,-0.0071835595371541735
2026-11-26 04:00:00,7899.0,-15.945936183170055,16544.05406381684,16544.05112461731,0.002939199528095873
2026-11-26 05:00:00,7900.0,-13.839243176207367,16546.160756823796,16546.147692987262,0.013063836534504483
2026-11-26 06:00:00,7901.0,-11.732556673137676,16548.267443326866,16548.244261357217,0.023181969649580518
2026-11-26 07:00:00,7902.0,-9.625885328630863,16550.374114671373,16550.34082972717,0.03328494420155493
2026-11-26 08:00:00,7903.0,-7.51923809273667,16552.480761907267,16552.437398097125,0.04336381014171585
2026-11-26 09:00:00,7904.0,-5.4126242062943275,16554.58737579371,16554.53396646708,0.05340932663010688
2026-11-26 10:00:00,7905.0,-3.306053173883115,16556.693946826123,16556.630534837037,0.06341198908723877
2026-11-26 11:00:00,7906.0,-1.1995347216898864,16558.800465278317,16558.72710320699,0.07336207132519251
2026-11-26 12:00:00,7907.0,0.906921250809452,16560.906921250815,16560.823671576945,0.0832496738700665
2026-11-26 13:00:00,7908.0,3.0133047162440905,16563.01330471625,16562.9202399469,0.09306476934996759
2026-11-26 14:00:00,7909.0,5.119605553880912,16565.119605553886,16565.016808316854,0.10279723703430832
2026-11-26 15:00:00,7910.0,7.225813567944356,16567.22581356795,16567.113376686808,0.11243688114403118
2026-11-26 16:00:00,7911.0,9.331918488342845,16569.33191848835,16569.209945056762,0.12197343158766528
2026-11-26 17:00:00,7912.0,11.437909957692362,16571.437909957698,16571.306513426716,0.13139653098262777
2026-11-26 18:00:00,7913.0,13.543777514958261,16573.543777514962,16573.40308179667,0.14069571829261848
2026-11-26 19:00:00,7914.0,15.649510593427383,16575.649510593434,16575.499650166625,0.14986042680834938
2026-11-26 20:00:00,7915.0,17.755098558814655,16577.75509855882,16577.59621853658,0.15888002224010656
2026-11-26 21:00:00,7916.0,19.86053082178953,16579.860530821796,16579.692786906533,0.16774391526277183
2026-11-26 22:00:00,7917.0,21.965796747801278,16581.96579674781,16581.789355276487,0.17644147131956642
2026-11-26 23:00:00,7918.0,24.07088543594297,16584.070885435947,16583.88592364644,0.18496178950541153
2026-11-27 00:00:00,7919.0,26.175785996418117,16586.175785996424,16585.982492016396,0.19329398002773016
2026-11-27 01:00:00,7920.0,28.280487463492733,16588.280487463497,16588.079060386353,0.20142707714657418
2026-11-27 02:00:00,7921.0,30.384978797297677,16590.384978797305,16590.175628756308,0.20935004099848156
2026-11-27 03:00:00,7922.0,32.48924888721922,16592.489248887225,16592.27219712626,0.21705176096409873
2026-11-27 04:00:00,7923.0,34.59328655691341,16594.59328655692,16594.368765496216,0.22452106070332914
2026-11-27 05:00:00,7924.0,36.69708057094834,16596.697080570953,16596.46533386617,0.23174670478310058
2026-11-27 06:00:00,7925.0,38.80061964305555,16598.80061964306,16598.561902236124,0.23871740693683302
2026-11-27 07:00:00,7926.0,40.90389244596376,16600.903892445967,16600.65847060608,0.24542183989046967
2026-11-27 08:00:00,7927.0,43.006887622803085,16603.006887622807,16602.755038976033,0.2518486467746126
2026-11-27 09:00:00,7928.0,45.109593800107355,16605.109593800113,16604.85160734599,0.25798645412276255
2026-11-27 10:00:00,7929.0,47.211999602503774,16607.211999602507,16606.948175715945,0.2638238865631409
2026-11-27 11:00:00,7930.0,49.31409366925202,16609.314093669258,16609.0447440859,0.26934958335716674
2026-11-27 12:00:00,7931.0,51.41586467286376,16611.41586467287,16611.141312455853,0.27455221701582866
2026-11-27 13:00:00,7932.0,53.5173013400737,16613.517301340078,16613.237880825807,0.27942051427078657
2026-11-27 14:00:00,7933.0,55.618392475423114,16615.61839247543,16615.33444919576,0.28394327966726846
2026-11-27 15:00:00,7934.0,57.71912698763545,16617.719126987642,16617.431017565716,0.2881094219253215
2026-11-27 16:00:00,7935.0,59.819493918806586,16619.81949391881,16619.52758593567,0.2919079831410702
2026-11-27 17:00:00,7936.0,61.919482476221226,16621.919482476227,16621.624154305624,0.2953281705999978
2026-11-27 18:00:00,7937.0,64.01908206640518,16624.01908206641,16623.72072267558,0.29835939083096774
2026-11-27 19:00:00,7938.0,66.11828233095439,16626.11828233096,16625.817291045536,0.30099128542547743
2026-11-27 20:00:00,7939.0,68.2170731839468,16628.21707318395,16627.91385941549,0.30321376846255826
2026-11-27 21:00:00,7940.0,70.31544485164326,16630.31544485165,16630.010427785444,0.3050170662069834
2026-11-27 22:00:00,7941.0,72.41338791713308,16632.41338791714,16632.1069961554,0.30639176174166083
2026-11-27 23:00:00,7942.0,74.51089337612065,16634.510893376126,16634.203564525353,0.30732885077440913
2026-11-28 00:00:00,7943.0,76.60795271585515,16636.60795271586,16636.300132895307,0.3078198205556105
2026-11-28 01:00:00,7944.0,78.70455789492547,16638.70455789493,16638.39670126526,0.3078566296692207
2026-11-28 02:00:00,7945.0,80.80070149623806,16640.800701496242,16640.493269635215,0.30743186102833947
2026-11-28 03:00:00,7946.0,82.89637684321897,16642.896376843226,16642.58983800517,0.306538838054919
2026-11-28 04:00:00,7947.0,84.99157789997466,16644.991577899982,16644.686406375124,0.3051715248561469
2026-11-28 05:00:00,7948.0,87.08629937182748,16647.086299371833,16646.782974745078,0.3033246267548082
2026-11-28 06:00:00,7949.0,89.18053684157336,16649.180536841577,16648.879543115032,0.300993726544451
2026-11-28 07:00:00,7950.0,91.27428689980562,16651.27428689981,16650.976111484986,0.2981754148235305
2026-11-28 08:00:00,7951.0,93.36754724519204,16653.367547245198,16653.07267985494,0.29486739025544895
2026-11-28 09:00:00,7952.0,95.4603167442897,16655.460316744295,16655.1692482249,0.2910685193975881
2026-11-28 10:00:00,7953.0,97.55259545059286,16657.552595450597,16657.265816594852,0.2867788557475901
2026-11-28 11:00:00,7954.0,99.6443845893883,16659.644384589395,16659.362384964807,0.28199962458905775
2026-11-28 12:00:00,7955.0,101.73568651903996,16661.735686519045,16661.45895333476,0.27673318428669763
2026-11-28 13:00:00,7956.0,103.8265046809705,16663.826504680976,16663.555521704715,0.2709829762605204
2026-11-28 14:00:00,7957.0,105.9168435502826,16665.91684355029,16665.65209007467,0.2647534756211895
2026-11-28 15:00:00,7958.0,108.00670859710556,16668.00670859711,16667.748658444623,0.2580501524879625
2026-11-28 16:00:00,7959.0,110.09610626579203,16670.096106265795,16669.845226814577,0.2508794512195163
2026-11-28 17:00:00,7960.0,112.18504397545162,16672.185043975456,16671.94179518453,0.24324879092527876
2026-11-28 18:00:00,7961.0,114.27353014141445,16674.27353014142,16674.038363554486,0.2351665869348339
2026-11-28 19:00:00,7962.0,116.3615742134812,16676.361574213486,16676.13493192444,0.22664228904681494
2026-11-28 20:00:00,7963.0,118.4491867236423,16678.449186723647,16678.231500294398,0.217686429248827
2026-11-28 21:00:00,7964.0,120.5363793337291,16680.536379333735,16680.328068664352,0.20831066938200293
2026-11-28 22:00:00,7965.0,122.62316487256813,16682.623164872573,16682.424637034306,0.1985278382662695
2026-11-28 23:00:00,7966.0,124.7095573529873,16684.70955735299,16684.52120540426,0.18835194873061473
2026-11-29 00:00:00,7967.0,126.79557196178757,16686.795571961793,16686.617773774215,0.1777981875786161
2026-11-29 01:00:00,7968.0,128.881225020801,16688.881225020807,16688.71434214417,0.1668828766360599
2026-11-29 02:00:00,7969.0,130.96653392462568,16690.96653392463,16690.810910514127,0.1556234105052982
2026-11-29 03:00:00,7970.0,133.05151707069612,16693.051517070704,16692.90747888408,0.14403818662357895
2026-11-29 04:00:00,7971.0,135.13619397321216,16695.136193973216,16695.004047254035,0.13214671918247423
2026-11-29 05:00:00,7972.0,137.22058527445589,16697.22058527446,16697.10061562399,0.11996965047162131
2026-11-29 06:00:00,7973.0,139.3047125635628,16699.304712563568,16699.197183993943,0.10752856962639187
2026-11-29 07:00:00,7974.0,141.38859839820736,16701.38859839821,16701.293752363898,0.09484603431550918
2026-11-29 08:00:00,7975.0,143.4722662414961,16703.4722662415,16703.39032073385,0.08194550764861394
2026-11-29 09:00:00,7976.0,145.55574041624035,16705.555740416246,16705.486889103806,0.06885131243978607
2026-11-29 10:00:00,7977.0,147.63904606020103,16707.639046060205,16707.58345747376,0.055588586444876256
2026-11-29 11:00:00,7978.0,149.72220907067492,16709.72220907068,16709.680025843714,0.04218322696509795
2026-11-29 12:00:00,7979.0,151.8052560312096,16711.805256031217,16711.77659421367,0.02866181754750626
2026-11-29 13:00:00,7980.0,153.8882141171563,16713.888214117163,16713.873162583623,0.01505153353850298
2026-11-29 14:00:00,7981.0,155.97111098011325,16715.971110980117,16715.969730953577,0.0013800265392212325
2026-11-29 15:00:00,7982.0,158.05397461399969,16718.053974614006,16718.06629932353,-0.012324709527479489
2026-11-29 16:00:00,7983.0,160.1368332074989,16720.136833207504,16720.162867693485,-0.026034485983351438
2026-11-29 17:00:00,7984.0,162.21971498889806,16722.219714988903,16722.259436063443,-0.039721074536618196
2026-11-29 18:00:00,7985.0,164.30264806994396,16724.30264806995,16724.356004433397,-0.053356363446497086
2026-11-29 19:00:00,7986.0,166.38566029525242,16726.38566029526,16726.45257280335,-0.06691250809238805
2026-11-29 20:00:00,7987.0,168.46877910310243,16728.46877910311,16728.549141173306,-0.08036207019606464
2026-11-29 21:00:00,7988.0,170.55203140218137,16730.55203140219,16730.64570954326,-0.09367814107208645
2026-11-29 22:00:00,7989.0,172.63544346711035,16732.635443467116,16732.742277913214,-0.1068344460989953
2026-11-29 23:00:00,7990.0,174.7190408534891,16734.719040853495,16734.838846283168,-0.11980542967198153
2026-11-30 00:00:00,7991.0,176.80284833092162,16736.802848330928,16736.935414653122,-0.13256632219381334
2026-11-30 01:00:00,7992.0,178.88688983024585,16738.88688983025,16739.031983023076,-0.14509319282665148
2026-11-30 02:00:00,7993.0,-179.0288116006733,16740.97118839933,16741.12855139303,-0.15736299370104695
2026-11-30 03:00:00,7994.0,-176.94423383925218,16743.055766160753,16743.225119762985,-0.16935360223268667
2026-11-30 04:00:00,7995.0,-174.85935573476408,16745.14064426524,16745.32168813294,-0.1810438676991487
2026-11-30 05:00:00,7996.0,-172.77415716239048,16747.22584283761,16747.418256502893,-0.19241366528144468
2026-11-30 06:00:00,7997.0,-170.68861908123205,16749.311380918774,16749.514824872847,-0.2034439540757089
2026-11-30 07:00:00,7998.0,-168.60272342525028,16751.397276574753,16751.611393242805,-0.21411666805258803
2026-11-30 08:00:00,7999.0,-166.51645341744543,16753.483546582556,16753.70796161276,-0.2244150302036297
2026-11-30 09:00:00,8000.0,-164.42979340417858,16755.570206595825,16755.804529982717,-0.23432338688944532
2026-11-30 10:00:00,8001.0,-162.34272873765906,16757.657271262346,16757.90109835267,-0.24382709032467723
2026-11-30 11:00:00,8002.0,-160.25524592158075,16759.744754078423,16759.997666722626,-0.252912644199975
2026-11-30 12:00:00,8003.0,-158.16733266284618,16761.83266733716,16762.09423509258,-0.26156775542091804
2026-11-30 13:00:00,8004.0,-156.07897785782203,16763.92102214218,16764.190803462534,-0.26978132035092045
2026-11-30 14:00:00,8005.0,-153.99017154174342,16766.009828458264,16766.287371832488,-0.2775433742252471
2026-11-30 15:00:00,8006.0,-151.9009048263316,16768.099095173675,16768.383940202442,-0.2848450287685806
2026-11-30 16:00:00,8007.0,-149.81116984499846,16770.188830155006,16770.480508572397,-0.2916784173913674
2026-11-30 17:00:00,8008.0,-147.7209597183841,16772.279040281617,16772.57707694235,-0.2980366607319425
2026-11-30 18:00:00,8009.0,-145.63026854628674,16774.36973145372,16774.673645312305,-0.30391385858596126
2026-11-30 19:00:00,8010.0,-143.53909142593727,16776.460908574067,16776.77021368226,-0.3093051081938253
2026-11-30 20:00:00,8011.0,-141.44742449148907,16778.552575508515,16778.866782052213,-0.3142065436978805
2026-11-30 21:00:00,8012.0,-139.35526496582858,16780.644735034177,16780.963350422167,-0.3186153879920742
2026-11-30 22:00:00,8013.0,-137.26261121355031,16782.737388786452,16783.05991879212,-0.32253000566918283
2026-11-30 23:00:00,8014.0,-135.1694627832595,16784.830537216745,16785.156487162076,-0.3259499453310443
2026-12-01 00:00:00,8015.0,-133.07582042828332,16786.92417957172,16787.25305553203,-0.32887596031213606
2026-12-01 01:00:00,8016.0,-130.98168609732292,16789.01831390268,16789.349623901988,-0.33130999930625143
2026-12-01 02:00:00,8017.0,-128.88706289044842,16791.112937109556,16791.446192271942,-0.33325516238548414
2026-12-01 03:00:00,8018.0,-126.79195498094909,16793.208045019055,16793.542760641896,-0.3347156228381735
2026-12-01 04:00:00,8019.0,-124.69636750966968,16795.303632490333,16795.63932901185,-0.3356965215154579
2026-12-01 05:00:00,8020.0,-122.60030646530637,16797.3996935347,16797.735897381805,-0.33620384710481505
2026-12-01 06:00:00,8021.0,-120.50377857136606,16799.49622142864,16799.83246575176,-0.33624432311930547
2026-12-01 07:00:00,8022.0,-118.40679120772772,16801.593208792277,16801.929034121713,-0.3358253294358842
2026-12-01 08:00:00,8023.0,-116.30935240155867,16803.690647598447,16804.025602491667,-0.33495489322171057
2026-12-01 09:00:00,8024.0,-114.21147092827003,16805.788529071735,16806.12217086162,-0.33364178988790527
2026-12-01 10:00:00,8025.0,-112.11315611599318,16807.88684388401,16808.218739231575,-0.3318953475655367
2026-12-01 11:00:00,8026.0,-110.01441747695173,16809.98558252305,16810.31530760153,-0.32972507847801025
2026-12-01 12:00:00,8027.0,-107.91526505317904,16812.084734946824,16812.411875971484,-0.3271410246597288
2026-12-01 13:00:00,8028.0,-105.81570924004754,16814.184290759957,16814.508444341438,-0.3241535814816167
2026-12-01 14:00:00,8029.0,-103.71576073969611,16816.28423926031,16816.605012711392,-0.3207734510841356
2026-12-01 15:00:00,8030.0,-101.61543051755127,16818.384569482452,16818.701581081346,-0.3170115988945722
2026-12-01 16:00:00,8031.0,-99.51472976187728,16820.485270238125,16820.798149451304,-0.31287921317649003
2026-12-01 17:00:00,8032.0,-97.41366984620517,16822.586330153797,16822.89471782126,-0.3083876674582691
2026-12-01 18:00:00,8033.0,-95.31226229442596,16824.68773770558,16824.991286191213,-0.3035484856322945
2026-12-01 19:00:00,8034.0,-93.21051874829693,16826.789481251708,16827.08785456117,-0.29837330946098434
2026-12-01 20:00:00,8035.0,-91.10845093711151,16828.891549062893,16829.184422931125,-0.2928738682291082
2026-12-01 21:00:00,8036.0,-89.00607064932291,16830.993929350683,16831.28099130108,-0.2870619503958334
2026-12-01 22:00:00,8037.0,-86.90338970598319,16833.096610294022,16833.377559671033,-0.28094937701200545
2026-12-01 23:00:00,8038.0,-84.80041993595215,16835.19958006405,16835.474128040987,-0.27454797693523036
2026-12-02 00:00:00,8039.0,-82.69717315292212,16837.30282684708,16837.57069641094,-0.2678695638590437
2026-12-02 01:00:00,8040.0,-80.59366113436953,16839.406338865636,16839.667264780895,-0.2609259152603865
2026-12-02 02:00:00,8041.0,-78.48989560255878,16841.510104397446,16841.76383315085,-0.2537287534054346
2026-12-02 03:00:00,8042.0,-76.38588820766535,16843.61411179234,16843.860401520804,-0.24628972846589106
2026-12-02 04:00:00,8043.0,-74.28165051295336,16845.71834948705,16845.956969890758,-0.23862040370665982
2026-12-02 05:00:00,8044.0,-72.1771939817559,16847.82280601825,16848.053538260712,-0.2307322424648074
2026-12-02 06:00:00,8045.0,-70.07252996582723,16849.927470034178,16850.150106630666,-0.2226365964899038
2026-12-02 07:00:00,8046.0,-67.96766969457032,16852.032330305436,16852.24667500062,-0.21434469518652163
2026-12-02 08:00:00,8047.0,-65.86262426485796,16854.137375735147,16854.34324337058,-0.20586763542994718
2026-12-02 09:00:00,8048.0,-63.75740463188523,16856.24259536812,16856.439811740533,-0.19721637241106837
2026-12-02 10:00:00,8049.0,-61.6520216030006,16858.347978397003,16858.536380110487,-0.18840171348085644
2026-12-02 11:00:00,8050.0,-59.54648583908203,16860.453514160923,16860.63294848044,-0.1794343195182588
2026-12-02 12:00:00,8051.0,-57.44080787208845,16862.559192127916,16862.729516850395,-0.17032472247831174
2026-12-02 13:00:00,8052.0,-55.33499802318309,16864.66500197682,16864.82608522035,-0.16108324352700365
2026-12-02 14:00:00,8053.0,-53.22906653601551,16866.77093346399,16866.922653590304,-0.15172012631313173
2026-12-02 15:00:00,8054.0,-51.12302357270055,16868.876976427306,16869.019221960258,-0.14224553295255923
2026-12-02 16:00:00,8055.0,-49.01687905918083,16870.983120940826,16871.115790330212,-0.13266938938791648
2026-12-02 17:00:00,8056.0,-46.910642724877064,16873.08935727513,16873.212358700166,-0.12300142503795536
2026-12-02 18:00:00,8057.0,-44.804324147362045,16875.195675852643,16875.30892707012,-0.11325121747879574
2026-12-02 19:00:00,8058.0,-42.697932778924006,16877.30206722108,16877.405495440074,-0.10342821899407637
2026-12-02 20:00:00,8059.0,-40.59147794654554,16879.408522053458,16879.50206381003,-0.09354175657169794
2026-12-02 21:00:00,8060.0,-38.48496882697926,16881.515031173025,16881.598632179983,-0.08360100695931803
2026-12-02 22:00:00,8061.0,-36.378414404922296,16883.621585595083,16883.695200549937,-0.07361495485567988
2026-12-02 23:00:00,8062.0,-34.27182342542391,16885.728176574583,16885.79176891989,-0.06359234531119437
2026-12-03 00:00:00,8063.0,-32.165204352225324,16887.834795647777,16887.88833728985,-0.053541642069085675
2026-12-03 01:00:00,8064.0,-30.05856534231088,16889.941434657692,16889.984905659803,-0.04347100210955473
2026-12-03 02:00:00,8065.0,-27.951914244098507,16892.048085755905,16892.081474029757,-0.03338827385197704
2026-12-03 03:00:00,8066.0,-25.845258622935393,16894.15474137707,16894.17804239971,-0.02330102264005126
2026-12-03 04:00:00,8067.0,-23.738605813386986,16896.26139418662,16896.274610769666,-0.013216583047420332
2026-12-03 05:00:00,8068.0,-21.631962993681903,16898.368037006323,16898.37117913962,-0.003142133297562182
2026-12-03 06:00:00,8069.0,-19.525337274047423,16900.474662725956,16900.467747509578,0.006915216380095919
2026-12-03 07:00:00,8070.0,-17.418735787957544,16902.581264212047,16902.564315879532,0.016948332514973973
2026-12-03 08:00:00,8071.0,-15.312165773907362,16904.687834226097,16904.660884249486,0.02694997661162485
2026-12-03 09:00:00,8072.0,-13.205634635576407,16906.79436536443,16906.75745261944,0.03691274498849925
2026-12-03 10:00:00,8073.0,-11.099149970462,16908.900850029542,16908.854020989394,0.04682904014664337
2026-12-03 11:00:00,8074.0,-8.992719561510052,16911.007280438494,16910.95058935935,0.05669107914641483
2026-12-03 12:00:00,8075.0,-6.886351333147561,16913.113648666855,16913.047157729303,0.06649093755267231
2026-12-03 13:00:00,8076.0,-4.780053282557284,16915.219946717447,16915.143726099257,0.07622061818768122
2026-12-03 14:00:00,8077.0,-2.673833409086289,16917.326166590916,16917.24029446921,0.0858721217046195
2026-12-03 15:00:00,8078.0,-0.5676996793131079,16919.432300320692,16919.336862839165,0.09543748152421522
2026-12-03 16:00:00,8079.0,1.5383398193512952,16921.538339819355,16921.433431209123,0.104908610233395
2026-12-03 17:00:00,8080.0,3.644276850054734,16923.64427685006,16923.529999579077,0.11427727098329363
2026-12-03 18:00:00,8081.0,5.750103182753723,16925.75010318276,16925.62656794903,0.12353523372868493
2026-12-03 19:00:00,8082.0,7.855810519535539,16927.855810519537,16927.723136318986,0.1326742005540538
2026-12-03 20:00:00,8083.0,9.961390483476286,16929.96139048348,16929.81970468894,0.14168579454155308
2026-12-03 21:00:00,8084.0,12.066834607122678,16932.06683460713,16931.916273058894,0.1505615482351063
2026-12-03 22:00:00,8085.0,14.17213432106316,16934.172134321067,16934.01284142885,0.1592928922185014
2026-12-03 23:00:00,8086.0,16.277280943017228,16936.27728094302,16936.109409798803,0.1678711442178436
2026-12-04 00:00:00,8087.0,18.382265667823756,16938.382265667828,16938.205978168757,0.17628749907034033
2026-12-04 01:00:00,8088.0,20.48707955865359,16940.487079558658,16940.30254653871,0.18453301994698804
2026-12-04 02:00:00,8089.0,22.591713539706756,16942.59171353971,16942.399114908665,0.1925986310441157
2026-12-04 03:00:00,8090.0,24.696158390584074,16944.69615839059,16944.49568327862,0.20047511196850973
2026-12-04 04:00:00,8091.0,26.800404742447714,16946.80040474245,16946.592251648573,0.20815309387800177
2026-12-04 05:00:00,8092.0,28.904443076012257,16948.90444307602,16948.688820018528,0.21562305748825328
2026-12-04 06:00:00,8093.0,31.00826372134656,16951.008263721353,16950.78538838848,0.2228753328675716
2026-12-04 07:00:00,8094.0,33.11185685943091,16953.111856859436,16952.88195675844,0.2299001009969592
2026-12-04 08:00:00,8095.0,35.215212525421116,16955.215212525425,16954.978525128394,0.23668739703351557
2026-12-04 09:00:00,8096.0,37.31832061363672,16957.318320613642,16957.075093498348,0.24322711529347574
2026-12-04 10:00:00,8097.0,39.42117088442389,16959.421170884427,16959.171661868302,0.24950901612750093
2026-12-04 11:00:00,8098.0,41.52375297323369,16961.523752973237,16961.268230238256,0.2555227349813409
2026-12-04 12:00:00,8099.0,43.62605640245968,16963.626056402463,16963.36479860821,0.2612577942541632
2026-12-04 13:00:00,8100.0,45.728070596692326,16965.728070596695,16965.461366978165,0.2667036185310181
2026-12-04 14:00:00,8101.0,47.82978490188458,16967.82978490189,16967.55793534812,0.2718495537691661
2026-12-04 15:00:00,8102.0,49.93118860817208,16969.931188608178,16969.654503718073,0.2766848901028074
2026-12-04 16:00:00,8103.0,52.032270974276805,16972.03227097428,16971.751072088027,0.28119888625345746
2026-12-04 17:00:00,8104.0,54.133021247849314,16974.133021247853,16973.847640457985,0.2853807898692127
2026-12-04 18:00:00,8105.0,56.233428669801185,16976.233428669806,16975.94420882794,0.28921984186618194
2026-12-04 19:00:00,8106.0,58.33348244343915,16978.333482443442,16978.040777197893,0.2927052455499315
2026-12-04 20:00:00,8107.0,60.433172062314554,16980.43317206232,16980.137345567848,0.295826494470115
2026-12-04 21:00:00,8108.0,62.53248709282911,16982.532487092834,16982.233913937802,0.2985731550297136
2026-12-04 22:00:00,8109.0,64.63141716276763,16984.63141716277,16984.330482307756,0.3009348550142765
2026-12-04 23:00:00,8110.0,66.72995210898297,16986.729952108988,16986.42705067771,0.30290143127550706
2026-12-05 00:00:00,8111.0,68.8280820606063,16988.828082060612,16988.523619047668,0.3044630129447508
2026-12-05 01:00:00,8112.0,70.92579748901593,16990.92579748902,16990.620187417622,0.30561007140017143
2026-12-05 02:00:00,8113.0,73.023089248269,16993.023089248272,16992.716755787576,0.306333460697758
2026-12-05 03:00:00,8114.0,75.11994862193104,16995.119948621934,16994.81332415753,0.3066244644053744
2026-12-05 04:00:00,8115.0,77.21636738495863,16997.216367384965,16996.909892527485,0.30647485748037434
2026-12-05 05:00:00,8116.0,79.31233788297479,16999.31233788298,16999.00646089744,0.30587698554225534
2026-12-05 06:00:00,8117.0,81.40785312622151,17001.407853126228,17001.103029267393,0.3048238588338769
2026-12-05 07:00:00,8118.0,83.50290689183618,17003.50290689184,17003.199597637347,0.3033092544942578
2026-12-05 08:00:00,8119.0,85.59749382592734,17005.59749382593,17005.2961660073,0.3013278186294452
2026-12-05 09:00:00,8120.0,87.69160953619706,17007.6916095362,17007.392734377256,0.2988751589449237
2026-12-05 10:00:00,8121.0,89.78525066647427,17009.78525066648,17009.48930274721,0.2959479192697259
2026-12-05 11:00:00,8122.0,91.87841494634881,17011.878414946354,17011.585871117164,0.2925438291881486
2026-12-05 12:00:00,8123.0,93.97110121193549,17013.97110121194,17013.68243948712,0.2886617248219551
2026-12-05 13:00:00,8124.0,96.0633093974281,17016.063309397432,17015.779007857072,0.2843015403592099
2026-12-05 14:00:00,8125.0,98.1550405012595,17018.155040501264,17017.875576227027,0.27946427423475323
2026-12-05 15:00:00,8126.0,100.24629653507291,17020.24629653508,17019.972144596984,0.27415193809476635
2026-12-05 16:00:00,8127.0,102.33708046800885,17022.337080468013,17022.06871296694,0.26836750107467516
2026-12-05 17:00:00,8128.0,104.42739618267949,17024.427396182684,17024.165281336893,0.2621148457920793
2026-12-05 18:00:00,8129.0,106.51724846227648,17026.51724846228,17026.261849706847,0.25539875543644813
2026-12-05 19:00:00,8130.0,108.60664303017285,17028.606643030176,17028.3584180768,0.2482249533761359
2026-12-05 20:00:00,8131.0,110.6955866637636,17030.69558666377,17030.454986446755,0.24060021701267206
2026-12-05 21:00:00,8132.0,112.78408740278303,17032.784087402786,17032.55155481671,0.23253258607828972
2026-12-05 22:00:00,8133.0,114.87215444667852,17034.872154446683,17034.648123186664,0.2240312600178989
2026-12-05 23:00:00,8134.0,116.95979797046498,17036.95979797047,17036.744691556618,0.215106413851153
2026-12-06 00:00:00,8135.0,119.04702944387937,17039.047029443886,17038.841259926572,0.2057695173116466
2026-12-06 01:00:00,8136.0,121.13386150379378,17041.133861503797,17040.937828296526,0.19603320727135562
2026-12-06 02:00:00,8137.0,123.2203079820938,17043.220307982097,17043.03439666648,0.18591131561634186
2026-12-06 03:00:00,8138.0,125.30638390728915,17045.306383907293,17045.130965036435,0.17541887085891245
2026-12-06 04:00:00,8139.0,127.39210548976621,17047.39210548977,17047.22753340639,0.1645720833806604
2026-12-06 05:00:00,8140.0,129.47749009802303,17049.477490098026,17049.324101776347,0.15338832167998043
2026-12-06 06:00:00,8141.0,131.56255623073594,17051.56255623074,17051.4206701463,0.14188608443774067
2026-12-06 07:00:00,8142.0,133.64732348720966,17053.647323487214,17053.517238516255,0.13008497095776722
2026-12-06 08:00:00,8143.0,135.7318125367601,17055.731812536764,17055.613806886213,0.11800565055209696
2026-12-06 09:00:00,8144.0,137.81604508594432,17057.81604508595,17057.710375256167,0.10566982978319821
2026-12-06 10:00:00,8145.0,139.90004384134522,17059.90004384135,17059.80694362612,0.09310021523122711
2026-12-06 11:00:00,8146.0,141.9838324648686,17061.983832464874,17061.903511996075,0.08032046879975369
2026-12-06 12:00:00,8147.0,144.06743551823226,17064.06743551824,17064.00008036603,0.0673551522086198
2026-12-06 13:00:00,8148.0,146.15087839351213,17066.150878393517,17066.096648735984,0.05422965753428889
2026-12-06 14:00:00,8149.0,148.23418722723414,17068.234187227237,17068.193217105938,0.04097012129965445
2026-12-06 15:00:00,8150.0,150.31738879652502,17070.31738879653,17070.289785475892,0.027603320637937044
2026-12-06 16:00:00,8151.0,152.40051039720993,17072.400510397216,17072.386353845846,0.014156551367825359
2026-12-06 17:00:00,8152.0,154.48357970540775,17074.48357970541,17074.4829222158,0.0006574896115622241
2026-12-06 18:00:00,8153.0,156.56662462605135,17076.566624626055,17076.579490585755,-0.012865959699200407
2026-12-06 19:00:00,8154.0,158.6496731337567,17078.64967313376,17078.67605895571,-0.026385821948435074
2026-12-06 20:00:00,8155.0,160.7327531134562,17080.732753113458,17080.772627325663,-0.039874212205038985
2026-12-06 21:00:00,8156.0,162.81589221001752,17082.815892210023,17082.869195695617,-0.05330348559660963
2026-12-06 22:00:00,8157.0,164.8991176974302,17084.899117697434,17084.96576406557,-0.0666463681386354
2026-12-06 23:00:00,8158.0,166.98245637866808,17086.98245637867,17087.06233243553,-0.07987605685448955
2026-12-07 00:00:00,8159.0,169.0659345264424,17089.065934526447,17089.158900805483,-0.09296627903450708
2026-12-07 01:00:00,8160.0,171.1495777532767,17091.14957775328,17091.255469175438,-0.1058914221565038
2026-12-07 02:00:00,8161.0,173.2334110130992,17093.233411013105,17093.35203754539,-0.11862653228664434
2026-12-07 03:00:00,8162.0,175.31745855323416,17095.31745855324,17095.448605915346,-0.13114736210551242
2026-12-07 04:00:00,8163.0,177.40174376145293,17097.401743761457,17097.5451742853,-0.14343052384180044
2026-12-07 05:00:00,8164.0,179.48628915028152,17099.486289150285,17099.641742655254,-0.15545350496725274
2026-12-07 06:00:00,8165.0,-178.42888366090588,17101.571116339095,17101.73831102521,-0.16719468611280638
2026-12-07 07:00:00,8166.0,-176.3437539741333,17103.656246025872,17103.834879395163,-0.17863336929278253
2026-12-07 08:00:00,8167.0,-174.25830205113587,17105.741697948866,17105.931447765117,-0.18974981625148574
2026-12-07 09:00:00,8168.0,-172.17250915697448,17107.82749084303,17108.02801613507,-0.20052529204362216
2026-12-07 10:00:00,8169.0,-170.086357602502,17109.913642397503,17110.124584505025,-0.21094210752366027
2026-12-07 11:00:00,8170.0,-167.99983077947599,17112.00016922053,17112.22115287498,-0.2209836544518267
2026-12-07 12:00:00,8171.0,-165.91291318360817,17114.087086816395,17114.317721244934,-0.23063442853984542
2026-12-07 13:00:00,8172.0,-163.82559042304058,17116.174409576965,17116.414289614888,-0.2398800379253606
2026-12-07 14:00:00,8173.0,-161.73784921222614,17118.262150787778,17118.510857984846,-0.24870719706527142
2026-12-07 15:00:00,8174.0,-159.64967735362399,17120.35032264638,17120.6074263548,-0.25710370841899405
2026-12-07 16:00:00,8175.0,-157.56106371173192,17122.438936288272,17122.703994724758,-0.2650584364845506
2026-12-07 17:00:00,8176.0,-155.4719981855402,17124.528001814462,17124.800563094712,-0.2725612802485534
2026-12-07 18:00:00,8177.0,-153.3824716863244,17126.617528313676,17126.897131464666,-0.2796031509872568
2026-12-07 19:00:00,8178.0,-151.2924761276404,17128.707523872363,17128.99369983462,-0.2861759622548831
2026-12-07 20:00:00,8179.0,-149.20200443332288,17130.79799556668,17131.090268204574,-0.2922726378923104
2026-12-07 21:00:00,8180.0,-147.11105056711764,17132.888949432887,17133.18683657453,-0.29788714164195484
2026-12-07 22:00:00,8181.0,-145.01960958423982,17134.980390415763,17135.283404944483,-0.3030145287205923
2026-12-07 23:00:00,8182.0,-142.92767770060848,17137.072322299395,17137.379973314437,-0.30765101504125564
2026-12-08 00:00:00,8183.0,-140.8352523697751,17139.164747630228,17139.47654168439,-0.3117940541637273
2026-12-08 01:00:00,8184.0,-138.74233235069138,17141.25766764931,17141.573110054345,-0.3154424050345529
2026-12-08 02:00:00,8185.0,-136.6489177415411,17143.35108225846,17143.6696784243,-0.31859616583913464
2026-12-08 03:00:00,8186.0,-134.55500994604577,17145.44499005396,17145.766246794254,-0.321256740296198
2026-12-08 04:00:00,8187.0,-132.4606114787963,17147.539388521207,17147.862815164208,-0.3234266430033665
2026-12-08 05:00:00,8188.0,-130.3657258831746,17149.63427411683,17149.959383534162,-0.3251094173342725
2026-12-08 06:00:00,8189.0,-128.27035775404136,17151.729642245962,17152.055951904116,-0.3263096581553511
2026-12-08 07:00:00,8190.0,-126.17451261693098,17153.825487383074,17154.152520274074,-0.3270328909985522
2026-12-08 08:00:00,8191.0,-124.07819686025219,17155.92180313975,17156.24908864403,-0.3272855042757308
2026-12-08 09:00:00,8192.0,-121.98141767123653,17158.018582328765,17158.345657013982,-0.32707468521565997
2026-12-08 10:00:00,8193.0,-119.88418297523317,17160.11581702477,17160.442225383937,-0.3264083591654098
2026-12-08 11:00:00,8194.0,-117.78650137795888,17162.213498622044,17162.53879375389,-0.3252951318457227
2026-12-08 12:00:00,8195.0,-115.68838211034554,17164.31161788966,17164.635362123845,-0.32374423418584486
2026-12-08 13:00:00,8196.0,-113.58983497566827,17166.410165024336,17166.7319304938,-0.32176546946423423
2026-12-08 14:00:00,8197.0,-111.4908702986731,17168.50912970133,17168.828498863753,-0.31936916242294217
2026-12-08 15:00:00,8198.0,-109.39149887644722,17170.608501123555,17170.925067233708,-0.31656611015048575
2026-12-08 16:00:00,8199.0,-107.29173193078499,17172.70826806922,17173.02163560366,-0.3133675344433473
2026-12-08 17:00:00,8200.0,-105.19158106180664,17174.808418938195,17175.118203973616,-0.3097850354213752
2026-12-08 18:00:00,8201.0,-103.09105820259232,17176.90894179741,17177.21477234357,-0.3058305461593344
2026-12-08 19:00:00,8202.0,-100.9901755746277,17179.009824425375,17179.311340713524,-0.3015162881489631
2026-12-08 20:00:00,8203.0,-98.88894564393296,17181.11105435607,17181.40790908348,-0.2968547274091499
2026-12-08 21:00:00,8204.0,-96.78738107788907,17183.212618922116,17183.504477453433,-0.2918585313191407
2026-12-08 22:00:00,8205.0,-94.6854947029841,17185.314505297018,17185.60104582339,-0.28654052637018734
2026-12-08 23:00:00,8206.0,-92.5832994639581,17187.416700536047,17187.697614193345,-0.2809136572981172
2026-12-09 00:00:00,8207.0,-90.48080838506249,17189.51919161494,17189.7941825633,-0.27499094835567794
2026-12-09 01:00:00,8208.0,-88.3780345342404,17191.62196546576,17191.890750933253,-0.26878546749002674
2026-12-09 02:00:00,8209.0,-86.27499099076297,17193.725009009242,17193.987319303207,-0.26231029396600636
2026-12-09 03:00:00,8210.0,-84.17169081589567,17195.828309184108,17196.083887673165,-0.2555784890574104
2026-12-09 04:00:00,8211.0,-82.06814702405637,17197.931852975948,17198.18045604312,-0.24860306717141414
2026-12-09 05:00:00,8212.0,-79.96437254803745,17200.035627451965,17200.277024413073,-0.2413969611073505
2026-12-09 06:00:00,8213.0,-77.86038018539638,17202.139619814607,17202.373592783028,-0.23397296841902152
2026-12-09 07:00:00,8214.0,-75.75618255704663,17204.243817442955,17204.47016115298,-0.22634371002616577
2026-12-09 08:00:00,8215.0,-73.651792257428,17206.348207742576,17206.566729522936,-0.21852178036025177
2026-12-09 09:00:00,8216.0,-71.54722167225589,17208.452778327744,17208.66329789289,-0.21051956514485165
2026-12-09 10:00:00,8217.0,-69.44248295422972,17210.55751704577,17210.759866262844,-0.20234921707320153
2026-12-09 11:00:00,8218.0,-67.33758805591727,17212.662411944086,17212.8564346328,-0.19402268871254102
2026-12-09 12:00:00,8219.0,-65.23254873134206,17214.76745126866,17214.953003002753,-0.1855517340934745
2026-12-09 13:00:00,8220.0,-63.12737652344471,17216.872623476556,17217.049571372707,-0.17694789615141104
2026-12-09 14:00:00,8221.0,-61.022082748569574,17218.97791725143,17219.14613974266,-0.16822249123029132
2026-12-09 15:00:00,8222.0,-58.91667848411012,17221.083321515893,17221.24270811262,-0.15938659672269762
2026-12-09 16:00:00,8223.0,-56.81117456153088,17223.188825438472,17223.339276482573,-0.1504510441001137
2026-12-09 17:00:00,8224.0,-54.70558156417132,17225.29441843583,17225.435844852527,-0.14142641669498385
2026-12-09 18:00:00,8225.0,-52.599909827468736,17227.400090172534,17227.53241322248,-0.13232304994497968
2026-12-09 19:00:00,8226.0,-50.49416943840946,17229.505830561593,17229.628981592436,-0.1231510308425859
2026-12-09 20:00:00,8227.0,-48.388370231009674,17231.611629768995,17231.72554996239,-0.11392019339499859
2026-12-09 21:00:00,8228.0,-46.28252177529803,17233.717478224706,17233.822118332344,-0.10464010763864189
2026-12-09 22:00:00,8229.0,-44.17663335847405,17235.82336664153,17235.918686702298,-0.095320060768759
2026-12-09 23:00:00,8230.0,-42.070713958494395,17237.92928604151,17238.015255072252,-0.08596903074233503
2026-12-10 00:00:00,8231.0,-39.96477221212712,17240.035227787877,17240.111823442207,-0.07659565433128258
2026-12-10 01:00:00,8232.0,-37.85881638134411,17242.14118361866,17242.20839181216,-0.0672081935015871
2026-12-10 02:00:00,8233.0,-35.752854323612695,17244.24714567639,17244.304960182115,-0.05781450572677272
2026-12-10 03:00:00,8234.0,-33.646893473017194,17246.353106526985,17246.40152855207,-0.04842202508492435
2026-12-10 04:00:00,8235.0,-31.54094083999911,17248.459059160003,17248.498096922023,-0.03903776202093494
2026-12-10 05:00:00,8236.0,-29.435003037662906,17250.56499696234,17250.594665291977,-0.029668329639362147
2026-12-10 06:00:00,8237.0,-27.32908634186549,17252.670913658138,17252.691233661935,-0.02032000379726877
2026-12-10 07:00:00,8238.0,-25.223196790513462,17254.77680320949,17254.78780203189,-0.010998822396967015
2026-12-10 08:00:00,8239.0,-23.11734032446969,17256.882659675535,17256.884370401844,-0.0017107263083050743
2026-12-10 09:00:00,8240.0,-21.01152296807266,17258.988477031933,17258.980938771798,0.007538260134600239
2026-12-10 10:00:00,8241.0,-18.905750828724603,17261.094249171278,17261.077507141752,0.01674202952744694
2026-12-10 11:00:00,8242.0,-16.800029944376163,17263.19997005563,17263.174075511706,0.0258945439223264
2026-12-10 12:00:00,8243.0,-14.694366447405747,17265.305633552598,17265.27064388166,0.03498967093786261
2026-12-10 13:00:00,8244.0,-12.58876647942483,17267.411233520575,17267.367212251615,0.04402126896265898
2026-12-10 14:00:00,8245.0,-10.483236169209537,17269.516763830794,17269.463780621572,0.05298320922071452
2026-12-10 15:00:00,8246.0,-8.377781619281778,17271.622218380722,17271.560348991527,0.06186938919631612
2026-12-10 16:00:00,8247.0,-6.272408900677996,17273.727591099327,17273.65691736148,0.07067373784505936
2026-12-10 17:00:00,8248.0,-4.167124055048166,17275.832875944954,17275.753485731435,0.07939021351921084
2026-12-10 18:00:00,8249.0,-2.061933102969909,17277.938066897033,17277.85005410139,0.0880127956431025
2026-12-10 19:00:00,8250.0,0.04315794277377229,17280.043157942775,17279.946622471343,0.09653547143154237
2026-12-10 20:00:00,8251.0,2.148143060234609,17282.148143060236,17282.043190841297,0.1049522189377125
2026-12-10 21:00:00,8252.0,4.2530161988821,17284.253016198887,17284.13975921125,0.11325698763234597
2026-12-10 22:00:00,8253.0,6.357771258832123,17286.357771258834,17286.236327581206,0.12144367762803827
2026-12-10 23:00:00,8254.0,8.462402069656408,17288.462402069657,17288.332895951164,0.12950611849644786
2026-12-11 00:00:00,8255.0,10.566902369515685,17290.56690236952,17290.429464321118,0.13743804840141471
2026-12-11 01:00:00,8256.0,12.671265785158623,17292.671265785164,17292.526032691072,0.14523309409189752
2026-12-11 02:00:00,8257.0,14.775485813132974,17294.775485813134,17294.622601061026,0.15288475210972977
2026-12-11 03:00:00,8258.0,16.87955580237469,17296.879555802378,17296.71916943098,0.160386371397838
2026-12-11 04:00:00,8259.0,18.983468938181485,17298.983468938186,17298.815737800935,0.16773113725029773
2026-12-11 05:00:00,8260.0,21.08721822745301,17301.087218227458,17300.91230617089,0.1749120565684015
2026-12-11 06:00:00,8261.0,23.190796485012136,17303.190796485014,17303.008874540843,0.18192194417195864
2026-12-11 07:00:00,8262.0,25.294196320864547,17305.29419632087,17305.105442910797,0.18875341007137694
2026-12-11 08:00:00,8263.0,27.397410128508564,17307.39741012851,17307.20201128075,0.19539884775915048
2026-12-11 09:00:00,8264.0,29.50043007505532,17309.50043007506,17309.298579650706,0.2018504243512594
2026-12-11 10:00:00,8265.0,31.603248095267986,17311.60324809527,17311.39514802066,0.2081000746107807
2026-12-11 11:00:00,8266.0,33.70585589415422,17313.705855894157,17313.491716390614,0.21413950354362785
2026-12-11 12:00:00,8267.0,35.80824496716994,17315.808244967175,17315.588284760568,0.2199602066042838
2026-12-11 13:00:00,8268.0,37.910406608258114,17317.910406608262,17317.684853130522,0.22555347773705772
2026-12-11 14:00:00,8269.0,40.012331819010726,17320.012331819013,17319.78142150048,0.23091031853496474
2026-12-11 15:00:00,8270.0,42.11401139636286,17322.114011396367,17321.877989870434,0.23602152593469233
2026-12-11 16:00:00,8271.0,44.21543595973398,17324.215435959737,17323.97455824039,0.24087771934973404
2026-12-11 17:00:00,8272.0,46.31659594919899,17326.3165959492,17326.071126610343,0.24546933885955985
2026-12-11 18:00:00,8273.0,48.41748163242064,17328.417481632423,17328.167694980297,0.24978665212724618
2026-12-11 19:00:00,8274.0,50.51808312178644,17330.51808312179,17330.26426335025,0.2538197715404775
2026-12-11 20:00:00,8275.0,52.618390400446806,17332.61839040045,17332.360831720205,0.2575586802438521
2026-12-11 21:00:00,8276.0,54.718393355037065,17334.71839335504,17334.45740009016,0.26099326488037683
2026-12-11 22:00:00,8277.0,56.81808181301864,17336.818081813024,17336.553968460114,0.26411335290889
2026-12-11 23:00:00,8278.0,58.917445583261525,17338.917445583265,17338.650536830068,0.2669087531979133
2026-12-12 00:00:00,8279.0,61.01647449935743,17341.01647449936,17340.747105200022,0.26936929933900516
2026-12-12 01:00:00,8280.0,63.11515846597559,17343.11515846598,17342.843673569976,0.2714848960020476
2026-12-12 02:00:00,8281.0,65.21348750921118,17345.213487509216,17344.940241939934,0.2732455692802207
2026-12-12 03:00:00,8282.0,67.31145183225158,17347.311451832255,17347.036810309888,0.2746415223665032
2026-12-12 04:00:00,8283.0,69.40904187775936,17349.409041877763,17349.133378679842,0.27566319791982025
2026-12-12 05:00:00,8284.0,71.50624839812578,17351.50624839813,17351.229947049796,0.2763013483324022
2026-12-12 06:00:00,8285.0,73.60306253418797,17353.603062534192,17353.326515419754,0.2765471144389967
2026-12-12 07:00:00,8286.0,75.69947590213823,17355.69947590214,17355.42308378971,0.27639211243343853
2026-12-12 08:00:00,8287.0,77.79548068720858,17357.79548068721,17357.519652159663,0.2758285275497757
2026-12-12 09:00:00,8288.0,79.89106974131998,17359.891069741323,17359.616220529617,0.27484921170702875
2026-12-12 10:00:00,8289.0,81.9862366802861,17361.986236680288,17361.71278889957,0.27344778071752646
2026-12-12 11:00:00,8290.0,84.08097597441291,17364.080975974415,17363.809357269525,0.27161870489027284
2026-12-12 12:00:00,8291.0,86.17528302450147,17366.175283024506,17365.90592563948,0.269357385027172
2026-12-12 13:00:00,8292.0,88.26915421342439,17368.269154213427,17368.002494009434,0.2666602039925921
2026-12-12 14:00:00,8293.0,90.36258692169699,17370.362586921703,17370.099062379388,0.26352454231385936
2026-12-12 15:00:00,8294.0,92.45557949390152,17372.455579493904,17372.195630749342,0.2599487445636598
2026-12-12 16:00:00,8295.0,94.54813113212644,17374.54813113213,17374.292199119296,0.25593201283374695
2026-12-12 17:00:00,8296.0,96.64024185677286,17376.640241856778,17376.38876748925,0.2514743675252672
2026-12-12 18:00:00,8297.0,98.73191251486936,17378.73191251487,17378.485335859204,0.24657665566685175
2026-12-12 19:00:00,8298.0,100.82314479942391,17380.823144799426,17380.58190422916,0.2412405702670451
2026-12-12 20:00:00,8299.0,102.91394131025586,17382.913941310257,17382.678472599113,0.2354687111432021
2026-12-12 21:00:00,8300.0,105.00430561751133,17385.004305617516,17384.775040969067,0.22926464844708822
2026-12-12 22:00:00,8301.0,107.09424232181846,17387.09424232182,17386.871609339025,0.22263298279680271
2026-12-12 23:00:00,8302.0,109.18375710706707,17389.183757107072,17388.96817770898,0.21557939809373103
2026-12-13 00:00:00,8303.0,111.27285678351937,17391.272856783522,17391.064746078933,0.20811070459163178
2026-12-13 01:00:00,8304.0,113.36154932035528,17393.361549320358,17393.161314448887,0.2002348714720304
2026-12-13 02:00:00,8305.0,115.44984386781347,17395.449843867817,17395.25788281884,0.1919610489747731
2026-12-13 03:00:00,8306.0,117.537750769814,17397.537750769818,17397.354451188796,0.1832995810217246
2026-12-13 04:00:00,8307.0,119.62528156835505,17399.62528156836,17399.45101955875,0.17426200960705343
2026-12-13 05:00:00,8308.0,121.71244900110094,17401.712449001105,17401.547587928704,0.164861072400162
2026-12-13 06:00:00,8309.0,123.79926699346278,17403.79926699347,17403.64415629866,0.15511069480865092
2026-12-13 07:00:00,8310.0,125.8857506461721,17405.885750646175,17405.740724668613,0.14502597756306163
2026-12-13 08:00:00,8311.0,127.97191621892081,17407.971916218925,17407.837293038567,0.13462318035752827
2026-12-13 09:00:00,8312.0,130.0577811101436,17410.057781110147,17409.93386140852,0.12391970162450312
2026-12-13 10:00:00,8313.0,132.14336383250162,17412.143363832507,17412.030429778475,0.11293405402993136
2026-12-13 11:00:00,8314.0,134.22868398312215,17414.228683983125,17414.12699814843,0.1016858346955241
2026-12-13 12:00:00,8315.0,136.31376220716436,17416.31376220717,17416.223566518383,0.09019568878349381
2026-12-13 13:00:00,8316.0,138.39862015279908,17418.398620152802,17418.32013488834,0.07848526446030703
2026-12-13 14:00:00,8317.0,140.483280415151,17420.483280415152,17420.4167032583,0.06657715685541275
2026-12-13 15:00:00,8318.0,142.56776646607247,17422.567766466076,17422.513271628253,0.05449483782319593
2026-12-13 16:00:00,8319.0,144.65210256568454,17424.652102565688,17424.609839998207,0.04226256748264262
2026-12-13 17:00:00,8320.0,146.73631365031883,17426.736313650323,17426.70640836816,0.029905282160851736
2026-12-13 18:00:00,8321.0,148.82042518973196,17428.820425189737,17428.802976738116,0.01744845162083602
2026-12-13 19:00:00,8322.0,150.9044630184241,17430.90446301843,17430.89954510807,0.004917910357980874
2026-12-13 20:00:00,8323.0,152.9884532744291,17432.988453274433,17432.996113478024,-0.0076602035903672785
2026-12-13 21:00:00,8324.0,155.07242216451277,17435.072422164514,17435.09268184798,-0.020259683463268455
2026-12-13 22:00:00,8325.0,157.1563958081881,17437.15639580819,17437.189250217933,-0.03285440974204137
2026-12-13 23:00:00,8326.0,159.2404001381967,17439.2404001382,17439.285818587887,-0.04541844968727428
2026-12-14 00:00:00,8327.0,161.32446080036203,17441.324460800366,17441.38238695784,-0.057926157475103275
2026-12-14 01:00:00,8328.0,163.40860306211275,17443.408603062115,17443.478955327795,-0.0703522656799391
2026-12-14 02:00:00,8329.0,165.49285173283204,17445.492851732834,17445.57552369775,-0.08267196491514932
2026-12-14 03:00:00,8330.0,167.5772310956161,17447.57723109562,17447.672092067703,-0.09486097208440304
2026-12-14 04:00:00,8331.0,169.66176484826863,17449.66176484827,17449.768660437658,-0.10689558938671077
2026-12-14 05:00:00,8332.0,171.74647605083933,17451.74647605084,17451.865228807615,-0.11875275677186241
2026-12-14 06:00:00,8333.0,173.83138707725823,17453.83138707726,17453.96179717757,-0.13041010030521394
2026-12-14 07:00:00,8334.0,175.91651956929422,17455.916519569295,17456.058365547524,-0.14184597822659747
2026-12-14 08:00:00,8335.0,178.0018943919213,17458.001894391924,17458.154933917478,-0.15303952555340233
2026-12-14 09:00:00,8336.0,-179.91246840995962,17460.08753159004,17460.251502287432,-0.16397069739067158
2026-12-14 10:00:00,8337.0,-177.8265496527317,17462.173450347273,17462.348070657386,-0.1746203101144506
2026-12-14 11:00:00,8338.0,-175.74033105190898,17464.259668948092,17464.44463902734,-0.18497007924613776
2026-12-14 12:00:00,8339.0,-173.65379525495442,17466.34620474505,17466.541207397295,-0.19500265224608954
2026-12-14 13:00:00,8340.0,-171.5669258672864,17468.433074132718,17468.63777576725,-0.2047016345328986
2026-12-14 14:00:00,8341.0,-169.47970746983873,17470.520292530164,17470.734344137203,-0.21405160704127724
2026-12-14 15:00:00,8342.0,-167.3921256269654,17472.60787437304,17472.830912507157,-0.2230381341200104
2026-12-14 16:00:00,8343.0,-165.30416688419564,17474.695833115806,17474.92748087711,-0.2316477613075015
2026-12-14 17:00:00,8344.0,-163.21581875635457,17476.78418124365,17477.024049247066,-0.239868003418076
2026-12-14 18:00:00,8345.0,-161.1270697078711,17478.87293029213,17479.12061761702,-0.2476873248899192
2026-12-14 19:00:00,8346.0,-159.03790912869647,17480.962090871304,17481.217185986974,-0.25509511567107773
2026-12-14 20:00:00,8347.0,-156.94832731113937,17483.051672688864,17483.31375435693,-0.2620816680662426
2026-12-14 21:00:00,8348.0,-154.85831543507146,17485.14168456493,17485.410322726886,-0.2686381619537347
2026-12-14 22:00:00,8349.0,-152.7678656244917,17487.23213437551,17487.50689109684,-0.2747567213283371
2026-12-14 23:00:00,8350.0,-150.67697099024377,17489.32302900976,17489.603459466794,-0.28043045703492275
2026-12-15 00:00:00,8351.0,-148.58562573002146,17491.41437426998,17491.700027836752,-0.2856535667712
2026-12-15 01:00:00,8352.0,-146.49382526283821,17493.506174737162,17493.796596206706,-0.2904214695418199
2026-12-15 02:00:00,8353.0,-144.40156625787876,17495.59843374212,17495.89316457666,-0.2947308345372017
2026-12-15 03:00:00,8354.0,-142.30884662289546,17497.69115337711,17497.989732946615,-0.2985795695064432
2026-12-15 04:00:00,8355.0,-140.21566546428005,17499.78433453572,17500.08630131657,-0.30196678084741474
2026-12-15 05:00:00,8356.0,-138.12202302890006,17501.8779769711,17502.182869686523,-0.3048927154224557
2026-12-15 06:00:00,8357.0,-136.02792063578477,17503.972079364215,17504.279438056477,-0.30735869226143286
2026-12-15 07:00:00,8358.0,-133.9333606038432,17506.066639396162,17506.37600642643,-0.30936703027185475
2026-12-15 08:00:00,8359.0,-131.8383461800567,17508.161653819945,17508.472574796386,-0.3109209764407756
2026-12-15 09:00:00,8360.0,-129.7428814710527,17510.25711852895,17510.56914316634,-0.31202463739129443
2026-12-15 10:00:00,8361.0,-127.6469713796731,17512.353028620328,17512.665711536294,-0.3126829159676887
2026-12-15 11:00:00,8362.0,-125.55062154711231,17514.44937845289,17514.76227990625,-0.3129014533605148
2026-12-15 12:00:00,8363.0,-123.45383830042307,17516.546161699578,17516.858848276202,-0.3126865766251147
2026-12-15 13:00:00,8364.0,-121.35662860465561,17518.64337139535,17518.95541664616,-0.3120452508118765
2026-12-15 14:00:00,8365.0,-119.25900001858413,17520.74099998142,17521.051985016114,-0.31098503469535577
2026-12-15 15:00:00,8366.0,-117.16096065284472,17522.839039347156,17523.14855338607,-0.30951403891023727
2026-12-15 16:00:00,8367.0,-115.06251912932838,17524.937480870674,17525.245121756023,-0.3076408853477124
2026-12-15 17:00:00,8368.0,-112.96368454081967,17527.036315459183,17527.341690125977,-0.30537466679286623
2026-12-15 18:00:00,8369.0,-110.86446641015611,17529.135533589848,17529.43825849593,-0.30272490608330216
2026-12-15 19:00:00,8370.0,-108.76487464867911,17531.235125351322,17531.534826865885,-0.29970151456102156
2026-12-15 20:00:00,8371.0,-106.66491951461242,17533.33508048539,17533.63139523584,-0.29631475044939554
2026-12-15 21:00:00,8372.0,-104.56461157353435,17535.435388426467,17535.727963605794,-0.29257517932757193
2026-12-15 22:00:00,8373.0,-102.46396166577595,17537.536038334227,17537.824531975748,-0.28849364152251283
2026-12-15 23:00:00,8374.0,-100.36298089008683,17539.637019109916,17539.921100345702,-0.28408123578872907
2026-12-16 00:00:00,8375.0,-98.26168062025921,17541.738319379743,17542.017668715656,-0.27934933591515165
2026-12-16 01:00:00,8376.0,-96.16007243094202,17543.839927569057,17544.11423708561,-0.2743095165527649
2026-12-16 02:00:00,8377.0,-94.0581679658844,17545.941832034117,17546.210805455565,-0.2689734214474321
2026-12-16 03:00:00,8378.0,-91.95597904083324,17548.04402095917,17548.30737382552,-0.26335286635104177
2026-12-16 04:00:00,8379.0,-89.85351757690023,17550.1464824231,17550.403942195477,-0.2574597723725525
2026-12-16 05:00:00,8380.0,-87.75079557226034,17552.249204427742,17552.50051056543,-0.25130613768866344
2026-12-16 06:00:00,8381.0,-85.6478250738561,17554.352174926145,17554.597078935385,-0.24490400923820052
2026-12-16 07:00:00,8382.0,-83.54461815061057,17556.45538184939,17556.69364730534,-0.2382654559472408
2026-12-16 08:00:00,8383.0,-81.44118686828429,17558.558813131716,17558.790215675293,-0.23140254357616605
2026-12-16 09:00:00,8384.0,-79.33754326568587,17560.662456734317,17560.886784045248,-0.22432731093135305
2026-12-16 10:00:00,8385.0,-77.23369933197235,17562.76630066803,17562.9833524152,-0.21705174717117806
2026-12-16 11:00:00,8386.0,-75.12966698495408,17564.870333015046,17565.079920785156,-0.20958777010862883
2026-12-16 12:00:00,8387.0,-73.02545805048854,17566.974541949512,17567.176489155114,-0.2019472056017176
2026-12-16 13:00:00,8388.0,-70.92108424313678,17569.078915756865,17569.273057525068,-0.19414176820430937
2026-12-16 14:00:00,8389.0,-68.81655714824511,17571.183442851758,17571.369625895022,-0.18618304326626553
2026-12-16 15:00:00,8390.0,-66.7118882055141,17573.28811179449,17573.466194264976,-0.1780824704894164
2026-12-16 16:00:00,8391.0,-64.60708869395401,17575.392911306048,17575.56276263493,-0.16985132888399557
2026-12-16 17:00:00,8392.0,-62.50216971792552,17577.497830282075,17577.659331004885,-0.16150072280961797
2026-12-16 18:00:00,8393.0,-60.397142193754206,17579.602857806247,17579.75589937484,-0.15304156859272708
2026-12-16 19:00:00,8394.0,-58.29201683620983,17581.70798316379,17581.852467744793,-0.14448458100399605
2026-12-16 20:00:00,8395.0,-56.18680414397432,17583.813195856026,17583.949036114747,-0.13584025872283642
2026-12-16 21:00:00,8396.0,-54.081514383101776,17585.9184856169,17586.045604484705,-0.127118867802178
2026-12-16 22:00:00,8397.0,-51.97615756741775,17588.023842432583,17588.14217285466,-0.11833042207503046
2026-12-16 23:00:00,8398.0,-49.87074343482782,17590.129256565175,17590.238741224613,-0.10948465943782522
2026-12-17 00:00:00,8399.0,-47.76528141862825,17592.234718581374,17592.335309594568,-0.10059101319305774
2026-12-17 01:00:00,8400.0,-45.65978061315348,17594.34021938685,17594.431877964522,-0.09165857767283495
2026-12-17 02:00:00,8401.0,-43.55424973348179,17596.44575026652,17596.528446334476,-0.08269606795442745
2026-12-17 03:00:00,8402.0,-41.44869706947259,17598.55130293053,17598.62501470443,-0.07371177389906639
2026-12-17 04:00:00,8403.0,-39.34313041096126,17600.65686958904,17600.721583074384,-0.06471348534448289
2026-12-17 05:00:00,8404.0,-37.23755715133644,17602.762442848663,17602.81815144434,-0.05570859567394642
2026-12-17 06:00:00,8405.0,-35.1319841789159,17604.86801582109,17604.914719814293,-0.04670399320556391
2026-12-17 07:00:00,8406.0,-33.026417942592126,17606.97358205741,17607.011288184247,-0.03770612683811417
2026-12-17 08:00:00,8407.0,-30.920864621808,17609.079135378193,17609.1078565542,-0.028721176008490924
2026-12-17 09:00:00,8408.0,-28.815330246170156,17611.18466975383,17611.204424924155,-0.01975517032371266
2026-12-17 10:00:00,8409.0,-26.709820770369962,17613.290179229632,17613.30099329411,-0.010814064479117105
2026-12-17 11:00:00,8410.0,-24.604342112293054,17615.395657887708,17615.397561664064,-0.001903776357436998
2026-12-17 12:00:00,8411.0,-22.49890016331904,17617.50109983668,17617.49413003402,0.006969802663149421
2026-12-17 13:00:00,8412.0,-20.39350077999953,17619.60649922,17619.590698403976,0.01580081602711034
2026-12-17 14:00:00,8413.0,-18.288149765717584,17621.711850234286,17621.68726677393,0.02458346035738111
2026-12-17 15:00:00,8414.0,-16.182852849749988,17623.81714715025,17623.783835143884,0.03331200636784205
2026-12-17 16:00:00,8415.0,-14.07761566955791,17625.922384330443,17625.88040351384,0.04198081660684424
2026-12-17 17:00:00,8416.0,-11.97244376030007,17628.0275562397,17627.976971883792,0.050584355908563104
2026-12-17 18:00:00,8417.0,-9.86734255367961,17630.13265744632,17630.073540253747,0.059117192575248736
2026-12-17 19:00:00,8418.0,-7.762317386467187,17632.237682613537,17632.1701086237,0.0675739898344087
2026-12-17 20:00:00,8419.0,-5.657373517544863,17634.342626482456,17634.266676993655,0.07594948880202691
2026-12-17 21:00:00,8420.0,-3.5525161512193373,17636.447483848784,17636.36324536361,0.08423848517301631
2026-12-17 22:00:00,8421.0,-1.4477504639589793,17638.552249536042,17638.459813733563,0.09243580247891153
2026-12-17 23:00:00,8422.0,0.6569183683164761,17640.656918368317,17640.55638210352,0.10053626479514746
2026-12-18 00:00:00,8423.0,2.7614851446965014,17642.7614851447,17642.652950473475,0.1085346712233419
2026-12-18 01:00:00,8424.0,4.865944616645248,17644.865944616646,17644.74951884343,0.11642577321684125
2026-12-18 02:00:00,8425.0,6.970291467746204,17646.970291467747,17646.846087213384,0.12420425436195993
2026-12-18 03:00:00,8426.0,9.074520293157741,17649.07452029316,17648.942655583338,0.13186470982050333
2026-12-18 04:00:00,8427.0,11.178625573573223,17651.178625573575,17651.039223953292,0.13940162028117759
2026-12-18 05:00:00,8428.0,13.28260163557636,17653.28260163558,17653.13579232325,0.1468093123297766
2026-12-18 06:00:00,8429.0,15.386442586953837,17655.386442586958,17655.232360693204,0.1540818937543588
2026-12-18 07:00:00,8430.0,17.490142347889357,17657.49014234789,17657.32892906316,0.16121328473320656
2026-12-18 08:00:00,8431.0,19.59369465912631,17659.59369465913,17659.425497433112,0.16819722601612902
2026-12-18 09:00:00,8432.0,21.697093001681026,17661.697093001683,17661.522065803067,0.17502719861611774
2026-12-18 10:00:00,8433.0,23.80033062637983,17663.80033062638,17663.61863417302,0.1816964533623484
2026-12-18 11:00:00,8434.0,25.903400519841192,17665.903400519845,17665.715202542975,0.1881979768689583
2026-12-18 12:00:00,8435.0,28.006295388854472,17668.006295388856,17667.81177091293,0.19452447592803887
2026-12-18 13:00:00,8436.0,30.109007653258917,17670.10900765326,17669.908339282883,0.20066837037705104
2026-12-18 14:00:00,8437.0,32.21152944260577,17672.211529442608,17672.004907652838,0.20662178977028586
2026-12-18 15:00:00,8438.0,34.313852594879556,17674.31385259488,17674.10147602279,0.21237657208913666
2026-12-18 16:00:00,8439.0,36.41596865711825,17676.415968657122,17676.198044392746,0.21792426437393536
2026-12-18 17:00:00,8440.0,38.517868888454935,17678.51786888846,17678.2946127627,0.22325612575611534
2026-12-18 18:00:00,8441.0,40.61954426628606,17680.61954426629,17680.391181132654,0.22836313363327082
2026-12-18 19:00:00,8442.0,42.72098549620755,17682.72098549621,17682.48774950261,0.2332359935994086
2026-12-18 20:00:00,8443.0,44.82218302620504,17684.822183026205,17684.584317872566,0.23786515364172273
2026-12-18 21:00:00,8444.0,46.923127065426534,17686.92312706543,17686.68088624252,0.2422408229100399
2026-12-18 22:00:00,8445.0,49.023807607745944,17689.023807607748,17688.777454612475,0.24635299527389048
2026-12-18 23:00:00,8446.0,51.12421446025676,17691.12421446026,17690.87402298243,0.25019147783004914
2026-12-19 00:00:00,8447.0,53.22433727681259,17693.224337276813,17692.970591352383,0.25374592443219646
2026-12-19 01:00:00,8448.0,55.32416559674364,17695.324165596747,17695.067159722337,0.25700587440880385
2026-12-19 02:00:00,8449.0,57.42368888891339,17697.423688888917,17697.16372809229,0.25996079662557076
2026-12-19 03:00:00,8450.0,59.52289660132419,17699.522896601327,17699.260296462246,0.26260013908131535
2026-12-19 04:00:00,8451.0,61.62177821652682,17701.621778216526,17701.3568648322,0.2649133843271806
2026-12-19 05:00:00,8452.0,63.72032331312736,17703.72032331313,17703.453433202154,0.2668901109762206
2026-12-19 06:00:00,8453.0,65.81852163371113,17705.81852163371,17705.550001572108,0.2685200616030021
2026-12-19 07:00:00,8454.0,67.91636315951034,17707.916363159515,17707.646569942062,0.26979321745010065
2026-12-19 08:00:00,8455.0,70.01383819212501,17710.013838192128,17709.743138312017,0.2706998801108517
2026-12-19 09:00:00,8456.0,72.11093744255426,17712.110937442558,17711.83970668197,0.2712307605856963
2026-12-19 10:00:00,8457.0,74.20765220035948,17714.207652200363,17713.93627505193,0.2713771484319152
2026-12-19 11:00:00,8458.0,76.30397425502478,17716.303974255028,17716.032843421883,0.27113083314235337
2026-12-19 12:00:00,8459.0,78.39989608324353,17718.399896083247,17718.129411791837,0.27048429140670865
2026-12-19 13:00:00,8460.0,80.49541107035427,17720.49541107036,17720.225980161795,0.26943090856363083
2026-12-19 14:00:00,8461.0,82.59051350551529,17722.590513505518,17722.32254853175,0.267964973770757
2026-12-19 15:00:00,8462.0,84.6851985415043,17724.685198541505,17724.419116901703,0.26608163980494287
2026-12-19 16:00:00,8463.0,86.77946214570295,17726.779462145707,17726.515685271657,0.2637768740493553
2026-12-19 17:00:00,8464.0,88.87330106006075,17728.873301060063,17728.61225364161,0.26104741845329144
2026-12-19 18:00:00,8465.0,90.96671278039639,17730.9667127804,17730.708822011566,0.25789076883465556
2026-12-19 19:00:00,8466.0,93.05969555933275,17733.059695559336,17732.80539038152,0.25430517781441503
2026-12-19 20:00:00,8467.0,95.15224843248595,17735.15224843249,17734.901958751474,0.2502896810150072
2026-12-19 21:00:00,8468.0,97.24437126419208,17737.244371264194,17736.99852712143,0.24584414276424904
2026-12-19 22:00:00,8469.0,99.3360648069778,17739.33606480698,17739.095095491382,0.24096931559542342
2026-12-19 23:00:00,8470.0,101.42733076803555,17741.427330768038,17741.191663861337,0.23566690670082213
2026-12-20 00:00:00,8471.0,103.51817187599387,17743.518171875996,17743.28823223129,0.2299396447044632
2026-12-20 01:00:00,8472.0,105.60859194208412,17745.608591942084,17745.384800601245,0.22379134083947527
2026-12-20 02:00:00,8473.0,107.6985959111884,17747.69859591119,17747.4813689712,0.21722693999004603
2026-12-20 03:00:00,8474.0,109.78818989998115,17749.788189899984,17749.577937341153,0.21025255882958066
2026-12-20 04:00:00,8475.0,111.87738122122676,17751.87738122123,17751.67450571111,0.20287551012034324
2026-12-20 05:00:00,8476.0,113.96617839505771,17753.966178395058,17753.771074081065,0.1951043139953167
2026-12-20 06:00:00,8477.0,116.05459114955764,17756.05459114956,17755.86764245102,0.1869486985411857
2026-12-20 07:00:00,8478.0,118.14263041409143,17758.142630414095,17757.964210820974,0.1784195931217164
2026-12-20 08:00:00,8479.0,120.23030830952064,17760.23030830952,17760.060779190928,0.16952911859406483
2026-12-20 09:00:00,8480.0,122.3176381397768,17762.31763813978,17762.157347560882,0.16029057889623516
2026-12-20 10:00:00,8481.0,124.40463438943131,17764.404634389433,17764.253915930836,0.15071845859790006
2026-12-20 11:00:00,8482.0,126.49131273224202,17766.491312732243,17766.35048430079,0.1408284314529884
2026-12-20 12:00:00,8483.0,128.57769005669036,17768.577690056693,17768.447052670745,0.13063738594671487
2026-12-20 13:00:00,8484.0,130.66378435814832,17770.66378435815,17770.5436210407,0.12016331745024768
2026-12-20 14:00:00,8485.0,132.74961462306456,17772.749614623066,17772.640189410653,0.10942521241228534
2026-12-20 15:00:00,8486.0,134.83520091442492,17774.83520091443,17774.736757780607,0.09844313381979762
2026-12-20 16:00:00,8487.0,136.92056426611217,17776.920564266115,17776.83332615056,0.0872381155510928
2026-12-20 17:00:00,8488.0,139.00572661258124,17779.005726612584,17778.929894520516,0.07583209206611966
2026-12-20 18:00:00,8489.0,141.09071068380632,17781.090710683806,17781.02646289047,0.0642477933360039
2026-12-20 19:00:00,8490.0,143.1755398748797,17783.175539874883,17783.123031260428,0.05250861445679422
2026-12-20 20:00:00,8491.0,145.26023810025634,17785.260238100258,17785.21959963038,0.040638469877669475
2026-12-20 21:00:00,8492.0,147.34482964220146,17787.344829642203,17787.316168000336,0.028661641867710988
2026-12-20 22:00:00,8493.0,149.42933900176786,17789.42933900177,17789.412736370294,0.01660263147745106
2026-12-20 23:00:00,8494.0,151.51379075887533,17791.513790758876,17791.509304740248,0.004486018629478544
2026-12-21 00:00:00,8495.0,153.59820944604422,17793.598209446045,17793.605873110202,-0.007663664154365566
2026-12-21 01:00:00,8496.0,155.68261943828387,17795.68261943829,17795.702441480156,-0.019822041868371214
2026-12-21 02:00:00,8497.0,157.76704485973116,17797.76704485973,17797.79900985011,-0.03196499037839673
2026-12-21 03:00:00,8498.0,159.85150950602406,17799.851509506025,17799.895578220065,-0.0440687140400235
2026-12-21 04:00:00,8499.0,161.93603678017118,17801.93603678017,17801.99214659002,-0.056109809846221895
2026-12-21 05:00:00,8500.0,164.02064963890297,17804.020649638904,17804.088714959973,-0.06806532106829652
2026-12-21 06:00:00,8501.0,166.1053705461827,17806.105370546185,17806.185283329927,-0.07991278374144857
2026-12-21 07:00:00,8502.0,168.19022143071325,17808.190221430716,17808.28185169988,-0.09163026916716412
2026-12-21 08:00:00,8503.0,170.27522364486848,17810.27522364487,17810.378420069836,-0.10319642496628732
2026-12-21 09:00:00,8504.0,172.36039792346054,17812.360397923465,17812.47498843979,-0.1145905163275068
2026-12-21 10:00:00,8505.0,174.4457643420648,17814.445764342065,17814.571556809744,-0.1257924676792376
2026-12-21 11:00:00,8506.0,176.53134227618895,17816.53134227619,17816.668125179698,-0.13678290350819833
2026-12-21 12:00:00,8507.0,178.61715036431238,17818.617150364313,17818.764693549656,-0.14754318534137442
2026-12-21 13:00:00,8508.0,-179.29679352036098,17820.703206479637,17820.86126191961,-0.15805543997020938
2026-12-21 14:00:00,8509.0,-177.2104722827919,17822.78952771721,17822.957830289564,-0.1683025723543951
2026-12-21 15:00:00,8510.0,-175.12386959532228,17824.87613040468,17825.05439865952,-0.17826825483831577
2026-12-21 16:00:00,8511.0,-173.03697001169522,17826.963029988307,17827.150967029473,-0.18793704116492566
2026-12-21 17:00:00,8512.0,-170.9497587659637,17829.05024123404,17829.247535399427,-0.1972941653889708
2026-12-21 18:00:00,8513.0,-168.86222193315945,17831.13777806684,17831.34410376938,-0.20632570253927368
2026-12-21 19:00:00,8514.0,-166.7743464823577,17833.225653517642,17833.440672139335,-0.21501862169297994
2026-12-21 20:00:00,8515.0,-164.6861201227356,17835.313879877263,17835.53724050929,-0.22336063202571985
2026-12-21 21:00:00,8516.0,-162.597531254741,17837.40246874526,17837.633808879244,-0.23134013398434347
2026-12-21 22:00:00,8517.0,-160.50856899555814,17839.491431004444,17839.730377249198,-0.23894624475578474
2026-12-21 23:00:00,8518.0,-158.41922325056765,17841.580776749433,17841.826945619152,-0.24616886971992724
2026-12-22 00:00:00,8519.0,-156.32948480616133,17843.67051519384,17843.923513989106,-0.2529987952676551
2026-12-22 01:00:00,8520.0,-154.23934542373513,17845.76065457627,17846.02008235906,-0.2594277827946405
2026-12-22 02:00:00,8521.0,-152.1487979196108,17847.85120208039,17848.116650729015,-0.265448648625375
2026-12-22 03:00:00,8522.0,-150.057836220703,17849.9421637793,17850.213219098972,-0.27105531967338536
2026-12-22 04:00:00,8523.0,-147.96645539065355,17852.03354460935,17852.309787468927,-0.27624285957775985
2026-12-22 05:00:00,8524.0,-145.8746516256269,17854.125348374375,17854.40635583888,-0.2810074645050194
2026-12-22 06:00:00,8525.0,-143.7824222227671,17856.217577777235,17856.502924208835,-0.2853464315996436
2026-12-22 07:00:00,8526.0,-141.68976552725314,17858.31023447275,17858.59949257879,-0.2892581060400998
2026-12-22 08:00:00,8527.0,-139.59668086581485,17860.403319134188,17860.696060948743,-0.29274181455598813
2026-12-22 09:00:00,8528.0,-137.5031684753761,17862.496831524626,17862.7926293187,-0.29579779407613943
2026-12-22 10:00:00,8529.0,-135.40922943512538,17864.590770564875,17864.889197688655,-0.2984271237801611
2026-12-22 11:00:00,8530.0,-133.31486560876786,17866.68513439123,17866.98576605861,-0.30063166737661123
2026-12-22 12:00:00,8531.0,-131.2200796010182,17868.77992039898,17869.082334428564,-0.30241402958120417
2026-12-22 13:00:00,8532.0,-129.12487472860082,17870.8751252714,17871.178902798518,-0.30377752711747996
2026-12-22 14:00:00,8533.0,-127.02925500119346,17872.97074499881,17873.275471168472,-0.30472616966400956
2026-12-22 15:00:00,8534.0,-124.93322510190352,17875.066774898096,17875.372039538426,-0.30526464032935124
2026-12-22 16:00:00,8535.0,-122.83679034995953,17877.16320965004,17877.46860790838,-0.3053982583411418
2026-12-22 17:00:00,8536.0,-120.73995662016657,17879.260043379832,17879.565176278335,-0.3051328985032566
2026-12-22 18:00:00,8537.0,-118.64273018394441,17881.357269816057,17881.66174464829,-0.30447483223361993
2026-12-22 19:00:00,8538.0,-116.54511780658417,17883.45488219342,17883.758313018243,-0.3034308248279087
2026-12-22 20:00:00,8539.0,-114.44712691329143,17885.55287308671,17885.8548813882,-0.3020083014891879
2026-12-22 21:00:00,8540.0,-112.34876527401343,17887.65123472599,17887.951449758155,-0.3002150321653738
2026-12-22 22:00:00,8541.0,-110.25004108925829,17889.749958910743,17890.04801812811,-0.2980592173649754
2026-12-22 23:00:00,8542.0,-108.15096294255615,17891.849037057447,17892.144586498063,-0.2955494406163004
2026-12-23 00:00:00,8543.0,-106.05153976758652,17893.948460232416,17894.241154868017,-0.2926946356021985
2026-12-23 01:00:00,8544.0,-103.95178082107856,17896.048219178923,17896.33772323797,-0.28950405904972565
2026-12-23 02:00:00,8545.0,-101.85169565710073,17898.1483043429,17898.434291607926,-0.2859872650267843
2026-12-23 03:00:00,8546.0,-99.75129410092512,17900.248705899074,17900.53085997788,-0.28215407880559673
2026-12-23 04:00:00,8547.0,-97.65058622199231,17902.349413778007,17902.627428347834,-0.27801456982727846
2026-12-23 05:00:00,8548.0,-95.54958230611295,17904.450417693886,17904.72399671779,-0.27357902390104166
2026-12-23 06:00:00,8549.0,-93.4482928272531,17906.551707172748,17906.820565087743,-0.26885791499628886
2026-12-23 07:00:00,8550.0,-91.34672841926557,17908.653271580733,17908.917133457697,-0.263861876963054
2026-12-23 08:00:00,8551.0,-89.24489984787198,17910.755100152128,17911.01370182765,-0.258601675522766
2026-12-23 09:00:00,8552.0,-87.14281798312746,17912.857182016873,17913.110270197605,-0.2530881807345174
2026-12-23 10:00:00,8553.0,-85.04049377253945,17914.95950622746,17915.20683856756,-0.2473323400996837
2026-12-23 11:00:00,8554.0,-82.93793821496548,17917.062061785036,17917.303406937517,-0.24134515248076385
2026-12-23 12:00:00,8555.0,-80.83516233537942,17919.164837664623,17919.39997530747,-0.23513764284747107
2026-12-23 13:00:00,8556.0,-78.73217716056183,17921.267822839436,17921.496543677426,-0.22872083798686205
2026-12-23 14:00:00,8557.0,-76.62899369573313,17923.371006304267,17923.59311204738,-0.2221057431123674
2026-12-23 15:00:00,8558.0,-74.52562290210577,17925.474377097897,17925.689680417334,-0.2153033194368609
2026-12-23 16:00:00,8559.0,-72.4220756752825,17927.577924324716,17927.786248787288,-0.20832446256972156
2026-12-23 17:00:00,8560.0,-70.31836282437632,17929.681637175625,17929.882817157242,-0.20117998161738324
2026-12-23 18:00:00,8561.0,-68.21449505167703,17931.785504948322,17931.979385527196,-0.1938805788733811
2026-12-23 19:00:00,8562.0,-66.11048293264379,17933.889517067357,17934.07595389715,-0.18643682979500428
2026-12-23 20:00:00,8563.0,-64.00633689596424,17935.993663104036,17936.17252226711,-0.17885916307114147
2026-12-23 21:00:00,8564.0,-61.902067203392576,17938.09793279661,17938.269090637063,-0.17115784045563023
2026-12-23 22:00:00,8565.0,-59.79768404026286,17940.202315959737,17940.365659007017,-0.1633430472794314
2026-12-23 23:00:00,8566.0,-57.69319717511168,17942.30680282489,17942.46222737697,-0.15542455208303546
2026-12-24 00:00:00,8567.0,-55.5886160868944,17944.411383913106,17944.558795746925,-0.14741183382073694
2026-12-24 01:00:00,8568.0,-53.483950132975515,17946.516049867027,17946.65536411688,-0.13931424985417395
2026-12-24 02:00:00,8569.0,-51.37920841554495,17948.620791584453,17948.751932486834,-0.13114090238083792
2026-12-24 03:00:00,8570.0,-49.27439966057421,17950.72560033943,17950.84850085679,-0.12290051736251918
2026-12-24 04:00:00,8571.0,-47.16953213167964,17952.83046786832,17952.945069226746,-0.11460135842295914
2026-12-24 05:00:00,8572.0,-45.06461358868037,17954.93538641132,17955.0416375967,-0.10625118537789542
2026-12-24 06:00:00,8573.0,-42.95965129098063,17957.040348709023,17957.138205966654,-0.0978572576319961
2026-12-24 07:00:00,8574.0,-40.85465203904339,17959.14534796096,17959.234774336608,-0.08942637564881445
2026-12-24 08:00:00,8575.0,-38.749622242958175,17961.250377757042,17961.331342706562,-0.08096494951805196
2026-12-24 09:00:00,8576.0,-36.64456800517048,17963.35543199483,17963.427911076516,-0.07247908168702706
2026-12-24 10:00:00,8577.0,-34.53949520450724,17965.46050479549,17965.52447944647,-0.0639746509786148
2026-12-24 11:00:00,8578.0,-32.43440957032367,17967.565590429676,17967.621047816425,-0.055457386747329494
2026-12-24 12:00:00,8579.0,-30.329316738492444,17969.67068326151,17969.71761618638,-0.04693292487174316
2026-12-24 13:00:00,8580.0,-28.224222284613635,17971.77577771539,17971.814184556333,-0.03840684094543105
2026-12-24 14:00:00,8581.0,-26.119131733782687,17973.880868266217,17973.910752926287,-0.029884660070433843
2026-12-24 15:00:00,8582.0,-24.014050550060418,17975.98594944994,17976.00732129624,-0.021371846301683668
2026-12-24 16:00:00,8583.0,-21.90898411200742,17978.091015887992,17978.103889666196,-0.012873778204059697
2026-12-24 17:00:00,8584.0,-19.803937682881173,17980.196062317118,17980.20045803615,-0.004395719032321687
2026-12-24 18:00:00,8585.0,-17.698916385011184,17982.30108361499,17982.297026406108,0.004057208884314101
2026-12-24 19:00:00,8586.0,-15.593925187211477,17984.406074812792,17984.393594776062,0.012480036730046993
2026-12-24 20:00:00,8587.0,-13.48896891170311,17986.511031088296,17986.490163146016,0.020867942281604917
2026-12-24 21:00:00,8588.0,-11.38405226286781,17988.615947737133,17988.58673151597,0.02921622116295097
2026-12-24 22:00:00,8589.0,-9.279179874325033,17990.720820125673,17990.683299885924,0.037520239750683027
2026-12-24 23:00:00,8590.0,-7.174356363554127,17992.825643636446,17992.77986825588,0.04577538056904963
2026-12-25 00:00:00,8591.0,-5.069586374935125,17994.930413625065,17994.876436625833,0.05397699923389073
2026-12-25 01:00:00,8592.0,-2.9648745208483995,17997.035125479153,17996.973004995787,0.06212048336648458
2026-12-25 02:00:00,8593.0,-0.860225356631017,17999.139774643372,17999.06957336574,0.07020127762924577
2026-12-25 03:00:00,8594.0,1.2443564447965096,18001.244356444797,18001.166141735695,0.07821470910116163
2026-12-25 04:00:00,8595.0,3.348866097273376,18003.348866097273,18003.26271010565,0.08615599162248085
2026-12-25 05:00:00,8596.0,5.453298684296667,18005.453298684297,18005.359278475604,0.0940202086927946
2026-12-25 06:00:00,8597.0,7.557649130933303,18007.557649130933,18007.455846845558,0.10180228537386381
2026-12-25 07:00:00,8598.0,9.661912172329744,18009.66191217233,18009.552415215512,0.1094969568183105
2026-12-25 08:00:00,8599.0,11.766082322741696,18011.76608232274,18011.64898358547,0.11709873727055783
2026-12-25 09:00:00,8600.0,13.870153846800006,18013.870153846798,18013.745551955424,0.12460189137364694
2026-12-25 10:00:00,8601.0,15.974120733524813,18015.97412073353,18015.84212032538,0.13200040814670175
2026-12-25 11:00:00,8602.0,18.077976673046752,18018.07797667305,18017.938688695336,0.13928797771446438
2026-12-25 12:00:00,8603.0,20.181715035833044,18020.181715035833,18020.03525706529,0.14645797054463414
2026-12-25 13:00:00,8604.0,22.285328854264442,18022.285328854265,18022.131825435245,0.15350341902039516
2026-12-25 14:00:00,8605.0,24.388810806545713,18024.388810806548,18024.2283938052,0.16041700134813305
2026-12-25 15:00:00,8606.0,26.492153203082903,18026.492153203082,18026.324962175153,0.16719102793061527
2026-12-25 16:00:00,8607.0,28.59534797558635,18028.595347975584,18028.421530545107,0.17381743047921477
2026-12-25 17:00:00,8608.0,30.69838666924358,18030.698386669246,18030.51809891506,0.1802877541843511
2026-12-25 18:00:00,8609.0,32.80126043834905,18032.80126043835,18032.614667285015,0.1865931533349762
2026-12-25 19:00:00,8610.0,34.90396004578643,18034.903960045787,18034.71123565497,0.19272439081701348
2026-12-25 20:00:00,8611.0,37.00647586674192,18037.006475866743,18036.807804024924,0.19867184181969655
2026-12-25 21:00:00,8612.0,39.10879789699479,18039.108797896995,18038.904372394878,0.20442550211783525
2026-12-25 22:00:00,8613.0,41.210915766090075,18041.210915766093,18041.000940764832,0.20997500125895519
2026-12-25 23:00:00,8614.0,43.3128187556545,18043.312818755654,18043.097509134786,0.21530962086700822
2026-12-26 00:00:00,8615.0,45.41449582306913,18045.414495823068,18045.19407750474,0.22041831832646205
2026-12-26 01:00:00,8616.0,47.51593563066527,18047.51593563067,18047.290645874695,0.22528975597053028
2026-12-26 02:00:00,8617.0,49.61712658055699,18049.617126580557,18049.387214244653,0.22991233590707588
2026-12-26 03:00:00,8618.0,51.718056855168626,18051.71805685517,18051.483782614607,0.23427424056360965
2026-12-26 04:00:00,8619.0,53.81871455304092,18053.818714553043,18053.58035098456,0.23836356848323537
2026-12-26 05:00:00,8620.0,55.91908744363616,18055.91908744364,18055.676919354515,0.24216808912332308
2026-12-26 06:00:00,8621.0,58.019163297623535,18058.019163297624,18057.77348772447,0.2456755731560622
2026-12-26 07:00:00,8622.0,60.11893001713494,18060.118930017135,18059.870056094423,0.24887392271141215
2026-12-26 08:00:00,8623.0,62.218375569159086,18062.218375569162,18061.966624464378,0.25175110478351365
2026-12-26 09:00:00,8624.0,64.31748803156835,18064.31748803157,18064.063192834332,0.25429519723748856
2026-12-26 10:00:00,8625.0,66.41625570319896,18066.4162557032,18066.159761204286,0.2564944989150522
2026-12-26 11:00:00,8626.0,68.51466723967627,18068.514667239677,18068.25632957424,0.258337665436972
2026-12-26 12:00:00,8627.0,70.61271178678042,18070.61271178678,18070.352897944194,0.25981384258565854
2026-12-26 13:00:00,8628.0,72.71037909267785,18072.710379092678,18072.44946631415,0.260912778527755
2026-12-26 14:00:00,8629.0,74.80765958895026,18074.80765958895,18074.546034684103,0.26162490484551065
2026-12-26 15:00:00,8630.0,76.90454443775062,18076.90454443775,18076.642603054057,0.26194138369326186
2026-12-26 16:00:00,8631.0,79.00102554839174,18079.00102554839,18078.73917142401,0.261854124378249
2026-12-26 17:00:00,8632.0,81.09709557107776,18081.097095571076,18080.83573979397,0.2613557771106485
2026-12-26 18:00:00,8633.0,83.19274787825148,18083.192747878253,18082.932308163923,0.26043971433183366
2026-12-26 19:00:00,8634.0,85.28797654514719,18085.287976545147,18085.02887653388,0.25910001126749677
2026-12-26 20:00:00,8635.0,87.382776340673,18087.382776340673,18087.125444903835,0.2573314368409315
2026-12-26 21:00:00,8636.0,89.47714273782961,18089.477142737833,18089.22201327379,0.2551294640429642
2026-12-26 22:00:00,8637.0,91.57107194968475,18091.571071949686,18091.318581643744,0.2524903059433645
2026-12-26 23:00:00,8638.0,93.66456099269624,18093.6645609927,18093.415150013698,0.24941097900149098
2026-12-27 00:00:00,8639.0,95.75760777416515,18095.757607774165,18095.511718383652,0.24588939051373387
2026-12-27 01:00:00,8640.0,97.85021119507824,18097.850211195077,18097.608286753606,0.24192444147255168
2026-12-27 02:00:00,8641.0,99.9423712538203,18099.94237125382,18099.70485512356,0.23751613025927107
2026-12-27 03:00:00,8642.0,102.03408913042675,18102.034089130426,18101.801423493514,0.23266563691280687
2026-12-27 04:00:00,8643.0,104.12536722535447,18104.125367225355,18103.89799186347,0.2273753618866291
2026-12-27 05:00:00,8644.0,106.2162091212276,18106.21620912123,18105.994560233423,0.2216488878063843
2026-12-27 06:00:00,8645.0,108.3066194305748,18108.306619430576,18108.091128603377,0.2154908271973542
2026-12-27 07:00:00,8646.0,110.39660403900517,18110.396604039004,18110.18769697333,0.20890706567302528
2026-12-27 08:00:00,8647.0,112.48617034575845,18112.48617034576,18112.284265343285,0.20190500247255158
2026-12-27 09:00:00,8648.0,114.5753268914661,18114.575326891467,18114.38083371324,0.1944931782245122
2026-12-27 10:00:00,8649.0,116.66408355791525,18116.664083557916,18116.477402083197,0.1866814747211638
2026-12-27 11:00:00,8650.0,118.75245152212743,18118.752451522127,18118.57397045315,0.1784810689767787
2026-12-27 12:00:00,8651.0,120.84044323552698,18120.840443235527,18120.670538823106,0.16990441242264429
2026-12-27 13:00:00,8652.0,122.92807241597764,18122.928072415976,18122.76710719306,0.16096522291791673
2026-12-27 14:00:00,8653.0,125.01535404165237,18125.015354041654,18124.863675563014,0.15167847863969927
2026-12-27 15:00:00,8654.0,127.1023043373372,18127.10230433734,18126.96024393297,0.14206040437154363
2026-12-27 16:00:00,8655.0,129.18894074583596,18129.188940745837,18129.056812302922,0.1321284429144872
2026-12-27 17:00:00,8656.0,131.2752818795204,18131.27528187952,18131.153380672877,0.12190120664410109
2026-12-27 18:00:00,8657.0,133.36134744959122,18133.36134744959,18133.24994904283,0.11139840676111218
2026-12-27 19:00:00,8658.0,135.44715817310288,18135.4471581731,18135.346517412785,0.10064076031702161
2026-12-27 20:00:00,8659.0,137.53273566007937,18137.53273566008,18137.44308578274,0.08964987734013755
2026-12-27 21:00:00,8660.0,139.6181022849604,18139.61810228496,18139.539654152693,0.07844813226666472
2026-12-27 22:00:00,8661.0,141.70328104803787,18141.703281048038,18141.636222522648,0.06705852538943236
2026-12-27 23:00:00,8662.0,143.78829543338202,18143.788295433384,18143.7327908926,0.05550454077941222
2026-12-28 00:00:00,8663.0,145.8731692699537,18145.873169269955,18145.829359262556,0.04381000739573024
2026-12-28 01:00:00,8664.0,147.95792660212302,18147.957926602125,18147.925927632514,0.0319989696113411
2026-12-28 02:00:00,8665.0,150.04259157466913,18150.042591574667,18150.022496002468,0.020095572202542576
2026-12-28 03:00:00,8666.0,152.12718833554243,18152.12718833554,18152.119064372422,0.008123963121098246
2026-12-28 04:00:00,8667.0,154.2117409572835,18154.211740957286,18154.215632742376,-0.003891785091212936
2026-12-28 05:00:00,8668.0,156.29627337508202,18156.296273375083,18156.31220111233,-0.015927737245349374
2026-12-28 06:00:00,8669.0,158.3808093361162,18158.38080933612,18158.40876948229,-0.02796014616915646
2026-12-28 07:00:00,8670.0,160.4653723511542,18160.465372351155,18160.505337852243,-0.039965501088437744
2026-12-28 08:00:00,8671.0,162.54998563555012,18162.549985635553,18162.601906222197,-0.05192058664502224
2026-12-28 09:00:00,8672.0,164.63467202288035,18164.634672022883,18164.69847459215,-0.06380256926943406
2026-12-28 10:00:00,8673.0,166.71945403485998,18166.71945403486,18166.795042962105,-0.07558892724573646
2026-12-28 11:00:00,8674.0,168.80435358356564,18168.804353583568,18168.89161133206,-0.08725774849205808
2026-12-28 12:00:00,8675.0,170.8893920284302,18170.889392028428,18170.988179702013,-0.09878767358459434
2026-12-28 13:00:00,8676.0,172.97459032667115,18172.974590326674,18173.084748071968,-0.11015774529589589
2026-12-28 14:00:00,8677.0,175.05996889036058,18175.05996889036,18175.18131644192,-0.1213475515624809
2026-12-28 15:00:00,8678.0,177.14554748505006,18177.14554748505,18177.277884811876,-0.13233732682616184
2026-12-28 16:00:00,8679.0,179.23134517116623,18179.231345171167,18179.37445318183,-0.14310801066454318
2026-12-28 17:00:00,8680.0,-178.6826197177152,18181.317380282286,18181.471021551784,-0.1536412695014368
2026-12-28 18:00:00,8681.0,-176.5963295700953,18183.403670429903,18183.567589921742,-0.16391949183552096
2026-12-28 19:00:00,8682.0,-174.50976747779106,18185.490232522206,18185.664158291696,-0.1739257694871793
2026-12-28 20:00:00,8683.0,-172.42291721581182,18187.577082784188,18187.76072666165,-0.18364387746116242
2026-12-28 21:00:00,8684.0,-170.33576323194882,18189.66423676805,18189.857295031605,-0.19305826355385822
2026-12-28 22:00:00,8685.0,-168.2482906543424,18191.75170934566,18191.95386340156,-0.20215405589950133
2026-12-28 23:00:00,8686.0,-166.1604853216389,18193.839514678362,18194.050431771513,-0.2109170931517544
2026-12-29 00:00:00,8687.0,-164.07233383628028,18195.92766616372,18196.147000141467,-0.21933397774685395
2026-12-29 01:00:00,8688.0,-161.9838236374163,18198.016176362584,18198.24356851142,-0.22739214883836054
2026-12-29 02:00:00,8689.0,-159.89494308630415,18200.105056913697,18200.340136881376,-0.23507996767973402
2026-12-29 03:00:00,8690.0,-157.80568155425362,18202.19431844575,18202.43670525133,-0.24238680558310793
2026-12-29 04:00:00,8691.0,-155.71602950154517,18204.283970498454,18204.533273621284,-0.2493031228304284
2026-12-29 05:00:00,8692.0,-153.62597853560825,18206.37402146439,18206.62984199124,-0.25582052684798773
2026-12-29 06:00:00,8693.0,-151.53552143836174,18208.46447856164,18208.726410361192,-0.26193179955451273
2026-12-29 07:00:00,8694.0,-149.444652156212,18210.55534784379,18210.822978731147,-0.26763088735926166
2026-12-29 08:00:00,8695.0,-147.35336575195467,18212.646634248045,18212.9195471011,-0.27291285305778884
2026-12-29 09:00:00,8696.0,-145.26165832588785,18214.738341674114,18215.01611547106,-0.2777737969436032
2026-12-29 10:00:00,8697.0,-143.16952692396634,18216.830473076036,18217.112683841013,-0.2822107649769549
2026-12-29 11:00:00,8698.0,-141.0769694639947,18218.923030536003,18219.209252210967,-0.28622167496095485
2026-12-29 12:00:00,8699.0,-138.98398472693256,18221.016015273068,18221.30582058092,-0.28980530785219755
2026-12-29 13:00:00,8700.0,-136.89057239759583,18223.1094276024,18223.402388950875,-0.2929613484718612
2026-12-29 14:00:00,8701.0,-134.79673299980212,18225.203267000197,18225.49895732083,-0.2956903206317557
2026-12-29 15:00:00,8702.0,-132.7024678057643,18227.297532194236,18227.595525690784,-0.2979934965472397
2026-12-29 16:00:00,8703.0,-130.60777880972051,18229.39222119028,18229.692094060738,-0.29987287045968536
2026-12-29 17:00:00,8704.0,-128.5126687196099,18231.48733128039,18231.788662430692,-0.30133115030210117
2026-12-29 18:00:00,8705.0,-126.41714093270315,18233.582859067297,18233.88523080065,-0.30237173335389483
2026-12-29 19:00:00,8706.0,-124.32119950577652,18235.67880049422,18235.981799170604,-0.302998676381724
2026-12-29 20:00:00,8707.0,-122.22484912486766,18237.77515087513,18238.07836754056,-0.3032166654253461
2026-12-29 21:00:00,8708.0,-120.12809507647212,18239.871904923526,18240.174935910512,-0.3030309869871874
2026-12-29 22:00:00,8709.0,-118.03094322039402,18241.969056779606,18242.271504280467,-0.30244750086338323
2026-12-29 23:00:00,8710.0,-115.93339996375813,18244.066600036243,18244.36807265042,-0.30147261417986704
2026-12-30 00:00:00,8711.0,-113.83547223551216,18246.16452776449,18246.464641020375,-0.3001132558876804
2026-12-30 01:00:00,8712.0,-111.73716746082991,18248.26283253917,18248.56120939033,-0.29837685116057633
2026-12-30 02:00:00,8713.0,-109.63849353500378,18250.361506464993,18250.657777760287,-0.2962712952910625
2026-12-30 03:00:00,8714.0,-107.53945879659908,18252.4605412034,18252.75434613024,-0.29380492684061604
2026-12-30 04:00:00,8715.0,-105.44007199979227,18254.55992800021,18254.850914500195,-0.29098649998544807
2026-12-30 05:00:00,8716.0,-103.34034228591871,18256.65965771408,18256.94748287015,-0.2878251560675868
2026-12-30 06:00:00,8717.0,-101.24027915431688,18258.759720845683,18259.044051240104,-0.2843303944196748
2026-12-30 07:00:00,8718.0,-99.13989243258843,18260.860107567412,18261.140619610058,-0.28051204264586643
2026-12-30 08:00:00,8719.0,-97.03919224640627,18262.960807753596,18263.237187980012,-0.2763802264174482
2026-12-30 09:00:00,8720.0,-94.93818898900713,18265.06181101099,18265.333756349966,-0.2719453389753398
2026-12-30 10:00:00,8721.0,-92.83689329050607,18267.163106709493,18267.43032471992,-0.26721801042741095
2026-12-30 11:00:00,8722.0,-90.73531598717169,18269.26468401283,18269.526893089875,-0.26220907704579827
2026-12-30 12:00:00,8723.0,-88.63346809080114,18271.366531909196,18271.62346145983,-0.25692955063261674
2026-12-30 13:00:00,8724.0,-86.53136075833476,18273.468639241662,18273.720029829783,-0.25139058812016735
2026-12-30 14:00:00,8725.0,-84.4290052618492,18275.57099473815,18275.816598199737,-0.24560346158802596
2026-12-30 15:00:00,8726.0,-82.32641295906669,18277.673587040936,18277.91316656969,-0.23957952875889524
2026-12-30 16:00:00,8727.0,-80.22359532005929,18279.77640467994,18280.009734939646,-0.23333025970834292
2026-12-30 17:00:00,8728.0,-78.12056370868578,18281.879436291314,18282.106303309603,-0.2268670182885349
2026-12-30 18:00:00,8729.0,-76.01732953194065,18283.98267046806,18284.202871679558,-0.22020121149563218
2026-12-30 19:00:00,8730.0,-73.91390424632246,18286.086095753675,18286.29944004951,-0.21334429583375028
2026-12-30 20:00:00,8731.0,-71.81029924030814,18288.189700759693,18288.396008419466,-0.20630765977387136
2026-12-30 21:00:00,8732.0,-69.70652578526204,18290.293474214737,18290.49257678942,-0.19910257468231293
2026-12-30 22:00:00,8733.0,-67.60259501870463,18292.397404981293,18292.589145159374,-0.19174017808032343
2026-12-30 23:00:00,8734.0,-65.49851793480383,18294.501482065196,18294.68571352933,-0.18423146413396943
2026-12-31 00:00:00,8735.0,-63.39430536667174,18296.605694633326,18296.782281899283,-0.17658726595620614
2026-12-31 01:00:00,8736.0,-61.28996795331148,18298.71003204669,18298.878850269237,-0.1688182225494644
2026-12-31 02:00:00,8737.0,-59.18551609069183,18300.814483909307,18300.97541863919,-0.16093472988393606
2026-12-31 03:00:00,8738.0,-57.08095987134331,18302.919040128658,18303.071987009145,-0.1529468804888154
2026-12-31 04:00:00,8739.0,-54.976309020046244,18305.023690979953,18305.1685553791,-0.14486439914830276
2026-12-31 05:00:00,8740.0,-52.87157283467839,18307.12842716532,18307.265123749057,-0.13669658373697705
2026-12-31 06:00:00,8741.0,-50.766760141232226,18309.233239858768,18309.36169211901,-0.1284522602454296
2026-12-31 07:00:00,8742.0,-48.661879270589836,18311.338120729408,18311.458260488966,-0.12013975955865262
2026-12-31 08:00:00,8743.0,-46.556938062102766,18313.443061937895,18313.55482885892,-0.11176692102558859
2026-12-31 09:00:00,8744.0,-44.45194389565541,18315.548056104344,18315.651397228874,-0.10334112453296311
2026-12-31 10:00:00,8745.0,-42.34690375001254,18317.65309624999,18317.74796559883,-0.0948693488426627
2026-12-31 11:00:00,8746.0,-40.24182428119726,18319.7581757188,18319.844533968786,-0.08635824998177188
2026-12-31 12:00:00,8747.0,-38.13671191073582,18321.863288089266,18321.94110233874,-0.07781424947492589
2026-12-31 13:00:00,8748.0,-36.03157291013243,18323.968427089865,18324.037670708694,-0.06924361882798517
2026-12-31 14:00:00,8749.0,-33.926413465131404,18326.07358653487,18326.13423907865,-0.06065254377992172
2026-12-31 15:00:00,8750.0,-31.821239701334793,18328.178760298666,18328.230807448603,-0.05204714993778453
2026-12-31 16:00:00,8751.0,-29.716057651609432,18330.283942348393,18330.327375818557,-0.04343347016548006
2026-12-31 17:00:00,8752.0,-27.610873145344517,18332.389126854654,18332.42394418851,-0.034817333856094264
2026-12-31 18:00:00,8753.0,-25.505691599764695,18334.494308400233,18334.520512558465,-0.026204158230509915
2026-12-31 19:00:00,8754.0,-23.400518185332718,18336.599481814665,18336.61708092842,-0.017599113754747816
2026-12-31 20:00:00,8755.0,-21.2953582040156,18338.704641795983,18338.713649298374,-0.009007502391681538
2026-12-31 21:00:00,8756.0,-19.1902165970906,18340.80978340291,18340.810217668328,-0.00043426542012376084
2026-12-31 22:00:00,8757.0,-17.08509810358926,18342.91490189641,18342.906786038282,0.008115858127343467
2026-12-31 23:00:00,8758.0,-14.980007297708816,18345.01999270229,18345.003354408236,0.01663829405249636
2027-01-01 00:00:00,8759.0,-12.874948619553878,18347.125051380444,18347.09992277819,0.02512860225296049
