time,distance_3_binary,radial_velocity_3_binary,energy_3_binary
0.0,0.8260750571225353,-0.09829615275256427,-2.414354172710067
0.01,0.8250358943672099,-0.10954027543777592,-2.416445101848445
0.02,0.8238841716480432,-0.1208083886638854,-2.418786830511499
0.03,0.8226196417241246,-0.13210196365580856,-2.421382271884668
0.04,0.8212420425176505,-0.14342249662505177,-2.4242346326636075
0.05,0.8197510968624028,-0.15477150920992627,-2.427347422435142
0.06,0.8181465122459027,-0.16615054897757273,-2.4307244639579086
0.07,0.8164279805479925,-0.17756118997618098,-2.4343699043883267
0.08,0.8145951777735067,-0.18900503333994445,-2.438288227515664
0.09,0.812647763778238,-0.2004837079453253,-2.442484267072082
0.1,0.8105853819878271,-0.21199887111621754,-2.44696322118896
0.11,0.8084076591092247,-0.22355220937564896,-2.451730668077909
0.12,0.8061142048344077,-0.23514543924168615,-2.4567925830225747
0.13,0.8037046115360501,-0.2467803080652031,-2.4621553567758134
0.14,0.8011784539548823,-0.2584585949071327,-2.467825815466176
0.15,0.7985352888784902,-0.27018211145275456,-2.473811242127844
0.16,0.795774654811338,-0.2819527029604625,-2.4801193999795457
0.17,0.7928960716358244,-0.2937722492423158,-2.486758557590387
0.18,0.7898990402604857,-0.3056426656866402,-2.493737516093569
0.19,0.7867830422523285,-0.3175659043153501,-2.501065638625778
0.2,0.7835475394725374,-0.32954395484168236,-2.5087528821205565
0.21,0.7801919736919509,-0.341578845775321,-2.516809831723293
0.22,0.7767157661980434,-0.35367264552320493,-2.5252477380252434
0.23,0.773118317390479,-0.36582746351186457,-2.534078557366589
0.24,0.7693990063650809,-0.37804545132435896,-2.54331499548289
0.25,0.7655571904862634,-0.3903288038435179,-2.5529705547982093
0.26,0.7615922049480448,-0.40267976039250464,-2.563059585700842
0.27,0.7575033623238124,-0.41510060586292125,-2.5735973421741787
0.28,0.7532899521050994,-0.4275936718197529,-2.58460004219615
0.29,0.7489512402297162,-0.44016133757138115,-2.596084933366681
0.3,0.7444864685996776,-0.4528060311916673,-2.6080703642742216
0.31,0.7398948545894801,-0.46553023047968634,-2.6205758621705733
0.32,0.7351755905453614,-0.47833646384251133,-2.6336222175883757
0.33,0.7303278432710918,-0.4912273111808548,-2.6472315765895793
0.34,0.7253507535081396,-0.504205404573157,-2.661427541479842
0.35000000000000003,0.720243435416363,-0.5172734288101044,-2.6762352808351584
0.36,0.7150049760427912,-0.5304341217930013,-2.6916816498630975
0.37,0.7096344347883575,-0.5436902747182083,-2.7077953222087072
0.38,0.7041308428747892,-0.5570447320364809,-2.724606934449948
0.39,0.698493202814009,-0.5705003911324568,-2.7421492447015914
0.4,0.6927204878827773,-0.5840602016637462,-2.7604573069293687
0.41000000000000003,0.686811641605752,-0.5977271644923341,-2.7795686627855627
0.42,0.6807655772506249,-0.6115043301331495,-2.799523553017459
0.43,0.6745811773395974,-0.6253947966354683,-2.820365150776172
0.44,0.6682572931822376,-0.6394017068027764,-2.8421398194705807
0.45,0.6617927444514755,-0.6535282447293395,-2.864897398045012
0.46,0.6551863187956738,-0.6677776313909035,-2.8886915172381653
0.47000000000000003,0.6484367714900564,-0.6821531191130603,-2.9135799508020406
0.48,0.6415428251564769,-0.6966579848453781,-2.939625006007565
0.49,0.6345031695564425,-0.7112955219726496,-2.9668939586661773
0.5,0.627316461476466,-0.7260690304162155,-2.995459538567159
0.51,0.6199813247223597,-0.7409818047073025,-3.025400472179367
0.52,0.6124963502416385,-0.756037119667486,-3.0568020905368636
0.53,0.6048600963967057,-0.7712382132764958,-3.089757011484276
0.54,0.5970710894376738,-0.7865882662778686,-3.1243659067595693
0.55,0.5891278241972143,-0.8020903778577033,-3.1607383663973754
0.56,0.5810287650408662,-0.8177475366662257,-3.198993874978551
0.5700000000000001,0.5727723471403042,-0.8335625863653126,-3.2392629164966826
0.58,0.5643569781242073,-0.8495381846462646,-3.2816882277403767
0.59,0.5557810401759099,-0.8656767544436051,-3.3264262235885127
0.6,0.5470428926575952,-0.8819804258188192,-3.3736486218792017
0.61,0.5381408753792013,-0.8984509666938777,-3.4235443004046924
0.62,0.5290733126217779,-0.9150897001262746,-3.476321425011275
0.63,0.5198385180639733,-0.9318974053486048,-3.5322098951281804
0.64,0.5104348007969614,-0.9488741991428635,-3.5914641620806473
0.65,0.5008604726387151,-0.966019393269345,-3.654366486773056
0.66,0.4911138570165435,-0.9833313226431334,-3.7212307168314984
0.67,0.4811932997418488,-1.0008071375849794,-3.7924066800857763
0.68,0.47109718207438545,-1.018442551737216,-3.868285311964931
0.6900000000000001,0.46082393657547227,-1.0362315349780107,-3.949304659909717
0.7000000000000001,0.45037206635805693,-1.054165937691948,-4.035956939922559
0.71,0.4397401685118544,-1.0722350288731701,-4.128796859925115
0.72,0.42892696266968694,-1.090424925329967,-4.228451474519035
0.73,0.41793132594515314,-1.1087178823309682,-4.3356318981736
0.74,0.4067523358175257,-1.12709140664023,-4.451147282383724
0.75,0.39538932297822244,-1.1455171401366242,-4.575921561664174
0.76,0.383841936775186,-1.163959444619384,-4.711013597726551
0.77,0.37211022667646415,-1.1823735940790792,-4.857641509041012
0.78,0.36019474429125675,-1.2007034465415907,-5.017212169991926
0.79,0.3480966719825591,-1.2188784193965656,-5.191357109993911
0.8,0.3358179861945412,-1.2368095231440759,-5.381976345150662
0.81,0.3233616665351036,-1.2543841089105798,-5.591292037485391
0.8200000000000001,0.3107319657777925,-1.2714588401256839,-5.8219142938614254
0.8300000000000001,0.2979347618411387,-1.2878501848361197,-6.07692185593579
0.84,0.2849780213342234,-1.3033214077877986,-6.359960809695427
0.85,0.27187241666145423,-1.3175645641819926,-6.6753645576547
0.86,0.25863215704040404,-1.3301752778866294,-7.028297714658605
0.87,0.2452761210121724,-1.3406169942777726,-7.424924393783237
0.88,0.23182941886164818,-1.348169744082666,-7.872595657864436
0.89,0.21832557455473295,-1.3518559688310188,-8.3800378890747
0.9,0.20480960841874168,-1.350332327186393,-8.957495761653977
0.91,0.19134243642705867,-1.3417314038939556,-9.616725156201069
0.92,0.17800719210166424,-1.3234313415556054,-10.37061360502083
0.93,0.1649183206317806,-1.2917274893643238,-11.231976774690823
0.9400000000000001,0.15223453125383066,-1.2413882224638844,-12.210660694201614
0.9500000000000001,0.1401766845171077,-1.165125387999365,-13.307407028864814
0.96,0.12905074256221327,-1.053164676751539,-14.502185250036003
0.97,0.1192724210255865,-0.8934747347871694,-15.734997853512553
0.98,0.11138159771953025,-0.6738377219681068,-16.8820368872225
0.99,0.10602047496566483,-0.3872079808189874,-17.744884722639995
1.0,0.1038425342090719,-0.03968557046295403,-18.089563180954944
1.01,0.10535267781116552,0.34524773625751687,-17.754252986398058
1.02,0.11076128756606322,0.7345936141914999,-16.755921205232895
1.03,0.11997131115551948,1.1026447740523253,-15.280071648270788
1.04,0.13271759915000778,1.4423656171996502,-13.560371776957977
1.05,0.14876242194736808,1.765747286727159,-11.767847636676073
1.06,0.16807143285093354,2.101497520981568,-9.967844846849786
1.07,0.19100391738808153,2.502530479686138,-8.101188672029217
1.08,0.21871971877687085,3.0901774030251894,-5.861757419198111
1.09,0.2547999624630214,4.335202181993028,-1.543205521086346
1.1,0.2866752680892243,-7.402348565392572,20.17663834463362
1.11,0.22765704766845957,-5.016305595186975,-0.015760344769617518
1.12,0.1814707784794596,-4.316741389248397,-4.719063341378928
1.1300000000000001,0.14020645726233186,-3.970279208052392,-8.982635424008146
1.1400000000000001,0.10158110885468116,-3.772475359172843,-14.93578561387794
1.1500000000000001,0.06447756747532583,-3.659513591450845,-26.550764056509752
1.16,0.028201778091841444,-3.603318316807931,-66.58349006154552
1.17,0.007849536021512768,3.567880026845218,-250.48207421929678
1.18,0.04386406670298688,3.621568301029095,-41.222461590347905
1.19,0.08033625302397344,3.676407402216949,-20.389386257070328
1.2,0.11744072011095999,3.7454512984455386,-12.344330542724602
1.21,0.15522577296467907,3.808367244976779,-8.01229953849247
1.22,0.19349574659767235,3.8376745782671993,-5.328272562969496
1.23,0.2317851339882732,3.8094215925308044,-3.5948632047225804
1.24,0.2694719782025006,3.718323259431561,-2.4979871856549183
1.25,0.3059966183205444,3.581018800710691,-1.8354949974378894
1.26,0.3410238121531646,3.422933657345081,-1.4517899943681156
1.27,0.37445499150130285,3.2644250419840035,-1.2342923712631855
1.28,0.40634870494848374,3.1165979248725146,-1.1108686867896749
1.29,0.4368365043366982,2.9835152606618944,-1.0393522196204517
1.3,0.46606915982250924,2.8654280691845107,-0.996315396781835
1.31,0.49419055530480893,2.760974500631318,-0.969012387728168
1.32,0.5213279784694539,2.668321662282753,-0.9505329849503705
1.33,0.5475902863213469,2.5856656393387727,-0.9371117467484917
1.34,0.5730692705271684,2.511411866760762,-0.9266805982017443
1.35,0.597842017866719,2.4442141451987665,-0.9180957749634802
1.36,0.6219733373288592,2.382958201837646,-0.9107227254109516
1.37,0.6455179159920682,2.32672788638339,-0.9042107573396403
1.3800000000000001,0.6685221207276042,2.2747696135549718,-0.8983690937029558
1.3900000000000001,0.691025461159942,2.22646067175964,-0.8930978300840571
1.4000000000000001,0.7130617619550375,2.181282822414328,-0.8883490256988402
1.41,0.734660097017452,2.138800989238022,-0.884104543612019
1.42,0.755845533132066,2.098646325842954,-0.880363265525947
1.43,0.7766397229605834,2.060502899950238,-0.8771335112762149
1.44,0.7970613802868002,2.0240973736547248,-0.8744281909417602
1.45,0.8171266653201169,1.989191292416411,-0.8722610754747786
1.46,0.8368495054595336,1.955575907270574,-0.8706429259597208
1.47,0.8562418781320182,1.9230698609497994,-0.869576270800495
1.48,0.875314087929989,1.8915205260593388,-0.8690476071075617
1.49,0.8940750795233529,1.8608099460942662,-0.8690163337848353
1.5,0.9125328330138553,1.830865085644815,-0.8694021399136118
1.51,0.930694866604978,1.8016677089748,-0.8700781058376437
1.52,0.9485687922087293,1.7732529469062033,-0.8708817575980734
1.53,0.9661627566539295,1.7456873698387012,-0.8716487249014357
1.54,0.9834855851506575,1.7190343899180665,-0.8722519043397523
1.55,1.000546604399581,1.6933281437519447,-0.8726211026619806
1.56,1.017355301369121,1.6685669354909407,-0.8727377404897783
1.57,1.0339209941256566,1.6447204553130481,-0.8726175438960952
1.58,1.0502526007779567,1.6217408018960071,-0.8722937560572925
1.59,1.0663585124016777,1.5995717601518165,-0.8718055849894939
1.6,1.0822465434317576,1.5781550111574403,-0.8711916626785128
1.61,1.0979239305493764,1.5574337566829866,-0.870486916177805
1.62,1.1133973583852854,1.537354590248921,-0.8697214216407618
1.6300000000000001,1.1286729981118595,1.5178682984754226,-0.868920294754508
1.6400000000000001,1.1437565507030918,1.498930053545637,-0.8681040659811629
1.6500000000000001,1.158653290315871,1.4804992808739226,-0.867289242607541
1.6600000000000001,1.1733681054549705,1.462539368862208,-0.8664889063316926
1.67,1.1879055368605387,1.4450173151282744,-0.8657132756342487
1.68,1.202269811767763,1.427903360757321,-0.8649702044527028
1.69,1.2164648745668885,1.4111706392339616,-0.86426560998427
1.7,1.230494414082833,1.394794852587014,-0.8636038325617276
1.71,1.2443618877732898,1.378753979449619,-0.8629879346989084
1.72,1.2580705431706978,1.3630280154830514,-0.8624199477182695
1.73,1.2716234368835684,1.3475987444924975,-0.8619010741424892
1.74,1.2850234514509788,1.3324495375814729,-0.8614318532642828
1.75,1.2982733103177637,1.317565177324162,-0.8610122963569281
1.76,1.3113755911628229,1.3029317040318418,-0.8606419969009044
1.77,1.3243327377888037,1.288536281306165,-0.8603202203823859
1.78,1.3371470707546285,1.2743670783443461,-0.8600459774090463
1.79,1.349820796903672,1.2604131668192093,-0.8598180831495627
1.8,1.3623560179267167,1.2466644303306698,-0.8596352056513189
1.81,1.3747547380733838,1.2331114847866467,-0.8594959050282851
1.82,1.387018871118824,1.2197456081857647,-0.8593986652442701
1.83,1.3991502466667127,1.2065586786356062,-0.8593419197663673
1.84,1.4111506158711704,1.1935431194460573,-0.8593240722680865
1.85,1.4230216566393223,1.1806918504289294,-0.8593435132345784
1.86,1.4347649783773577,1.167998244548723,-0.8593986332569998
1.87,1.4463821263235506,1.15545608932,-0.8594878335560275
1.8800000000000001,1.457874585519103,1.1430595522836178,-0.8596095342928625
1.8900000000000001,1.4692437844498636,1.1308031501164264,-0.8597621810252477
1.9000000000000001,1.4804910983981803,1.1186817208790183,-0.8599442496849904
1.9100000000000001,1.4916178525284713,1.1066903990881385,-0.8601542503034396
1.92,1.5026253247382153,1.0948245932273355,-0.860390729753056
1.93,1.5135147482939633,1.0830799654492604,-0.8606522736635026
1.94,1.524287314274697,1.0714524132029235,-0.860937507678982
1.95,1.5349441738407197,1.0599380525717559,-0.8612450981815238
1.96,1.545486440342331,1.048533203150258,-0.8615737525743487
1.97,1.5559151912858002,1.0372343742669878,-0.8619222192286133
1.98,1.5662314701664068,1.0260382524362681,-0.8622892871475298
1.99,1.5764362881816631,1.014941689896896,-0.8626737854158337
2.0,1.5865306258371443,1.0039416941091002,-0.8630745824919505
2.0100000000000002,1.5965154344480796,0.9930354181623067,-0.8634905853531633
2.02,1.606391637551742,0.9822201519475907,-0.8639207385605937
2.0300000000000002,1.6161601322346089,0.971493314050527,-0.8643640232512875
2.04,1.6258217903808685,0.9608524442937787,-0.8648194560811522
2.05,1.6353774598496715,0.9502951968594837,-0.8652860881414928
2.06,1.6448279655881681,0.9398193339257644,-0.8657630038689148
2.07,1.6541741106801096,0.9294227198089785,-0.8662493199401868
2.08,1.6634166773402066,0.9191033155235212,-0.8667441841844197
2.09,1.6725564278558633,0.9088591737417441,-0.8672467745088716
2.1,1.6815941054798744,0.8986884341190623,-0.8677562978445835
2.11,1.690530435277894,0.8885893189500584,-0.8682719891179994
2.12,1.69936612493495,0.8785601291197128,-0.8687931102553463
2.13,1.7081018655223756,0.8685992403349975,-0.8693189492174469
2.14,1.7167383322276029,0.8587050996149896,-0.8698488190666471
2.15,1.7252761850510079,0.8488762220046768,-0.8703820570731842
2.16,1.7337160694709253,0.8391111875038284,-0.8709180238570364
2.17,1.7420586170785248,0.8294086381942894,-0.871456102565574
2.18,1.7503044461845942,0.8197672755490867,-0.8719956980876226
2.19,1.758454162400553,0.8101858579049179,-0.8725362363053633
2.2,1.7665083591960236,0.8006631980796375,-0.8730771633854221
2.21,1.774467618432491,0.7911981611372835,-0.8736179451028402
2.22,1.7823325108736978,0.7817896622946627,-0.8741580661959136
2.23,1.7901035966781051,0.7724366649283768,-0.874697029762388
2.24,1.7977814258709024,0.763138178700522,-0.8752343566859453
2.25,1.8053665387980757,0.7538932577851558,-0.8757695850952529
2.2600000000000002,1.8128594665629856,0.7447009991915478,-0.8763022698532648
2.27,1.8202607314464723,0.7355605411754539,-0.8768319820764655
2.2800000000000002,1.8275708473115235,0.7264710617296123,-0.8773583086837696
2.29,1.8347903199935107,0.7174317771446765,-0.8778808519748029
2.3000000000000003,1.8419196476770325,0.7084419406318234,-0.8783992292372307
2.31,1.8489593212583884,0.699500841022997,-0.878913072374708
2.32,1.8559098246941619,0.6906078015359544,-0.8794220275581814
2.33,1.862771635340571,0.6817621785697621,-0.87992575490796
2.34,1.8695452242788786,0.6729633605626772,-0.8804239281948871
2.35,1.876231056630053,0.664210766890728,-0.880916234564598
2.36,1.8828295918589621,0.6555038468105828,-0.8814023742812138
2.37,1.8893412840683081,0.6468420784420823,-0.8818820604901666
2.38,1.8957665822825132,0.638224967785822,-0.8823550189998035
2.39,1.9021059307217627,0.6296520477711489,-0.8828209880814404
2.4,1.9083597690664085,0.6211228773299478,-0.8832797182874778
2.41,1.9145285327119461,0.6126370404915773,-0.8837309722871628
2.42,1.9206126530147622,0.6041941454944098,-0.8841745247195241
2.43,1.9266125575316717,0.5957938239456626,-0.8846101620504688
2.44,1.9325286702499602,0.5874357299979449,-0.885037682445045
2.45,1.9383614118075185,0.5791195395055414,-0.8854568956644877
2.46,1.9441111997058311,0.5708449492212603,-0.8858676229660838
2.47,1.9497784485144618,0.5626116759971581,-0.8862696970168193
2.48,1.9553635700683663,0.5544194559977336,-0.8866629618162456
2.49,1.9608669736577222,0.5462680439221084,-0.8870472726285568
2.5,1.966289066209936,0.5381572122317445,-0.8874224959238245
2.5100000000000002,1.9716302524634939,0.5300867503802346,-0.8877885093282517
2.52,1.9768909351333355,0.5220564640417147,-0.8881452015832431
2.5300000000000002,1.9820715150674129,0.5140661743344519,-0.8884924725130117
2.54,1.9871723913958033,0.5061157170434537,-0.8888302329979131
2.5500000000000003,1.9921939616810593,0.4982049418788068,-0.8891584049401754
2.56,1.9971366220485784,0.49033371167674217,-0.8894769212531006
2.57,2.00200076731413,0.482501901615056,-0.8897857258469648
2.58,2.0067867911031576,0.47470939841946236,-0.8900847736188501
2.59,2.0114950859625487,0.4669560995611237,-0.8903740304453861
2.6,2.016126043464667,0.4592419124436571,-0.8906534731777818
2.61,2.0206800543029306,0.4515667535757375,-0.890923089639154
2.62,2.025157508378209,0.4439305477254317,-0.8911828786240359
2.63,2.029558794875315,0.4363332270524269,-0.8914328498998297
2.64,2.0338843023325417,0.4287747302271715,-0.891673024206928
2.65,2.0381344187064983,0.4212550015437299,-0.8919034332552495
2.66,2.042309531420201,0.4137739899818558,-0.8921241197268053
2.67,2.0464100274056327,0.40633164825755785,-0.892335137273095
2.68,2.0504362931362508,0.3989279318436867,-0.8925365505114855
2.69,2.0543887146501443,0.3915627979611763,-0.8927284350194117
2.7,2.0582676775627236,0.38423620453578217,-0.8929108773260398
2.71,2.0620735670677774,0.3769481091151979,-0.8930839749008828
2.72,2.065806767926257,0.3696984677426111,-0.893247836138675
2.73,2.0694676644481187,0.362487233798321,-0.8934025803401031
2.74,2.073056640459271,0.3553143567845473,-0.893548337688541
2.75,2.076574079255603,0.3481797810570293,-0.8936852492212292
2.7600000000000002,2.080020363545167,0.34108344450172845,-0.8938134667951544
2.77,2.0833958753770117,0.3340252771470606,-0.8939331530480414
2.7800000000000002,2.086700996055501,0.3270051997064222,-0.8940444813525112
2.79,2.089936106038662,0.32002312204505984,-0.8941476357612834
2.8000000000000003,2.09310158482207,0.31307894156216615,-0.8942428109471576
2.81,2.0961978108063564,0.30617254147851675,-0.8943302121358605
2.82,2.0992251611457573,0.29930378902404065,-0.8944100550266252
2.83,2.102184011578839,0.292472533510174,-0.8944825657049915
2.84,2.105074736239269,0.2856786042713129,-0.8945479805467474
2.85,2.107897707445123,0.2789218084719345,-0.8946065461069045
2.86,2.110653295465386,0.2722019287629745,-0.8946585189930916
2.87,2.1133418682626433,0.2655187207449088,-0.8947041657327199
2.88,2.115963791209003,0.2588719102568387,-0.8947437626139185
2.89,2.1185194267740615,0.2522611904402597,-0.8947775955107347
2.9,2.1210091341819766,0.24568621855389997,-0.8948059596871929
2.91,2.1234332690361133,0.2391466125402764,-0.8948291595676623
2.92,2.1257921829071154,0.23264194726929913,-0.8948475084816802
2.93,2.128086222882052,0.22617175045407845,-0.894861328367616
2.94,2.1303157310711143,0.21973549819727717,-0.8948709494285894
2.95,2.13248104406677,0.2133326101019689,-0.8948767097361252
2.96,2.134582492353749,0.2069624439612742,-0.8948789547561518
2.97,2.1366203996610222,0.2006242898961182,-0.8948780367991571
2.98,2.1385950822544744,0.19431736397906113,-0.8948743143571236
2.99,2.140506848161481,0.1880408012383986,-0.8948681513131331
3.0,2.1423559963217578,0.18179364802084214,-0.8948599159877526
3.0100000000000002,2.14414281566324,0.17557485378026572,-0.894849979970189
3.02,2.1458675840854045,0.16938326210646495,-0.8948387167069206
3.0300000000000002,2.1475305673553313,0.16321760124350562,-0.8948264997559611
3.04,2.1491320179043885,0.1570764740970646,-0.8948137006404552
3.0500000000000003,2.150672173523585,0.1509583479844847,-0.8948006861951898
3.06,2.152151255956772,0.1448615445027147,-0.8947878152822601
3.0700000000000003,2.153569469395423,0.13878423011443272,-0.8947754347272803
3.08,2.154926998886607,0.13272440838296148,-0.8947638743037003
3.09,2.156224008677071,0.12667991523963704,-0.8947534405758646
3.1,2.157460640533181,0.12064841927758342,-0.8947444094119141
3.11,2.1586370121001055,0.11462742984099734,-0.8947370170140344
3.12,2.159753215395778,0.10861431658347835,-0.8947314494148876
3.13,2.160809315576504,0.10260634506305778,-0.8947278305968599
3.14,2.1618053501600647,0.09660073351484946,-0.8947262097541789
3.15,2.1627413289429986,0.09059473561241017,-0.8947265487770261
3.16,2.1636172348883367,0.08458575194607809,-0.8947287117809729
3.17,2.1644330262659532,0.07857146815997693,-0.8947324593042572
3.18,2.1651886402700935,0.072550009781464,-0.8947374503286989
3.19,2.1658839981897873,0.06652009383211839,-0.8947432550436165
3.2,2.1665190119633126,0.06048114886103522,-0.894749379778661
3.21,2.1670935916479226,0.05443337338195136,-0.8947553027401226
3.22,2.16760765307282,0.04837771200437296,-0.8947605158945754
3.23,2.1680611248260178,0.04231574770438569,-0.8947645660312259
3.24,2.1684539538200807,0.036249530166294675,-0.8947670879906532
3.25,2.168786108960767,0.030181374225920342,-0.8947678253722713
3.2600000000000002,2.1690575828011367,0.024113663897259805,-0.8947666375372805
3.27,2.1692683913786874,0.018048688223442532,-0.8947634948132817
3.2800000000000002,2.1694185726285564,0.011988521649536111,-0.8947584655009818
3.29,2.169508183830266,0.0059349497204908876,-0.8947516985271443
3.3000000000000003,2.1695372985123362,-0.00011056650539630454,-0.8947434048984121
3.31,2.1695060031550546,-0.006146896898185234,-0.8947338400878503
3.3200000000000003,2.1694143939344563,-0.012173229046762064,-0.8947232885319902
3.33,2.16926257366289,-0.01818904330206911,-0.8947120507041066
3.34,2.1690506490125343,-0.024194081961169164,-0.8947004327761193
3.35,2.168778728058914,-0.030188316615139536,-0.8946887386356531
3.36,2.168446918149041,-0.03617191619990591,-0.8946772639196743
3.37,2.1680553240790905,-0.04214521720877694,-0.8946662917054519
3.38,2.1676040465559026,-0.04810869679046837,-0.894656089523856
3.39,2.167093180911892,-0.05406294898495882,-0.8946469074034694
3.4,2.1665228160419434,-0.06000866406274728,-0.8946389767027707
3.41,2.1658930335321918,-0.0659466107768106,-0.8946325095339898
3.42,2.1652039069528,-0.07187762125249302,-0.8946276986231605
3.43,2.1644555012899103,-0.07780257822035538,-0.8946247174848545
3.44,2.1636478724947916,-0.08372240429284156,-0.8946237208179506
3.45,2.162781067131185,-0.08963805300285504,-0.8946248450516953
3.46,2.1618551221045,-0.09555050135635952,-0.8946282089873654
3.47,2.1608700644588805,-0.1014607436689446,-0.8946339144960499
3.48,2.159825911230298,-0.10736978649402038,-0.894642047242131
3.49,2.1587226693456714,-0.11327864446869039,-0.8946526774118287
3.5,2.1575603355594923,-0.11918833693797327,-0.8946658604298027
3.5100000000000002,2.1563388964208445,-0.12509988522842214,-0.8946816376540399
3.52,2.1550583282648628,-0.13101431046952158,-0.8947000370408789
3.5300000000000002,2.1537185972238553,-0.1369326318711148,-0.8947210737769242
3.54,2.1523196592531977,-0.14285586538567382,-0.894744750872048
3.5500000000000003,2.1508614601696454,-0.1487850226895559,-0.8947710597158615
3.56,2.1493439356975217,-0.15472111042865974,-0.894799980593638
3.5700000000000003,2.147767011521985,-0.1606651296878654,-0.8948314831649046
3.58,2.1461306033472862,-0.1666180756458177,-0.8948655269058984
3.59,2.1444346169557154,-0.17258093737589206,-0.8949020615129756
3.6,2.14267894826984,-0.17855469777880806,-0.8949410272742808
3.61,2.140863483414658,-0.18454033361917965,-0.8949823554078038
3.62,2.1389880987771477,-0.1905388156351509,-0.895025968368186
3.63,2.1370526610650256,-0.19655110872047685,-0.8950717801246251
3.64,2.1350570273669724,-0.20257817218130073,-0.8951196964123227
3.65,2.1330010452058024,-0.20862096001207212,-0.8951696149576082
3.66,2.130884552588273,-0.21468042120329808,-0.8952214256792373
3.67,2.1287073780553616,-0.2207575000961065,-0.8952750108681656
3.68,2.1264693407267576,-0.22685313674394691,-0.8953302453464275
3.69,2.12417025034106,-0.23296826728366277,-0.8953869966077798
3.7,2.1218099072927514,-0.2391038243187418,-0.8954451249406464
3.71,2.1193881026674375,-0.24526073732001752,-0.8955044835337821
3.72,2.1169046182701794,-0.2514399330095388,-0.8955649185689769
3.73,2.11435922665016,-0.25764233574372697,-0.8956262693003895
3.74,2.111751691123497,-0.2638688679041901,-0.89568836812045
3.75,2.109081765791144,-0.2701204502754127,-0.895751040615433
3.7600000000000002,2.106349195552467,-0.276398002410616,-0.895814105611997
3.77,2.1035537161153144,-0.28270244298827024,-0.8958773752150555
3.7800000000000002,2.1006950540037996,-0.28903469016439487,-0.8959406548368432
3.79,2.0977729265629947,-0.2953956619140517,-0.896003743219133
3.8000000000000003,2.094787041956624,-0.30178627633752175,-0.8960664324541828
3.81,2.0917370991654973,-0.308207451973805,-0.8961285079974203
3.8200000000000003,2.088622787981873,-0.3146601080919799,-0.8961897486778873
3.83,2.0854437890009536,-0.3211451649656222,-0.8962499267067163
3.84,2.0821997736089966,-0.32766354412556703,-0.8963088076856748
3.85,2.0788904039689515,-0.33421616859417563,-0.8963661506159637
3.86,2.0755153330045713,-0.34080396310443695,-0.8964217079073206
3.87,2.072074204383928,-0.3474278543072482,-0.8964752253873537
3.88,2.068566652499656,-0.35408877095033914,-0.8965264423164749
3.89,2.0649923024437555,-0.3607876440148464,-0.8965750914135621
3.9,2.061350769986967,-0.36752540686169327,-0.8966208988792663
3.91,2.057641661554161,-0.3743029953398245,-0.8966635844308353
3.92,2.0538645741994217,-0.3811213478738534,-0.8967028613450396
3.93,2.050019095579687,-0.3879814055222704,-0.8967384365130994
3.94,2.0461048039276593,-0.3948841120076481,-0.8967700105085412
3.95,2.042121268024675,-0.40183041372033784,-0.8967972776689151
3.96,2.038068047174272,-0.4088212596971318,-0.8968199261922434
3.97,2.0339446911771426,-0.41585760157639373,-0.8968376382490781
3.98,2.029750740307617,-0.4229403935276468,-0.896850090112264
3.99,2.0254857252841205,-0.43007059210898,-0.8968569523229173
4.0,2.021149167247565,-0.4372491561289144,-0.8968578898674928
4.01,2.0167405777406056,-0.4444770464674604,-0.8968525623834291
4.0200000000000005,2.0122594586877915,-0.4517552258590193,-0.8968406243949624
4.03,2.007705302378356,-0.459084658638282,-0.8968217255805802
4.04,2.003077591451498,-0.46646631044471093,-0.896795511076196
4.05,1.9983757988847148,-0.4739011478859758,-0.8967616218165477
4.0600000000000005,1.993599387985763,-0.48139013816073883,-0.8967196949173657
4.07,1.988747812388812,-0.4889342486411774,-0.8966693641009579
4.08,1.9838205160553495,-0.4965344464156543,-0.8966102601679131
4.09,1.9788169332804224,-0.5041916977919315,-0.8965420115177141
4.1,1.9737364887031725,-0.5119069677413193,-0.8964642447296332
4.11,1.9685785973200471,-0.519681219271381,-0.8963765852141664
4.12,1.9633426645106822,-0.5275154127978258,-0.8962786579071137
4.13,1.95802808606665,-0.5354105054351622,-0.8961700880459851
4.14,1.9526342482277965,-0.5433674502555537,-0.8960505020119731
4.15,1.9471605277265907,-0.551387195489,-0.8959195282524417
4.16,1.9416062918409034,-0.5594706836667402,-0.8957767982885751
4.17,1.9359708984556587,-0.5676188507105269,-0.8956219478126106
4.18,1.9302536961338124,-0.575832624970427,-0.8954546178791574
4.19,1.9244540241970933,-0.584112926213875,-0.8952744561951678
4.2,1.9185712128169636,-0.5924606645687149,-0.8950811185132219
4.21,1.9126045831162277,-0.6008767394230271,-0.8948742701328632
4.22,1.9065534472817511,-0.609362038284549,-0.8946535875148249
4.23,1.9004171086887978,-0.6179174355996346,-0.8944187600146651
4.24,1.894194862039996,-0.6265437914444564,-0.894169491790787
4.25,1.8878859935147487,-0.6352419502653864,-0.8939055038041064
4.26,1.8814897809309863,-0.6440127395970342,-0.8936265359512274
4.2700000000000005,1.875005493921394,-0.6528569687133021,-0.8933323493649512
4.28,1.8684323941228864,-0.6617754272699236,-0.893022728860555
4.29,1.8617697353796976,-0.6707688839348108,-0.8926974855393432
4.3,1.8550167639600805,-0.6798380850181972,-0.8923564595525917
4.3100000000000005,1.8481727187865684,-0.6889837531147094,-0.8919995230287812
4.32,1.8412368316797634,-0.6982065857694743,-0.891626583166969
4.33,1.8342083276155603,-0.7075072541747013,-0.8912375855067589
4.34,1.8270864249951624,-0.7168864019232138,-0.8908325173688791
4.3500000000000005,1.819870335926516,-0.7263446438391901,-0.8904114114647654
4.36,1.8125592665176942,-0.7358825649022364,-0.8899743496773971
4.37,1.805152417180425,-0.745500719290424,-0.8895214670119237
4.38,1.7976489829421514,-0.7551996295720425,-0.8890529557103517
4.39,1.7900481537651065,-0.7649797860781101,-0.888569069521044
4.4,1.7823491148708828,-0.7748416464878847,-0.8880701281126342
4.41,1.7745510470689008,-0.784785635660096,-0.8875565216208177
4.42,1.7666531270840249,-0.7948121457678593,-0.8870287153172051
4.43,1.7586545278803059,-0.8049215367839698,-0.8864872543741303
4.44,1.7505544189797344,-0.8151141373488832,-0.8859327687003744
4.45,1.74235196676949,-0.8253902461013449,-0.8853659778240601
4.46,1.7340463347928525,-0.8357501335387701,-0.8847876957827486
4.47,1.7256366840183215,-0.8461940444756871,-0.884198835980821
4.48,1.717122173081941,-0.8567222011643069,-0.8836004159709285
4.49,1.7085019584953283,-0.8673348071743224,-0.882993562102286
4.5,1.6997751948074022,-0.8780320521830339,-0.8823795139529191
4.51,1.6909410347161162,-0.8888141176963764,-0.8817596284975724
4.5200000000000005,1.6819986291182916,-0.8996811838576623,-0.8811353839166864
4.53,1.6729471270832956,-0.9106334375169259,-0.8805083829263081
4.54,1.6637856757377851,-0.9216710816939571,-0.8798803555188279
4.55,1.6545134200514764,-0.9327943465315797,-0.8792531610129629
4.5600000000000005,1.6451295025100539,-0.944003501893796,-0.8786287892776801
4.57,1.635633062638277,-0.9552988721006112,-0.8780093608161696
4.58,1.6260232363766671,-0.9666808526296573,-0.8773971256984121
4.59,1.6162991552779955,-0.9781499292354338,-0.8767944610222269
4.6000000000000005,1.6064599454950217,-0.9897066997994842,-0.8762038666170415
4.61,1.5965047265377037,-1.001351899114816,-0.8756279587508975
4.62,1.5864326097722417,-1.0130864268989912,-0.8750694615318584
4.63,1.5762426966087433,-1.024911379689038,-0.8745311954510008
4.64,1.5659340763614957,-1.0368280866842516,-0.8740160628342837
4.65,1.5555058237219344,-1.0488381502600834,-0.8735270295397536
4.66,1.544956995804904,-1.060943491534853,-0.873067102403375
4.67,1.5342866287091868,-1.0731464016294188,-0.8726393017218272
4.68,1.5234937335353218,-1.085449599197251,-0.8722466280457891
4.69,1.5125772917940512,-1.0978562948946589,-0.8718920224278826
4.7,1.501536250132598,-1.1103702634875545,-0.8715783191728134
4.71,1.4903695142982993,-1.122995924311497,-0.8713081900296902
4.72,1.4790759422533468,-1.1357384307753955,-0.8710840786791958
4.73,1.467654336346367,-1.1486037695451745,-0.8709081242826907
4.74,1.4561034344417423,-1.1615988698949773,-0.8707820728294747
4.75,1.444421899903436,-1.1747317234623775,-0.870707175049556
4.76,1.4326083103297034,-1.1880115142277143,-0.8706840698075355
4.7700000000000005,1.420661144940094,-1.2014487579048065,-0.8707126522121308
4.78,1.4085787705280775,-1.2150554489893757,-0.8707919262575678
4.79,1.3963594259172547,-1.2288452124079785,-0.8709198427409933
4.8,1.384001204897184,-1.2428334549059183,-0.8710931246368596
4.8100000000000005,1.371502037675577,-1.2570375090015982,-0.871307084148852
4.82,1.3588596709684715,-1.2714767594866698,-0.8715554384276114
4.83,1.3460716469668959,-1.286172739127549,-0.8718301345524484
4.84,1.3331352815686621,-1.3011491768764734,-0.8721211985749204
4.8500000000000005,1.320047642446429,-1.3164319789439434,-0.8724166280646922
4.86,1.3068055277286685,-1.3320491216675099,-0.8727023517213774
4.87,1.2934054462769993,-1.3480304362962996,-0.872962282277488
4.88,1.2798436007202314,-1.3644072712303967,-0.8731784883161979
4.89,1.2661158745014496,-1.3812120275619708,-0.8733315054894057
4.9,1.252217824162836,-1.3984775795217201,-0.8734007963610257
4.91,1.2381446778823275,-1.4162366103085402,-0.8733653516130737
4.92,1.2238913408759908,-1.4345209128690628,-0.8732044051352066
4.93,1.2094524077065696,-1.4533607191271918,-0.872898216219337
4.94,1.1948221808729576,-1.472784125622683,-0.8724288583664757
4.95,1.1799946944045252,-1.4928166756902952,-0.8717809506249699
4.96,1.164963740668402,-1.5134811395099645,-0.8709422752042647
4.97,1.149722898310719,-1.534797507617526,-0.8699042428756045
4.98,1.134265559229993,-1.5567831871548445,-0.8686621906694303
4.99,1.1185849527015719,-1.579453368715506,-0.8672155193868336
5.0,1.1026741651656826,-1.6028215186614514,-0.8655676968845809
5.01,1.0865261546694558,-1.6268999477774582,-0.8637261647008165
5.0200000000000005,1.0701337594364233,-1.6517004103221293,-0.8617021904758357
5.03,1.0534897004532038,-1.6772346957483693,-0.8595107075638702
5.04,1.0365865782975952,-1.7035151850654913,-0.8571701792615685
5.05,1.0194168646592283,-1.7305553535601381,-0.8547025193693298
5.0600000000000005,1.0019728891470017,-1.7583702095978349,-0.8521330954779862
5.07,0.9842468220484758,-1.7869766650290282,-0.8494908372580583
5.08,0.9662306537323578,-1.8163938361621728,-0.846808469745878
5.09,0.9479161713875329,-1.8466432754959285,-0.844122891385453
5.1000000000000005,0.9292949337928122,-1.877749133594227,-0.8414757185368089
5.11,0.9103582448291635,-1.9097382478495368,-0.8389140222667537
5.12,0.8910971264993157,-1.9426401503768354,-0.8364912896216343
5.13,0.8715022923311584,-1.9764869806725396,-0.8342686504805163
5.14,0.8515641222203623,-2.0113132795288498,-0.8323164226581989
5.15,0.8312726400752795,-2.0471556279979333,-0.8307160429106806
5.16,0.8106174960627915,-2.0840520777162106,-0.8295624701067195
5.17,0.7895879559016664,-2.122041293935206,-0.8289671705109143
5.18,0.7681729006267629,-2.1611612978386567,-0.8290618232072036
5.19,0.7463608415910443,-2.2014476432474654,-0.8300029188370861
5.2,0.7241399574638568,-2.2429307888706087,-0.8319774639351982
5.21,0.7014981629809263,-2.285632315060636,-0.835210047915151
5.22,0.6784232233148205,-2.329559469145007,-0.8399715672156156
5.23,0.6549029344472183,-2.374697264663167,-0.8465899281095948
5.24,0.6309253994804817,-2.4209969639602633,-0.8554630203444837
5.25,0.6064794453008151,-2.4683591438550088,-0.8670741120979506
5.26,0.5815552468698072,-2.5166085286717244,-0.8820094205411637
5.2700000000000005,0.5561452620898845,-2.5654561077138376,-0.9009766704349098
5.28,0.53024563777665,-2.614441248404266,-0.9248213759958781
5.29,0.5038583423105114,-2.6628416888216444,-0.9545330981402671
5.3,0.4769944397904863,-2.7095307705081653,-0.9912243300997856
5.3100000000000005,0.449679196950613,-2.7527458156318034,-1.0360439496150518
5.32,0.42196020340452733,-2.7897027303417783,-1.089941692473377
5.33,0.39392058163782834,-2.81593660065413,-1.1530976762280196
5.34,0.36570104846591567,-2.8241388558842253,-1.2235925835924588
5.3500000000000005,0.3375378596808436,-2.802040207084305,-1.294316109959726
5.36,0.30983019568852777,-2.7284283593409886,-1.3456382204313355
5.37,0.2832639575805004,-2.565400524156421,-1.3273577024564123
5.38,0.25904782495172185,-2.2426080412350946,-1.1113117218681259
5.39,0.23938994582957568,-1.6213445265041477,-0.35036517597898964
5.4,0.22864731276464376,-0.36970650514099235,2.1032740564457146
5.41,0.2393302885797704,3.632384929462252,15.448276193665084
5.42,0.2999317223651461,2.270460769852525,0.627098924664077
5.43,0.3157661791985144,1.1864854110929637,-3.656636267071483
5.44,0.32569098604435015,0.8373322092516001,-4.620131810188099
5.45,0.33294998163487766,0.6272074673805416,-5.003921665959739
5.46,0.3384078020060075,0.4703342232716913,-5.192445259865092
5.47,0.34244641835821743,0.34080890705016675,-5.296827655712491
5.48,0.345278781229647,0.22788410982381493,-5.360433041446493
5.49,0.3470413397357021,0.1262038461108937,-5.40334188059613
5.5,0.3478302369294049,0.032775174703922896,-5.435954037546363
5.51,0.3477183144605667,-0.05418981209326193,-5.464100047084333
5.5200000000000005,0.3467643027786599,-0.13578141451412634,-5.491244797825598
5.53,0.3450184470635812,-0.21263368453897,-5.5195330814925345
5.54,0.3425264128871116,-0.28504134116527585,-5.550317578763912
5.55,0.3393323855843292,-0.35301017919464134,-5.584431408527258
5.5600000000000005,0.3354818863164686,-0.4162659435215923,-5.622320698058595
5.57,0.3310246602521167,-0.4742319971292414,-5.664089203899251
5.58,0.32601792964299847,-0.5259787723197275,-5.709476246721423
5.59,0.3205302968482394,-0.5701439036036109,-5.757771965445816
5.6000000000000005,0.3146466060320015,-0.604819711007349,-5.807662311037587
5.61,0.30847410915893764,-0.627404343328559,-5.856987271123973
5.62,0.3021503086761377,-0.6344156213847754,-5.902389465360455
5.63,0.29585282226320164,-0.621275197009207,-5.938829719140409
5.64,0.28981145508505735,-0.5820898837812862,-5.958959874590601
5.65,0.2843222290490108,-0.5094935068772217,-5.952387344321368
5.66,0.27976221099523446,-0.3946721177266974,-5.904965475732029
5.67,0.27660236896626555,-0.2277729844309759,-5.7984225869805
5.68,0.27541333593396927,0.0010404731787353862,-5.610886343019683
5.69,0.2768563900962103,0.29966167187476567,-5.319046454565348
5.7,0.2816506949168273,0.671254902727119,-4.902545912236933
5.71,0.2905100988745621,1.111071597309077,-4.350405689640057
5.72,0.3040496634704319,1.6037433369652594,-3.66802119391366
5.73,0.3226714525803536,2.1219818920499507,-2.8823695090316357
5.74,0.3464477692270375,2.6275219972051445,-2.04316605272036
5.75,0.3750300133691236,3.0755773061373337,-1.2180147687659053
5.76,0.40762633372347695,3.4242783894844693,-0.479681039086012
5.7700000000000005,0.4430944650586709,3.647519427442945,0.1133327253431915
5.78,0.48015113991194436,3.7438727221986974,0.5340593114934435
5.79,0.5176174941789647,3.7342545885584584,0.7904973669261373
5.8,0.5545887602569493,3.650331320403188,0.9139054288983384
5.8100000000000005,0.5904792170364505,3.5226719035260765,0.9424343602856124
5.82,0.6249749755922839,3.374565545657372,0.9098740420176545
5.83,0.6579536387354501,3.221177180500629,0.8415086653420603
5.84,0.6894104978488389,3.0712411437979954,0.7544205203591168
5.8500000000000005,0.7194050280287975,2.9291908772026773,0.6593978144219887
5.86,0.7480268842085965,2.796864683110112,0.562913127358549
5.87,0.7753761080556162,2.674650523295134,0.46866045820521984
5.88,0.8015524284806521,2.5621856093250277,0.378612246759396
5.89,0.8266499621767502,2.4587594848394363,0.2937027264471972
5.9,0.8507549601302151,2.3635358529131074,0.21425509910342644
5.91,0.8739451957548656,2.2756688767499322,0.14024341540057828
5.92,0.8962901898641621,2.1943600092331814,0.0714510575606635
5.93,0.9178518240669189,2.118882224893919,0.007565569909949499
5.94,0.9386851008095929,2.048586943245012,-0.05176537297395489
5.95,0.9588389235107576,1.9829021942267608,-0.10690161005588594
5.96,0.9783568352247146,1.9213267212067913,-0.15819242749757967
5.97,0.9972776894183909,1.8634225479256328,-0.20596708819433318
5.98,1.0156362440119397,1.8088073217035618,-0.25053048805356726
5.99,1.0334636811395306,1.7571470729164103,-0.2921618156767982
6.0,1.0507880575699915,1.7081496693314888,-0.33111492414590415
6.01,1.0676346936860461,1.661559047269771,-0.3676196293034095
6.0200000000000005,1.0840265081914,1.6171502045481774,-0.4018834637222308
6.03,1.0999843069856403,1.5747248939399643,-0.4340936001240534
6.04,1.1155270317109716,1.5341079396121233,-0.4644187843373009
6.05,1.1306719742382365,1.495144094201882,-0.49301118717653636
6.0600000000000005,1.1454349623124522,1.4576953606163459,-0.5200081266355525
6.07,1.1598305202746182,1.4216387094120926,-0.5455336424748616
6.08,1.1738720088171999,1.3868641317612433,-0.5696999173044492
6.09,1.1875717465547415,1.3532729757290307,-0.5926085510251402
6.1000000000000005,1.2009411163773964,1.3207765224620143,-0.6143516956691475
6.11,1.2139906584696414,1.2892947646120425,-0.6350130642718177
6.12,1.2267301520809761,1.2587553561094906,-0.6546688246172794
6.13,1.2391686874625245,1.2290927066518833,-0.6733883913499116
6.140000000000001,1.2513147294361202,1.2002471992238448,-0.6912351267450452
6.15,1.2631761736597162,1.1721645120602515,-0.7082669612042642
6.16,1.2747603965579104,1.144795029511873,-0.7245369429438251
6.17,1.2860742997741061,1.1180933289555495,-0.7400937250713537
6.18,1.2971243497813485,1.0920177324873046,-0.7549819982249913
6.19,1.3079166133522757,1.0665299145826375,-0.7692428744848043
6.2,1.3184567893089865,1.0415945575357584,-0.7829142292001966
6.21,1.3287502370576205,1.0171790482836138,-0.7960310053603059
6.22,1.3388020022703997,0.9932532109441308,-0.8086254851459587
6.23,1.3486168400450713,0.9697890702291132,-0.8207275326353706
6.24,1.358199235849184,0.9467606418195628,-0.8323648108164172
6.25,1.3675534244750207,0.9241437460515053,-0.8435629762024426
6.26,1.3766834072427137,0.901915842035326,-0.8543458534307972
6.2700000000000005,1.3855929676363927,0.8800558796586837,-0.8647355921478791
6.28,1.3942856855323542,0.858544167156606,-0.8747528083927117
6.29,1.4027649501804358,0.8373622524466768,-0.8844167119725594
6.3,1.411033972062366,0.8164928166252321,-0.8937452213978176
6.3100000000000005,1.4190957937313282,0.7959195780444359,-0.9027550679331743
6.32,1.4269532997466536,0.7756272058524659,-0.9114618897523983
6.33,1.4346092257857572,0.7556012419094371,-0.9198803172456388
6.34,1.4420661670107524,0.7358280301118214,-0.928024050522494
6.3500000000000005,1.4493265857603141,0.7162946522214905,-0.9359059299616455
6.36,1.4563928186369433,0.696988869659185,-0.9435380002736566
6.37,1.4632670830338066,0.6778990705253265,-0.9509315689158053
6.38,1.46995148315385,0.6590142212391209,-0.9580972594611924
6.390000000000001,1.4764480155707163,0.6403238223921861,-0.965045060323433
6.4,1.4827585743659222,0.6218178683578302,-0.9717843692722069
6.41,1.4888849558778916,0.6034868102811686,-0.978324034188708
6.42,1.4948288630960729,0.5853215220817913,-0.9846723904547636
6.43,1.5005919097311053,0.5673132691224151,-0.9908372952959403
6.44,1.5061756239851962,0.5494536794194922,-0.9968261591902782
6.45,1.5115814520424224,0.5317347170668966,-1.0026459747631622
6.46,1.5168107613036144,0.5141486575923189,-1.0083033434127133
6.47,1.5218648433867563,0.49668806516609343,-1.0138044997920477
6.48,1.526744916906856,0.4793457714353141,-1.0191553343371322
6.49,1.5314521300503734,0.4621148558474218,-1.0243614140139898
6.5,1.5359875629591888,0.4449886273204667,-1.029428001454401
6.51,1.5403522299383832,0.42796060712101225,-1.0343600726243993
6.5200000000000005,1.544547081501378,0.41102451281488134,-1.0391623331469368
6.53,1.5485730062578433,0.39417424325318623,-1.0438392333017648
6.54,1.5524308326518066,0.3774038645070014,-1.0483949818529779
6.55,1.5561213305679031,0.3607075965349457,-1.052833558880504
6.5600000000000005,1.5596452128074048,0.34407980065182353,-1.0571587275773562
6.57,1.563003136442613,0.3275149676569454,-1.061374045128634
6.58,1.5661957040544665,0.3110077065727884,-1.0654828727260677
6.59,1.5692234648597423,0.2945527339367989,-1.0694883847855807
6.6000000000000005,1.5720869157340038,0.27814486358967433,-1.073393577425804
6.61,1.5747865021362362,0.2617789969042425,-1.077201276256526
6.62,1.5773226189405372,0.24545011340065973,-1.0809141435161578
6.63,1.5796956111690903,0.22915326173709002,-1.0845346845467485
6.640000000000001,1.581905774638934,0.2128835510129615,-1.0880652537111664
6.65,1.58395335652418,0.1966361423205953,-1.091508059759524
6.66,1.585838555835929,0.1804062405638797,-1.0948651706606776
6.67,1.587561523821369,0.1641890864715725,-1.0981385179224812
6.68,1.5891223642823302,0.14797994877711237,-1.101329900416187
6.69,1.59052113381548,0.13177411653817908,-1.1044409877256076
6.7,1.5917578419762715,0.11556689156895081,-1.1074733230367342
6.71,1.5928324513686678,0.09935358095779023,-1.1104283255787726
6.72,1.5937448776625924,0.08312948964304459,-1.1133072926228063
6.73,1.594494989540965,0.06688991301958334,-1.1161114010396824
6.74,1.595082608565136,0.05063012951813257,-1.1188417083970665
6.75,1.595507508957845,0.03434539315650779,-1.1214991536123942
6.76,1.595769417330017,0.01803092605467253,-1.1240845571797817
6.7700000000000005,1.5958680123215996,0.001681910860287221,-1.126598620925458
6.78,1.5958029241720464,-0.014706516917352194,-1.1290419273006556
6.79,1.595573734210168,-0.03113927673183597,-1.1314149381811298
6.8,1.5951799742627517,-0.04762135100290953,-1.1337179931599584
6.8100000000000005,1.5946211259813396,-0.06415779331953203,-1.1359513073142067
6.82,1.593896620086524,-0.08075373686437572,-1.1381149684195726
6.83,1.5930058355290928,-0.09741440308194145,-1.1402089335803092
6.84,1.591948098567341,-0.11414511061273001,-1.1422330252344932
6.8500000000000005,1.590722681759856,-0.13095128451608815,-1.1441869264870563
6.86,1.5893288028544186,-0.14783846591791366,-1.1460701757130491
6.87,1.587765623539259,-0.16481232228164117,-1.1478821603894223
6.88,1.586032248161377,-0.18187865768902606,-1.149622110093948
6.890000000000001,1.5841277222990617,-0.19904342384458376,-1.1512890885845763
6.9,1.582051031229651,-0.21631273155820163,-1.1528819848783727
6.91,1.5798010982772208,-0.2336928628213384,-1.154399503226658
6.92,1.5773767830353356,-0.25119028351525946,-1.1558401518860202
6.93,1.574776879460754,-0.2688116567854842,-1.1572022305650058
6.94,1.5720001138340511,-0.2865638571164641,-1.1584838164042874
6.95,1.569045142581542,-0.3044539851543751,-1.1596827483229004
6.96,1.5659105499227401,-0.3224893835768282,-1.1607966095411941
6.97,1.5625948453677483,-0.3406776537836743,-1.1618227080912258
6.98,1.559096461046099,-0.35902667356411555,-1.1627580550670833
6.99,1.5554137488528934,-0.3775446158453576,-1.1635993403697555
7.0,1.551544977397622,-0.3962399686611336,-1.1643429055814543
7.01,1.5474883287433667,-0.4151215564165003,-1.1649847136397689
7.0200000000000005,1.5432418949278908,-0.43419856248939037,-1.1655203149231386
7.03,1.5388036742586184,-0.45348055320441594,-1.1659448092825517
7.04,1.5341715673733434,-0.4729775032161574,-1.1662528034677373
7.05,1.5293433730088342,-0.49269982289246345,-1.166438363248896
7.0600000000000005,1.5243167834873135,-0.5126583874445412,-1.1664949595892908
7.07,1.5190893799320262,-0.5328645676160525,-1.166415408044584
7.08,1.513658627147496,-0.5533302625451955,-1.166191800357264
7.09,1.5080218681593998,-0.5740679347724248,-1.1658154270622851
7.1000000000000005,1.502176318392453,-0.5950906474450101,-1.1652766898198121
7.11,1.4961190594734297,-0.6164121036462948,-1.1645650019384965
7.12,1.4898470326369342,-0.6380466879433301,-1.1636686751862415
7.13,1.4833570316713713,-0.6600095108192952,-1.1625747905604178
7.140000000000001,1.4766456954404428,-0.6823164549284935,-1.1612690506764693
7.15,1.4697094999204787,-0.7049842237400803,-1.1597356105463303
7.16,1.4625447497369817,-0.7280303924109823,-1.157956882977281
7.17,1.4551475691838776,-0.7514734604142106,-1.1559133142998503
7.18,1.4475138927199995,-0.7753329051678367,-1.1535831252009117
7.19,1.4396394549113438,-0.7996292367615054,-1.1509420099303314
7.2,1.4315197798320953,-0.8243840521394793,-1.147962786375617
7.21,1.4231501699344487,-0.8496200873783823,-1.1446149875262999
7.22,1.4145256944082176,-0.8753612665492764,-1.1408643824971116
7.23,1.4056411770834267,-0.9016327438436245,-1.1366724132105843
7.24,1.3964911839592868,-0.928460935508054,-1.131995528947455
7.25,1.3870700104833853,-0.9558735367820532,-1.1267843967542666
7.26,1.3773716687675415,-0.98389951610636,-1.1209829607568458
7.2700000000000005,1.3673898750152116,-1.0125690778171317,-1.1145273155740025
7.28,1.3571180375256555,-1.041913579292519,-1.1073443509672936
7.29,1.3465492458347623,-1.0719653855370315,-1.0993501117584055
7.3,1.3356762617171067,-1.1027576355129949,-1.0904478026661653
7.3100000000000005,1.3244915131116255,-1.1343238865726093,-1.08052534598436
7.32,1.3129870923910334,-1.1666975885987623,-1.0694523733133132
7.33,1.3011547610231253,-1.1999113218287643,-1.0570764941518358
7.34,1.2889859634091634,-1.233995703819689,-1.0432186342005283
7.3500000000000005,1.2764718538357298,-1.2689778320292278,-1.0276671658024867
7.36,1.2636033420962065,-1.3048790706897753,-1.0101704553659703
7.37,1.2503711656430492,-1.3417119048547568,-0.9904273154307044
7.38,1.2367659994535194,-1.3794754550720425,-0.9680746541788525
7.390000000000001,1.2227786198762711,-1.4181490516199127,-0.9426713313572754
7.4,1.2084001460538756,-1.457682963751481,-0.9136768165631611
7.41,1.1936223937029675,-1.4979849026302894,-0.8804226315717012
7.42,1.1784383935813463,-1.5389001578366974,-0.8420736256922602
7.43,1.1628431537556718,-1.5801819804527872,-0.7975747083070237
7.44,1.1468347884301398,-1.621446752029475,-0.74557642572963
7.45,1.1304162065991337,-1.6621049266992527,-0.6843292147128921
7.46,1.1135976723227494,-1.701252503556104,-0.6115303952009354
7.47,1.0964007512289327,-1.7374965289285993,-0.5240984604921755
7.48,1.0788645169081987,-1.7686671769400786,-0.41783333954889534
7.49,1.061055544204009,-1.7913286645167494,-0.2868947037461116
7.5,1.0430844474929568,-1.7999213153770084,-0.12298664041297269
7.51,1.0251341171147645,-1.7852040176377717,0.08592915507732601
7.5200000000000005,1.0075095967361027,-1.73132961099451,0.3576401495548771
7.53,0.9907292172320592,-1.6102145029927764,0.7185777868189165
7.54,0.9756951713842725,-1.3707883431423813,1.2067030173964945
7.55,0.9640079050521875,-0.9209986754251689,1.8675915491651485
7.5600000000000005,0.9584570150706856,-0.11672867764607352,2.712523668670871
7.57,0.9632245667832176,1.1382696761961648,3.5594685500005183
7.58,0.98169680943128,2.515106811180876,3.8814227479269428
7.59,1.0115350322336594,3.3243966447642808,3.415340419043124
7.6000000000000005,1.0459525956260214,3.4782076198708594,2.626853766963243
7.61,1.0800853793238834,3.3211407744892147,1.9135440994232067
7.62,1.112106592045039,3.078689897382551,1.3619589008398147
7.63,1.141660409476787,2.834823340193706,0.9475704447231976
7.640000000000001,1.1688803077523673,2.613552514900911,0.6332252082962722
7.65,1.1940202820755441,2.418760193499879,0.38997157234248214
7.66,1.2173368397714899,2.248331703474321,0.1977135264220573
7.67,1.2390565394057251,2.098796671996233,0.04276104239621836
7.68,1.2593710909877747,1.9667738590001684,-0.08430413644754231
7.69,1.2784406377970203,1.8493548071209347,-0.19008484160008754
7.7,1.2963988289363506,1.7441433734410818,-0.2793085951105516
7.71,1.3133576719807922,1.649194255815042,-0.355430906776417
7.72,1.3294116384479693,1.5629322657644655,-0.42102682927165413
7.73,1.344640984136745,1.4840780912743397,-0.47804958978542134
7.74,1.3591143895781037,1.4115868533050506,-0.5280047762686245
7.75,1.3728910505621674,1.3445993066260469,-0.5720699548568172
7.76,1.386022335881788,1.2824037143951124,-0.6111783608720227
7.7700000000000005,1.3985531080067948,1.2244062097160129,-0.6460784884123748
7.78,1.4105227816935082,1.1701077349683577,-0.6773772169239809
7.79,1.4219661783457724,1.119086028722261,-0.7055714971627836
7.8,1.4329142204276777,1.0709814768103632,-0.7310719585153344
7.8100000000000005,1.4433944998521782,1.025485927677043,-0.7542207248971614
7.82,1.4534317464363562,0.9823337908173596,-0.7753050211415771
7.83,1.4630482165528225,0.9412949039186184,-0.794567679236345
7.84,1.4722640176197075,0.902168778346306,-0.8122153339144929
7.8500000000000005,1.4810973806837249,0.8647799256867647,-0.8284248768055238
7.86,1.4895648906878503,0.828974038320668,-0.8433485837991574
7.87,1.4976816820658947,0.7946148485081062,-0.8571182220734661
7.88,1.5054616057576142,0.7615815301717782,-0.869848365231388
7.890000000000001,1.512917372484929,0.729766537822065,-0.8816390882189324
7.9,1.520060676257283,0.6990737991584441,-0.8925781729959925
7.91,1.52690230129174,0.6694171958498724,-0.902742925133322
7.92,1.5334522149593557,0.6407192803460736,-0.9122016788388129
7.930000000000001,1.5397196489021432,0.6129101869889646,-0.921015050846447
7.94,1.5457131700844602,0.585926703970027,-0.9292369905430589
7.95,1.5514407432668986,0.5597114789325166,-0.9369156639143426
7.96,1.5569097860957415,0.5342123364156001,-0.9440942009992613
7.97,1.5621272178605317,0.5093816889830455,-0.9508113308439962
7.98,1.567099502758896,0.4851760274428745,-0.9571019231004962
7.99,1.5718326884215514,0.46155547786744616,-0.9629974519244968
8.0,1.576332440283335,0.4384834155247062,-0.968526394755001
8.01,1.5806040723554926,0.415926127183866,-0.9737145764420256
8.02,1.5846525748210811,0.39385251494835455,-0.9785854671656576
8.03,1.5884826388616178,0.3722338356492274,-0.9831604412781757
8.040000000000001,1.592098679035035,0.35104347092177657,-0.9874590028550112
8.05,1.5955048534780547,0.3302567238548045,-0.991498982827835
8.06,1.5987050822089692,0.30985063855472755,-0.9952967118208227
8.07,1.6017030637141547,0.28980383975564883,-0.9988671720392215
8.08,1.604502290022296,0.27009638985408124,-1.0022241311556925
8.09,1.6071060604470055,0.25070966108009396,-1.0053802606260993
8.1,1.6095174940850734,0.23162622120087886,-1.0083472404383844
8.11,1.6117395412567834,0.21282973081430503,-1.011135852144804
8.120000000000001,1.6137749939676274,0.19430485102726455,-1.0137560616339347
8.13,1.6156264954844035,0.1760371602771178,-1.0162170929192351
8.14,1.617296549121913,0.1580130792332473,-1.0185274940885154
8.15,1.6187875263362854,0.14021980276356252,-1.0206951963666617
8.16,1.6201016741430787,0.1226452383879204,-1.022727567065649
8.17,1.6212411219571048,0.10527795034569323,-1.024631457185788
8.18,1.6222078879070092,0.08810710868629217,-1.026413244281428
8.19,1.6230038846590626,0.07112244289658816,-1.0280788711099327
8.2,1.6236309247912866,0.05431419958403118,-1.029633880538047
8.21,1.6240907257645207,0.037673103784277136,-1.0310834471356074
8.22,1.6243849145375806,0.021190323464679375,-1.0324324058131125
8.23,1.6245150318343353,0.004857436981424637,-1.0336852777941297
8.24,1.624482536080145,-0.011333596737937981,-1.0348462942219467
8.25,1.624288807077626,-0.027390465761940187,-1.0359194176486417
8.26,1.6239351494093606,-0.043320530514562874,-1.0369083616196568
8.27,1.6234227955955325,-0.05913084719907303,-1.037816608534228
8.28,1.6227529090224275,-0.07482818945015168,-1.0386474259602925
8.290000000000001,1.6219265866636836,-0.09041906839110861,-1.0394038815616313
8.3,1.6209448616157491,-0.10590975127044253,-1.0400888567682929
8.31,1.619808705461459,-0.12130627882011923,-1.0407050592978135
8.32,1.6185190304331722,-0.13661448128156445,-1.0412550346430998
8.33,1.6170766914495804,-0.15183999346744398,-1.0417411766259794
8.34,1.6154824879997483,-0.16698826880152115,-1.0421657370976032
8.35,1.613737165892344,-0.18206459245442277,-1.0425308348632523
8.36,1.611841418875228,-0.19707409365566014,-1.0428384638944033
8.370000000000001,1.6097958901338247,-0.2120217572506383,-1.043090500895645
8.38,1.6076011736779383,-0.22691243457542634,-1.0432887122841552
8.39,1.6052578156265063,-0.24175085372133864,-1.0434347606297671
8.4,1.6027663153996243,-0.2565416292603405,-1.0435302105944577
8.41,1.6001271268048767,-0.27128927141326215,-1.0435765344135262
8.42,1.5973406590242847,-0.2859981947054638,-1.043575116969834
8.43,1.5944072775406104,-0.30067272629500313,-1.043527260470924
8.44,1.5913273049691787,-0.31531711385470373,-1.0434341887785406
8.45,1.588101021815606,-0.3299355331147384,-1.043297051406953
8.46,1.5847286671580945,-0.3445320950819747,-1.0431169272170304
8.47,1.581210439258305,-0.3591108529699216,-1.042894827830585
8.48,1.5775464961048082,-0.3736758088728519,-1.0426317007854589
8.49,1.5737369558930618,-0.38823092021721883,-1.042328432448051
8.5,1.5697818974457773,-0.4027801060229379,-1.0419858506963149
8.51,1.5656813605633022,-0.4173272529485784,-1.0416047273941325
8.52,1.5614353463127992,-0.43187622117203345,-1.0411857806763563
8.53,1.5570438172686012,-0.4464308501680954,-1.0407296770382497
8.540000000000001,1.5525066976897446,-0.4609949643554431,-1.0402370332611557
8.55,1.5478238736442478,-0.47557237865183694,-1.0397084181726481
8.56,1.5429951930768915,-0.49016690393854645,-1.0391443542529586
8.57,1.5380204658216237,-0.5047823524567149,-1.038545319098246
8.58,1.5328994635597308,-0.5194225431580884,-1.0379117467491223
8.59,1.527631919724955,-0.5340913070320735,-1.0372440288908646
8.6,1.5222175293567861,-0.5487924924305772,-1.0365425159298252
8.61,1.5166559489031972,-0.5635299704114901,-1.0358075179487776
8.620000000000001,1.510946795973734,-0.578307640118211,-1.0350393055428833
8.63,1.5050896490212438,-0.5931294340738708,-1.034238110572121
8.64,1.499084046978497,-0.607999323597377,-1.033404126804748
8.65,1.492929488850699,-0.6229213243397618,-1.0325375104455758
8.66,1.4866254332417839,-0.6378995018376503,-1.031638380583845
8.67,1.4801712978276398,-0.652937977167027,-1.0307068195475089
8.68,1.4735664587719035,-0.6680409326961729,-1.029742873172173
8.69,1.4668102500833187,-0.6832126179625749,-1.0287465509866975
8.700000000000001,1.4599019629138472,-0.6984573556971134,-1.0277178263160704
8.71,1.452840844796879,-0.7137795480167519,-1.0266566363011054
8.72,1.445626098822128,-0.729183682739804,-1.025562881853457
8.73,1.4382568827450328,-0.7446743398612138,-1.0244364275484124
8.74,1.4307323080323686,-0.7602561982793811,-1.0232771014357454
8.75,1.423051438838606,-0.7759340426969638,-1.0220846947980946
8.76,1.4152132909128492,-0.7917127707263272,-1.0208589618576496
8.77,1.4072168304332775,-0.8075974002179475,-1.0195996194380093
8.78,1.3990609727666476,-0.8235930768456781,-1.0183063465822104
8.790000000000001,1.3907445811508956,-0.8397050819672138,-1.0169787841310882
8.8,1.382266465298965,-0.8559388406628791,-1.0156165343095926
8.81,1.3736253799197973,-0.8722999300803824,-1.0142191602975104
8.82,1.3648200231543575,-0.8887940880587812,-1.01278618581002
8.83,1.355849034925057,-0.9054272219861879,-1.0113170947253867
8.84,1.3467109951953251,-0.9222054179045789,-1.0098113307826306
8.85,1.3374044221355388,-0.9391349499034256,-1.0082682973622417
8.86,1.3279277701943573,-0.9562222897464117,-1.006687357401993
8.870000000000001,1.3182794280746908,-0.9734741166278494,-1.0050678335324483
8.88,1.3084577166081985,-0.9908973271922162,-1.0034090084241114
8.89,1.2984608865307374,-1.0084990456309135,-1.0017101254758418
8.9,1.288287116157117,-1.0262866338143912,-0.999970389930331
8.91,1.277934508951734,-1.0442677014759845,-0.9981889704849745
8.92,1.2674010910006135,-1.062450116203917,-0.9963650015969155
8.93,1.2566848083844049,-1.0808420131655156,-0.9944975866301986
8.94,1.2457835244544464,-1.099451804442405,-0.9925858020306009
8.950000000000001,1.2346950170215907,-1.1182881876341626,-0.99062870285223
8.96,1.2234169754592283,-1.1373601536381739,-0.9886253298719018
8.97,1.2119469977380446,-1.1566769930880014,-0.9865747187835836
8.98,1.200282587402923,-1.1762483011425626,-0.9844759119174813
8.99,1.1884211505128284,-1.1960839800678904,-0.9823279731249513
9.0,1.1763599925687673,-1.2161942389626363,-0.9801300066102752
9.01,1.164096315459831,-1.2365895898946864,-0.9778811806427616
9.02,1.1516272144737185,-1.2572808393148507,-0.9755807574580286
9.03,1.1389496754191406,-1.2782790736574534,-0.9732281308111894
9.040000000000001,1.1260605719274324,-1.2995956375760476,-0.9708228731502546
9.05,1.112956663017045,-1.3212421029143608,-0.9683647948992872
9.06,1.0996345910238317,-1.3432302261212823,-0.9658540189839064
9.07,1.086090880027803,-1.3655718912070127,-0.9632910746548525
9.08,1.0723219349334512,-1.3882790348419747,-0.9606770156856667
9.09,1.058324041410613,-1.411363549042943,-0.958013569758606
9.1,1.0440933669399566,-1.4348371562370865,-0.9553033275879198
9.11,1.0296259632719424,-1.4587112501318507,-0.9525499830601585
9.120000000000001,1.0149177706836607,-1.482996694263434,-0.9497586392797408
9.13,0.9999646244976328,-1.5077035687591556,-0.9469361998653754
9.14,0.9847622644424433,-1.5328408536556308,-0.9440918715259909
9.15,0.9693063475488312,-1.5584160357648187,-0.9412378122450851
9.16,0.9535924654212034,-1.5844346245954117,-0.9383899714137616
9.17,0.9376161668609578,-1.6108995637458745,-0.9355691838810567
9.18,0.9213729869403605,-1.6378105291115794,-0.932802601326163
9.19,0.9048584836382215,-1.6651631218190481,-0.9301255710485441
9.200000000000001,0.8880682828900963,-1.692948007321255,-0.9275841019689763
9.21,0.870998131908377,-1.721150166595305,-0.9252380716766533
9.22,0.8536439576698897,-1.7497487384501103,-0.9231652494393914
9.23,0.8360019188486801,-1.7787188775753775,-0.9214656976305453
9.24,0.8180684121116324,-1.8080404151262737,-0.9202634470094275
9.25,0.7998398893693536,-1.8377334111643475,-0.9196862508061852
9.26,0.7813118309723025,-1.8680236621578483,-0.91968170618309
9.27,0.7624751771120801,-1.8995469221933197,-0.9194962284751051
9.28,0.7433166554784333,-1.9323375614562142,-0.9188288139309546
9.290000000000001,0.7238253085888483,-1.9660677204672286,-0.9180662744754418
9.3,0.7039929058813233,-2.0005176850870843,-0.9175541014913704
9.31,0.6838131426227353,-2.035511144146508,-0.9175906936564298
9.32,0.663281467574126,-2.070868178860017,-0.9184673222668316
9.33,0.6423952646281949,-2.1063777466173055,-0.9204900500424822
9.34,0.6211542789988567,-2.141774812791377,-0.9239915584140732
9.35,0.599561276523505,-2.176715853188443,-0.9293358450575577
9.36,0.5776229725205413,-2.210748847009146,-0.9369149410030704
9.370000000000001,0.5553513036055768,-2.24327401370383,-0.947133693452674
9.38,0.532765157533178,-2.273490544529351,-0.9603747550991231
9.39,0.5098927328472339,-2.3003225448248954,-0.976929785994622
9.4,0.48677478364279975,-2.3223139871857845,-0.9968723962804473
9.41,0.4634691322616273,-2.3374769375131934,-1.0198297034604211
9.42,0.4400570311505999,-2.343068384006127,-1.0445750488106595
9.43,0.4166522683033355,-2.3352565862093204,-1.068298985792084
9.44,0.39341440865112004,-2.308614517074831,-1.0852857264432139
9.450000000000001,0.3705683635045627,-2.255339689373574,-1.0844503371793728
9.46,0.3484337844544676,-2.164033807263942,-1.0445805867611169
9.47,0.32747001151558747,-2.0177450301569415,-0.924598564197824
9.48,0.3083466981989378,-1.7906253205998113,-0.6416670557694317
9.49,0.292061921093722,-1.4411744564869977,-0.013201359048441219
9.5,0.28017719687695253,-0.8922724930345813,1.4506993573442086
9.51,0.2755612349466987,0.08537973499387527,5.933891148697225
9.52,0.28966256302359417,0.23547316518078432,11.83696126137249
9.53,0.2944277367044354,0.6091445944944675,-3.02099004320134
9.540000000000001,0.30096094429898756,0.6784687889598195,-4.569854232964255
9.55,0.30777287811972587,0.6772076051114418,-5.1104401848564365
9.56,0.3144155984898861,0.6483782035010135,-5.347734340267575
9.57,0.32069926902365814,0.6069570581851123,-5.457927269180675
9.58,0.32653533103553906,0.5596132695999136,-5.506166603266664
9.59,0.33188318962333746,0.5097183074372297,-5.521824217238773
9.6,0.3367274033567957,0.4591103719799525,-5.519820707102385
9.61,0.3410665747839033,0.4088420874054938,-5.508350221474391
9.620000000000001,0.3449074838414977,0.3595376289577229,-5.492156942754905
9.63,0.3482618259340882,0.3115782216121103,-5.474086541925691
9.64,0.35114434326636834,0.2652047069824376,-5.455882618705805
9.65,0.3535717446662621,0.22057713073321308,-5.438621306513778
9.66,0.35556209252394827,0.1778108455476262,-5.42295977578732
9.67,0.35713447794938713,0.136999255728568,-5.409283418217741
9.68,0.3583088808070993,0.09822873420171031,-5.397795196200936
9.69,0.35910615359094367,0.06158885998847075,-5.388570592841047
9.700000000000001,0.35954809232764706,0.02717982995179535,-5.3815913168050775
9.71,0.3596575724039143,-0.00488183233002082,-5.376765388585682
9.72,0.3594587359407699,-0.03445857739787959,-5.373938148972151
9.73,0.35897722301317253,-0.06138770953144837,-5.372896944701492
9.74,0.358240442324549,-0.08547758266414035,-5.37337119039728
9.75,0.3572778789769825,-0.10650396718581014,-5.375028870965492
9.76,0.35612143799365353,-0.12420653081389883,-5.377470170492551
9.77,0.35480582241771425,-0.13828545366455391,-5.38021870386177
9.78,0.35336894421756165,-0.1483982721826632,-5.382710737904167
9.790000000000001,0.3518523649034963,-0.15415712536686677,-5.384282795226552
9.8,0.3503017606866398,-0.15512666055408406,-5.384158126972473
9.81,0.3487674037983164,-0.1508229509439353,-5.381432720533869
9.82,0.347304647776368,-0.1407138687962593,-5.375061767305513
9.83,0.34597439962164556,-0.12422144892686644,-5.363847848019229
9.84,0.3448435557774282,-0.10072683132955054,-5.346432485739546
9.85,0.34398537339446345,-0.06957838707742761,-5.321293093369534
9.86,0.3434797421039358,-0.030103540681769392,-5.286747665731449
9.870000000000001,0.3434133177428561,0.01837540154178402,-5.24096966444271
9.88,0.34387947810339786,0.07652149355832503,-5.18201529811123
9.89,0.3449780630487444,0.14496011135340955,-5.107864638786159
9.9,0.34681487427028007,0.22425398464818436,-5.016476501277698
9.91,0.34950092370559144,0.3148784960358455,-4.905854927818101
9.92,0.3531514485070904,0.4172001349273449,-4.774122343252973
9.93,0.35788473982636,0.5314614364107568,-4.619591643517818
9.94,0.3638208671255281,0.6577755528045244,-4.4408271349665585
9.950000000000001,0.3710804060148687,0.7961326944491262,-4.236683280250497
9.96,0.37978329291595503,0.9464188796554089,-4.006311241655985
9.97,0.3900479206659633,1.1084448038135115,-3.749126668544662
9.98,0.40199055263489514,1.2819794759042555,-3.464737876162352
9.99,0.41572506121911,1.4667795812629025,-3.152841024585647
10.0,0.43136288484564067,1.662601270407967,-2.813097686412048
10.01,0.4490129398970987,1.869175565888377,-2.445020630612374
10.02,0.46878099633481796,2.086120406196094,-2.047907862231205
10.03,0.49076769916787333,2.3127496607092572,-1.6208873057191235
10.040000000000001,0.5150639298923182,2.5477206348255317,-1.1631721308837206
10.05,0.5417415062715722,2.7884387812917093,-0.6746866106202258
10.06,0.5708363205224968,3.0301259463766974,-0.1573018910030446
10.07,0.6023202246348387,3.264503691512965,0.3830244352505727
10.08,0.6360583477822769,3.4782571519674543,0.9330389426126642
10.09,0.6717526121120189,3.652000589038199,1.4684169102980835
10.1,0.7088838558393161,3.7613855834954197,1.9515606854933023
10.11,0.7466848986509589,3.782483058672544,2.3352044414703608
10.120000000000001,0.784191206805809,3.7015691388150347,2.5754138398105573
10.13,0.8203923638316598,3.524179420142186,2.6501636951724854
10.14,0.8544356112047299,3.275354552624802,2.5703554490759024
10.15,0.8857763585201958,2.9894632931097185,2.373491493161816
10.16,0.9142062231964607,2.6976088290885505,2.106053633709132
10.17,0.9397797310787638,2.420756114539931,1.8083299314879326
10.18,0.9627075357009669,2.169515271315647,1.5082402496537313
10.19,0.9832666612919688,1.9471273821780926,1.222026434773094
10.200000000000001,1.0017433788456063,1.752669160673244,0.9575209798380158
10.21,1.018403826496511,1.5833290118974037,0.7173719692771459
10.22,1.0334823888346765,1.4357218672870888,0.5013774100957635
10.23,1.04717964558922,1.3065416586951208,0.30794402845825775
10.24,1.0596647451388437,1.192832961345123,0.1349204607167247
10.25,1.071079403293184,1.0920677517906743,-0.019959568143777418
10.26,1.0815421597664032,1.0021326796877708,-0.15885953712974454
10.27,1.091152301604753,0.9212813547474873,-0.28374626962852867
10.28,1.0999932509843264,0.8480777870963553,-0.39636106251199865
10.290000000000001,1.1081353948495032,0.7813424158343621,-0.4982230393097826
10.3,1.1156384069261391,0.7201049601461323,-0.5906470283991097
10.31,1.122553137116929,0.6635649877651604,-0.6747667047144725
10.32,1.1289231432780573,0.6110596962298136,-0.7515583450530439
10.33,1.1347859326983947,0.562037908939517,-0.8218630354278114
10.34,1.1401739702299027,0.5160392112025214,-0.8864064664577443
10.35,1.1451154993198598,0.4726772459252487,-0.9458161170442996
10.36,1.1496352131550616,0.43162633702199055,-1.000635944309575
10.370000000000001,1.1537548059133573,0.39261075525879335,-1.0513388294383623
10.38,1.1574934274880793,0.3553960817029881,-1.098337070650461
10.39,1.1608680604681814,0.31978223569365954,-1.1419912105416525
10.4,1.1638938343145844,0.2855978233246481,-1.1826174570326193
10.41,1.1665842884484452,0.2526955400578738,-1.2204939257931064
10.42,1.1689515937347235,0.22094841543396476,-1.2558658983815796
10.43,1.1710067399371675,0.190246734234599,-1.2889502594903197
10.44,1.1727596951848855,0.16049550256544215,-1.3199392493042614
10.450000000000001,1.1742195424015556,0.13161235580849012,-1.3490036440868398
10.46,1.1753945966438923,0.10352582587378327,-1.3762954585130867
10.47,1.1762925066917536,0.07617390335510639,-1.401950247305642
10.48,1.176920343434653,0.04950284039571506,-1.4260890693934507
10.49,1.1772846773771262,0.023466154757155345,-1.4488201681264519
10.5,1.1773916470015133,-0.0019762007419177087,-1.4702404104815894
10.51,1.1772470195484368,-0.02685852880497406,-1.490436522139431
10.52,1.1768562455531089,-0.05120996053209664,-1.5094861481803454
10.53,1.1762245080658036,-0.07505492969249417,-1.5274587640404222
10.540000000000001,1.175356767640914,-0.09841356034288656,-1.5444164580808462
10.55,1.1742578038127993,-0.12130198119255704,-1.5604146024857235
10.56,1.1729322537209317,-0.14373257571752526,-1.5755024269339883
10.57,1.171384648573392,-0.16571417406666766,-1.5897235073181022
10.58,1.169619448459412,-0.18725219415850142,-1.6031161788664097
10.59,1.1676410759183153,-0.20834873681799912,-1.615713881782714
10.6,1.165453948838351,-0.22900263649442903,-1.6275454464185621
10.61,1.1630625130376966,-0.2492094715721272,-1.6386353229138204
10.620000000000001,1.1604712749357373,-0.2689615361168326,-1.6490037593863545
10.63,1.157684834693189,-0.2882477729259503,-1.6586669321107905
10.64,1.154707920222842,-0.30705366743042806,-1.667637030056886
10.65,1.1515454224578707,-0.3253611040284859,-1.675922294587051
10.66,1.1482024322312547,-0.343148182764849,-1.6835270151776314
10.67,1.1446842792470453,-0.36038899333091634,-1.690451481172094
10.68,1.1409965734305938,-0.37705334413120967,-1.6966918887208988
10.69,1.1371452493032652,-0.3931064453912449,-1.702240200336668
10.700000000000001,1.1331366138360603,-0.4085085411305446,-1.7070839547598649
10.71,1.128977398228675,-0.42321448400194506,-1.7112060241301275
10.72,1.1246748140868175,-0.43717324684657555,-1.7145843144252109
10.73,1.1202366147404923,-0.45032736638338755,-1.7171914030379472
10.74,1.1156711631393303,-0.4626123164367624,-1.7189941040664785
10.75,1.110987505722542,-0.473955789898152,-1.719952958973571
10.76,1.1061954542020853,-0.48427688898109217,-1.7200216386500726
10.77,1.10130567600694,-0.4934852099659122,-1.7191462464286003
10.78,1.0963297944404518,-0.5014798081870276,-1.7172645089929646
10.790000000000001,1.0912804996760894,-0.5081480282320122,-1.7143048394975617
10.8,1.086171672483075,-0.5133641845341199,-1.710185252383721
10.81,1.0810185217629769,-0.5169880696620422,-1.704812109565092
10.82,1.0758377380169515,-0.5188632699429284,-1.6980786703848565
10.83,1.0706476648023033,-0.518815262523022,-1.6898634141623396
10.84,1.0654684902326712,-0.5166492630990479,-1.680028099366458
10.85,1.0603224616219387,-0.5121477934346645,-1.6684155133879854
10.86,1.0552341258459244,-0.5050679276658823,-1.6548468620683292
10.870000000000001,1.0502305991277228,-0.4951381751593451,-1.6391187345932858
10.88,1.0453418699263353,-0.482054947568567,-1.6209995691077164
10.89,1.040601139564217,-0.46547855325888243,-1.6002255266133498
10.9,1.03604520546708,-0.4450286502179066,-1.5764956637400414
10.91,1.0317148930361195,-0.4202790823032094,-1.5494662684717628
10.92,1.0276555423869833,-0.3907520060355101,-1.5187441981645586
10.93,1.0239175580113105,-0.3559112109422365,-1.4838790172632303
10.94,1.0205570295439004,-0.31515451448647436,-1.4443536950512323
10.950000000000001,1.0176364340200637,-0.2678051133660134,-1.3995735621942096
10.96,1.0152254299077652,-0.21310174890534284,-1.3488531776299943
10.97,1.0134017564127795,-0.15018757996693147,-1.291400670361806
10.98,1.0122522505687976,-0.07809766791668565,-1.2262990723666638
10.99,1.0118739966589456,0.004254895449467318,-1.1524840914261003
11.0,1.0123756200340683,0.09809400989381895,-1.0687178064151257
11.01,1.0138787346715616,0.20479604190049325,-0.9735578827799969
11.02,1.0165195417048285,0.3259042678239761,-0.8653223740759548
11.03,1.0204505556554158,0.46313917377721636,-0.7420512246402458
11.040000000000001,1.025842388752074,0.6183984950900201,-0.6014678639892481
11.05,1.032885439817645,0.7937354103721088,-0.44094894951456576
11.06,1.0417911713317547,0.9912932875946738,-0.2575195246428783
11.07,1.052792363805168,1.2131577338362014,-0.04790847000699383
11.08,1.0661412045313765,1.4610565954327581,0.19126840196404138
11.09,1.082103155016951,1.735791158293567,0.4630739885621966
11.1,1.1009430634062136,2.0362186795623316,0.7693536446290232
11.11,1.1228979119777578,2.357558822067817,1.1090650328476885
11.120000000000001,1.1481285402757113,2.6888817336778184,1.4755077501063663
11.13,1.1766432723477922,3.0101424087592927,1.8525073148835298
11.14,1.2081958817133964,3.2904566479126984,2.2109414850998137
11.15,1.2421868827760167,3.491204953033235,2.5094084490196673
11.16,1.2776355939432007,3.577331480991469,2.703902418630819
11.17,1.3132975607280137,3.5337237323674526,2.765752782738379
11.18,1.347921915421731,3.3744460404737486,2.6959495374079685
11.19,1.3805204821536592,3.1355052654452855,2.5229585480307293
11.200000000000001,1.4105035644282342,2.8577016108350835,2.2868068357992914
11.21,1.4376541406629009,2.5733469044721518,2.023546766208787
11.22,1.462016051603628,2.3023083507514985,1.7583455495638236
11.23,1.4837772350784075,2.054131412337103,1.5057111799742224
11.24,1.5031850517299108,1.831752329620319,1.2724819856871477
11.25,1.5204963845024715,1.6345540991058487,1.0608353436013138
11.26,1.5359527178804482,1.4603156697641098,0.8704425266286528
11.27,1.5497700681505187,1.3062896930827508,0.6997898542030057
11.28,1.5621367241840967,1.1697359757021588,0.5469161144671018
11.290000000000001,1.5732146538394545,1.0481528875842694,0.4097943861488782
11.3,1.5831423603258847,0.9393540452854854,0.28651314232370484
11.31,1.5920380902946707,0.8414715929128639,0.17534983037131546
11.32,1.6000028947790177,0.7529283353350986,0.07478959063168467
11.33,1.6071233483716267,0.6723995945914559,-0.01648226489463811
11.34,1.6134738789911505,0.5987744833633057,-0.099598937574781
11.35,1.6191187259234143,0.5311206570211917,-0.17553431288710586
11.36,1.624113568730072,0.4686538699552213,-0.24512490730409142
11.370000000000001,1.62850687646543,0.41071240082320765,-0.3090899543350494
11.38,1.6323410239626348,0.35673588953122737,-0.36804905437164726
11.39,1.6356532152258276,0.3062479733945082,-0.4225373408517674
11.4,1.6384762503959023,0.25884207988713637,-0.4730183396878358
11.41,1.6408391635545738,0.21416982331741438,-0.5198947948167684
11.42,1.6427677555085582,0.17193151746878219,-0.5635177498195011
11.43,1.644285040713577,0.13186840155266996,-0.6041941539567428
11.44,1.6454116235315144,0.09375625614675799,-0.6421932345853905
11.450000000000001,1.6461660165128524,0.057400141903293345,-0.6777518409463894
11.46,1.646564910756972,0.022630051891726292,-0.7110789354861564
11.47,1.6466234066578074,-0.01070269662492829,-0.7423593749439135
11.48,1.6463552116772648,-0.04272846408742417,-0.7717571033807152
11.49,1.6457728106410818,-0.07356179690595675,-0.7994178540563645
11.5,1.6448876130893966,-0.10330352709665555,-0.8254714438786594
11.51,1.6437100813348287,-0.13204253798289364,-0.8500337248667653
11.52,1.6422498423008849,-0.15985725047138247,-0.873208249643958
11.53,1.640515785709797,-0.18681687815167902,-0.8950876954285054
11.540000000000001,1.6385161506624673,-0.21298248911502246,-0.9157550839434042
11.55,1.6362586025274017,-0.23840790327427389,-0.9352848296326892
11.56,1.6337503014912267,-0.2631404536986951,-0.9537436397884038
11.57,1.6309979641091554,-0.2872216300017612,-0.971191289461674
11.58,1.6280079189682453,-0.3106876212152415,-0.9876812886266804
11.59,1.6247861573295235,-0.3335697732663026,-1.0032614555516906
11.6,1.6213383795647789,-0.3558949710487993,-1.0179744095097594
11.61,1.6176700381904332,-0.3776859536380954,-1.0318579933682874
11.620000000000001,1.6137863779564938,-0.3989615732672011,-1.044945632948038
11.63,1.6096924736392593,-0.41973700127615476,-1.05726664168236
11.64,1.6053932660276833,-0.4400238865775933,-1.068846476030136
11.65,1.6008935965382198,-0.4598304713850173,-1.0797069458798014
11.66,1.5961982408677926,-0.47916166661673043,-1.0898663839877893
11.67,1.591311942088422,-0.49801908814698503,-1.099339777858937
11.68,1.586239443586555,-0.5164010557950095,-1.1081388660203997
11.69,1.5809855221531006,-0.5343025572133548,-1.1162721995649683
11.700000000000001,1.5755550216782015,-0.5517151743844755,-1.123745170979113
11.71,1.5699528876905935,-0.5686269720648067,-1.1305600105673796
11.72,1.5641842032288287,-0.5850223485533355,-1.136715749561231
11.73,1.5582542264674617,-0.6008818467828846,-1.1422081490393956
11.74,1.5521684304491319,-0.6161819216863559,-1.1470295938505866
11.75,1.5459325452887447,-0.6308946596006018,-1.1511689499180195
11.76,1.5395526032724027,-0.644987445600468,-1.1546113822164774
11.77,1.5330349879739795,-0.6584225793612594,-1.1573381269229812
11.78,1.5263864873124164,-0.6711568257840956,-1.1593262170368748
11.790000000000001,1.5196143513257343,-0.6831408947116027,-1.1605481553661015
11.8,1.5127263556574972,-0.6943188437542231,-1.1609715269054843
11.81,1.5057308715081228,-0.7046273923448048,-1.1605585434295818
11.82,1.49863694283716,-0.7139951335513981,-1.1592655116009893
11.83,1.4914543718972055,-0.7223416303499801,-1.1570422128425453
11.84,1.4841938148086036,-0.729576381241001,-1.1538311800737653
11.85,1.4768668878852511,-0.7355976314240291,-1.1495668575706888
11.86,1.469486286831406,-0.7402910089435629,-1.1441746226058782
11.870000000000001,1.4620659206745827,-0.7435279574442131,-1.1375696456465743
11.88,1.454621062277548,-0.745163930185506,-1.1296555624811384
11.89,1.447168518460582,-0.7450363092925262,-1.1203229220135742
11.9,1.4397268224766795,-0.742962001038009,-1.1094473699231724
11.91,1.4323164522908778,-0.7387346515681206,-1.0968875179156423
11.92,1.4249600790362245,-0.7321214168242111,-1.082482436676873
11.93,1.417682850058937,-0.7228592034814686,-1.0660486998010845
11.94,1.4105127129083985,-0.7106502872311692,-1.047376884408385
11.950000000000001,1.4034807865112626,-0.6951571878821277,-1.026227418374326
11.96,1.3966217880489264,-0.6759966622443161,-1.0023256333067847
11.97,1.3899745248244668,-0.6527326411581965,-0.9753558538739132
11.98,1.3835824630760776,-0.6248679072662411,-0.9449543094453938
11.99,1.3774943872056546,-0.5918342645235398,-0.9107006076107697
12.0,1.3717651661583228,-0.5529809059376963,-0.8721074469459303
12.01,1.366456646340666,-0.5075606331792692,-0.8286081771551235
12.02,1.3616386949381178,-0.4547135379055809,-0.7795417312708561
12.030000000000001,1.3573904208361636,-0.3934477224508239,-0.724134369775484
12.040000000000001,1.3538016046749164,-0.3226166361915901,-0.6614776180461905
12.05,1.350974374094526,-0.24089273787813345,-0.5905017419127122
12.06,1.349025160668691,-0.14673748694813488,-0.5099442295750226
12.07,1.3480869729254783,-0.03836839368939286,-0.4183131467641996
12.08,1.3483120048703416,0.08627459311192438,-0.3138462315979722
12.09,1.349874563664381,0.22955803351936743,-0.19446882976651003
12.1,1.3529742201085149,0.39416793649291315,-0.0577584384276113
12.11,1.3578389199578378,0.5830838880956026,0.0990670165006966
12.120000000000001,1.3647274719765037,0.7994702807056498,0.2791018631284692
12.13,1.3739302125173678,1.046402390180239,0.48557707937652905
12.14,1.3857655318954234,1.3262813257339268,0.7214277133108691
12.15,1.4005680453701586,1.6396997051692672,0.9883825454340269
12.16,1.4186613330655315,1.9834322581354447,1.2852507217846543
12.17,1.440305000943619,2.3472918236030393,1.6050842082066756
12.18,1.4656056054796835,2.710210448780451,1.9313666588255949
12.19,1.4943922654956812,3.037665626112572,2.234922312693285
12.200000000000001,1.5260919589994217,3.285123789493167,2.4757654302600764
12.21,1.559689241245586,3.4117445873932177,2.614414840191894
12.22,1.593861020358333,3.3998034223557863,2.6298269310658586
12.23,1.627271040013371,3.264396348559244,2.530312487732247
12.24,1.6588647398897853,3.0438283091717104,2.3471193886883346
12.25,1.68800600374539,2.7804194421295483,2.117740064309792
12.26,1.714441448019728,2.507058453355587,1.8729398497287053
12.27,1.7381822336216195,2.2438708933757883,1.6326234470820353
12.280000000000001,1.759386394486251,2.0007297220593023,1.4073778642154111
12.290000000000001,1.7782753021975923,1.781018423231061,1.2015863895782575
12.3,1.7950846089899335,1.5846097387517157,1.0160863049464142
12.31,1.8100393570938675,1.409741236610626,0.8499268652330334
12.32,1.8233433804564918,1.254055482804733,0.7013903660037442
12.33,1.8351762954488333,1.1151244561560092,0.5685359145425912
12.34,1.8456941522884873,0.9906870197569068,0.4494664107931594
12.35,1.8550316311744612,0.8787373330962837,0.34244524585414204
12.36,1.8633047135932521,0.7775405528960598,0.24593549062703013
12.370000000000001,1.8706133245600438,0.685615973467478,0.15860133398579412
12.38,1.877043733177766,0.6017078670745524,0.07929273249630597
12.39,1.8826706438275602,0.5247537733111141,0.007023961470518536
12.4,1.8875589765842486,0.45385459789038235,-0.05904872121425275
12.41,1.8917653656004105,0.3882481797835699,-0.11964794029121473
12.42,1.8953394127221839,0.3272867001836035,-0.17539368859144755
12.43,1.8983247325796286,0.27041774085407894,-0.22681925175611506
12.44,1.9007598260378125,0.21716854700265878,-0.27438470053715647
12.450000000000001,1.9026788095881482,0.16713303311163452,-0.3184882226816663
12.46,1.9041120266652112,0.11996107078111054,-0.359475597714063
12.47,1.9050865617543935,0.07534965643573215,-0.3976481013037718
12.48,1.9056266739830785,0.033035622841263386,-0.4332691005238093
12.49,1.9057541644203313,-0.007210390761952568,-0.4665695610462357
12.5,1.9054886883303042,-0.045588937804982015,-0.4977526567057089
12.51,1.904848021852023,-0.08227592447558074,-0.5269976339314072
12.52,1.90384829058814,-0.11742607969338793,-0.5544630624188143
12.530000000000001,1.902504166418489,-0.15117586096821575,-0.5802895752877276
12.540000000000001,1.9008290376730006,-0.18364589291451075,-0.604602188080919
12.55,1.898835156896523,-0.21494302287013758,-0.6275122640943216
12.56,1.8965337696985594,-0.2451620558294837,-0.6491191870963301
12.57,1.893935227632067,-0.2743872245093935,-0.6695117870368046
12.58,1.891049087482842,-0.3026934368834047,-0.688769558990184
12.59,1.8878841991187192,-0.3301473359171652,-0.7069637083269926
12.6,1.884448783469317,-0.3568082034358577,-0.7241580464380938
12.61,1.8807505021950817,-0.3827287287941068,-0.7404097617263422
12.620000000000001,1.8767965202646197,-0.40795566398442634,-0.7557700826377057
12.63,1.87259356243997,-0.4325303815190275,-0.7702848477845903
12.64,1.8681479646438444,-0.45648934672564856,-0.7839949971645375
12.65,1.863465721020995,-0.4798645166177111,-0.7969369940494575
12.66,1.8585525272475245,-0.5026836756260838,-0.8091431854154769
12.67,1.853413820840007,-0.5249707128057062,-0.8206421101649064
12.68,1.848054818940615,-0.5467458484170901,-0.8314587598222482
12.69,1.8424805540640097,-0.5680258149106854,-0.8416147965390833
12.700000000000001,1.836695908240033,-0.5888239951880925,-0.8511287330741398
12.71,1.8307056459924336,-0.6091505204726396,-0.860016078344702
12.72,1.8245144465256782,-0.6290123320680033,-0.8682894497292971
12.73,1.8181269354562775,-0.6484132072936676,-0.8759586547486977
12.74,1.8115477164790363,-0.6673537492755425,-0.8830307440814311
12.75,1.804781403280759,-0.6858313417623748,-0.8895100360601732
12.76,1.7978326521270027,-0.7038400691670054,-0.8953981125313485
12.77,1.7907061954432921,-0.7213705996771289,-0.9006937863797858
12.780000000000001,1.7834068767124278,-0.7384100287712195,-0.9053930404702913
12.790000000000001,1.7759396870484394,-0.7549416805678995,-0.9094889368009317
12.8,1.768309804191498,-0.7709448675508531,-0.9129714917762227
12.81,1.7605226340385425,-0.7863945999320814,-0.9158275177898841
12.82,1.7525838552893305,-0.8012612403676914,-0.9180404275510513
12.83,1.744499467882946,-0.8155100996448043,-0.9195899962289282
12.84,1.7362758458841374,-0.8291009653936828,-0.9204520768617331
12.85,1.7279197954069132,-0.8419875536230323,-0.9205982640031521
12.86,1.7194386182500392,-0.8541168725319788,-0.9199954987084012
12.870000000000001,1.7108401827268562,-0.8654284891687629,-0.9186056042750588
12.88,1.7021330022016636,-0.8758536802855413,-0.9163847449514421
12.89,1.6933263227052033,-0.8853144506899325,-0.9132827947559286
12.9,1.6844302212569133,-0.8937223996588515,-0.90924260052772
12.91,1.6754557163728196,-0.9009774079541026,-0.9041991228885617
12.92,1.666414892462611,-0.9069661151620177,-0.8980784340480771
12.93,1.6573210410803938,-0.9115601542314024,-0.890796544158255
12.94,1.6481888208852689,-0.9146140954262048,-0.8822580281140663
12.950000000000001,1.6390344399681174,-0.9159630503702175,-0.872354412316217
12.96,1.6298758641546713,-0.9154198712710688,-0.860962275833095
12.97,1.6207330553874877,-0.9127718671209102,-0.8479410101000706
12.98,1.6116282461146345,-0.9077769460504156,-0.8331301646943438
12.99,1.6025862552950643,-0.9001590655689615,-0.8163462961860488
13.0,1.5936348541702512,-0.8896028536482302,-0.797379210989226
13.01,1.584805190388374,-0.87574722451567,-0.7759874738761443
13.02,1.5761322821532677,-0.8581777815267619,-0.751893015492442
13.030000000000001,1.567655595291204,-0.8364177436400069,-0.7247746388529923
13.040000000000001,1.5594197198205881,-0.809917077277687,-0.6942601721052076
13.05,1.5514751656988077,-0.7780394414238004,-0.6599169575394619
13.06,1.5438793020342994,-0.74004647120106,-0.6212402950072647
13.07,1.5366974692327768,-0.6950788351876539,-0.5776393731667702
13.08,1.5300042990700806,-0.6421333964671198,-0.5284201460468562
13.09,1.523885286052609,-0.5800357524636143,-0.47276452122054036
13.1,1.5184386594319257,-0.5074074114903796,-0.40970520224676565
13.11,1.513777612764103,-0.42262702203859254,-0.33809561868078863
13.120000000000001,1.5100329515873403,-0.32378562583056825,-0.2565747139100667
13.13,1.507356213957902,-0.208637178849515,-0.16352729963039114
13.14,1.5059232944068797,-0.07454843997703554,-0.057042784858089224
13.15,1.5059385337977715,0.08154174994828765,0.06512046774627467
13.16,1.5076390862884934,0.26313197463882393,0.20554884399017048
13.17,1.5112990519356009,0.47409170587295235,0.3671311354481739
13.18,1.5172322242593577,0.7184310308109686,0.5528924719791046
13.19,1.525791079364387,0.9997437599602182,0.7655773642622627
13.200000000000001,1.5373574591223618,1.3200451152025467,1.0067617048871373
13.21,1.552316945192279,1.6775970810001535,1.275167834819637
13.22,1.5710047092888637,2.0633387285783313,1.563865954103009
13.23,1.5936092472428942,2.4561968239217147,1.8565508414185414
13.24,1.6200320600041498,2.819617928551224,2.12471339344727
13.25,1.649740731280283,3.104838925764133,2.330086103893338
13.26,1.6817127337993854,3.2661096024804515,2.436609753854398
13.27,1.7145760954013347,3.282624668482528,2.4279175287864376
13.280000000000001,1.7469292745282181,3.1692199778371366,2.3160495215581838
13.290000000000001,1.7776590316896392,2.9654714998015925,2.132906192185027
13.3,1.8060840897590886,2.714960652086841,1.9136651154065758
13.31,1.8319161823854455,2.4513742494046005,1.68555629218205
13.32,1.855137962654823,2.1953571783277437,1.465266137193315
13.33,1.8758836218150554,1.9572160271241543,1.2610894891327815
13.34,1.8943548828714556,1.740741273731927,1.076015818338192
13.35,1.9107716632160126,1.5461783656178774,0.9101422911775956
13.36,1.9253467546643233,1.372087003756361,0.7621903358947415
13.370000000000001,1.9382746771804966,1.2163746993393474,0.6303517200450384
13.38,1.9497281047547228,1.076823763993903,0.5127212907317726
13.39,1.9598580051042436,0.9513361140453707,0.4074985137837843
13.4,1.968795406147808,0.8380303376183869,0.3130675068834914
13.41,1.9766537226861967,0.7352655447743927,0.22801662832330982
13.42,1.9835311296137852,0.6416314339488226,0.1511300610069668
13.43,1.989512756059022,0.5559247047940183,0.08136801873991995
13.44,1.994672619104222,0.47712169681210653,0.017843767206511707
13.450000000000001,1.9990752860735335,0.4043518145790472,-0.040198729298325575
13.46,2.002777282408282,0.33687362689975625,-0.09340496293538403
13.47,2.0058282776853718,0.2740541816392102,-0.1423273582048471
13.48,2.008272080115711,0.21535149647181867,-0.18744010178554038
13.49,2.010147470833284,0.16029990724992926,-0.22915157863444768
13.5,2.0114889041913897,0.1084978880760495,-0.2678147364045329
13.51,2.0123270971452967,0.05959795287054213,-0.3037356963189456
13.52,2.0126895265276317,0.013298288938295785,-0.3371809027968634
13.530000000000001,2.0126008499336567,-0.030664178854512978,-0.36838306711641977
13.540000000000001,2.012083263482239,-0.07251955094188557,-0.3975461137814653
13.55,2.011156806811902,-0.11246974991340057,-0.42484930945149935
13.56,2.0098396242523604,-0.1506925264785332,-0.45045071681978965
13.57,2.0081481892587703,-0.1873448125029673,-0.4744900953045448
13.58,2.0060974981346607,-0.22256553888256908,-0.49709134141230504
13.59,2.003701237827235,-0.256478008291411,-0.5183645511430717
13.6,2.000971931904401,-0.28919190124548255,-0.5384077658138486
13.61,1.997921068039239,-0.32080497491341725,-0.5573084566410885
13.620000000000001,1.9945592098512197,-0.35140450684486285,-0.5751447890583798
13.63,1.9908960953712957,-0.3810685245535343,-0.5919867023824809
13.64,1.9869407241767743,-0.40986685381377796,-0.6078968349738717
13.65,1.9827014348016145,-0.4378620153026128,-0.6229313167993404
13.66,1.9781859738413838,-0.4651099907164159,-0.6371404510569659
13.67,1.9734015580213253,-0.4916608776268408,-0.6505693007917948
13.68,1.9683549301296408,-0.5175594505101073,-0.6632581922503589
13.69,1.963052409800782,-0.5428456381188321,-0.675243148888988
13.700000000000001,1.9574999398976847,-0.5675549295405107,-0.6865562637921492
13.71,1.951703129134709,-0.5917187179906896,-0.6972260180513445
13.72,1.9456672915404036,-0.6153645883903452,-0.7072775525963744
13.73,1.9393974833400547,-0.6385165543871784,-0.7167328989781453
13.74,1.932898537654086,-0.6611952521305503,-0.725611171346568
13.75,1.9261750974807335,-0.6834180917258862,-0.7339287255547187
13.76,1.9192316473558815,-0.705199370165706,-0.7416992874876572
13.77,1.9120725440738269,-0.7265503485603648,-0.7489340523471384
13.780000000000001,1.9047020468159748,-0.7474792948337251,-0.7556417567658306
13.790000000000001,1.8971243470078831,-0.7679914918336439,-0.7618287255036452
13.8,1.8893435982473592,-0.7880892109206827,-0.767498893461642
13.81,1.8813639467098349,-0.807771652627922,-0.7726538017174149
13.82,1.8731895623184796,-0.8270348513984322,-0.7772925687666428
13.83,1.8648246710366534,-0.8458715420139242,-0.7814118365160012
13.84,1.85627358861671,-0.8642709860169064,-0.7850056894431736
13.85,1.8475407564190984,-0.8822187566264825,-0.7880655440605543
13.86,1.8386307796729415,-0.8996964763361427,-0.7905800074496179
13.870000000000001,1.8295484685513252,-0.9166815008601588,-0.7925347028385084
13.88,1.8202988824568584,-0.9331465427713214,-0.793912059062591
13.89,1.810887378383711,-0.9490592301657608,-0.7946910576547099
13.9,1.801319664917813,-0.9643815951491019,-0.7948469292292656
13.91,1.7916018606991715,-0.9790694686118241,-0.7943508017976957
13.92,1.781740559897419,-0.9930717795410114,-0.7931692854011259
13.93,1.7717429052771656,-1.0063297401731197,-0.7912639858926805
13.94,1.761616670017365,-1.0187758971523089,-0.7885909375130028
13.950000000000001,1.751370349559162,-1.0303330266542188,-0.785099940758313
13.96,1.7410132657894606,-1.0409128495530244,-0.7807337869085739
13.97,1.7305556847968848,-1.050414530551403,-0.775427352613494
13.98,1.7200089509650374,-1.0587229251660761,-0.7691065385520118
13.99,1.7093856401746503,-1.0657065273342232,-0.7616870232444429
14.0,1.6986997349449056,-1.0712150582256836,-0.7530727987173471
14.01,1.687966826116505,-1.075076630759717,-0.7431544414010727
14.02,1.67720434513192,-1.077094401091427,-0.7318070684641073
14.030000000000001,1.6664318329062389,-1.0770426055609128,-0.7188879120947749
14.040000000000001,1.65567125186783,-1.0746618526214908,-0.7042334331016671
14.05,1.6449473494052522,-1.069653512341445,-0.6876558734863274
14.06,1.6342880828542397,-1.0616730069527307,-0.6689391245783439
14.07,1.623725118019735,-1.0503217585763727,-0.6478337574133476
14.08,1.613294416078961,-1.0351374890366563,-0.6240510260186086
14.09,1.6030369273993628,-1.0155824958399156,-0.5972556047968718
14.1,1.5929994145592647,-0.9910294326661014,-0.5670567676665961
14.11,1.5832354324394335,-0.9607440125239141,-0.532997646683236
14.120000000000001,1.573806499556615,-0.9238639176150549,-0.49454213054539187
14.13,1.5647835028259927,-0.8793730509486776,-0.4510588783335072
14.14,1.5562483873740998,-0.826070115322928,-0.4018018450234654
14.15,1.548296193361056,-0.762530383058728,-0.3458866859290183
14.16,1.5410375141405368,-0.6870595406715272,-0.2822624681670738
14.17,1.5346014591249078,-0.5976388173527291,-0.2096784286837341
14.18,1.5291392086819449,-0.4918615943875032,-0.1266464075699698
14.19,1.5248282357653602,-0.36686428552633504,-0.031401494917286055
14.200000000000001,1.5218772164106464,-0.21925979863774667,0.07813231222775419
14.21,1.520531515892444,-0.045093764469794066,0.20435603671405533
14.22,1.5210788303786946,0.16013241078543808,0.3499566860951566
14.23,1.523853914238366,0.4012810846454829,0.5177500386051312
14.24,1.5292400332283664,0.6830648328073894,0.7102815512353251
14.25,1.5376623771415927,1.008885051742931,0.928969131336213
14.26,1.5495646505517162,1.3785354951329205,1.1724649914381828
14.27,1.5653547499013882,1.7842495382819512,1.433923263474972
14.280000000000001,1.5853025796247853,2.2052335042108497,1.6973816717380237
14.290000000000001,1.6093844646888247,2.6031804355700565,1.935151928338285
14.3,1.6371128529593755,2.9251484946501187,2.110701343786941
14.31,1.6674612802243793,3.1202171314324088,2.191047082738903
14.32,1.699008792382276,3.164173327775009,2.163740615056431
14.33,1.7302862975549504,3.0715223831161973,2.043705955571615
14.34,1.7601204498184921,2.8833257427629255,1.8630452350378963
14.35,1.7877861035895786,2.6447166577500565,1.654733707462953
14.36,1.8129638906235839,2.390368948658288,1.442922780341112
14.370000000000001,1.8356128931750908,2.1414917483677587,1.2415838764041385
14.38,1.8558482897000486,1.9087689125160523,1.0571083837308068
14.39,1.8738561586947,1.6962975498200559,0.8913376570734983
14.4,1.8898436366533573,1.5045908343801944,0.7437618771893884
14.41,1.9040132313641522,1.3324398537391062,0.6128349003074318
14.42,1.9165513054164898,1.1779460660361285,0.49667629500215993
14.43,1.927624133165956,1.0390498962474581,0.3934130839873655
14.44,1.9373777008441793,0.9137795780320768,0.3013275845784651
14.450000000000001,1.945939180007175,0.800353262687019,0.2189072085138175
14.46,1.9534190119760135,0.69720787055742,0.1448477570524469
14.47,1.9599130863037975,0.6029935960581623,0.07803671193423178
14.48,1.965504780763442,0.5165540268434574,0.01752962078780551
14.49,1.9702667751126877,0.43690176553407245,-0.03747426175828272
14.5,1.9742626182519407,0.36319421824493286,-0.08765443513352
14.51,1.9775480641547858,0.2947115234425349,-0.1335887806182694
14.52,1.9801722006108446,0.2308372936760413,-0.17577023332037023
14.530000000000001,1.9821783991031225,0.17104220653820906,-0.214620732618668
14.540000000000001,1.9836051148311429,0.11487019922227137,-0.2505027908807924
14.55,1.9844865598164472,0.06192694385243619,-0.2837290536142907
14.56,1.984853270723652,0.01187025722260432,-0.3145701913289942
14.57,1.9847325893261145,-0.03559787290377513,-0.34326141513457065
14.58,1.9841490699967193,-0.08073791863746159,-0.3700078676720838
14.59,1.9831248266783599,-0.12377833614334847,-0.3949890928778208
14.6,1.981679829260436,-0.1649201765946897,-0.41836275495329867
14.61,1.9798321577980105,-0.2043409465589234,-0.4402677401778836
14.620000000000001,1.977598221275067,-0.2421978479202587,-0.46082675456788647
14.63,1.9749929466247473,-0.27863050623846,-0.4801485053243497
14.64,1.9720299426442374,-0.3137632739345181,-0.498329541011412
14.65,1.9687216427166774,-0.3477071821986327,-0.5154558061027528
14.66,1.9650794295040603,-0.3805615979467681,-0.5316039612359282
14.67,1.961113744349297,-0.41241563587628693,-0.5468425053423966
14.68,1.9568341836011254,-0.4433493633890954,-0.5612327339087351
14.69,1.9522495838210345,-0.47343483133600783,-0.5748295587656245
14.700000000000001,1.947368097402982,-0.502736958157122,-0.5876822096260979
14.71,1.9421972600119426,-0.5313142875803945,-0.5998348376323002
14.72,1.936744051002973,-0.5592196397899025,-0.6113270333570233
14.73,1.9310149477729674,-0.5865006705325484,-0.6221942721313556
14.74,1.9250159749583629,-0.6132003495584827,-0.6324682980915082
14.75,1.9187527492034793,-0.6393573706684049,-0.642177452990499
14.76,1.9122305201113174,-0.6650065009106831,-0.6513469578412148
14.77,1.9054542079954109,-0.6901788753127325,-0.6599991538763201
14.780000000000001,1.8984284389337949,-0.7149022441037025,-0.6681537062507268
14.790000000000001,1.891157577563233,-0.7392011768500875,-0.6758277746537387
14.8,1.8836457580245536,-0.7630972263310156,-0.6830361548613533
14.81,1.8758969134669425,-0.7866090551342594,-0.6897913936528559
14.82,1.8679148044683427,-0.8097525291582052,-0.6961038770639858
14.83,1.859703046675637,-0.8325407766506407,-0.7019818961501025
14.84,1.85126513800688,-0.8549842146813494,-0.7074316901325894
14.85,1.8426044857665413,-0.8770905437202235,-0.7124574671589466
14.86,1.833724434002043,-0.8988647096630646,-0.7170614029932334
14.870000000000001,1.8246282913851875,-0.9203088313913952,-0.7212436180575899
14.88,1.8153193599231403,-0.9414220918268442,-0.7250021324143814
14.89,1.8058009650668259,-0.9622005922859233,-0.7283327957411299
14.9,1.7960764874550743,-0.9826371649538044,-0.7312291922796678
14.91,1.7861493966935975,-1.0027211386943382,-0.7336825191795997
14.92,1.7760232877479838,-1.022438054597256,-0.7356814343844295
14.93,1.7657019205374398,-1.0417693248890765,-0.7372118707809465
14.94,1.7551892632309922,-1.0606918262133302,-0.7382568135435906
14.950000000000001,1.744489539789444,-1.0791774176041073,-0.7387960361292442
14.96,1.7336072829885778,-1.0971923747791046,-0.738805786658037
14.97,1.7225473935475966,-1.1146967247932897,-0.7382584193920252
14.98,1.7113152063199384,-1.1316434643366688,-0.7371219630829957
14.99,1.699916565097333,-1.1479776443881373,-0.7353596138672543
15.0,1.6883579073719106,-1.1636352959765899,-0.732929141341661
15.01,1.6766463604941368,-1.178542167472976,-0.7297821936115162
15.02,1.664789851859559,-1.1926122420387366,-0.7258634800142887
15.030000000000001,1.6527972350231368,-1.205745989944497,-0.7211098119848952
15.040000000000001,1.6406784348197159,-1.21782830603331,-0.7154489736082272
15.05,1.6284446150846366,-1.2287260700733607,-0.708798388227801
15.06,1.6161083726799235,-1.2382852507836606,-0.7010635428010419
15.07,1.6036839634867253,-1.2463274624336345,-0.6921361167914322
15.08,1.5911875657948833,-1.2526458536553662,-0.6818917575831869
15.09,1.5786375889184245,-1.2570001862495013,-0.6701874239773912
15.1,1.5660550355994936,-1.2591109205831852,-0.6568582068519122
15.11,1.5534639296487138,-1.2586520849891358,-0.6417135078396013
15.120000000000001,1.5408918219900836,-1.255242644604317,-0.6245324335256053
15.13,1.5283703920492244,-1.2484360161442412,-0.6050582238857245
15.14,1.5159361649744798,-1.2377072808096437,-0.5829914925796362
15.15,1.5036313706043611,-1.222437533686292,-0.557982001046172
15.16,1.491504976233864,-1.201894663759813,-0.529618623179007
15.17,1.4796139327242714,-1.1752096741725038,-0.49741708941714746
15.18,1.4680246844928135,-1.1413474484637136,-0.4608050098440096
15.19,1.4568150051075206,-1.0990706241228194,-0.41910360595250407
15.200000000000001,1.446076234725217,-1.0468949841437163,-0.37150555522254525
15.21,1.435916013701253,-0.9830346325681443,-0.3170483954962453
15.22,1.4264616224507003,-0.9053352814112516,-0.254583245385934
15.23,1.4178640524690764,-0.8111946641351758,-0.18273940717407333
15.24,1.4103029344196583,-0.6974712361314054,-0.09988725136857557
15.25,1.403992414893195,-0.5603874695848364,-0.004105800470460386
15.26,1.399187959961836,-0.39544572608828893,0.10683031995225911
15.27,1.39619377470489,-0.19739947524390355,0.23541338534574785
15.280000000000001,1.3953698765822773,0.03962691766579174,0.3842515643891862
15.290000000000001,1.3971364940487523,0.32167977049671875,0.5556838911085444
15.3,1.4019707866618236,0.6538209895229214,0.7509484352143183
15.31,1.4103861709375924,1.0376869688922257,0.968583171988421
15.32,1.4228777853478232,1.4670537119613363,1.2017489621791275
15.33,1.4398127029405545,1.9213541296081544,1.4347081731881839
15.34,1.461254334927968,2.359826272579928,1.640461557949732
15.35,1.4867613007773348,2.7238960313949074,1.784195435074807
15.36,1.5152886936434533,2.9559509807850755,1.8363076713476383
15.370000000000001,1.5453415320885948,3.027945042644758,1.7888774466518107
15.38,1.5753610558932782,2.9549788571771436,1.6602209769007268
15.39,1.6041039164259332,2.780922840181276,1.4827082423196338
15.4,1.6308024740858205,2.5533125156680714,1.2868350590688487
15.41,1.6551130375125462,2.3080674784456643,1.0933275467796193
15.42,1.6769785592643218,2.0668817001284716,0.9131762653917361
15.43,1.6965011659362057,1.8406277985082684,0.7507034103137928
15.44,1.713855335136661,1.6335254308929963,0.6065091487703689
15.450000000000001,1.729237817415575,1.4462120353608703,0.479427830816503
15.46,1.7428420157474633,1.2776094366672592,0.36762209087397313
15.47,1.7548464882907182,1.1259467802788543,0.2691296896927473
15.48,1.7654109314973425,0.9892811329731969,0.18210796821514053
15.49,1.7746758473590478,0.865742482074143,0.1049244476402007
15.5,1.7827638623872675,0.7536351369968614,0.036174379598785444
15.51,1.78978166038816,0.6514676109759601,-0.02533341231044517
15.52,1.7958220236602962,0.5579489027409181,-0.08060220553005326
15.530000000000001,1.8009657552233669,0.4719705637744368,-0.1304751947179923
15.540000000000001,1.8052833928521412,0.3925841655289015,-0.17566144886204016
15.55,1.8088366953601691,0.31897869966073145,-0.21675858754944832
15.56,1.811679911386321,0.25045987449219637,-0.2542719315071018
15.57,1.8138608534476846,0.18643198329945282,-0.28863039202446483
15.58,1.8154218043444628,0.12638240637066253,-0.3201995289844931
15.59,1.8164002807569402,0.06986854719457394,-0.3492922364629609
15.6,1.8168296771347154,0.01650690067340469,-0.37617747706864435
15.610000000000001,1.8167398096912442,-0.03403606210388945,-0.40108742622821225
15.620000000000001,1.8161573770275479,-0.08205148499327408,-0.42422332817676445
15.63,1.8151063514332468,-0.1277944522397942,-0.44576030867099115
15.64,1.8136083122454594,-0.17148926620940202,-0.4658513457028284
15.65,1.8116827309921955,-0.213333861745035,-0.48463055496917895
15.66,1.8093472160080482,-0.2535035072455542,-0.5022159203903103
15.67,1.806617723090835,-0.292153917186914,-0.5187115714411947
15.68,1.8035087375363041,-0.329423877287796,-0.534209690801196
15.69,1.8000334320274292,-0.36543746619515444,-0.5487921167473389
15.700000000000001,1.796203804015123,-0.4003059407530013,-0.562531695845098
15.71,1.792030795701123,-0.4341293415243913,-0.5754934269153417
15.72,1.7875243991564054,-0.4669978628227164,-0.587735434316754
15.73,1.7826937487863923,-0.49899302641951937,-0.5993097956061835
15.74,1.777547202878072,-0.5301886884371544,-0.6102632495362988
15.75,1.7720924158277584,-0.5606519055096099,-0.6206378024171111
15.76,1.7663364023064747,-0.5904436816129403,-0.6304712478438217
15.77,1.7602855944791909,-0.6196196119065414,-0.6397976147234002
15.780000000000001,1.7539458932595007,-0.6482304391513459,-0.6486475524587478
15.790000000000001,1.7473227143626215,-0.6763225346502819,-0.6570486621329801
15.8,1.7404210298908136,-0.703938312780589,-0.6650257826488057
15.81,1.7332454060797398,-0.7311165884564755,-0.6726012361908543
15.82,1.7258000377180143,-0.7578928841623782,-0.6797950383868514
15.83,1.7180887797172228,-0.7842996914172072,-0.6866250784130968
15.84,1.710115176290784,-0.810366691830035,-0.6931072717384358
15.85,1.7018824881060828,-0.8361209423716531,-0.6992556869061888
15.860000000000001,1.693393717742085,-0.8615870258934577,-0.7050826512348438
15.870000000000001,1.6846516338022293,-0.8867871701778971,-0.7105988355742393
15.88,1.6756587940068068,-0.9117413373037327,-0.715813319310651
15.89,1.6664175675382134,-0.936467283746627,-0.7207336370377795
15.9,1.6569301568957768,-0.9609805909753999,-0.7253658080469781
15.91,1.6471986195927344,-0.9852946669225388,-0.7297143481351285
15.92,1.6372248900588353,-1.0094207184056336,-0.7337822624867523
15.93,1.6270108019056093,-1.0333676906758424,-0.7375710215734201
15.94,1.6165581109528186,-1.0571421729084804,-0.7410805178782673
15.950000000000001,1.6058685194265239,-1.0807482673425153,-0.7443090015761002
15.96,1.5949437017101353,-1.1041874174784367,-0.7472529939161234
15.97,1.5837853319770805,-1.1274581893460764,-0.7499071769466521
15.98,1.5723951141150765,-1.1505559996399668,-0.7522642567587494
15.99,1.5607748149845444,-1.173472786252728,-0.7543147937105495
16.0,1.5489263011311742,-1.1961966078045418,-0.7560469989794423
16.01,1.5368515798448654,-1.2187111618506579,-0.7574464911124478
16.02,1.5245528456027926,-1.2409952092297782,-0.7584960047876821
16.03,1.512032532832639,-1.26302188617718,-0.7591750451265149
16.04,1.4992933760079272,-1.28475788258662,-0.7594594789058855
16.05,1.48633847895743,-1.3061624636629867,-0.7593210485127447
16.06,1.4731713947785767,-1.327186301486029,-0.7587267967994547
16.07,1.4597962184931725,-1.347770079039156,-0.7576383849805299
16.080000000000002,1.4462176951274495,-1.3678428206907605,-0.7560112814777646
16.09,1.4324413458875498,-1.387319888893006,-0.7537937981836171
16.1,1.4184736165206602,-1.406100577993701,-0.7509259395408079
16.11,1.4043220520156512,-1.4240652137304968,-0.7473380274443081
16.12,1.3899955032866045,-1.4410716484185053,-0.7429490520483097
16.13,1.3755043724292055,-1.4569510111333086,-0.7376646896232817
16.14,1.3608609049675802,-1.471502538761481,-0.7313749114727656
16.15,1.3460795392346858,-1.4844872655222752,-0.7239510920669889
16.16,1.3311773258415762,-1.4956202932186935,-0.7152424975815497
16.17,1.3161744327463514,-1.5045612827801604,-0.7050720134732226
16.18,1.3010947563535784,-1.510902717564889,-0.6932309247375988
16.19,1.2859666633267237,-1.5141553557291216,-0.6794725252787043
16.2,1.270823895230878,-1.5137301342464924,-0.6635042681336115
16.21,1.2557066751802006,-1.5089155670055354,-0.6449781151537057
16.22,1.2406630685388729,-1.4988494294688983,-0.6234786484599486
16.23,1.225750661419573,-1.48248317858002,-0.5985084356116914
16.240000000000002,1.2110386391314227,-1.4585371542477583,-0.569470059114142
16.25,1.196610368692435,-1.4254441495535037,-0.5356441720312366
16.26,1.182566615659499,-1.3812784604538086,-0.49616299941524433
16.27,1.1690295565014222,-1.3236671971247347,-0.44997898440604933
16.28,1.1561477792981707,-1.2496807951026525,-0.39582908117444027
16.29,1.1441024914673965,-1.1557011750074973,-0.3321970001780499
16.3,1.1331151480726205,-1.0372705778996987,-0.25727972744454175
16.31,1.1234566352175508,-0.8889357623724686,-0.16897288618604378
16.32,1.1154578799234576,-0.7041289629772236,-0.0649062035437793
16.330000000000002,1.1095210890123433,-0.47518514276189777,0.05740724107028661
16.34,1.1061292968664072,-0.19371412967567309,0.20018484908019185
16.35,1.1058487051647834,0.14823066706387356,0.36453159299588145
16.36,1.1093122313885877,0.5553989885120186,0.5488065455429838
16.37,1.1171631132962998,1.0239301170036896,0.7458825095751018
16.38,1.129928406005513,1.5328425363694211,0.9396123814781907
16.39,1.1478023094970107,2.035568331117705,1.102854413172843
16.4,1.1703852911226862,2.461889640372134,1.2022750870762187
16.41,1.1965483839054227,2.742040818833731,1.213192946643406
16.42,1.2246241965579843,2.8435418039135567,1.135420782034693
16.43,1.2528863452892824,2.7862642384164027,0.9933505148623181
16.44,1.279991775522843,2.6216308518331637,0.8200177953323471
16.45,1.305137787179388,2.4020882753140933,0.6420372181731855
16.46,1.32797775421577,2.165260388189824,0.4748865500899957
16.47,1.34845901864187,1.9328658358593227,0.32513554168404
16.48,1.3666853402865449,1.7153387546238932,0.1941279076794309
16.490000000000002,1.3828284807516138,1.5165092420896829,0.08072254009735857
16.5,1.397079384952446,1.3367884500968703,-0.017144583732824348
16.51,1.409624118752591,1.1750100603780218,-0.10169809565166532
16.52,1.4206335011180546,1.0294029708901826,-0.17500006787016087
16.53,1.4302597504994907,0.8980711947784721,-0.23884192411486604
16.54,1.4386364812252095,0.7792125171573959,-0.29473246037716283
16.55,1.4458801476436638,0.6712047111122531,-0.34392388525931117
16.56,1.452091988799696,0.5726274431945515,-0.38744923988450564
16.57,1.4573600258424877,0.4822548306309368,-0.42615983626036724
16.580000000000002,1.4617609149766424,0.3990361525506343,-0.46075847848550056
16.59,1.4653615867932968,0.3220731911595205,-0.4918273768206871
16.6,1.4682206594779723,0.2505981084155441,-0.5198509720616636
16.61,1.4703896401476224,0.18395346419315095,-0.5452343527484098
16.62,1.471913940239658,0.12157486416098714,-0.5683180139489844
16.63,1.4728337299746588,0.06297621566412397,-0.5893896697410552
16.64,1.4731846576547145,0.007737344352040392,-0.6086937129921408
16.65,1.4729984556122582,-0.04450634118290011,-0.6264388100188031
16.66,1.472303451673629,-0.09407245215390203,-0.6428040203895604
16.67,1.47112500210653,-0.14123877685916872,-0.6579437480948909
16.68,1.469485859137763,-0.18624924086894826,-0.671991765935321
16.69,1.4674064839669505,-0.22931888000176978,-0.6850645020541459
16.7,1.464905314249731,-0.27063800027338236,-0.6972637371781941
16.71,1.4619989934401814,-0.31037566811504186,-0.708678828746512
16.72,1.4587025680922447,-0.34868264837312235,-0.7193885533662439
16.73,1.4550296580976012,-0.38569388571964996,-0.7294626416237148
16.740000000000002,1.4509926041061065,-0.4215306081576246,-0.7389630611032195
16.75,1.4466025954951338,-0.45630211629844436,-0.7479450949660285
16.76,1.441869781814993,-0.4901073110787762,-0.7564582519279022
16.77,1.4368033700690674,-0.5230360026703867,-0.7645470378125206
16.78,1.4314117098487247,-0.5551700359534786,-0.7722516131192694
16.79,1.4257023680252434,-0.5865842619087211,-0.7796083542365357
16.8,1.4196821943720053,-0.6173473786259983,-0.7866503364593652
16.81,1.4133573793635106,-0.6475226623795869,-0.7934077497596546
16.82,1.406733505127997,-0.6771686050272074,-0.7999082591290576
16.830000000000002,1.399815590437243,-0.7063394716146253,-0.8061773188360759
16.84,1.392608130488665,-0.7350857902339382,-0.8122384456979826
16.85,1.385115132059948,-0.7634547833052894,-0.8181134599890947
16.86,1.377340144625211,-0.7914907487762869,-0.8238226977685283
16.87,1.3692862878811327,-0.8192353983167041,-0.8293851986570032
16.88,1.3609562760709197,-0.8467281578949681,-0.8348188736748244
16.89,1.3523524394686606,-0.8740064357593513,-0.8401406562240006
16.9,1.3434767433528907,-0.9011058625569596,-0.8453666370629773
16.91,1.3343308046777118,-0.9280605062897723,-0.8505121877981964
16.92,1.3249159067113434,-0.9549030652739015,-0.8555920738628783
16.93,1.3152330118570084,-0.981665041936132,-0.8606205582032697
16.94,1.3052827728276408,-1.0083768991324729,-0.8656114975567574
16.95,1.2950655423144857,-1.03506820012425,-0.8705784332950945
16.96,1.2845813813200984,-1.0617677336979527,-0.8755346775211497
16.97,1.273830066383379,-1.0885036262569356,-0.8804933937643897
16.98,1.262811095677615,-1.1153034394371744,-0.8854676761254539
16.990000000000002,1.2515236942148191,-1.1421942542539623,-0.8904706259522327
17.0,1.239966818298962,-1.169202741718236,-0.8955154264964402
17.01,1.2281391593616584,-1.1963552185355473,-0.9006154166773742
17.02,1.2160391472678092,-1.2236776856571212,-0.9057841652738768
17.03,1.203664953312144,-1.251195848224463,-0.9110355450470584
17.04,1.191014493255867,-1.2789351149581054,-0.916383805893758
17.05,1.1780854303458204,-1.30692057005562,-0.9218436502383653
17.06,1.1648751788319855,-1.3351769143977665,-0.9274303081165141
17.07,1.1513809082833226,-1.3637283683092212,-0.9331596122919722
17.080000000000002,1.1375995490339252,-1.3925985255762925,-0.9390480738630487
17.09,1.1235277994366313,-1.4218101480130647,-0.9451129556980318
17.1,1.1091621355318324,-1.4513848839882086,-0.9513723429724832
17.11,1.0944988239656896,-1.4813428904803019,-0.9578452082451164
17.12,1.0795339393115415,-1.511702332438541,-0.9645514669452836
17.13,1.0642633871018907,-1.5424787240917115,-0.9715120186964877
17.14,1.0486829344834263,-1.573684067578029,-0.9787487658907228
17.150000000000002,1.0327882506804595,-1.6053257280673445,-0.9862846000816365
17.16,1.016574960437336,-1.6374049676902405,-0.9941433395159203
17.17,1.0000387140971416,-1.669915031180496,-1.002349599556116
17.18,0.9831752798022739,-1.7028386457650129,-1.0109285630953222
17.19,0.9659806642292683,-1.7361447444117497,-1.0199056132741267
17.2,0.9484512712191784,-1.7697841619395247,-1.029305765565585
17.21,0.9305841096436005,-1.803683953591331,-1.0391528243534713
17.22,0.9123770671961207,-1.8377398692147031,-1.0494681404200592
17.23,0.893829271074745,-1.8718063285456605,-1.0602688108883602
17.240000000000002,0.8749415652375316,-1.905682999455915,-1.0715650824216687
17.25,0.8557171435888211,-1.9390967170850832,-1.083356629266273
17.26,0.8361623946897587,-1.9716769810320245,-1.0956272194152736
17.27,0.816288033598306,-2.0029225332352785,-1.1083370804497679
17.28,0.7961106264275312,-2.032155467739383,-1.1214119768438793
17.29,0.7756546568153553,-2.0584578227097485,-1.1347275623311335
17.3,0.7549553429272927,-2.0805834383587647,-1.148086967907597
17.31,0.7340625004743342,-2.0968348028630976,-1.1611887467920705
17.32,0.7130458711149928,-2.1048903956605227,-1.173581186110939
17.330000000000002,0.6920025054482659,-2.1015624914749504,-1.1845977556915894
17.34,0.6710670233161744,-2.0824589097304216,-1.1932674780121824
17.35,0.6504258695209553,-2.0415168351409276,-1.198194521188935
17.36,0.6303369987058897,-1.9703789439064037,-1.1974069939416805
17.37,0.6111566228540614,-1.8576096623188951,-1.1881937203037065
17.38,0.5933742731258714,-1.6878464226785026,-1.1669988836281977
17.39,0.577655350893741,-1.441249025280744,-1.1295641353052277
17.400000000000002,0.5648839313229111,-1.0942509294719862,-1.0717506128975067
17.41,0.5561827216057312,-0.6239075005501018,-0.9918455111973588
17.42,0.552855117744387,-0.019929971410222073,-0.8953084114097267
17.43,0.5561511581717173,0.6919541469144456,-0.801357338583184
17.44,0.5667669562352455,1.4234659272196255,-0.7450036214754436
17.45,0.5842046372279498,2.0308035477603252,-0.7620630491680567
17.46,0.6065435990096752,2.3902919230423003,-0.8596227275605237
17.47,0.6311073361247663,2.4822281573088167,-1.007053321698503
17.48,0.6555393809649203,2.379982026014411,-1.1627517854745721
17.490000000000002,0.6783720790003189,2.1762043037370415,-1.3000182882682387
17.5,0.6989494941781792,1.9371708553013638,-1.410001329275901
17.51,0.7171192026259665,1.698591389111173,-1.4938633612392889
17.52,0.7329760399423323,1.4760931498536791,-1.5562038665154214
17.53,0.7467121487344862,1.2747695704817754,-1.6019103183884333
17.54,0.7585430630416193,1.0948764103084645,-1.6351069697684928
17.55,0.7686755338810277,0.93472313418393,-1.65899103274465
17.56,0.7772956877146139,0.7920191775620727,-1.6759573028188932
17.57,0.7845663641161605,0.6644567630800404,-1.6877778507480377
17.580000000000002,0.7906282662511384,0.549936716496558,-1.695762112669617
17.59,0.7956024597294746,0.44663422506832307,-1.7008815221082254
17.6,0.7995931403106882,0.3529967786654521,-1.7038615127274506
17.61,0.8026902292237256,0.26771649117632057,-1.705247995505944
17.62,0.8049716482897864,0.18969551422083233,-1.7054550571046372
17.63,0.806505249483271,0.11801239770998355,-1.7047992118977229
17.64,0.8073504261443911,0.05189228106406045,-1.703524111718929
17.650000000000002,0.8075594488282417,-0.009318387719352022,-1.7018184861295595
17.66,0.80717856998176,-0.06617282473710719,-1.6998292703217825
17.67,0.8062489385041323,-0.1191411163021995,-1.6976712813726795
17.68,0.8048073584146107,-0.16862426689678495,-1.6954344051978683
17.69,0.8028869203647121,-0.21496565793727326,-1.6931889717069393
17.7,0.8005175295653082,-0.25846040728402386,-1.6909897965006668
17.71,0.7977263488136482,-0.29936303957752763,-1.6888792353575637
17.72,0.7945381717881859,-0.3378938036963618,-1.686889500344137
17.73,0.7909757388741723,-0.37424390805048746,-1.6850444178793895
17.740000000000002,0.7870600050193132,-0.4085798982763391,-1.683360764001776
17.75,0.7828103673684017,-0.4410473595438639,-1.6818492770962927
17.76,0.778244858570157,-0.4717741001831671,-1.6805154261736375
17.77,0.7733803102746988,-0.5008729543094288,-1.6793599978346885
17.78,0.7682324899484589,-0.5284443365444883,-1.6783795574661133
17.79,0.762816212804491,-0.5545786910385179,-1.677566840261947
17.8,0.7571454290488022,-0.579359013260342,-1.676911138061918
17.81,0.7512332845050115,-0.6028637084418031,-1.6763987763505932
17.82,0.7450921491678076,-0.6251702533851793,-1.676013841909977
17.830000000000002,0.7387336013745187,-0.6463606567899771,-1.6757394846822322
17.84,0.7321683386188165,-0.6665314147539314,-1.6755605989543223
17.85,0.7254059293379923,-0.6858191785197135,-1.6754708115270942
17.86,0.7184536701607567,-0.7046399665854512,-1.675517269021156
17.87,0.711311942396592,-0.7237879115949097,-1.6758782720259051
17.88,0.7039760081914054,-0.7435041265056105,-1.6767133825041918
17.89,0.6964396165350496,-0.7638917259023343,-1.6781993451134924
17.900000000000002,0.688695759484348,-0.7850022208584376,-1.6805481652990126
17.91,0.6807371252256413,-0.8068454218546169,-1.6840111419394495
17.92,0.6725565083895015,-0.8293899642124816,-1.6888808499603793
17.93,0.6641472333641191,-0.8525606994173164,-1.69549123851953
17.94,0.6555036098514092,-0.876235104657424,-1.7042153660350516
17.95,0.6466214238696156,-0.9002399636623637,-1.7154601962404508
17.96,0.6374984563694993,-0.9243493190412204,-1.7296579699394872
17.97,0.6281350122656165,-0.948284571837592,-1.7472539110863354
17.98,0.618534434692242,-0.9717174348131807,-1.7686904145836344
17.990000000000002,0.6087035735547427,-0.994276158797267,-1.7943883604000739
18.0,0.5986531752527254,-1.0155550310772592,-1.824726726420781
18.01,0.5883981629792879,-1.0351266306693347,-1.860022114189346
18.02,0.5779577847958183,-1.052555806182639,-1.9005100262690378
18.03,0.5673556192022352,-1.0674139378560479,-1.9463296407737327
18.04,0.5566194433855627,-1.0792918670723417,-1.9975133847028186
18.05,0.5457809852360026,-1.0878099921037514,-2.053981876258571
18.06,0.5348755934007742,-1.0926244232701368,-2.1155439400549803
18.07,0.5239418679316221,-1.0934286827749222,-2.181900582605568
18.080000000000002,0.5130212958252803,-1.0899510808409487,-2.2526512287203757
18.09,0.5021579318527559,-1.0819484767308705,-2.327300256673804
18.1,0.491398155219783,-1.0691975265388456,-2.405261950099781
18.11,0.4807905208559464,-1.051484711623349,-2.485862340584763
18.12,0.470385711475095,-1.0285964419205522,-2.5683369418277904
18.13,0.4602365829085344,-1.0003103927997568,-2.651823987982149
18.14,0.45039828583578784,-0.966389044435529,-2.735353387765721
18.150000000000002,0.4409284382493543,-0.9265761812148101,-2.817832179864595
18.16,0.43188731519224927,-0.8805969204100117,-2.8980278209263224
18.17,0.4233380190269533,-0.8281616690569908,-2.9745511327408574
18.18,0.41534658968448834,-0.7689742246025004,-3.045841212297633
18.19,0.4079820127854095,-0.7027440156502801,-3.11015501279664
18.2,0.4013160860406383,-0.6292021586859129,-3.1655645321867514
18.21,0.3954231089137251,-0.5481205651465966,-3.2099644769902023
18.22,0.39037937130319206,-0.45933274990606504,-3.241092679267508
18.23,0.3862624338278348,-0.3627543016599013,-3.2565642287544048
18.240000000000002,0.38315021629153834,-0.25840026752731043,-3.2539180632671014
18.25,0.3811199413981321,-0.146396123733732,-3.230671595720123
18.26,0.38024701584606047,-0.026978733418822266,-3.184374993034826
18.27,0.38060396630035803,0.09951611160320697,-3.112652310828297
18.28,0.3822595786560533,0.23268225374045828,-3.0132122373859667
18.29,0.3852784105827541,0.3720894316532436,-2.8838068514057893
18.3,0.3897208576533264,0.5173477472406484,-2.7221118587000404
18.31,0.3956439552370657,0.6681903894548472,-2.5254938672305767
18.32,0.4031031023791638,0.8245756814381006,-2.2906139257690645
18.330000000000002,0.41215491956208694,0.9868130552032921,-2.0127802985833423
18.34,0.42286153190343184,1.1557251161208677,-1.6848822616050305
18.35,0.43529675483194535,1.3328721584110348,-1.2955507481789321
18.36,0.44955503965023225,1.52089142160566,-0.8257404843371718
18.37,0.4657647696349952,1.7240496213519088,-0.24172386667980206
18.38,0.48410881025465724,1.9491732785130813,0.5211961572812527
18.39,0.5048567969012218,2.207033300440328,1.6035654153308272
18.400000000000002,0.5284067572995039,2.511643711492401,3.3813712390158877
18.41,0.5551722734234159,2.824750495869105,7.360258822769598
18.42,0.5772258966297751,-1.1920070858209064,28.08123761461245
18.43,0.5245885661670715,-4.654943267020042,3.744425180254262
18.44,0.48605524147864243,-3.2628270736436202,-0.5589257448395104
18.45,0.45706344542169663,-2.5982394448257393,-2.1229049075189135
18.46,0.43326757028882307,-2.188503178435434,-3.007666794264467
18.47,0.41288982728064283,-1.9020004717454748,-3.618580843625223
18.48,0.39499388203228364,-1.6863919834946666,-4.090794629255585
18.490000000000002,0.37901185678331695,-1.5161709220677666,-4.482667271921581
18.5,0.36456690705196854,-1.37719137502539,-4.823682570026319
18.51,0.3513928138656296,-1.260872626258249,-5.130403444040089
18.52,0.3392926395267873,-1.1616553115440598,-5.412874927733088
18.53,0.3281154500091413,-1.075750946794357,-5.677551575888325
18.54,0.3177422788256965,-1.0004724906427447,-5.928771936787704
18.55,0.3080771959053304,-0.933851233549499,-6.169559131889991
18.56,0.29904137314535695,-0.874405453862022,-6.402082471787163
18.57,0.29056899791460905,-0.8209944083485554,-6.627937082852544
18.580000000000002,0.28260437366466895,-0.7727227051501412,-6.848320430504325
18.59,0.27509980983988314,-0.7288756712693854,-7.064147736653846
18.6,0.2680140522354233,-0.6888744687922668,-7.276129762942085
18.61,0.26131109297408883,-0.6522441819869507,-7.484826631925227
18.62,0.25495925308587414,-0.6185906525770145,-7.690685942365104
18.63,0.24893046475194422,-0.5875833544552,-7.89407032112469
18.64,0.24319970228695484,-0.5589425253311359,-8.0952777072283
18.650000000000002,0.23774452573524002,-0.5324293550266903,-8.294556528666007
18.66,0.2325447108200617,-0.5078384053373025,-8.492117225421755
18.67,0.22758194604835638,-0.48499168416919874,-8.688141110021503
18.68,0.2228395825748872,-0.4637339625643529,-8.882787259052057
18.69,0.21830242591734353,-0.44392903736107014,-9.076197928592727
18.7,0.21395656129700474,-0.425456721859964,-9.268502843835837
18.71,0.2097892061069428,-0.40821040242649415,-9.459822624077033
18.72,0.20578858449332377,-0.39209503956494335,-9.650271534435744
18.73,0.2019438201173118,-0.3770255212315685,-9.839959706873087
18.740000000000002,0.19824484390732677,-0.3629252973534195,-10.028994941821704
18.75,0.1946823143274017,-0.3497252408279059,-10.21748417224242
18.76,0.19124754802857086,-0.33736269188024903,-10.405534660657105
18.77,0.18793245934542713,-0.325780652308943,-10.593254974949769
18.78,0.18472950716947595,-0.31492710244681504,-10.780755790249023
18.79,0.1816316481693176,-0.3047544196283201,-10.968150545748085
18.8,0.1786322953503142,-0.29521888069522223,-11.155555988611136
18.81,0.175725281258269,-0.28628023472521225,-11.343092623435776
18.82,0.17290482514713482,-0.2779013344720755,-11.5308850883013
18.830000000000002,0.17016550356734722,-0.2700478171840115,-11.719062473728409
18.84,0.16750222396127026,-0.26268782720216943,-11.907758595337315
18.85,0.16491020079831212,-0.2557917737834493,-12.097112237528528
18.86,0.16238493403141693,-0.24933211914415396,-12.287267370805818
18.87,0.15992218951429557,-0.24328319207121213,-12.47837335716136
18.88,0.15751798116680313,-0.2376210235177347,-12.670585149623875
18.89,0.1551685547098779,-0.23232320110167382,-12.864063490755969
18.900000000000002,0.15287037275343734,-0.227368739837265,-13.05897511938289
18.91,0.15062010108991297,-0.2227379668493611,-13.25549299106557
18.92,0.148414596126101,-0.2184124184057687,-13.453796511845693
18.93,0.14625089324710971,-0.21437474738461967,-13.654071797787285
18.94,0.14412619607217095,-0.2106086400126488,-13.856511959853162
18.95,0.1420378665132867,-0.20709874066602035,-14.06131741834484
18.96,0.13998341554165583,-0.2038305837262118,-14.268696252756577
18.97,0.13796049457882048,-0.20079053155732055,-14.478864593010156
18.98,0.13596688752906386,-0.19796571809211122,-14.692047048520356
18.990000000000002,0.13400050331769955,-0.19534399713837367,-14.908477187558198
19.0,0.13205936892875778,-0.1929138949949321,-15.128398067441196
19.01,0.130141622901951,-0.1906645668711298,-15.352062819948172
19.02,0.12824550925382536,-0.18858575670624828,-15.579735296561667
19.03,0.12636937177871121,-0.18666776000720073,-15.811690780132341
19.04,0.12451164869085185,-0.18490138934299555,-16.048216770063142
19.05,0.12267086763183252,-0.18327794235908804,-16.289613841008567
19.06,0.12084564096977411,-0.1817891719262192,-16.53619658795679
19.07,0.119034661383597,-0.18042725824968436,-16.78829466371475
19.080000000000002,0.11723669772060422,-0.1791847827648849,-17.04625391628066
19.09,0.11545059111070148,-0.17805470363473133,-17.310437635341344
19.1,0.1136752513190419,-0.17703033269729984,-17.581227918703537
19.11,0.11190965331730138,-0.17610531370701488,-17.85902717131928
19.12,0.11015283405722266,-0.17527360172041684,-18.144259750901842
19.13,0.10840388946863846,-0.17452944360037864,-18.43737376959354
19.14,0.10666197163402438,-0.17386735942669748,-18.738843074145947
19.150000000000002,0.10492628614258995,-0.17328212473771262,-19.049169421726756
19.16,0.10319608962058123,-0.17276875352186818,-19.368884871778622
19.17,0.10147068742985073,-0.17232248184767654,-19.698554417989694
19.18,0.09974943152870974,-0.17193875204198839,-20.03877888741799
19.19,0.09803171848769487,-0.17161319731678412,-20.390198137890323
19.2,0.09631698765352883,-0.17134162673816677,-20.75349458911371
19.21,0.09460471945786943,-0.17112001043094258,-21.12939712732013
19.22,0.09289443389113808,-0.17094446497503707,-21.518685423491725
19.23,0.09118568910730183,-0.170811238790744,-21.92219472331482
19.240000000000002,0.0894780801778146,-0.17071669743480086,-22.34082116360345
19.25,0.08777123799418209,-0.17065730866933737,-22.775527682194745
19.26,0.08606482832221425,-0.17062962714377372,-23.227350597389417
19.27,0.08435855101300989,-0.17063027851969037,-23.697406943871844
19.28,0.08265213937625937,-0.17065594283905386,-24.186902665049097
19.29,0.08094535972349216,-0.17070333690344586,-24.697141776474496
19.3,0.0792380110912436,-0.17076919539226212,-25.229536632057425
19.31,0.07752992516004978,-0.1708502504082299,-25.785619443400034
19.32,0.07582096639911608,-0.17094320911564403,-26.367055221259058
19.330000000000002,0.07411103243216949,-0.17104472895400932,-26.9756563464406
19.34,0.07240005467115647,-0.17115138995211915,-27.613398992755997
19.35,0.07068799924288537,-0.17125966348445423,-28.282441667131764
19.36,0.06897486824945866,-0.17136587669598746,-28.98514616805715
19.37,0.06726070141042108,-0.1714661716535741,-29.72410130787967
19.38,0.06554557814457082,-0.17155645807051942,-30.502149793792267
19.39,0.06382962016209828,-0.17163235818743056,-31.322418716723817
19.400000000000002,0.06211299465348706,-0.17168914206169858,-32.18835415609836
19.41,0.06039591818103918,-0.17172165110132667,-33.10376046998408
19.42,0.05867866140655163,-0.17172420716475567,-34.07284489926498
19.43,0.05696155481840163,-0.1716905038859322,-35.10026816887587
19.44,0.05524499564289039,-0.17161347597646082,-36.19120181817654
19.45,0.053529456199055456,-0.17148514127566297,-37.35139298635378
19.46,0.05181549399498954,-0.1712964088751167,-38.58723734314775
19.47,0.05010376394698517,-0.17103684491983753,-39.90586070992535
19.48,0.0483950331957036,-0.17069438545107724,-41.31520962139328
19.490000000000002,0.046690199113535225,-0.17025498281765128,-42.82415053307435
19.5,0.044990311249267,-0.16970216859392878,-44.44257643879812
19.51,0.04329659814848903,-0.16901651144483806,-46.18151810062347
19.52,0.04161050023064137,-0.16817494282406673,-48.053254565915
19.53,0.0399337102073264,-0.16714991669801293,-50.07141362758341
19.54,0.03826822290504471,-0.16590836176906337,-52.25104657795954
19.55,0.03661639680646352,-0.16441037632470912,-54.60865184666624
19.56,0.034981030165675914,-0.16260760826028034,-57.162107153494375
19.57,0.03336545515488537,-0.16044125881017116,-59.93044721147002
19.580000000000002,0.03177365409574913,-0.15783965368589253,-62.93339050738365
19.59,0.030210402290592228,-0.15471535059988376,-66.19047023996768
19.6,0.028681441998524973,-0.15096181698551067,-69.71955720739138
19.61,0.027193691153981996,-0.14644984950634254,-73.53447498122787
19.62,0.025755487523119708,-0.14102417085316318,-77.64130743553824
19.63,0.024376862514667096,-0.13450110502693616,-82.03291445591978
19.64,0.02306982635517675,-0.1266689853227461,-86.6811771261852
19.650000000000002,0.02184862465253321,-0.11729402896175607,-91.5267415675036
19.66,0.020729892755022773,-0.10613566356410094,-96.46678048400474
19.67,0.01973258967994634,-0.0929760759159715,-101.34286802354418
19.68,0.01887754897280264,-0.07766759932447584,-105.93360421808414
19.69,0.01818646998675123,-0.060196202314077976,-109.95946087467124
19.7,0.01768024128281125,-0.04074825459292522,-113.10817643433612
19.71,0.017376686434279892,-0.019753859604374868,-115.0842428174601
19.72,0.017288132290579822,0.0021259292895718894,-115.67375073607397
19.73,0.017419470565068113,0.024085214044185396,-114.8014611247346
19.740000000000002,0.0177673830646648,0.04531321896681132,-112.55318289352103
19.75,0.018321022872915923,0.06513542683498198,-109.15153345237587
19.76,0.019063880636169036,0.0831026314607801,-104.89771568091477
19.77,0.019976177357684366,0.09900718767840427,-100.10649566031952
19.78,0.021037111958716114,0.11284253146833219,-95.05728415659509
19.79,0.0222265543135159,0.12473814697407307,-89.96961900513888
19.8,0.02352608226957308,0.13489676260516742,-84.99915091264324
19.81,0.024919462081227965,0.14354693967917265,-80.24563703408457
19.82,0.026392743473121445,0.1509131384058952,-75.76544945213227
19.830000000000002,0.027934129680246705,0.1571998888175579,-71.58401115165437
19.84,0.029533740266388993,0.16258542992074576,-67.70612702095964
19.85,0.031183340806633996,0.16722088791815326,-64.12374304191347
19.86,0.03287608022172695,0.17123227209049124,-60.821400032249336
19.87,0.034606254876924814,0.1747236267781544,-57.77988198958497
19.88,0.03636910593697016,0.17778042426178398,-54.978554753728254
19.89,0.03816064984478906,0.18047274865594248,-52.39680044231434
19.900000000000002,0.03997753875468875,0.18285808686871274,-50.014849461072686
19.91,0.04181694669277232,0.18498368305629972,-47.81422268209413
19.92,0.04367647716231273,0.1868884802244669,-45.77792827808015
19.93,0.045554088307955626,0.18860469983273118,-43.890508944676384
19.94,0.047448032306352486,0.190159116951847,-42.138001671618035
19.95,0.049356806216557775,0.19157408561279918,-40.507849689505065
19.96,0.051279112035715876,0.19286836204893373,-38.9887913644163
19.97,0.05321382414839286,0.19405776600469957,-37.570741151555694
19.98,0.05515996271746885,0.19515571281674496,-36.244671520873844
19.990000000000002,0.0571166718621625,0.19617364261512701,-35.00250083254569
20.0,0.05908320170340948,0.19712136764800217,-33.83698968505846
20.01,0.06105889354415728,0.19800735438178693,-32.74164675451544
20.02,0.06304316760063804,0.1988389535482572,-31.710644248670587
20.03,0.06503551281811677,0.1996225885505614,-30.738742590218692
20.04,0.06703547839741941,0.2003639104646136,-29.8212236766433
20.05,0.06904266673208687,0.20106792616231828,-28.953831945459417
20.06,0.07105672751426327,0.2017391047403397,-28.132722444600095
20.07,0.07307735281385104,0.20238146638357846,-27.354415130127332
20.080000000000002,0.07510427297398538,0.20299865699539513,-26.615754663195297
20.09,0.07713725319437843,0.20359401125101376,-25.913875042227225
20.1,0.07917609069096426,0.2041706060845596,-25.246168476156598
20.11,0.08122061235391541,0.20473130648422241,-24.610257965990737
20.12,0.0832706728298793,0.20527880491592684,-24.003973129350538
20.13,0.08532615297189496,0.20581565554492146,-23.42532885834853
20.14,0.08738695860961238,0.20634430418962987,-22.872506453442067
20.150000000000002,0.08945301960091474,0.2068671147766032,-22.343836921912274
20.16,0.09152428913314449,0.20738639293323588,-21.837786170098504
20.17,0.09360074324798032,0.2079044072486727,-21.352941853946973
20.18,0.09568238056891377,0.20842340864782746,-20.88800168328383
20.19,0.09776922221442436,0.20894564825449982,-20.441763002004876
20.2,0.09986131188518847,0.20947339412237193,-20.013113489230115
20.21,0.10195871611511083,0.21000894710225826,-19.601022846976928
20.22,0.10406152467316117,0.21055465595878264,-19.20453535827929
20.23,0.10616985111688226,0.21111293211163634,-18.822763212273944
20.240000000000002,0.10828383349154543,0.21168626412036606,-18.454880507706374
20.25,0.11040363517391714,0.2122772321176189,-18.10011785684537
20.26,0.11252944586066568,0.21288852234478273,-17.757757521648983
20.27,0.1146614827030515,0.21352294193482796,-17.427129022435025
20.28,0.1167999915910805,0.214183434081199,-17.107605166604344
20.29,0.11894524859168437,0.21487309372826682,-16.798598451314337
20.3,0.12109756154740482,0.21559518395550697,-16.499557799436403
20.31,0.12325727184521418,0.21635315331354102,-16.209965592701195
20.32,0.12542475635992134,0.21715065398636965,-15.929334971090325
20.330000000000002,0.1276004295862231,0.2179915611507721,-15.65720736993874
20.34,0.12978474597105885,0.21887999363424823,-15.39315027003928
20.35,0.13197820245972955,0.21982033607444101,-15.136755138775108
20.36,0.13418134127157122,0.22081726274893126,-14.887635542673959
20.37,0.13639475292294004,0.22187576325803274,-14.645425413914193
20.38,0.13861907951725203,0.22300117026274457,-14.40977745520179
20.39,0.14085501832428618,0.2241991896093125,-14.180361669047187
20.400000000000002,0.1431033256743669,0.2254759331693683,-13.956863998831693
20.41,0.14536482119331878,0.2268379544411968,-13.738985070636774
20.42,0.14764039241087468,0.22829228747389155,-13.526439025462862
20.43,0.14993099977598964,0.22984648945048505,-13.31895243277513
20.44,0.1522376821175611,0.23150868734467223,-13.116263277037353
20.45,0.15456156259402415,0.23328762907209458,-12.918120009604191
20.46,0.1569038551797791,0.23519273966217416,-12.724280659037095
20.47,0.15926587174106172,0.23723418329774237,-12.534511993492996
20.48,0.16164902976324025,0.23942293160520356,-12.34858872915202
20.490000000000002,0.16405486079653656,0.2417708391269985,-12.166292779166042
20.5,0.16648501969598462,0.2442907269339124,-11.98741253789536
20.51,0.1689412947417893,0.2469964753516953,-11.811742195389153
20.52,0.17142561873834597,0.24990312689999852,-11.63908107716601
20.53,0.17394008119912566,0.25302700104785725,-11.469233004636292
20.54,0.17648694174413546,0.2563858222018351,-11.302005671210619
20.55,0.1790686448516992,0.259998862779507,-11.137210029151715
20.56,0.18168783612470424,0.2638871036538911,-10.974659682061665
20.57,0.18434738025866038,0.26807341431157866,-10.814170277318016
20.580000000000002,0.18705038092262563,0.27258275577202973,-10.655558892436966
20.59,0.18980020279631965,0.27744240983499635,-10.498643408572596
20.6,0.19260049604913396,0.2826822385253607,-10.343241863189585
20.61,0.1954552235837929,0.2883349789804585,-10.189171773016259
20.62,0.19836869142977964,0.2944365793033278,-10.036249416297398
20.63,0.20134558273118955,0.3010265823886371,-9.884289061442006
20.64,0.2043909958440964,0.30814856661636325,-9.73310212651661
20.650000000000002,0.20751048716871215,0.31585065294347475,-9.582496249756277
20.66,0.21071011943342804,0.32418609152007416,-9.432274247281532
20.67,0.21399651630781605,0.3332139423719347,-9.282232927171933
20.68,0.2173769243668432,0.3429998696053098,-9.132161721760296
20.69,0.22085928366054158,0.3536170718565135,-8.981841088407078
20.7,0.22445230838543967,0.36514737843636563,-8.831040615312483
20.71,0.22816557949822341,0.3776825470598291,-8.679516749130116
20.72,0.23200965149833902,0.3913258099392288,-8.527010035963182
20.73,0.23599617615320204,0.40619372651688784,-8.373241731201826
20.740000000000002,0.24013804659088983,0.42241841866509233,-8.217909585428957
20.75,0.24444956605431242,0.4401502862439753,-8.060682545559002
20.76,0.248946646731348,0.4595613312888858,-7.901194014751966
20.77,0.2536470455538069,0.4808492603370414,-7.739033177788589
20.78,0.2585706458278287,0.5042425906437517,-7.573733700065339
20.79,0.26373979617308313,0.530007066032809,-7.404758816500544
20.8,0.2691797218463362,0.558453799009255,-7.231481387904601
20.81,0.27491902844328764,0.5899497144778241,-7.053156832485312
20.82,0.28099032477079433,0.6249311030469051,-6.868885795459123
20.830000000000002,0.2874310014083003,0.6639214266738335,-6.677561747957466
20.84,0.2942842151619425,0.7075550243745007,-6.477795969403855
20.85,0.3016001496838119,0.7566091162210911,-6.26780774505284
20.86,0.3094376517456471,0.812047644585977,-6.045259556570414
20.87,0.3178663861272375,0.8750822136381918,-5.8070024815600405
20.88,0.3269697166092017,0.9472579457447556,-5.5486695749155786
20.89,0.3368486158498731,1.0305756277067255,-5.264000759425901
20.900000000000002,0.3476270405813858,1.1276654458763289,-4.943669459191454
20.91,0.35945936854032834,1.2420273785406728,-4.573128905142752
20.92,0.372540555428024,1.3783272354145633,-4.128390336039925
20.93,0.38711899893342144,1.5425850772974155,-3.5670578274413858
20.94,0.40350760556645876,1.7413199097811072,-2.8073493170633834
20.95,0.42206409897752595,1.9745446170393772,-1.6732026017077852
20.96,0.4429692923995559,2.191466667933867,0.2620513605494743
20.97,0.46470216289972716,2.004703250129686,3.9714524054613127
20.98,0.47674522990586726,0.025966953749185815,8.292389592265842
20.990000000000002,0.4653925716748844,-1.9543056572950381,6.725003952676146
21.0,0.44310753109504264,-2.3565987108542545,4.03845471458561
21.01,0.41974420699901,-2.2818267210840752,2.1982692672159345
21.02,0.3978355780647745,-2.0906819946678743,0.9126876005918563
21.03,0.3780372244029178,-1.8659448498710993,-0.052977196937087356
21.04,0.3605567617806844,-1.62876933153463,-0.8181248499572655
21.05,0.34548345405106745,-1.3850056452260193,-1.4432053189863305
21.06,0.332871822498508,-1.1366823523578704,-1.9591267506692072
21.07,0.3227598098255378,-0.8853817177908205,-2.3813770316877014
21.080000000000002,0.315166875538041,-0.633304328581475,-2.717476613821611
21.09,0.31008625654711525,-0.38348957001863976,-2.971418817637929
21.1,0.30747726105103096,-0.13963054222341412,-3.146515750546277
21.11,0.3072606031371204,0.09432276152273207,-3.247143995936815
21.12,0.30931813663176416,0.3146225538419598,-3.279569396443318
21.13,0.3134969268181448,0.5181122490929431,-3.2520106490892857
21.14,0.31961646310484976,0.7024558801444493,-3.17418273279076
21.150000000000002,0.3274772404401104,0.8661841900190979,-3.056610538570226
21.16,0.33686902431786264,1.0085955996673095,-2.909964972667827
21.17,0.3475777018258786,1.129586029210226,-2.7445665064560045
21.18,0.35939040666587635,1.2294858347815816,-2.5700774098317813
21.19,0.37209930477460873,1.3089621403982494,-2.395310399550418
21.2,0.3855048447006067,1.3690099109445846,-2.228043634388616
21.21,0.39941930125284153,1.4110127897414633,-2.0747582622028973
21.22,0.41367104585084175,1.4368154076508879,-1.9402970852324883
21.23,0.42810927790257336,1.448730978533152,-1.8275460087817956
21.240000000000002,0.44260826073781434,1.449429699914577,-1.7372998380476132
21.25,0.4570698342481864,1.4417120936881194,-1.6684349853342164
21.26,0.4714233416616082,1.4282330260748914,-1.618384233093027
21.27,0.48562292454422545,1.4112651642444733,-1.5837771301988743
21.28,0.49964292660229886,1.3925633976350873,-1.56106067729037
21.29,0.5134725095991548,1.3733404331629027,-1.546963090866095
21.3,0.5271104649051227,1.3543232782864691,-1.5387549707901371
21.31,0.5405608072300769,1.3358456982875595,-1.5343368001353332
21.32,0.5538292963908673,1.3179348458150448,-1.5322153896968933
21.330000000000002,0.5669206127825602,1.3003437301237413,-1.5314364356902952
21.34,0.5798345703620207,1.282174946965183,-1.5315985657281406
21.35,0.5925555655826634,1.2615431694273853,-1.5332371530023314
21.36,0.6050555936601167,1.2379677697094866,-1.5366334056274078
21.37,0.6173051061523401,1.211450256851832,-1.5418754417000644
21.38,0.6292750742307608,1.1820760317235448,-1.5490027868455107
21.39,0.6409374662848335,1.1499536495761806,-1.5580210322549901
21.400000000000002,0.6522653531283998,1.1151927331802658,-1.5689103558900401
21.41,0.6632328639837317,1.0778942816527874,-1.5816319717151597
21.42,0.6738150750058688,1.0381461959922365,-1.5961332230427878
21.43,0.6839878669460301,0.9960212937278569,-1.6123515907190304
21.44,0.693727769960486,0.9515765849052268,-1.6302177963725508
21.45,0.7030118047917201,0.9048531989888925,-1.6496581476999885
21.46,0.7118173250588743,0.8558766413941692,-1.670596248992445
21.47,0.7201218630001919,0.804657206846545,-1.6929541781388735
21.48,0.7279029797317792,0.7511904588017283,-1.716653210637973
21.490000000000002,0.7351381204408632,0.6954577330497403,-1.741614151763434
21.5,0.7418044746831235,0.6374266553434647,-1.7677573202483883
21.51,0.7478788419741751,0.5770516864912126,-1.7950022102379897
21.52,0.7533375031023499,0.5142747289707937,-1.823266842397146
21.53,0.7581560980326442,0.4490258505466014,-1.8524667995530466
21.54,0.7623095119723494,0.38122420542536717,-1.8825139263649853
21.55,0.765771772064013,0.3107792665152143,-1.913314655073822
21.56,0.768515958583856,0.2375925246839843,-1.9447679013192438
21.57,0.7705141364496348,0.16155987096583035,-1.9767624508533301
21.580000000000002,0.7717373149151112,0.08257495791475648,-2.0091737353202306
21.59,0.7721554476142809,0.0005339491204065888,-2.0418598628901004
21.6,0.7717374894495136,-0.08465777856354267,-2.0746567351519256
21.61,0.7704515329238868,-0.1730762057649067,-2.1073720466381314
21.62,0.7682650571536427,-0.26476543936996505,-2.13977790910794
21.63,0.7651453340080935,-0.35971921055051526,-2.1716018032417255
21.64,0.7610600536579086,-0.45785508952090836,-2.202515513027369
21.650000000000002,0.7559782554511938,-0.5589786879324478,-2.232121667580887
21.66,0.7498716816998352,-0.6627341978494237,-2.259937521013776
21.67,0.7427167135685667,-0.7685364888997385,-2.285375681477925
21.68,0.7344971031301313,-0.8754787145718552,-2.3077217107616277
21.69,0.7252077812399924,-0.9822082274214429,-2.3261089695500563
21.7,0.7148600969925993,-1.0867631330094054,-2.3394919138755665
21.71,0.7034889156408891,-1.186363289985902,-2.3466204700663043
21.72,0.6911620404175975,-1.2771553173092278,-2.3460203557555444
21.73,0.6779923663478354,-1.353925265837646,-2.3359874409589474
21.740000000000002,0.6641529109178886,-1.4098209790525116,-2.3146083622761764
21.75,0.6498942188040172,-1.4361755524049162,-2.279823816638608
21.76,0.6355623780968556,-1.4225958720090277,-2.2295533256698046
21.77,0.6216138344672909,-1.3575609126569996,-2.161897373525046
21.78,0.6086204912359222,-1.2298099872888146,-2.0754206869137173
21.79,0.5972561776382601,-1.0306855854547212,-1.9694971013233749
21.8,0.5882556012633834,-0.7572079900254887,-1.8446651882651428
21.81,0.5823422354367884,-0.4150095046923268,-1.7029131833259303
21.82,0.5801334691119875,-0.019688215521089788,-1.547791368936359
21.830000000000002,0.5820458443858096,0.40470549495940233,-1.3842516778869793
21.84,0.5882307336573346,0.8301086839027827,-1.2181619977217077
21.85,0.5985629197632617,1.2302097920763846,-1.055555424908364
21.86,0.612683484172712,1.5851747171754598,-0.9018121372134988
21.87,0.630077554100478,1.8837564833476481,-0.7610272536694049
21.88,0.6501593721733528,2.122765329270234,-0.6357304847770209
21.89,0.672343119922489,2.304966453481028,-0.5269581665709109
21.900000000000002,0.6960900566514815,2.436619587967449,-0.4345546634192923
21.91,0.7209327077135421,2.525431435325432,-0.35755281561024255
21.92,0.7464818923474329,2.5791806726696773,-0.2945244214566487
21.93,0.772423193322159,2.6049568211284697,-0.24384989620951547
21.94,0.7985081659871173,2.608838024795285,-0.20389955358850465
21.95,0.8245437819921447,2.595834579477944,-0.1731408262948122
21.96,0.8503820809930258,2.5699698024577775,-0.1501919563353673
21.97,0.8759109631501695,2.5344172297526653,-0.13384089384778308
21.98,0.9010464358824926,2.4916490363519093,-0.12304364226708087
21.990000000000002,0.9257263026343217,2.44357370923209,-0.11691175079963889
22.0,0.9499051350594219,2.3916543550029346,-0.1146950577407786
22.01,0.9735503228941298,2.3370060097736958,-0.11576325968146284
22.02,0.996638997931003,2.2804735610794586,-0.11958823504025284
22.03,1.0191556518246518,2.2226931003872132,-0.12572804062462906
22.04,1.041090297198547,2.164139717183146,-0.1338129130675545
22.05,1.062437050535175,2.10516448582358,-0.14353328660661258
22.06,1.0831930407624395,2.0460229775524708,-0.1546296791577666
22.07,1.103357568746282,1.9868971931207802,-0.16688423145982134
22.080000000000002,1.1229314594914264,1.927912419481841,-0.18011366850479327
22.09,1.1419165626533636,1.8691501819533722,-0.19416346279607177
22.1,1.1603153668444923,1.810658198688703,-0.20890300110452964
22.11,1.1781307015818179,1.7524580325725072,-0.2242215823911191
22.12,1.195365506279737,1.6945509743641616,-0.24002510188129267
22.13,1.2120226512333305,1.6369225629050679,-0.25623329781180537
22.14,1.2281047982695659,1.579546054859979,-0.2727774601654722
22.150000000000002,1.2436142916331696,1.5223850824222058,-0.2895985182558376
22.16,1.2585530724861935,1.4653956798792596,-0.30664543741295414
22.17,1.2729226109129446,1.4085278205947949,-0.3238738691435752
22.18,1.2867238513781567,1.3517265710884092,-0.34124500790993206
22.19,1.2999571681348234,1.2949329454104146,-0.35872461653247356
22.2,1.3126223279594442,1.2380845237873204,-0.37628218838073924
22.21,1.3247184581754632,1.1811158850476047,-0.3938902199005063
22.22,1.3362440181004382,1.123958891832026,-0.41152357178695476
22.23,1.34719677283333,1.0665428582423158,-0.429158899733602
22.240000000000002,1.3575737682147244,1.0087946240474306,-0.4467741386679742
22.25,1.3673713060980537,0.9506385543845401,-0.46434802667280695
22.26,1.376584919567235,0.8919964801143941,-0.4818596549823658
22.27,1.3852093466702626,0.8327875927181969,-0.49928803511941
22.28,1.393238503763321,0.7729283034680162,-0.5166116684338584
22.29,1.400665456653495,0.7123320791701898,-0.533808111073429
22.3,1.407482390327124,0.6509092640496412,-0.5508535214381725
22.31,1.4136805771300365,0.5885668998785859,-0.5677221786421056
22.32,1.4192503422068163,0.525208556767826,-0.5843859644004793
22.330000000000002,1.424181028660045,0.4607341919625901,-0.6008137880338652
22.34,1.428460960675684,0.3950400559328489,-0.616970946277166
22.35,1.4320774058923411,0.32801867205287916,-0.6328183999505363
22.36,1.4350165395585073,0.2595589267670295,-0.6483119409550083
22.37,1.4372634086146778,0.1895463119395974,-0.6634012399671277
22.38,1.4388018985902316,0.11786337888170204,-0.6780287441626849
22.39,1.4396147098241705,0.044390495137631714,-0.6921283802282032
22.400000000000002,1.4396833396721358,-0.030993003823916287,-0.7056240503641454
22.41,1.438988080704964,-0.1084071128406162,-0.7184278611630343
22.42,1.4375080384227288,-0.18796872060039047,-0.7304380467422761
22.43,1.435221178899762,-0.26978817703760505,-0.7415365241602301
22.44,1.4321044165692696,-0.3539645270884384,-0.7515860238036435
22.45,1.4281337585008531,-0.44057895199506747,-0.760426724346321
22.46,1.4232845251685042,-0.5296858144856776,-0.7678723259810349
22.47,1.4175316767184738,-0.6213004986081844,-0.7737054933742431
22.48,1.4108502806639867,-0.7153829884556244,-0.7776726245215166
22.490000000000002,1.4032161707913007,-0.8118157980841387,-0.779477934098666
22.5,1.3946068624324475,-0.9103744651746768,-0.7787769141753391
22.51,1.3850028089791484,-1.0106883525954737,-0.7751693646812752
22.52,1.3743891103359036,-1.1121889904927067,-0.7681924013516799
22.53,1.3627578133529015,-1.2140427429513894,-0.7573141995562169
22.54,1.3501109783932443,-1.315064378591293,-0.741929776234898
22.55,1.3364647184692868,-1.4136085638641684,-0.7213609249603457
22.56,1.3218544402208243,-1.5074380615135972,-0.6948635699551996
22.57,1.3063415095398982,-1.593571649283469,-0.6616473205950061
22.580000000000002,1.2900214967556272,-1.668123183745063,-0.6209137573889241
22.59,1.2730339748799342,-1.726157918329089,-0.57192153507703
22.6,1.2555734764631188,-1.7616149453315468,-0.5140866783825968
22.61,1.2379005799961702,-1.7673746891552269,-0.4471235683433734
22.62,1.220351152126006,-1.7355803074982072,-0.3712232868773768
22.63,1.2033406036535816,-1.658331930157369,-0.28724861463507123
22.64,1.1873589869091814,-1.528828538153876,-0.19689962338104494
22.650000000000002,1.172952605143996,-1.342896952800116,-0.10277872069932292
22.66,1.1606894898660112,-1.100618725902341,-0.0082779500137653
22.67,1.151110250296961,-0.8075278625554464,0.08275352210092968
22.68,1.144671620083664,-0.4747836735606478,0.16652252945152468
22.69,1.1416950031668933,-0.11798332623054483,0.23985319963334018
22.7,1.1423330735634543,0.24517718175011466,0.30062048592291424
22.71,1.1465626312478703,0.5976667685629335,0.3479270765797824
22.72,1.1542035130333133,0.9254345960056344,0.3820061814195741
22.73,1.1649558134373184,1.2187014012197133,0.4039358209242203
22.740000000000002,1.1784443684587085,1.472145793209298,0.4152898232153246
22.75,1.1942607261471063,1.6842836930905594,0.4178266802968351
22.76,1.211996654955723,1.856464522567323,0.4132659821040612
22.77,1.2312672124777089,1.9918340142598914,0.4031575481527663
22.78,1.251724176009153,2.094464623627973,0.3888243002688194
22.79,1.2730619449495464,2.1687227190569107,0.37135369356795866
22.8,1.2950182691196996,2.218860451580739,0.35161601032542467
22.81,1.3173718284690064,2.2487851987447827,0.3302943587778775
22.82,1.3399381722492152,2.2619536074293665,0.307917262007789
22.830000000000002,1.3625650285358566,2.261345039534444,0.28488910050067573
22.84,1.3851276007793998,2.2494809170345595,0.26151641939483783
22.85,1.4075241891206476,2.228467347676909,0.23802964305730634
22.86,1.4296722925400263,2.2000468712363452,0.2146004909413215
22.87,1.4515052379019804,2.1656510996523175,0.1913556904420639
22.88,1.4729693205771608,2.12644989935933,0.16838764651824945
22.89,1.4940214106773129,2.083395150918139,0.14576268178974794
22.900000000000002,1.5146269670174572,2.037258506782226,0.12352737165104877
22.91,1.5347583991278486,1.9886633184629525,0.10171340345525914
22.92,1.5543937215237333,1.9381112667975169,0.08034130014611729
22.93,1.5735154506570013,1.886004367296034,0.05942327422938898
22.94,1.5921097015065047,1.8326630388789815,0.03896541753177085
22.95,1.6101654480410805,1.7783408754046137,0.01896938389052205
22.96,1.627673917232362,1.7232366879537282,-0.0005663145290444316
22.97,1.644628091905874,1.6675043037992958,-0.019645305408240166
22.98,1.6610223020703467,1.6112605306305192,-0.038272579114551286
22.990000000000002,1.6768518881922627,1.5545916246021723,-0.05645388210939406
23.0,1.692112922954155,1.49755854008744,-0.07419523978893872
23.01,1.7068019800678653,1.4402011890637325,-0.09150257761724756
23.02,1.7209159418875126,1.3825418927015585,-0.1083814152193956
23.03,1.734451837903266,1.3245881763678,-0.12483661491423192
23.04,1.7474067084948404,1.2663350281412793,-0.14087216931575952
23.05,1.7597774889609878,1.2077667191100936,-0.15649101629309614
23.06,1.771560909949884,1.1488582646101098,-0.1716948713005928
23.07,1.7827534109806036,1.0895765909033157,-0.1864840691925087
23.080000000000002,1.793351064295578,1.0298814597565362,-0.20085740888861703
23.09,1.8033495070480765,0.9697261933450624,-0.21481199457731093
23.1,1.8127438797805384,0.9090582350943951,-0.22834306842271135
23.11,1.821528769976186,0.8478195753583426,-0.24144382905314987
23.12,1.829698159018774,0.7859470671256223,-0.25410523171752697
23.13,1.83724537218556,0.7233726524898494,-0.266315763630834
23.14,1.8441630302034502,0.6600235196071971,-0.27806119039266997
23.150000000000002,1.850443002383339,0.5958222075804219,-0.28932426606045003
23.16,1.8560763607782058,0.5306866772062847,-0.3000844002437304
23.17,1.8610533339130166,0.4645303652260487,-0.31031727795532027
23.18,1.865363262601023,0.39726224338888594,-0.3199944172181266
23.19,1.8689945553566614,0.3287869050897002,-0.3290826605557786
23.2,1.8719346448123237,0.2590047079437047,-0.337543587577926
23.21,1.8741699477008462,0.18781201115544585,-0.34533282843825597
23.22,1.8756858262428928,0.11510154951008564,-0.35239927410937355
23.23,1.8764665523577817,0.04076299898303325,-0.35868416559524485
23.240000000000002,1.8764952842864635,-0.0353161716089788,-0.36412002240468666
23.25,1.8757540483471493,-0.11324948444334727,-0.3686294156240868
23.26,1.8742237378289448,-0.1931497224307236,-0.37212354062730213
23.27,1.8718841313701253,-0.27512651738804894,-0.3745005714243339
23.28,1.8687139405833466,-0.35928301853137823,-0.3756437632388263
23.29,1.8646908963835649,-0.4457113376955121,-0.3754192783971865
23.3,1.8597918886774087,-0.5344863634660754,-0.37367370996712257
23.31,1.853993178337639,-0.625657408440539,-0.37023128803363037
23.32,1.8472707063694938,-0.7192369870799716,-0.3648907716607538
23.330000000000002,1.8396005332410503,-0.8151858070227421,-0.35742206168618185
23.34,1.8309594522260064,-0.9133927854060586,-0.34756262321845355
23.35,1.8213258335075773,-1.0136485767140873,-0.3350138955663602
23.36,1.8106807731829038,-1.1156107177989498,-0.3194380058422337
23.37,1.7990096421878379,-1.2187580954167383,-0.3004553167260179
23.38,1.7863041547185345,-1.322332097800498,-0.2776436586968174
23.39,1.7725651034835057,-1.4252616751341787,-0.2505405632730193
23.400000000000002,1.7578059349119348,-1.5260699222860774,-0.21865046075434447
23.41,1.7420573562796935,-1.6227612142499357,-0.18145966534875513
23.42,1.725373160534408,-1.7126912736711866,-0.1384629896525149
23.43,1.7078374030710277,-1.7924290404792653,-0.08920687053447729
23.44,1.6895729227261265,-1.857630498236143,-0.033354474884022434
23.45,1.6707509176000988,-1.902961972520137,0.02922243147081449
23.46,1.6516007980235656,-1.9221335950605778,0.09832353154471685
23.47,1.6324188093931464,-1.9081276719689688,0.1732786745635604
23.48,1.613572992899999,-1.8537182436127142,0.2528062142295402
23.490000000000002,1.5955011725216575,-1.7523529041798074,0.33491104692529894
23.5,1.5786983362240097,-1.5993773383296501,0.4168796381673081
23.51,1.563690741976362,-1.3934176489528107,0.49543035299421456
23.52,1.550996929207109,-1.1375420294800023,0.5670459641698502
23.53,1.5410802089545734,-0.8397224719917192,0.6284478746379412
23.54,1.5343016550118391,-0.5122421995627529,0.6770950335290185
23.55,1.5308844018290535,-0.1700659645178323,0.7115534179253227
23.56,1.5308976903400624,0.1713746038766491,0.7316212623628553
23.57,1.5342631539320672,0.4983006331913399,0.7381934896881999
23.580000000000002,1.5407793447493217,0.8000453423336223,0.7329458599187357
23.59,1.5501564715261045,1.069631962995224,0.7179615319571042
23.6,1.5620528996977756,1.3035890458147992,0.6954032033601711
23.61,1.5761072044462294,1.501299426317031,0.6672834322303949
23.62,1.5919626640522666,1.6641841291150488,0.6353386559403889
23.63,1.6092836943155606,1.7949318789992492,0.600985431388529
23.64,1.6277652786240893,1.8968788508495906,0.5653298225723171
23.650000000000002,1.647137075975777,1.9735638924714285,0.5292045968593615
23.66,1.6671638911909223,2.028440632584176,0.4932165570827607
23.67,1.6876439058749564,2.0647112633174958,0.45779359771747985
23.68,1.708405703376199,2.0852459408455344,0.42322639401976647
23.69,1.7293047875794674,2.092557793184951,0.3897029473567306
23.7,1.7502200338367,2.088811249334674,0.35733600544146804
23.71,1.771050323492245,2.0758483805181855,0.3261841962652461
23.72,1.791711488893707,2.0552233758677296,0.2962679774177528
23.73,1.812133617559813,2.0282391515928455,0.2675814844066362
23.740000000000002,1.8322587181699632,1.9959826964771867,0.2401012230109576
23.75,1.852038725929575,1.9593574227009813,0.21379237925278316
23.76,1.8714338132252701,1.919111807976949,0.1886133546778368
23.77,1.8904109675217362,1.8758642052339745,0.16451899335165798
23.78,1.9089427987982668,1.8301240154822223,0.1414628522214716
23.79,1.92700654205547,1.782309570880054,0.11939877630021001
23.8,1.9445832239274023,1.7327631310397145,0.0982819726245745
23.81,1.9616569662631935,1.6817633963450143,0.07806972493490982
23.82,1.978214404268511,1.629535912013764,0.05872185326756951
23.830000000000002,1.994244199534924,1.5762616984984572,0.040200994597845874
23.84,2.009736631452561,1.5220843994884707,0.02247275955043837
23.85,2.0246832541130586,1.4671161938564192,0.005505805773287409
23.86,2.039076606793519,1.411442682408047,-0.010728142950969466
23.87,2.052909969060223,1.3551269231564904,-0.02625431030675962
23.88,2.0661771524170494,1.298212761127983,-0.04109489871371508
23.89,2.078872322428569,1.2407275722010291,-0.055269126271142444
23.900000000000002,2.090989845686107,1.1826845210882513,-0.06879326135606889
23.91,2.10252415720766,1.124084415351744,-0.08168064855617196
23.92,2.113469644768995,1.0649172228173593,-0.09394172083223784
23.93,2.1238205468737363,1.0051633089019214,-0.10558399420455322
23.94,2.1335708619597002,0.9447944399840517,-0.11661204141797143
23.95,2.142714266542663,0.8837745918199145,-0.1270274418749645
23.96,2.151244040705543,0.8220605953327861,-0.13682870452423523
23.97,2.159152999287264,0.7596026477964472,-0.1460111609869459
23.98,2.16643342770232,0.6963447133954274,-0.15456682526449583
23.990000000000002,2.1730770210613475,0.632224834784064,-0.16248421723430762
24.0,2.1790748264883497,0.5671753754385074,-0.16974814403902982
24.01,2.1844171869055247,0.5011232121262229,-0.17633943757655424
24.02,2.1890936871812596,0.43398989728091647,-0.18223463902118142
24.03,2.1930931025297338,0.3656918135572259,-0.1874056236014061
24.04,2.1964033462258414,0.29614034203982154,-0.19181916572320068
24.05,2.199011420778603,0.22524207500069107,-0.19543642698342512
24.060000000000002,2.20090337258653,0.15289910991430947,-0.19821235771162338
24.07,2.2020642477221584,0.07900946395335053,-0.2000950095052204
24.080000000000002,2.202478054791098,0.003467671675752653,-0.20102473515244024
24.09,2.2021277338709413,-0.07383436555346432,-0.20093327039954112
24.1,2.2009951350084456,-0.15300618396389,-0.1997426812217593
24.11,2.1990610129841697,-0.23415708185281345,-0.19736415480389746
24.12,2.196305039970577,-0.3173938116179936,-0.193696628303331
24.13,2.1927058460819637,-0.4028174157810806,-0.18862523619534854
24.14,2.188241096909796,-0.49051892473900593,-0.18201956922076112
24.150000000000002,2.18288762129972,-0.5805735417483023,-0.17373174410605807
24.16,2.1766216067814654,-0.6730328239047569,-0.16359429844535034
24.17,2.1694188858373624,-0.7679142157305701,-0.1514179493482326
24.18,2.1612553435089707,-0.8651870986756677,-0.13698929359939283
24.19,2.1521074861979446,-0.9647542784438902,-0.12006858850773228
24.2,2.141953224129443,-1.0664275356943962,-0.10038784598275718
24.21,2.1307729348676494,-1.169895527764476,-0.0776496132560307
24.22,2.1185508946286635,-1.2746819656223827,-0.05152702043810575
24.23,2.105277186274208,-1.3800916738163875,-0.021665972493709496
24.240000000000002,2.0909502178954016,-1.4851419995906758,0.012309222318242496
24.25,2.0755800102410022,-1.588477326259299,0.05078494106664189
24.26,2.0591924287088745,-1.6882656166455494,0.09413951599584014
24.27,2.041834534729999,-1.782078670012348,0.1427133706804412
24.28,2.0235811890702142,-1.8667632410939572,0.1967640573340771
24.29,2.004542926160787,-1.9383196256844786,0.2564020598566682
24.3,1.9848748816673842,-1.991819133298431,0.32150439702901834
24.310000000000002,1.9647861458658629,-2.0214119437326277,0.3916066835717582
24.32,1.9445482886464258,-2.0204987738073803,0.46578194724141575
24.330000000000002,1.9245009870811796,-1.9821531348510057,0.5425270503084707
24.34,1.9050518598244706,-1.8998660799371225,0.6196936802292217
24.35,1.8866671793708873,-1.768616989048615,0.694514361278141
24.36,1.8698507258509138,-1.5861385381826159,0.7637725863181701
24.37,1.8551102215611397,-1.3540708698828066,0.8241363481937738
24.38,1.8429145323234029,-1.0785818498850495,0.8726136709420727
24.39,1.8336489370347413,-0.7700897893000037,0.9070198394659776
24.400000000000002,1.8275781513542753,-0.4420095586204044,0.9263128354466608
24.41,1.824825619048885,-0.10883443831992741,0.9306893243000258
24.42,1.8253729397213536,0.21586921925146674,0.921425966813374
24.43,1.8290773903934472,0.5210001822980813,0.9005447794875838
24.44,1.8357011441945479,0.7987032322604444,0.8704245590668338
24.45,1.8449445087443745,1.044417881898411,0.833462859655272
24.46,1.856476894203169,1.2564218894741621,0.7918426238680187
24.47,1.869961841666956,1.4351420102139298,0.7474090418430459
24.48,1.885074921497516,1.5824454646392134,0.7016335817008663
24.490000000000002,1.901514994914171,1.701034051590621,0.655633793550882
24.5,1.9190101401284194,1.793985481458482,0.6102214394439387
24.51,1.9373197260969615,1.8644385175362748,0.5659598261691747
24.52,1.9562339548749466,1.915396495737778,0.5232191951053875
24.53,1.9755719023990408,1.9496184677759256,0.48222488621152926
24.54,1.995178790970361,1.9695702401857784,0.44309662829609
24.55,2.0149229783186366,1.9774135558864083,0.4058792527022732
24.560000000000002,2.0346929616597027,1.9750177639837767,0.3705659825103529
24.57,2.0543945650591935,1.9639834047611027,0.33711568903920786
24.580000000000002,2.073948392768717,1.945670945736223,0.30546544070280557
24.59,2.093287577758177,1.9212305738120403,0.2755394787315708
24.6,2.1123558232552266,1.8916307278891198,0.24725553414896795
24.61,2.1311057180304473,1.857684194242549,0.22052919659342163
24.62,2.149497298322289,1.8200712842014226,0.19527687255700144
24.63,2.1674968264021404,1.779360022730141,0.17141773421613482
24.64,2.18507575676663,1.736023498135671,0.14887495264716044
24.650000000000002,2.2022098627177766,1.6904546330618089,0.12757643041375943
24.66,2.2188784988019874,1.6429786778111022,0.10745518856125924
24.67,2.2350639783070005,1.5938637270682934,0.08844951914806343
24.68,2.250751047093762,1.543329544796408,0.07050298330677374
24.69,2.265926438350963,1.4915549520660465,0.05356431139831852
24.7,2.280578494903606,1.4386840019870037,0.03758724494666854
24.71,2.294696848124508,1.3848311343905484,0.022530348901279584
24.72,2.308272144018467,1.3300854747189244,0.008356813723962797
24.73,2.3212958083785806,1.2745144163777704,-0.004965739381968648
24.740000000000002,2.3337598449621457,1.218166601863339,-0.017465440240835073
24.75,2.3456566606979807,1.1610744012813914,-0.02916633239594013
24.76,2.35697891360058,1.1032559688914014,-0.040088512025788
24.77,2.367719379344369,1.0447169458795684,-0.050248240261941746
24.78,2.3778708334273957,0.9854518656771091,-0.059658026280058896
24.79,2.3874259460684075,0.9254453094745357,-0.06832667954353255
24.8,2.3963771875294335,0.8646728516880268,-0.07625932962686865
24.810000000000002,2.4047167420719964,0.8031018289210317,-0.08345741176914045
24.82,2.412436428733275,0.7406919614998351,-0.08991861670872581
24.830000000000002,2.4195276278971845,0.6773958524948837,-0.09563680204893832
24.84,2.425981211999101,0.6131593869309477,-0.10060186373636915
24.85,2.4317874801258483,0.54792205140701,-0.10479956357675524
24.86,2.4369360954138974,0.4816171945267177,-0.10821130960746284
24.87,2.4414160243007754,0.4141722473811094,-0.11081388689443272
24.88,2.4452154792556793,0.3455089270438816,-0.11257912829211647
24.89,2.4483218628547077,0.27554344618125903,-0.11347352497102758
24.900000000000002,2.450721711689109,0.20418675335238376,-0.11345777365426835
24.91,2.4524006477963054,0.1313448466581593,-0.112486237937379
24.92,2.453343329953769,0.056919194261270296,-0.11050633239618246
24.93,2.4535334111407825,-0.019192679691114232,-0.10745781143475974
24.94,2.4529535037869743,-0.09709637261997378,-0.10327195302875403
24.95,2.451585152534193,-0.1768994629332205,-0.09787063539460605
24.96,2.4494088231448106,-0.25870992013799476,-0.09116528694337622
24.97,2.446403908444053,-0.3426339231870697,-0.08305571157341962
24.98,2.44254876054112,-0.4287728777127185,-0.07342878183415846
24.990000000000002,2.4378207575575708,-0.5172193691474901,-0.06215700575193428
25.0,2.432196417988635,-0.6080516987064051,-0.049096981069249646
25.01,2.4256515784053443,-0.7013265459446073,-0.034087771367061204
25.02,2.418161656303548,-0.7970691576236133,-0.016949265389027635
25.03,2.409702026745165,-0.895260282747356,0.0025193756633369313
25.04,2.4002485498610624,-0.9958188507438911,0.024541012698685916
25.05,2.3897782981259605,-1.0985791133608198,0.04936129919930177
25.060000000000002,2.3782705464050045,-1.203260653106457,0.07724852123663739
25.07,2.365708105474479,-1.3094293189447308,0.10849190046395218
25.080000000000002,2.352079100926904,-1.4164468367328606,0.1433974725935131
25.09,2.3373793225043173,-1.5234066804769344,0.1822802756536872
25.1,2.3216152931530862,-1.6290539850944394,0.22545108864970165
25.11,2.3048082243224224,-1.7316882473574637,0.27319537802500093
25.12,2.2869990276906598,-1.8290498956736845,0.32574148848238926
25.13,2.2682545202700624,-1.9181965109195733,0.38321467232498374
25.14,2.2486748652989896,-1.9953827503771544,0.44557366281081723
25.150000000000002,2.228402089101002,-2.0559711073889573,0.5125278802829433
25.16,2.207629156099999,-2.0944188215092576,0.5834370840135324
25.17,2.186608526751701,-2.104406972524365,0.6572025909311136
25.18,2.16565837868961,-2.0791926787098536,0.7321707470235421
25.19,2.145163871188485,-2.012257654187676,0.8060837566107031
25.2,2.125570321908993,-1.8982729834001493,0.8761244187995864
25.21,2.1073654872482885,-1.734284799148184,0.939098871854291
25.22,2.0910498785073943,-1.5208660880686216,0.9917727778497132
25.23,2.07709730060562,-1.2628510938361155,1.0313192822525368
25.240000000000002,2.065911734115414,-0.969283466606321,1.0557720949859424
25.25,2.0577894115649666,-0.6524334988708803,1.0643448561983755
25.26,2.0528946364611853,-0.32609731550677645,1.057511299529027
25.27,2.0512541770174515,-0.003678591077404052,1.0368302784787904
25.28,2.0527696121199774,0.30340448239318807,1.004593617451802
25.29,2.057242447651824,0.5866485227609118,0.9634203989691458
25.3,2.0644049122526194,0.8406867226578469,0.9159054798764621
25.310000000000002,2.0739501082204477,1.0629773537432694,0.8643790746225509
25.32,2.085557423473506,1.2532091772628031,0.8107834423584583
25.330000000000002,2.0989115116977626,1.412638867999903,0.7566421417861652
25.34,2.1137149032972626,1.5434955234289824,0.7030880881493821
25.35,2.1296952692422804,1.6485114441585023,0.6509207912027828
25.36,2.146608671788999,1.7305872114437093,0.6006721658756047
25.37,2.1642400674065403,1.7925729114356166,0.5526690172910941
25.38,2.18240209127767,1.837138613817716,0.50708669959499
25.39,2.2009328823635945,1.8667079851246648,0.46399240482762916
25.400000000000002,2.219693468673787,1.883433608316206,0.4233786245096103
25.41,2.2385650456253696,1.8891980564366087,0.385188214783434
25.42,2.25744634589567,1.8856296144091012,0.34933271249243303
25.43,2.2762512078979475,1.874125318985642,0.3157054385753165
25.44,2.294906391192451,1.8558767131634808,0.28419068539394243
25.45,2.313349650985948,1.831895579327586,0.2546700231087542
25.46,2.3315280632454543,1.8030381417263852,0.22702652006203172
25.47,2.349396580822706,1.7700270058339225,0.20114747490506768
25.48,2.3669167964769167,1.7334705733182474,0.17692610007648069
25.490000000000002,2.38405588746454,1.693879944684329,0.1542624772265775
25.5,2.400785717017741,1.6516834691088533,0.13306401553775904
25.51,2.4170820707101117,1.6072391681839826,0.11324557713858252
25.52,2.432924007400762,1.5608452849149774,0.09472938686206656
25.53,2.448293307225422,1.5127492050045044,0.07744480822496214
25.54,2.4631740017861024,1.4631549793943894,0.061328042647065706
25.55,2.4775519733122566,1.4122296551358304,0.04632179160544325
25.560000000000002,2.491414612111046,1.3601085946956606,0.03237490873107396
25.57,2.5047505225125692,1.3068999409597117,0.01944205944885502
25.580000000000002,2.517549270090253,1.2526883600724288,0.007483400762279602
25.59,2.5298011629964563,1.1975381765502566,-0.003535711582994705
25.6,2.5414970620203086,1.141495995747973,-0.013644983577612235
25.61,2.5526282146966786,1.0845928939628002,-0.022869408232905397
25.62,2.563186109419582,1.0268462439442256,-0.031229453888817482
25.63,2.573162346247604,0.9682612324132017,-0.03874121460536584
25.64,2.582548521491396,0.90883211741695,-0.04541652214747327
25.650000000000002,2.5913361238071873,0.8485432656415752,-0.0512630188472144
25.66,2.599516439692229,0.787370004076021,-0.05628419086693415
25.67,2.6070804666664693,0.725279315395183,-0.06047936102646434
25.68,2.6140188327507095,0.6622304025874133,-0.0638436400677107
25.69,2.620321721045423,0.5981751457588418,-0.06636783466207774
25.7,2.6259787982784637,0.5330584719417715,-0.0680383106239566
25.71,2.630979147296722,0.4668186582950544,-0.06883680684391935
25.72,2.6353112013460747,0.3993875882606163,-0.06874020019949678
25.73,2.638962681348102,0.3306909819431043,-0.06772021486109425
25.740000000000002,2.641920535921652,0.26064862500816866,-0.06574307071871244
25.75,2.6441708823777215,0.18917462112979563,-0.06276907131500797
25.76,2.64569895201925,0.11617770386077655,-0.058752117626680866
25.77,2.6464890394750404,0.04156164911620036,-0.053639144871977074
25.78,2.6465244532037,-0.0347741701056665,-0.047369485071715345
25.79,2.6457874765553693,-0.11293400604327984,-0.039874132653141325
25.8,2.6442593371578815,-0.1930246573891318,-0.031074917553315484
25.810000000000002,2.6419201876791436,-0.2751539817155724,-0.020883583114241877
25.82,2.6387491053117507,-0.35942884636508887,-0.009200763184101013
25.830000000000002,2.6347241145637135,-0.4459523322246716,0.004085133259404072
25.84,2.6298222435547003,-0.5348199338313225,0.019099119597029368
25.85,2.6240196240846516,-0.6261144312856977,0.03598088228267715
25.86,2.6172916515329407,-0.7198989993732584,0.05488603874527198
25.87,2.6096132248420165,-0.816207989642969,0.07598732425286725
25.88,2.600959093192026,-0.9150346525962415,0.09947558363897868
25.89,2.5913043446551924,-1.0163148530283206,0.12556037671489406
25.900000000000002,2.580625082613156,-1.1199055727431433,0.1544699087018997
25.91,2.5688993493623076,-1.2255566898881378,0.18644985804749026
25.92,2.5561083731085517,-1.3328741920673,0.22176047898835738
25.93,2.5422382344703816,-1.441272669085777,0.2606710897060778
25.94,2.527282071558223,-1.5499147356410343,0.3034507019108236
25.95,2.5112429653898887,-1.6576351606072877,0.35035310523067276
25.96,2.494137667501396,-1.7628482462484487,0.4015941975613363
25.97,2.4760013360184074,-1.8634390205504694,0.4573188554680988
25.98,2.4568934243506066,-1.9566428796749473,0.5175543192752343
25.990000000000002,2.436904785028201,-2.038925671866493,0.5821473601292693
26.0,2.416165877993127,-2.1058879803119113,0.6506840062058448
26.01,2.3948556542197044,-2.152234109014375,0.7223943586362855
26.02,2.3732101828770222,-2.171866113021577,0.7960520674725222
26.03,2.3515293974417024,-2.158179346508718,0.8698889693818279
26.04,2.330179559779007,-2.1046338430754554,0.9415586877587349
26.05,2.3095884638027595,-2.005634047183286,1.0081933437226827
26.060000000000002,2.290230520932179,-1.8576500507250941,1.0665946328577915
26.07,2.2726002558093574,-1.6603655707189844,1.11357294004946
26.080000000000002,2.257175614782534,-1.41750214789923,1.1463934416876373
26.09,2.244376232795227,-1.1369496248556845,1.1632249615991417
26.1,2.23452480108971,-0.8300079762862272,1.1634545531336795
26.11,2.2278200569928495,-0.5098721824168713,1.147761328399592
26.12,2.2243269817147606,-0.18979406703140364,1.11793081769585
26.13,2.2239847633948147,0.11855084610058388,1.0764867083747691
26.14,2.226628390892205,0.40611563746382023,1.0262661448766677
26.150000000000002,2.2320173288634604,0.666851239124424,0.9700513076147678
26.16,2.2398649375222215,0.8975204368291153,0.9103181634390087
26.17,2.2498642055241813,1.097185747355885,0.8491098124578651
26.18,2.2617076525066104,1.2665869505458898,0.7880086581516166
26.19,2.275101099254559,1.4075544516915266,0.7281712173412866
26.2,2.2897720763639247,1.5225305839446017,0.6703935695134896
26.21,2.305474077431591,1.6142170080004097,0.615185138267817
26.22,2.3219878749493885,1.6853364914293778,0.5628379898387046
26.23,2.339120929463121,1.7384855427709585,0.5134858339729423
26.240000000000002,2.3567056750601543,1.7760531283074017,0.4671512275409655
26.25,2.3745972320483975,1.8001842627332034,0.42378173883124715
26.26,2.3926709100866863,1.8127722090346954,0.3832767673947933
26.27,2.410819726276547,1.8154676817254525,0.34550691479039686
26.28,2.4289520663335478,1.809697211060155,0.3103276484960714
26.29,2.446989553202685,1.7966856150073247,0.27758871623531
26.3,2.464865147420449,1.777479477549702,0.24714046215683816
26.310000000000002,2.482521479354831,1.7529698413472283,0.21883792471445018
26.32,2.4999094002860223,1.723913168538429,0.19254336993060484
26.330000000000002,2.5169867325701314,1.6909501515859657,0.16812773891262123
26.34,2.533717196520243,1.654622272374458,0.1454713549387331
26.35,2.5500694920060765,1.6153861857200573,0.1244641357847226
26.36,2.5660165137419733,1.573626096818493,0.10500548563804768
26.37,2.581534680932679,1.5296643424120986,0.08700398802590992
26.38,2.5966033649377125,1.483770392597294,0.07037698394003944
26.39,2.611204399876226,1.4361684837001063,0.05505009302991681
26.400000000000002,2.6253216633164524,1.3870440749132609,0.04095671651899346
26.41,2.6389407166699645,1.3365492991260874,0.028037547773562488
26.42,2.6520484954943897,1.2848075592666666,0.016240107079734556
26.43,2.6646330421773716,1.2319173988776924,0.005518311194055547
26.44,2.6766832739735613,1.1779557583981646,-0.004167916681133699
26.45,2.6881887811545537,1.1229807105358354,-0.012852992586937395
26.46,2.6991396501152845,1.0670337552164983,-0.020565972110278663
26.47,2.7095263075121956,1.010141741092827,-0.027330804809437725
26.48,2.719339382045167,0.9523184703783302,-0.033166542880281424
26.490000000000002,2.728569580880134,0.8935660351718347,-0.0380875046284469
26.5,2.7372075782457705,0.8338759258672508,-0.042103393246994636
26.51,2.7452439141609046,0.7732299462320281,-0.04521937111865748
26.52,2.7526689014038657,0.711600965015266,-0.047436089890777744
26.53,2.759472539475189,0.6489535299137923,-0.0487496754296447
26.54,2.765644433756025,0.5852443672387931,-0.049151667927729736
26.55,2.7711737195943544,0.5204227879378499,-0.048628914561920755
26.560000000000002,2.7760489897309797,0.45443102051199136,-0.04716341417289838
26.57,2.780258224722173,0.3872044901717367,-0.044732111438193
26.580000000000002,2.783788726965547,0.3186720664108713,-0.041306634874260784
26.59,2.7866270556768025,0.24875629987761008,-0.036852980919064415
26.6,2.788758964282281,0.1773736749467802,-0.0313311374234454
26.61,2.7901693427199286,0.10443491331199051,-0.024694637738903014
26.62,2.790842160465454,0.02984536110864901,-0.016890050770794307
26.63,2.7907604158351336,-0.04649448571351286,-0.00785639392434967
26.64,2.7899060913381932,-0.1246882568384509,0.0024755306344798056
26.650000000000002,2.7882601154737228,-0.20484271024026832,0.014183874907410798
26.66,2.7858023398811356,-0.28706633965243755,0.02735656944929854
26.67,2.782511530026251,-0.3714674675736173,0.04209221791337869
26.68,2.7783653797151504,-0.45815163039167645,0.05850105811188655
26.69,2.7733405554559494,-0.5472180253390126,0.07670596569145716
26.7,2.767412783004557,-0.6387547020741674,0.0968434670960262
26.71,2.760556989478116,-0.7328320947097007,0.11906470262351188
26.72,2.7527475207209613,-0.8294943580784108,0.14353624969122525
26.73,2.7439584591661506,-0.9287478134195795,0.17044066794665091
26.740000000000002,2.734164075248765,-1.0305456068672285,0.19997655915079315
26.75,2.7233394559021686,-1.1347674337842997,0.23235783687489098
26.76,2.711461366293752,-1.2411928894777726,0.2678117634977134
26.77,2.6985094171705373,-1.3494666807581328,0.3065751219418358
26.78,2.6844676293498786,-1.459053616696202,0.3488876333706402
26.79,2.6693265088751117,-1.5691810782455553,0.3949813995559852
26.8,2.6530857698351094,-1.6787667086881697,0.44506473437244276
26.810000000000002,2.6357578610665953,-1.7863296995923441,0.4992982927890711
26.82,2.617372463373226,-1.889885740695713,0.5577609640836955
26.830000000000002,2.597982105235212,-1.9868293151531902,0.6204028048461802
26.84,2.5776689805178994,-2.073813548901033,0.6869826550994512
26.85,2.5565528981005596,-2.14664854419131,0.7569897029981512
26.86,2.534800011775107,-2.200254642412053,0.829551971977885
26.87,2.5126315193225044,-2.2287261739485196,0.9033415617591517
26.88,2.4903308739143974,-2.2255782965697533,0.9764968827955222
26.89,2.468247292803185,-2.18425186278839,1.046594741378088
26.900000000000002,2.4467927226995565,-2.0989189880839128,1.1107148069707478
26.91,2.426429375553967,-1.965546107270612,1.1656361350611144
26.92,2.40764603154751,-1.7830341401190153,1.2081789705634862
26.93,2.3909238512083575,-1.5541154599257916,1.2356520857604973
26.94,2.376695983117984,-1.2856405676508362,1.246303505596692
26.95,2.365308446144657,-0.9880194013673945,1.2396379210421498
26.96,2.356990710899502,-0.6738783783947195,1.2164912772656264
26.97,2.351842181656193,-0.3563042778679313,1.1788393009828497
26.98,2.3498361746262693,-0.047184007620329545,1.129414799193054
26.990000000000002,2.3508382364406764,0.2439545094152333,1.071262792115311
27.0,2.354632792499068,0.5104459061612183,1.007352160501496
27.01,2.3609518284194517,0.7484187120798212,0.940310113381396
27.02,2.3695008710518684,0.9563619808044568,0.8722891795352365
27.03,2.3799797248871934,1.1345418929097386,0.8049401664952003
27.04,2.3920973066006566,1.2844243761654914,0.7394524724287225
27.05,2.405581112624129,1.4081879138820852,0.6766271532426662
27.060000000000002,2.420182399727558,1.5083544372846127,0.616958495724269
27.07,2.4356782504354353,1.5875328369911639,0.5607101701460411
27.080000000000002,2.451871554950473,1.6482548491951465,0.5079797005848121
27.09,2.4685897155437897,1.6928798556471703,0.45874972980813544
27.1,2.485682654254607,1.7235475917822711,0.4129270198833439
27.11,2.5030205161841113,1.742162183010909,0.37037113615597383
27.12,2.520491317678523,1.7503954101048962,0.33091495779671243
27.13,2.537998687228714,1.7497008616623946,0.2943789678116123
27.14,2.5554597785013624,1.7413334859738296,0.2605809434076276
27.150000000000002,2.572803390840381,1.7263710921681747,0.2293423208452372
27.16,2.5899683055284486,1.7057357406334,0.2004922001330428
27.17,2.606901830289445,1.6802138778479487,0.17386970432007376
27.18,2.623558536403831,1.6504746520094848,0.14932521117444453
27.19,2.6398991688681694,1.61708620332806,0.1267208289099815
27.2,2.6558897093029765,1.580529931451491,0.10593037796826843
27.21,2.6715005718781373,1.5412128573874082,0.08683906248018225
27.22,2.686705914069915,1.4994782527844126,0.06934295835693927
27.23,2.7014830457497174,1.455614729702878,0.05334840440387201
27.240000000000002,2.7158119223737978,1.4098639831219313,0.038771354950385195
27.25,2.7296747096924356,1.3624273670925606,0.025536732491297842
27.26,2.7430554087884063,1.3134714691668725,0.013577804687375794
27.27,2.75593953281493,1.2631328269366144,0.0028356014275100483
27.28,2.7683138269333147,1.2115219144041467,-0.006741619497665607
27.29,2.7801660249870705,1.1587265065847019,-0.01519885330651749
27.3,2.7914846370660165,1.104814515746131,-0.022574774134763276
27.310000000000002,2.8022587631903995,1.0498363785351565,-0.028902105492940477
27.32,2.8124779288965156,0.9938270614436148,-0.03420793630729502
27.330000000000002,2.822131939122395,0.9368077417365164,-0.038513984027919945
27.34,2.8312107476065793,0.8787872118283783,-0.04183680602333928
27.35,2.8397043390497787,0.8197630485252971,-0.0441879609238669
27.36,2.8476026219492896,0.7597225819742364,-0.04557412100716518
27.37,2.8548953302750055,0.6986436944352641,-0.04599713644925085
27.38,2.861571932316319,0.6364954752023955,-0.045454052032351644
27.39,2.8676215455923986,0.5732387548474212,-0.04393707588354223
27.400000000000002,2.8730328566009566,0.5088265401643806,-0.041433499783771754
27.41,2.877794044063262,0.44320436963550264,-0.03792557117984274
27.42,2.881892706241194,0.3763106092933332,-0.03339031259350034
27.43,2.8853157901180615,0.3080767091920221,-0.027799290173163294
27.44,2.8880495230404986,0.23842744216471154,-0.021118327244726842
27.45,2.8900793486743344,0.1672811535349104,-0.013307155100192314
27.46,2.8913898640130764,0.09455004847184321,-0.004319007051998169
27.47,2.891964756203088,0.020140547806569483,0.005899844979135316
27.48,2.8917867513942133,-0.056046221345171864,0.017410633745992388
27.490000000000002,2.8908375629594536,-0.13411376284575438,0.03028269672913797
27.5,2.8890978496943447,-0.21416928785159445,0.044594146147884484
27.51,2.8865471852107487,-0.2963224318428063,0.0604326028853841
27.52,2.883164041251982,-0.38068348732901,0.07789598337216486
27.53,2.878925793480965,-0.46736097084721,0.09709332855357955
27.54,2.8738087546029756,-0.5564583094551093,0.11814564425058705
27.55,2.8677882465938906,-0.6480693460186921,0.14118671247651304
27.560000000000002,2.860838725426701,-0.7422722765761745,0.1663638068991028
27.57,2.852933976236693,-0.8391215135575057,0.19383821196370232
27.580000000000002,2.844047402880987,-0.9386368142990159,0.223785396120755
27.59,2.8341524434289798,-1.0407888200762228,0.25639461983006695
27.6,2.8232231525753155,-1.1454799126870292,0.291867660967284
27.61,2.8112350045781653,-1.2525190087765217,0.33041620401688854
27.62,2.798165985471636,-1.3615885930973934,0.37225725394734654
27.63,2.7839980620413853,-1.4722019701865574,0.4176056887370848
27.64,2.768719136652655,-1.5836484666920114,0.466662746736869
27.650000000000002,2.7523256197416943,-1.6949243017336615,0.5195988633804189
27.66,2.7348257735242907,-1.8046473173648567,0.576528844179606
27.67,2.7162439909931475,-1.9109552313446339,0.637476999730288
27.68,2.696626165670348,-2.011390202752967,0.7023297157726338
27.69,2.676046250858272,-2.1027783927437023,0.7707734106603674
27.7,2.654613977195068,-2.1811229362625415,0.8422174618895465
27.71,2.632483443380448,-2.2415432196517844,0.9157053884545472
27.72,2.609861877315648,-2.2783117318065327,0.9898242114087955
27.73,2.5870172584668873,-2.285057512265587,1.0626319811016307
27.740000000000002,2.5642827567073443,-2.2552112185211515,1.131635529496752
27.75,2.5420552779322887,-2.1827427627925076,1.1938598832479723
27.76,2.520785219531443,-2.063168604051884,1.2460481949867193
27.77,2.500955367869373,-1.894678992946276,1.285005801621777
27.78,2.4830490857334997,-1.6790940760425284,1.3080505798233584
27.79,2.4675113099009964,-1.422288135159438,1.3134695145332613
27.8,2.45470916573831,-1.1338149055846167,1.3008443598761201
27.810000000000002,2.444900471581877,-0.8257315835175896,1.2711325796344615
27.82,2.4382168248507243,-0.5109312517145185,1.2264742678561227
27.830000000000002,2.434663812839785,-0.20146868538441734,1.16979684113273
27.84,2.4341361374293675,0.09269288369566621,1.1043492408147455
27.85,2.436442215402657,0.3643116897537272,1.033291108856933
27.86,2.441332043140128,0.6089133642837754,0.9594097582438295
27.87,2.4485233468489302,0.8244367837740877,0.8849779705601777
27.88,2.457723073494554,1.010691623933703,0.8117257183770832
27.89,2.46864324249243,1.1687919605904196,0.7408848642777839
27.900000000000002,2.481011432368853,1.3006619229291938,0.6732694084716356
27.91,2.4945768621581954,1.4086509063747723,0.6093648495568474
27.92,2.5091131861371094,1.4952593144082624,0.549411395604672
27.93,2.5244190321307873,1.5629580142793456,0.49347417930237114
27.94,2.5403171111461926,1.614079452181679,0.44149885096882857
27.95,2.5566525085506244,1.6507596753061924,0.3933536407513598
27.96,2.573290577861306,1.6749143845169019,0.34886008282802405
27.97,2.590114711082064,1.688236428998031,0.3078147966222573
27.98,2.607024153005632,1.6922058991722886,0.2700044965009829
27.990000000000002,2.6239319537463492,1.6881068932719594,0.23521602421126475
28.0,2.6407631057761924,1.6770471568741605,0.20324280740839074
28.01,2.6574528815531036,1.6599782677883426,0.17388880262881945
28.02,2.673945369795898,1.637715023248726,0.1469707014039282
28.03,2.690192198562993,1.6109533225196133,0.12231896069933124
28.04,2.706151428129299,1.5802862367970492,0.09977805752272761
28.05,2.7217865952308022,1.546218196825381,0.07920624714332469
28.060000000000002,2.7370658900240454,1.5091773657632994,0.06047501945022071
28.07,2.7519614481383012,1.4695263360854165,0.04346838619278037
28.080000000000002,2.766448742168338,1.4275713194031616,0.02808208826600278
28.09,2.7805060581602814,1.3835700066402645,0.014222782534703327
28.1,2.794114044882443,1.3377382685343016,0.0018072463563246766
28.11,2.8072553247591,1.2902558542120544,-0.009238376826567807
28.12,2.8199141575983995,1.2412712280365812,-0.01897927639915331
28.13,2.8320761488341386,1.1909056692801254,-0.027472610838418454
28.14,2.843727995400992,1.1392567423653122,-0.03476807832203577
28.150000000000002,2.854857263757349,1.0864012296389312,-0.040908421006644824
28.16,2.8654521947571476,1.0323976066846257,-0.04592986439006208
28.17,2.8755015313073664,0.9772881272696536,-0.049862493788722984
28.18,2.884994365169274,0.9211005753929384,-0.05273057045539398
28.19,2.893919999819621,0.8638497332357687,-0.05455278984044487
28.2,2.9022678267456,0.8055386064947035,-0.05534248436794631
28.21,2.910027212933203,0.7461594425333985,-0.055107772771213814
28.22,2.917187397592601,0.6856945718943244,-0.05385165767702893
28.23,2.9237373966390616,0.6241170996268995,-0.05157207231818939
28.240000000000002,2.929665913318282,0.561391470088797,-0.048261877351064686
28.25,2.93496125388916,0.4974739262905049,-0.04390880806453956
28.26,2.9396112477656007,0.43231288399306045,-0.038495370596548395
28.27,2.943603170376341,0.3658492395406398,-0.03199868883263346
28.28,2.9469236698239563,0.2980166324573012,-0.024390296830473113
28.29,2.949558695907706,0.22874168420910154,-0.015635877767686823
28.3,2.9514934294470025,0.15794423443378466,-0.005694951393835246
28.310000000000002,2.952712217446648,0.08553760973959199,0.005479501461150393
28.32,2.9531985089115556,0.011428954629939028,0.017941469463485515
28.330000000000002,2.952934794870849,-0.06448032938016052,0.03175240085470976
28.34,2.9519025547671003,-0.14229397670378052,0.04698175492567391
28.35,2.9500822078199724,-0.22212001908865475,0.06370760514398122
28.36,2.9474530761619255,-0.30406961082064665,0.08201729490747467
28.37,2.943993361528052,-0.3882553987692111,0.10200813064172065
28.38,2.9396801407977216,-0.4747892762696295,0.12378809239447486
28.39,2.934489387969506,-0.5637793064935209,0.1474765311113354
28.400000000000002,2.928396032514865,-0.6553255337210907,0.17320480393245996
28.41,2.9213740664404924,-0.7495143168701037,0.20111677374897163
28.42,2.913396717379537,-0.8464107024838943,0.23136906433256765
28.43,2.9044367103654496,-0.9460482082283932,0.26413091211305173
28.44,2.8944666479711185,-1.048415202496948,0.2995833852351998
28.45,2.8834595479501584,-1.1534368334687621,0.3379176424423931
28.46,2.8713895892155676,-1.260951183649129,0.3793317697123487
28.47,2.8582331318486567,-1.3706780093708748,0.4240255507887556
28.48,2.843970094871861,-1.4821780980389474,0.4721922883737609
28.490000000000002,2.8285857965246364,-1.5948010073022703,0.5240064903698588
28.5,2.812073385167939,-1.7076188663165408,0.5796058705137366
28.51,2.794437009940925,-1.8193442889275855,0.6390657307137699
28.52,2.7756958961875626,-1.9282316546675484,0.7023634529731098
28.53,2.755889483952506,-2.031963792426348,0.7693307617114197
28.54,2.735083745857584,-2.127531333218147,0.8395919103364697
28.55,2.7133786852424846,-2.2111209158544525,0.9124876314547672
28.560000000000002,2.6909167915028482,-2.278041892882804,0.9869883152297791
28.57,2.6678918465105363,-2.3227388659149444,1.0616063750561344
28.580000000000002,2.644556910001616,-2.3389555659425403,1.1343274763873596
28.59,2.621229596767126,-2.3201246991623776,1.2025920531124648
28.6,2.5982920676453225,-2.26004142109899,1.2633677252022952
28.61,2.576182848468127,-2.1538152331668665,1.313351163902317
28.62,2.555378183905995,-1.9989787761134024,1.3493139792792745
28.63,2.536362562507,-1.7964910269831966,1.3685571482822934
28.64,2.5195911902217456,-1.5512844357072033,1.369376132443871
28.650000000000002,2.505450569652058,-1.2720635185943698,1.3513988614599526
28.66,2.4942252122697353,-0.9702950267255913,1.3156775653514539
28.67,2.4860775718598127,-0.6586381743661318,1.2644978792768773
28.68,2.4810446084816866,-0.34927034225563514,1.2009728033637277
28.69,2.47904970883137,-0.052551323170534625,1.1285555212433356
28.7,2.479925138738494,0.22372740816331319,1.0506037878629222
28.71,2.4834389714240737,0.47450325141783267,0.9700763719940091
28.72,2.489321291295672,0.6971708374354681,0.8893788322535171
28.73,2.4972863849909053,0.8910841318976694,0.8103320604277343
28.740000000000002,2.5070495634607055,1.0570041041370386,0.7342202947239891
28.75,2.518338661709673,1.1965989431689377,0.6618782226779771
28.76,2.5309010216976495,1.3120444058926117,0.593788245171339
28.77,2.544507022455569,1.405731984348026,0.5301710778197332
28.78,2.55895118118905,1.4800718213032193,0.47106209832335977
28.79,2.574051672819726,1.5373699296876855,0.41637162679544415
28.8,2.5896489071568576,1.5797593221384747,0.365930345525458
28.810000000000002,2.6056036138527587,1.6091679207999448,0.3195222897599206
28.82,2.621794734255361,1.6273101773443215,0.2769080638131013
28.830000000000002,2.6381173076720463,1.6356930504190161,0.23784068497548094
28.84,2.6544804616162057,1.6356299665857494,0.20207603456427226
28.85,2.6708055634759345,1.6282586017205272,0.16937946000532644
28.86,2.6870245577801612,1.6145598777887884,0.13952968663146104
28.87,2.703078492661778,1.5953766269610912,0.11232088879829516
28.88,2.7189162275653795,1.5714310681762915,0.0875635287780755
28.89,2.7344933079769382,1.5433406825893274,0.06508439420325351
28.900000000000002,2.7497709900613057,1.5116323457543765,0.04472613418752669
28.91,2.7647153980957135,1.4767547324963477,0.02634649951952872
28.92,2.7792967977432026,1.4390890986293228,0.00981742709069533
28.93,2.7934889693774814,1.3989585862259253,-0.004975938807381564
28.94,2.807268668056108,1.3566362126258904,-0.018136228001643384
28.95,2.8206151573264675,1.3123517045042892,-0.029754790478176196
28.96,2.8335098061892268,1.266297327627216,-0.039912584168495635
28.97,2.8459357400132856,1.2186328489723186,-0.0486809918818113
28.98,2.857877537173525,1.1694897535243531,-0.05612256130734572
28.990000000000002,2.8693209646941122,1.118974821893682,-0.0622916663840154
29.0,2.880252746645176,1.0671731616472462,-0.06723509150514095
29.01,2.890660360701905,1.0141507708388684,-0.07099254056600501
29.02,2.9005318581442165,0.9599567023753479,-0.07359707466219523
29.03,2.9098557037672808,0.9046248867292398,-0.07507548190569191
29.04,2.918620632549096,0.848175662280722,-0.0754485829720859
29.05,2.9268155203170036,0.7906170554583246,-0.07473147567125804
29.060000000000002,2.9344292661349387,0.7319458465465836,-0.07293372141191024
29.07,2.9414506843744888,0.6721484521200555,-0.07005947607288732
29.080000000000002,2.947868404835641,0.61120165095049,-0.06610756703527787
29.09,2.953670779394496,0.5490731770998074,-0.06107151793713195
29.1,2.9588457942666695,0.48572220166986324,-0.0549395212346222
29.11,2.963380986011707,0.42109972310036015,-0.047694360653456225
29.12,2.9672633617725843,0.3551488851073231,-0.03931328113254573
29.13,2.9704793220722507,0.2878052424114991,-0.029767807275583036
29.14,2.9730145853723537,0.21899699352153706,-0.019023511451465747
29.150000000000002,2.97485411682433,0.14864520765218336,-0.007039723727806146
29.16,2.9759820587913914,0.07666407157179567,0.006230810494776695
29.17,2.9763816602869557,0.0029611824432760015,0.02084232024312338
29.18,2.976035215510548,-0.07256205632690067,0.03685646184418012
29.19,2.9749240044048078,-0.15000989382660854,0.05434281901207394
29.2,2.973028238820222,-0.22949147645050288,0.07337944744709834
29.21,2.9703270193700533,-0.3111197826299586,0.09405345939211651
29.22,2.966798303115587,-0.3950101407168133,0.11646162785463332
29.23,2.9624188907362092,-0.48127816408601204,0.1407109921609382
29.240000000000002,2.957164436709772,-0.5700369129776494,0.16691942488129707
29.25,2.951009493368107,-0.6613930109209092,0.19521610805359468
29.26,2.943927600234425,-0.7554413691845465,0.22574183818672378
29.27,2.935891435095668,-0.8522580595183242,0.2586490443655437
29.28,2.926873047893749,-0.951890737609415,0.2941013522260999
29.29,2.916844205868359,-1.0543458380334685,0.33227245584377796
29.3,2.905776886914306,-1.159571539285096,0.37334396162950534
29.310000000000002,2.8936439696496876,-1.2674352252748353,0.41750173490952047
29.32,2.880420182846138,-1.3776938572785868,0.46493010162792925
29.330000000000002,2.8660833944090367,-1.4899553392264537,0.5158030253747079
29.34,2.850616340976578,-1.6036286648260025,0.5702710871934541
29.35,2.834008921676644,-1.7178605057563758,0.6284427550994517
29.36,2.816261203195555,-1.8314561360032648,0.6903580623583025
29.37,2.7973872986761856,-1.94278361462959,0.7559525312377834
29.38,2.777420285058441,-2.049662530496771,0.8250091247224145
29.39,2.7564182875389514,-2.1492433187879367,0.8970965668201906
29.400000000000002,2.734471763918085,-2.237891257083417,0.9714940400528385
29.41,2.711711820878458,-2.311101794651659,1.047105856582796
29.42,2.688319046741216,-2.3634908004189343,1.1223760168784325
29.43,2.664531815213492,-2.3889217725025653,1.1952220497867043
29.44,2.640652326052614,-2.380843696525802,1.2630189595947798
29.45,2.6170479365645543,-2.3329026306279124,1.322673317123228
29.46,2.5941449297312964,-2.239837402372364,1.370826025466008
29.47,2.5724122447202395,-2.0985640357069877,1.4041996765709843
29.48,2.5523343408892214,-1.9092150460993904,1.4200577354139163
29.490000000000002,2.5343752792133203,-1.675796758525295,1.4166801586356597
29.5,2.5189394982413753,-1.406153194231396,1.3937168356964136
29.51,2.5063370069090123,-1.1111241266929133,1.3522941528782924
29.52,2.4967603669943506,-0.803084411417787,1.2948297365088344
29.53,2.4902776745612534,-0.4942846045458191,1.2246175555503804
29.54,2.486841201708387,-0.19544435717451172,1.1453190505721615
29.55,2.4863075462328097,0.08511453934866593,1.0605005674390138
29.560000000000002,2.48846345122888,0.3417452276162608,0.9733062047366499
29.57,2.493051941810545,0.5712916728890084,0.8862887626144271
29.580000000000002,2.4997951273303785,0.772640921466084,0.8013730614536775
29.59,2.5084119784925285,0.9461887985727482,0.7199062559408697
29.6,2.518630840373448,1.0933371114463746,0.6427515276872604
29.61,2.5301973393685944,1.216080071052172,0.5703934829389081
29.62,2.542878674835738,1.3166949391236713,0.5030365987742609
29.63,2.5564653071600874,1.3975280131361085,0.44068820450959634
29.64,2.570770906532035,1.460857413876092,0.38322390407571816
29.650000000000002,2.5856312300881035,1.5088128045302538,0.33043672252964684
29.66,2.6009024072422178,1.5433347286196515,0.28207264220485595
29.67,2.6164589584964384,1.566160032292001,0.2378554529836484
29.68,2.632191756390466,1.578823500024279,0.1975035660630552
29.69,2.6480060543041177,1.5826688619729845,0.16074097202446336
29.7,2.663819652470686,1.5788646277194929,0.12730404039068421
29.71,2.679561233861419,1.568421846803347,0.09694543108731846
29.72,2.6951688795409594,1.5522120292988972,0.06943604549005722
29.73,2.7105887596287785,1.530984213417142,0.044565678624231
29.740000000000002,2.725773988280245,1.505380654654582,0.0221428386728737
29.75,2.74068362768064,1.4759509154677726,0.0019940556159425693
29.76,2.7552818247460844,1.4431643181678069,-0.01603710107125711
29.77,2.769537064378667,1.407420828419632,-0.03209114811769076
29.78,2.7834215242337472,1.369060490751366,-0.04629386088527876
29.79,2.7969105171735387,1.3283715614743599,-0.05875743024540081
29.8,2.809982009283744,1.2855974887121397,-0.06958156564242657
29.810000000000002,2.8226162022654413,1.2409428845478543,-0.07885452258029513
29.82,2.8347951713644264,1.1945786216024588,-0.08665404263365384
29.830000000000002,2.8465025502616315,1.1466461745762884,-0.0930482017757186
29.84,2.8577232559789683,1.0972613122892365,-0.09809616694409307
29.85,2.8684432479898887,1.0465172318560412,-0.10184886327501763
29.86,2.8786493161148217,0.9944872151661578,-0.10434955613023178
29.87,2.888328892963606,0.9412268756099264,-0.10563435245249853
29.88,2.897469886931228,0.8867760538643775,-0.10573262660401106
29.89,2.9060605327301947,0.8311604123300874,-0.10466737496326373
29.900000000000002,2.9140892564793064,0.7743927712206327,-0.10245550384500979
29.91,2.9215445529983946,0.7164742226884752,-0.0991080544866455
29.92,2.928414873322897,0.6573950543560702,-0.09463036820237236
29.93,2.934688520526825,0.5971355096211627,-0.08902219461961369
29.94,2.940353552640017,0.5356664086217734,-0.08227774445675251
29.95,2.9453976908159962,0.47294965156807417,-0.07438568939902446
29.96,2.9498082323845263,0.40893862399580355,-0.06532910895516064
29.97,2.9535719673780063,0.3435785235033557,-0.055085385546266186
29.98,2.9566750976403933,0.27680662626084734,-0.04362604905430356
29.990000000000002,2.9591031596257595,0.208552515613844,-0.03091656691951461
30.0,2.960840948426777,0.13873829345719546,-0.01691608480938178
30.01,2.961872442308282,0.06727879804017155,-0.001577118993907889
30.02,2.9621807337305497,-0.005918131177894157,0.015154808149551169
30.03,2.9617479595597174,-0.08095131301038103,0.03334157484443956
30.04,2.9605552370552117,-0.15792575089033598,0.05305291317116012
30.05,2.9585826057770253,-0.2369519619481871,0.07436689993256074
30.060000000000002,2.9558089754491594,-0.31814503319956833,0.0973704702072572
30.07,2.952212088037569,-0.40162327844605505,0.12215994273883968
30.080000000000002,2.9477684935840673,-0.4875063674254288,0.14884152392231498
30.09,2.9424535492643638,-0.5759127257169198,0.17753175375938635
30.1,2.936241448451371,-0.6669559601048093,0.2083578331360174
30.11,2.929105292348754,-0.760739973029036,0.2414577478793053
30.12,2.9210172183922847,-0.8573523348915856,0.2769800663227867
30.13,2.911948606078113,-0.956855341609386,0.3150832362300232
30.14,2.901870386819425,-1.0592740147370174,0.3559341351452239
30.150000000000002,2.890753492932206,-1.1645800846640277,0.39970553056676095
30.16,2.878569491919051,-1.2726707314063794,0.4465719740361457
30.17,2.8652914657333555,-1.3833405492932367,0.49670347834853457
30.18,2.850895212031999,-1.496244864008593,0.5502560998932242
30.19,2.8353608643667165,-1.6108522200073354,0.6073582676613407
30.2,2.8186750515839387,-1.7263836687265133,0.6680913720444989
30.21,2.8008337398880068,-1.8417366279274852,0.7324627862421433
30.22,2.7818459196774628,-1.9553919082750737,0.800369237099003
30.23,2.761738305378865,-2.0653045519883992,0.871548418520753
30.240000000000002,2.7405611894999056,-2.16878332354819,0.9455173394299092
30.25,2.7183955126906003,-2.262371016359041,1.0214975363379564
30.26,2.69536103283662,-2.3417494165386152,1.0983308467448274
30.27,2.671625162769564,-2.401708897015883,1.1743955789933298
30.28,2.647411552023215,-2.4362411586379804,1.2475421855389666
30.29,2.6230068268302302,-2.4388273974771733,1.3150787492942624
30.3,2.5987631799612414,-2.402989202322856,1.3738458602941244
30.310000000000002,2.5750940057432126,-2.3231263641363227,1.4204196167513647
30.32,2.552459965782052,-2.195570703036755,1.4514602436779542
30.330000000000002,2.531344231270387,-2.019650893974411,1.4641765478920497
30.34,2.512218331825729,-1.7984484351820618,1.4568135092903214
30.35,2.4955033800746507,-1.5389203992663016,1.4290237387126226
30.36,2.4815340132894548,-1.2512289460907173,1.3819920833952046
30.37,2.4705326071525073,-0.9474029135630742,1.3182591902681415
30.38,2.462598701402239,-0.6397100188098928,1.2412996202548983
30.39,2.4577142375540424,-0.3391919670068537,1.1549910201902378
30.400000000000002,2.455761194104626,-0.05468562878114236,1.0631224121269962
30.41,2.4565460848941054,0.2075735949301121,0.9690402972035379
30.42,2.4598258600333516,0.44386219954677486,0.8754617376751715
30.43,2.4653312409736112,0.652578048229171,0.7844303602738899
30.44,2.472785418116608,0.8337296354497649,0.6973678746111202
30.45,2.481917599729574,0.9884333480232843,0.6151741744142732
30.46,2.4924718807896618,1.1184872131514307,0.5383412196928404
30.47,2.504212341203567,1.22604403376692,0.4670599231900978
30.48,2.5169253620773255,1.3133798259136873,0.4013104075549411
30.490000000000002,2.530420037544997,1.382741338929664,0.3409331423991875
30.5,2.5445273772804557,1.4362535444215272,0.28568227821973813
30.51,2.55909880996699,1.475869705294809,0.23526407294927631
30.52,2.574004340619212,1.5033500565347648,0.18936362041658195
30.53,2.589130593077293,1.5202587005512853,0.14766279717950836
30.54,2.6043788808654873,1.5279713837065603,0.10985183127084996
30.55,2.6196633887826315,1.5276891992173345,0.07563635962295823
30.560000000000002,2.634909507133929,1.520454997632941,0.04474137099859554
30.57,2.650052334896025,1.5071704988912138,0.01691304867873189
30.580000000000002,2.6650353522719503,1.4886129194461175,-0.008080763784617084
30.59,2.679809254227938,1.4654504650934521,-0.030450968633017883
30.6,2.6943309319499384,1.4382563820691283,-0.050388143862699186
30.61,2.708562587031558,1.4075214697918264,-0.06806376113719914
30.62,2.7224709632824307,1.3736650815696796,-0.08363153543870594
30.63,2.736026681309216,1.3370447083186838,-0.09722880423950309
30.64,2.7492036623860465,1.29796427261411,-0.1089778721082515
30.650000000000002,2.7619786293535697,1.256681271729758,-0.11898728239538214
30.66,2.7743306738141187,1.2134129071221698,-0.12735299427522973
30.67,2.7862408801684397,1.1683413294538298,-0.13415945495852155
30.68,2.797691997932827,1.1216181172996527,-0.13948056449118296
30.69,2.808668155745376,1.0733680933821277,-0.14338053414049845
30.7,2.8191546104388965,1.0236925712518623,-0.14591464291425793
30.71,2.829137526090614,0.9726721119403715,-0.14712989763710393
30.72,2.8386037785229967,0.9203688595584021,-0.14706560264445945
30.73,2.8475407812801574,0.8668285152418532,-0.14575384528213453
30.740000000000002,2.8559363297436096,0.8120820001246144,-0.1432199030429906
30.75,2.863778460524478,0.7561468507117564,-0.1394825776736014
30.76,2.871055323611346,0.6990283839313698,-0.1345544610182129
30.77,2.8777550651864527,0.640720663806566,-0.12844213659971382
30.78,2.8838657191645343,0.5812072975136587,-0.1211463206040686
30.79,2.8893751060335178,0.5204620850771431,-0.11266194474426516
30.8,2.894270737384334,0.4584495444034745,-0.10297818382561741
30.810000000000002,2.8985397255785634,0.3951253317396686,-0.09207842842389546
30.82,2.902168696540223,0.3304365762521271,-0.07994020600726359
30.830000000000002,2.9051437058219127,0.2643221472986658,-0.06653505029952289
30.84,2.907450157816951,0.19671287533162182,-0.0518283175943437
30.85,2.909072725076385,0.12753174481705887,-0.03577895853068713
30.86,2.9099952711440666,0.056694087412593554,-0.018339237061849367
30.87,2.9102007772818475,-0.01589219158538902,0.0005456006744672948
30.88,2.9096712686938764,-0.09032632421978594,0.020937693264904578
30.89,2.908387739834806,-0.16671428989163956,0.042906962938091486
30.900000000000002,2.906330097127571,-0.24516822471381552,0.06653156093290868
30.91,2.903477097661014,-0.32580559912284096,0.09189831255574199
30.92,2.8998063018592064,-0.40874803167396945,0.11910316158523948
30.93,2.8952940399102247,-0.4941196109407035,0.14825157826766577
30.94,2.889915398151582,-0.5820445446693002,0.17945888692756096
30.95,2.883644233455007,-0.672643897747883,0.21285044984155077
30.96,2.876453225840678,-0.7660311072056845,0.24856161593942172
30.970000000000002,2.8683139837562384,-0.8623058602131026,0.28673730548573595
30.98,2.859197221063117,-0.9615457920969896,0.3275310492374037
30.990000000000002,2.8490730307107985,-1.063795296626703,0.37110322861819356
31.0,2.8379112885433204,-1.169050528846529,0.41761816563038545
31.01,2.825682230848269,-1.2772394233850457,0.4672395803312104
31.02,2.812357262749508,-1.38819524332119,0.5201237607847375
31.03,2.797910070848012,-1.501621836127271,0.5764095695335357
31.04,2.7823181336739147,-1.6170484401505436,0.6362041378493065
31.05,2.765564746264977,-1.7337716516739738,0.6995627846509407
31.060000000000002,2.7476416990272328,-1.8507822095482218,0.7664613816049218
31.07,2.728552772667613,-1.9666748794954192,0.8367591401107459
31.080000000000002,2.7083182191359656,-2.0795414945802015,0.9101498334999222
31.09,2.686980383893463,-2.186850847598048,0.9861000335619671
31.1,2.6646105549676267,-2.2853258120956776,1.0637746443147407
31.11,2.6413169728435912,-2.3708387882002913,1.1419534540686602
31.12,2.617253649524702,-2.438361945556599,1.2189484985296848
31.13,2.5926291904425964,-2.482027125729751,1.2925410347700907
31.14,2.56771417915236,-2.4953658116865522,1.3599680117164474
31.150000000000002,2.5428449611948793,-2.4717996027053046,1.4179972265669138
31.16,2.5184210925586683,-2.405417577815988,1.463130240225668
31.17,2.4948937292085622,-2.2919928015708373,1.4919522720763658
31.18,2.472743331520782,-2.1300620622794417,1.501602424671585
31.19,2.4524474691570637,-1.9217695606045415,1.4902744928961416
31.2,2.434442773204142,-1.6731431750431358,1.4576086020869892
31.21,2.419087907901463,-1.393600660009742,1.4048368130766353
31.220000000000002,2.4066351910807553,-1.0947488807267378,1.334618492537862
31.23,2.397216459442215,-0.7888066347625373,1.2506132220929282
31.240000000000002,2.3908447254417893,-0.48709580306169326,1.156927714608476
31.25,2.38742902344218,-0.19895540889979907,1.0575925816046887
31.26,2.386797312175395,0.06877870266977917,0.9561782423262231
31.27,2.388721934845729,0.3117877172498585,0.8555868063747177
31.28,2.3929433732479177,0.5279458939051397,0.7579983996367784
31.29,2.3991898402567347,0.7168405112270858,0.6649227486478576
31.3,2.4071918926890556,0.879273420488865,0.5773055504736849
31.310000000000002,2.416692320178043,1.016823834766207,0.49565134153837864
31.32,2.427452115961826,1.1315040008599315,0.42013961493885654
31.330000000000002,2.4392534830473576,1.2255092453347916,0.35072318175399675
31.34,2.451900760205906,1.3010490529883176,0.28720575833486894
31.35,2.465219989027024,1.3602411482667773,0.22930007708878997
31.36,2.479057663629344,1.4050512732861484,0.1766696419995999
31.37,2.4932790454041216,1.4372643129212601,0.12895764277203592
31.38,2.5077662988460605,1.4584758392973116,0.08580623868592707
31.39,2.5224166110798403,1.47009622148309,0.04686886378318089
31.400000000000002,2.5371403919544964,1.4733619001390994,0.0118176137184558
31.41,2.5518596072062802,1.4693502546766635,-0.0196527468408485
31.42,2.566506268385213,1.4589957891056284,-0.04782304049190789
31.43,2.5810210851289224,1.443106253648469,-0.07294940415699924
31.44,2.595352274913819,1.4223779119189996,-0.09526393594036686
31.45,2.6094545193722807,1.397409547510604,-0.11497588326394892
31.46,2.6232880535852874,1.3687150446363239,-0.13227311825662458
31.470000000000002,2.636817873955199,1.3367345230775518,-0.14732373276654576
31.48,2.650013050497177,1.3018440909584776,-0.16027764505514586
31.490000000000002,2.6628461300110575,1.2643643226385939,-0.1712681515629284
31.5,2.675292618357765,1.2245675870073112,-0.18041338439763244
31.51,2.6873305308039854,1.1826843558781464,-0.18781765363167868
31.52,2.698940000660283,1.138908617431339,-0.19357266580394206
31.53,2.710102938344478,1.093402509053674,-0.19775861693764563
31.54,2.7208027331314506,1.0463002743094842,-0.2004451636504353
31.55,2.731023991550441,0.9977116355308282,-0.20169227807051548
31.560000000000002,2.7407523068650406,0.9477246626404824,-0.20155099405155308
31.57,2.7499740550955827,0.8964082078346001,-0.20006405201006194
31.580000000000002,2.7586762134412237,0.8438139664562777,-0.19726645016219047
31.59,2.766846197612245,0.7899782157228906,-0.19318590933969026
31.6,2.7744717152013623,0.7349232754628165,-0.18784325768429033
31.61,2.7815406323999987,0.6786587290611248,-0.18125274117850287
31.62,2.788040851841327,0.6211824372460695,-0.17342226504258573
31.63,2.7939601997145886,0.5624813729148964,-0.16435357022536845
31.64,2.7992863203454563,0.5025323018203853,-0.15404234885184886
31.650000000000002,2.8040065770669904,0.4413023309817023,-0.1424783011746611
31.66,2.8081079579179726,0.3787493449175352,-0.12964513682575174
31.67,2.8115769849324694,0.3148223481363304,-0.11552052313622752
31.68,2.814399627212813,0.2494617329040727,-0.10007597987665262
31.69,2.8165612153068866,0.18259949009106183,-0.08327672634378891
31.7,2.8180463580355557,0.11415938446517801,-0.06508147889511395
31.71,2.818838862525532,0.044057120839388335,-0.04544219927096094
31.720000000000002,2.818921653704954,-0.027799476290155313,-0.024303805057751204
31.73,2.8182766938416046,-0.10151023808665073,-0.001603844752155914
31.740000000000002,2.816884912020383,-0.1771823178648035,0.022727867850484085
31.75,2.814726130416466,-0.25492971935363334,0.048769629370689294
31.76,2.8117789998800578,-0.3348725935559665,0.07660823070228795
31.77,2.808020943146994,-0.4171362157469028,0.10633932022310755
31.78,2.8034281102237433,-0.5018495142603538,0.13806771356618697
31.79,2.797975352162136,-0.5891429779699057,0.17190760258529758
31.8,2.7916362191319144,-0.6791457245465744,0.20798259382564854
31.810000000000002,2.78438299328218,-0.771981431347731,0.24642548045451607
31.82,2.7761867698010745,-0.867762737315452,0.28737761197337797
31.830000000000002,2.7670176034900718,-0.9665836033589221,0.3309876729625074
31.84,2.7568447447307083,-1.0685089556590852,0.3774096094920607
31.85,2.745636996185723,-1.1735607340977376,0.4267993439693123
31.86,2.7333632315299488,-1.281699215593927,0.4793097890557161
31.87,2.719993130485659,-1.3927981776125213,0.5350835005562182
31.88,2.705498200175021,-1.5066121256483447,0.5942420932724631
31.89,2.6898531727395443,-1.622733456010463,0.6568712782195121
31.900000000000002,2.6730378914534154,-1.7405371507055374,0.723000080371885
31.91,2.6550398226324066,-1.8591105485512736,0.7925724946921097
31.92,2.6358573532489245,-1.977166197276228,0.8654096226019478
31.93,2.6155040475529394,-2.092937256389601,0.9411603866891746
31.94,2.5940140282454287,-2.2040580917250154,1.0192395161000605
31.95,2.5714485929173394,-2.3074386770537676,1.098753189362762
31.96,2.5479040461886213,-2.39915125139141,1.1784161128019432
31.970000000000002,2.5235204736628476,-2.474362189216789,1.2564697661233875
31.98,2.4984907663330462,-2.5273601496320803,1.3306203732539192
31.990000000000002,2.473068603673758,-2.5517485052235487,1.3980260869262975
32.0,2.4475733841309837,-2.5408746135239584,1.4553722923407328
32.01,2.422389460679694,-2.488543063291471,1.4990744930216007
32.02,2.3979568846443353,-2.3899871490174074,1.5256297908519743
32.03,2.374751702138201,-2.242952330846718,1.5320935286556487
32.04,2.3532559466685066,-2.048616791261765,1.5165945184061669
32.05,2.333920652755179,-1.812016686754313,1.478748842134187
32.06,2.317128165084882,-1.541736314988449,1.4198292117743798
32.07,2.303161345789857,-1.24886356312194,1.3426149723635534
32.08,2.2921858449102754,-0.9454861085413828,1.2509615070500333
32.09,2.2842479337992763,-0.6431559031784453,1.1492243847836265
32.1,2.279286201986357,-0.35170194935132737,1.0417018430325657
32.11,2.277152501980473,-0.07858105638767819,0.9322164803932543
32.12,2.277636697775747,0.1712509013190591,0.8238820602271437
32.13,2.280490687780591,0.3950939615804456,0.7190373945844176
32.14,2.2854488548811274,0.5920644007026986,0.6192966845116388
32.15,2.292243784402918,0.762606483414919,0.5256620931551891
32.160000000000004,2.300617255458191,0.9080468211222952,0.43865631427120677
32.17,2.310327179387974,1.0302327727263862,0.35844898823859717
32.18,2.3211513855426924,1.1312629951721762,0.28496427867143925
32.19,2.3328891370143734,1.2133004517672492,0.21796589245823839
32.2,2.3453611209931378,1.2784514086659782,0.1571207526644024
32.21,2.358408487536089,1.3286934367813177,0.10204466649011612
32.22,2.371891351075005,1.3658377776761375,0.05233383222830279
32.230000000000004,2.3856870383460214,1.3915146200796744,0.007585727172026435
32.24,2.3996882674606943,1.4071728770912715,-0.03258768817076052
32.25,2.4138013717981535,1.4140885702449006,-0.06855216549480614
32.26,2.427944633570685,1.413377846696231,-0.10064705890639092
32.27,2.4420467595041124,1.4060120466702695,-0.129183674894068
32.28,2.4560455103939334,1.3928332085648498,-0.1544452075337237
32.29,2.4698864837590766,1.3745690554141485,-0.17668765249466534
32.3,2.483522041360174,1.351846939054963,-0.19614128557394894
32.31,2.4969103699150983,1.3252064945254862,-0.21301242971451184
32.32,2.510014661547616,1.295110929146748,-0.2274853290905231
32.33,2.5228024002723957,1.2619569724963933,-0.23972401525233178
32.34,2.5352447417461823,1.226083569117817,-0.2498740953640176
32.35,2.547315974019167,1.1877794244035873,-0.25806442213750713
32.36,2.558993048600583,1.147289523070432,-0.2644086251550879
32.37,2.570255171909894,1.1048207395179843,-0.26900649641602936
32.38,2.5810834489373353,1.06054665198066,-0.2719452301671875
32.39,2.5914605714525702,1.0146116634951834,-0.2733005225319145
32.4,2.6013705442155652,0.9671345217202827,-0.2731375390173756
32.410000000000004,2.6107984439094927,0.9182113180903424,-0.27151175867415045
32.42,2.619730205642141,0.8679180376546369,-0.2684697046673766
32.43,2.6281524329945225,0.8163127205601182,-0.2640495702948836
32.44,2.6360522279554086,0.7634372880809803,-0.25828174917436264
32.45,2.6434170376369575,0.7093190786319324,-0.2511892773571559
32.46,2.650234515095293,0.6539721327520844,-0.24278819433906573
32.47,2.6564923918031558,0.5973982607008796,-0.23308782932685568
32.480000000000004,2.6621783599391637,0.539587921466678,-0.22209101772302575
32.49,2.667279962517954,0.4805209385902995,-0.2097942527987997
32.5,2.671784490166493,0.4201670750012196,-0.19618777575420088
32.51,2.675678882658851,0.3584864869984966,-0.18125560861100876
32.52,2.6789496348787756,0.29543007584899295,-0.16497553146366872
32.53,2.6815827055917913,0.2309397553198481,-0.1473190078170351
32.54,2.683563428227456,0.1649486525011564,-0.12825106115513907
32.55,2.6848764248140773,0.09738126417765787,-0.10773010157698559
32.56,2.6855055201948126,0.028153588126114265,-0.08570771150581913
32.57,2.685433655628127,-0.042826747830406714,-0.06212839543729709
32.58,2.6846428087329564,-0.11566031487373711,-0.036929290189755326
32.59,2.6831139109760227,-0.19045564454328767,-0.01003985772651661
32.6,2.6808267702034034,-0.267328860310686,0.01861843514076056
32.61,2.6777599976595527,-0.34640311372724464,0.04913242899286496
32.62,2.6738909406752054,-0.4278077411217532,0.08159754846005207
32.63,2.669195627721063,-0.5116770101168792,0.11611800911142733
32.64,2.663648727096821,-0.5981483115202612,0.15280689910125667
32.65,2.65722352794315,-0.6873595803586459,0.19178606344147076
32.660000000000004,2.6498919518746553,-0.7794456716701194,0.23318568755397706
32.67,2.64162460767079,-0.8745333227659539,0.2771434377325317
32.68,2.632390905262149,-0.9727342174951474,0.3238029616460547
32.69,2.6221592512249936,-1.0741355126166636,0.3733114786845284
32.7,2.6108973550665664,-1.1787869911461621,0.42581609184457436
32.71,2.59857268521796,-1.2866837607011945,0.4814583229867423
32.72,2.5851531259750304,-1.397743114871115,0.5403662046858163
32.730000000000004,2.570607901991419,-1.5117738304489186,0.6026430499432017
32.74,2.554908856328279,-1.6284358046070895,0.6683517629052749
32.75,2.5380321901739125,-1.747187619532508,0.737493267699893
32.76,2.5199607982280776,-1.867219475593169,0.8099773460434343
32.77,2.500687357416472,-1.9873692345567906,0.8855839890120144
32.78,2.48021834510441,-2.1060204739276327,0.9639134408410426
32.79,2.45857916188103,-2.2209841637101335,1.0443237386616322
32.8,2.4358204934226713,-2.3293708517120306,1.1258562521069968
32.81,2.4120259375535746,-2.427469152857305,1.2071530670661401
32.82,2.38732069901992,-2.5106599143865114,1.2863759271468773
32.83,2.361880776530591,-2.5734130611675274,1.3611451001621018
32.84,2.3359415031276054,-2.609432118132611,1.4285273352448609
32.85,2.3098035943964352,-2.612020041668157,1.4851115885423987
32.86,2.2838341791284584,-2.5747228904606527,1.5272124028792606
32.87,2.2584599823454647,-2.4922466553122247,1.551223716472761
32.88,2.234150404969747,-2.3615317364219135,1.5541029195919998
32.89,2.2113900395786605,-2.1827385994087556,1.5339018602254206
32.9,2.190643141837759,-1.9598184593548678,1.4902048380029131
32.910000000000004,2.172315659113906,-1.7003976468517081,1.424324440262194
32.92,2.156722226391038,-1.4149131126984478,1.339168986251079
32.93,2.1440647701896745,-1.1152110884830695,1.2388099722065729
32.94,2.1344261795682873,-0.8130074553543504,1.1278825352765345
32.95,2.1277783581935075,-0.5186073376348548,1.010990121459506
32.96,2.124000710816981,-0.24012040347145777,0.8922469167735938
32.97,2.1229037962546435,0.01679813932773972,0.7750146847594117
32.980000000000004,2.124253398919562,0.24879862041816525,0.6618207197443402
32.99,2.1277917824310455,0.45445148563746973,0.5544053453064848
33.0,2.133254564256477,0.6337780965503821,0.4538406772447171
33.01,2.1403829295792307,0.7878006631868991,0.36067394149205656
33.02,2.1489316774561837,0.918163947350313,0.2750657071493109
33.03,2.1586739210631345,1.0268448783084079,0.1969082543779329
33.04,2.1694033084497253,1.115945170839595,0.1259194218685623
33.05,2.1809345270565643,1.187552761777751,0.061712958658881045
33.06,2.1931026986089037,1.243655794755137,0.0038489343312286817
33.07,2.2057621139473103,1.2860943794883832,-0.04813158332281897
33.08,2.2187846232533874,1.3165381722307545,-0.09468365963704539
33.09,2.2320578925199217,1.3364807706766997,-0.13624416371096626
33.1,2.245483660219327,1.3472444694079575,-0.173223427162157
33.11,2.25897607413172,1.3499909314441052,-0.2060009857768994
33.12,2.272460151643451,1.3457348219939227,-0.23492402416931524
33.13,2.285870382960581,1.3353585113505184,-0.26030754885323837
33.14,2.2991494816724147,1.3196266851158942,-0.2824356152519959
33.15,2.3122472778856555,1.2992001908372102,-0.3015631500619951
33.160000000000004,2.3251197445557685,1.2746487703655938,-0.3179180652849489
33.17,2.3377281449260314,1.2464625311347324,-0.3317034655916472
33.18,2.350038288041621,1.2150621346414758,-0.3430998248557663
33.19,2.3620198801643766,1.1808077521021554,-0.352267057500681
33.2,2.3736459598593207,1.1440068772842649,-0.3593464428530519
33.21,2.3848924058274794,1.1049211037556517,-0.3644623829711721
33.22,2.3957375079756376,1.063771977630214,-0.3677239879739286
33.230000000000004,2.406161592717518,1.0207460349733604,-0.3692264915699955
33.24,2.416146695104834,0.975999124566328,-0.36905250429982517
33.25,2.4256762708402237,0.9296601082144584,-0.36727311524606016
33.26,2.4347349427021707,0.8818340199108139,-0.3639488531030268
33.27,2.4433082760755602,0.8326047562501967,-0.35913051860489364
33.28,2.4513825792679658,0.7820373606930074,-0.3528598994553787
33.29,2.4589447249540806,0.7301799558082012,-0.3451703779640653
33.3,2.4659819893248223,0.677065370602842,-0.33608744104854926
33.31,2.4724819061781624,0.6227125031106278,-0.325629100907631
33.32,2.4784321334339303,0.5671274529466418,-0.3138062339574114
33.33,2.48382032996919,0.5103044537126561,-0.30062284438988707
33.34,2.488634040919409,0.4522266312264644,-0.28607625801009207
33.35,2.4928605897225564,0.3928666103703374,-0.2701572513710555
33.36,2.496486975559983,0.33218699069673474,-0.25285012054838496
33.37,2.4994997751160084,0.2701407096584288,-0.2341326929473767
33.38,2.501885047009673,0.20667131045687495,-0.2139762873257135
33.39,2.5036282394692564,0.1417131335759551,-0.1923456224629645
33.4,2.5047140990067605,0.07519144931149994,-0.16919868176316777
33.410000000000004,2.5051265789191843,0.007022549769329651,-0.14448653946392842
33.42,2.5048487516272986,-0.06288616954037454,-0.11815314786518771
33.43,2.503862719097091,-0.13463611666365569,-0.09013510200357566
33.44,2.5021495257371744,-0.20833735688225546,-0.06036138716249695
33.45,2.4996890735783817,-0.2841083653691159,-0.02875312578691358
33.46,2.4964600385492024,-0.36207562577986707,0.004776652078310684
33.47,2.4924397948250645,-0.44237297698156264,0.04032319003297913
33.480000000000004,2.4876043452480547,-0.525140615072257,0.07799009257338696
33.49,2.4819282650138006,-0.6105235966433866,0.11788926286216195
33.5,2.4753846630437777,-0.6986696560299657,0.16014061060548757
33.51,2.4679451701719395,-0.7897260754242516,0.20487142038133987
33.52,2.4595799644239063,-0.8838352695698266,0.252215229456105
33.53,2.450257848767517,-0.9811286295641276,0.3023100087299826
33.54,2.4399464016410524,-1.0817180250030292,0.35529536588607546
33.55,2.4286122272763495,-1.1856841758589347,0.41130839117967766
33.56,2.4162213421783303,-1.293060864542293,0.4704776361685584
33.57,2.402739745665598,-1.4038136643819994,0.5329145489052372
33.58,2.3881342372888263,-1.5178115130918735,0.5987014808610933
33.59,2.372373562819834,-1.6347890755210972,0.6678751301567809
33.6,2.3554299924046567,-1.7542974814773535,0.740404012158682
33.61,2.3372814607215275,-1.8756407892068097,0.8161582810524574
33.62,2.3179144243270153,-1.997795657547837,0.894870067958508
33.63,2.2973276139453884,-2.1193125713659158,0.9760826030619356
33.64,2.2755368658464277,-2.238199197988274,1.0590870512681267
33.65,2.252581190083443,-2.3517909958647456,1.1428477012036575
33.660000000000004,2.228530146741822,-2.456622141590276,1.2259194780575444
33.67,2.2034924110387246,-2.5483223361114744,1.3063675317490477
33.68,2.17762507194182,-2.621581991633095,1.3817071706109436
33.69,2.151142689038278,-2.670246983035935,1.4488930701176865
33.7,2.1243244488019832,-2.687616441116622,1.5043962628185912
33.71,2.0975170462808546,-2.667008130549489,1.5444091962299218
33.72,2.071130474288402,-2.6026071480976607,1.5652033020643688
33.730000000000004,2.0456242067465036,-2.49051484571607,1.5636220676962385
33.74,2.0214827173096284,-2.3297854387720887,1.5376296831100191
33.75,1.9991819828604487,-2.123139012697283,1.486775638945893
33.76,1.9791517483633883,-1.8770553718403504,1.4124200910291604
33.77,1.9617405802673664,-1.6011230131438756,1.3176217615429948
33.78,1.9471906881315006,-1.3067812921419775,1.2067048585813283
33.79,1.9356269347770703,-1.005809610398978,1.0846341873691396
33.8,1.9270605085369577,-0.7089670479989378,0.9563769654240508
33.81,1.9214041932525427,-0.4250642516137996,0.8263989560982836
33.82,1.9184943245266157,-0.16055229034055463,0.6983644799479947
33.83,1.918114556168818,0.08045022746135853,0.5750335253410226
33.84,1.9200178030515422,0.29584786985293965,0.4583041150457392
33.85,1.923944345071334,0.4851327377906157,0.3493373216997291
33.86,1.929635441135646,0.6489371655437438,0.2487129474339429
33.87,1.9368427037259817,0.7886403187327893,0.1565819177552441
33.88,1.9453339311587021,0.9060550286110733,0.07279788720096048
33.89,1.9548962229653666,1.003196527357203,-0.002977905762586719
33.9,1.9653371503301875,1.0821224047614446,-0.07119785249947808
33.910000000000004,1.9764846206031181,1.14482892170652,-0.1323715126048559
33.92,1.9881859251635194,1.193189088992267,-0.18702685309079103
33.93,2.0003063242160186,1.2289201386366342,-0.23568480634997058
33.94,2.0127274119536644,1.2535707405245176,-0.27884346410045024
33.95,2.0253454220324354,1.2685208536178392,-0.3169690202046692
33.96,2.0380695730747402,1.27498918739531,-0.3504913016759036
33.97,2.050820511989931,1.2740448473046109,-0.3798023217009958
33.980000000000004,2.063528884894764,1.266620905746039,-0.40525675019457896
33.99,2.076134047124014,1.2535284639946132,-0.42717353834855953
34.0,2.0885829124814252,1.2354703358445602,-0.4458381809843044
34.01,2.1008289353100285,1.2130538618040678,-0.46150527565147703
34.02,2.1128312152484536,1.1868026092849364,-0.4744011582775204
34.03,2.1245537129733294,1.1571668700441025,-0.48472647890413967
34.04,2.1359645649267827,1.124532961270002,-0.49265863690820416
34.05,2.147035485387542,1.0892313911153964,-0.4983540322409157
34.06,2.1577412446680753,1.0515439784123268,-0.5019501138736784
34.07,2.1680592139422594,1.0117100272460757,-0.5035672212342708
34.08,2.1779689674342553,0.9699316599043123,-0.5033102242861671
34.09,2.187451934038955,0.9263784071447425,-0.5012699731628183
34.1,2.196491091688445,0.8811911468333797,-0.4975245705357212
34.11,2.205070698082264,0.8344854743408484,-0.49214048145220485
34.12,2.213176052641704,0.7863545779928823,-0.4851734948960993
34.13,2.220793284972715,0.7368716844196056,-0.4766695510344309
34.14,2.227909165913845,0.6860921301082342,-0.4666654466630341
34.15,2.2345109376419026,0.6340551080701261,-0.455189430495595
34.160000000000004,2.2405861597254577,0.5807851318290308,-0.4422616987819335
34.17,2.246122568650954,0.5262932528055543,-0.42789480009022185
34.18,2.2511079483659526,0.4705780625691038,-0.4120939575600877
34.19,2.2555300099076425,0.4136265068563422,-0.3948573155180335
34.2,2.259376278294917,0.3554145348442881,-0.3761761168632026
34.21,2.262633985233597,0.29590760447221726,-0.3560348165520443
34.22,2.265289966044906,0.23506106226883436,-0.3344111369366888
34.230000000000004,2.2673305604354357,0.17282041572565185,-0.3112760681284942
34.24,2.2687415146254315,0.10912151407715247,-0.28659382126029553
34.25,2.269507885324283,0.04389065510372905,-0.26032173802365155
34.26,2.2696139450104273,-0.02295536223281243,-0.23241016211258336
34.27,2.2690430863325144,-0.09150922066266623,-0.20280228404078293
34.28,2.267777727989805,-0.1618730728555531,-0.17143396453160975
34.29,2.265799220611683,-0.2341585043348825,-0.1382335534465059
34.300000000000004,2.263087750820695,-0.3084864374492191,-0.10312172425803046
34.31,2.2596222510918462,-0.38498690257661805,-0.06601134241904993
34.32,2.2553803094505778,-0.4637986243634663,-0.026807408629590967
34.33,2.2503380861378184,-0.5450683135444352,0.014592879981333295
34.34,2.244470238655198,-0.6289495413398745,0.05829988557174237
34.35,2.23774986144767,-0.7156010179239577,0.10443101507377417
34.36,2.230148446356826,-0.8051840458003572,0.15310981641885169
34.37,2.221635873992373,-0.897858834475835,0.20446452376461843
34.38,2.2121804493907042,-0.993779259430372,0.2586258327291422
34.39,2.20174900011071,-1.0930855104902246,0.3157236106556638
34.4,2.1903070612607496,-1.1958938954843636,0.3758821469131135
34.410000000000004,2.177819180786248,-1.3022828324119222,0.4392134172803026
34.42,2.164249388840906,-1.4122737784458443,0.5058076717526573
34.43,2.149561889789768,-1.525805493356721,0.5757204492297853
34.44,2.1337220529856027,-1.6426996417722617,0.6489548823313546
34.45,2.1166978007175032,-1.7626153339020827,0.7254378932687201
34.46,2.0984615173031926,-1.8849898856456537,0.8049886413192232
34.47,2.0789926310253586,-2.0089630321860144,0.8872774556122212
34.480000000000004,2.0582810466769703,-2.133282374567086,0.9717736262427813
34.49,2.0363316201368273,-2.256189577573162,1.0576811628491622
34.5,2.0131698567112237,-2.375290537039088,1.1438633309089683
34.51,1.9888489491790733,-2.4874196369373927,1.2287601861244826
34.52,1.9634581205675252,-2.5885193457031748,1.3103089879789884
34.53,1.9371319468392523,-2.6735723315839084,1.3858858261073355
34.54,1.910059870231587,-2.736642132048123,1.4522972497548023
34.550000000000004,1.8824944683811204,-2.7710939350987362,1.5058602902586042
34.56,1.8547563119766193,-2.770066272655739,1.5426114786633984
34.57,1.8272326759799091,-2.727229322558185,1.5586707576734393
34.58,1.800367383608339,-2.6377821847601335,1.550746331493371
34.59,1.774640143306823,-2.4995187437589728,1.51670393419197
34.6,1.7505360275115118,-2.3136785271604574,1.4560616564184037
34.61,1.7285088403009972,-2.0852737591418866,1.3702491897870337
34.62,1.708944699373359,-1.8227044551438747,1.2625203404141303
34.63,1.692132933239862,-1.5367109580509888,1.1375211280085828
34.64,1.6782496483237446,-1.2389489911931546,1.0006365438147087
34.65,1.6673558061832354,-0.9405766087604815,0.8573012505183739
34.660000000000004,1.6594079662740937,-0.6511748521466583,0.7124378369650752
34.67,1.6542774550072838,-0.3781509587026828,0.5701085401795234
34.68,1.6517731319759403,-0.12660030764162192,0.43338303664854405
34.69,1.6516637525943774,0.10049980795532218,0.3043715783612697
34.7,1.6536973698643271,0.30191614324268745,0.1843561811913954
34.71,1.6576166345248684,0.4777302969857004,0.07396140091181613
34.72,1.6631698820224767,0.6289351105882267,-0.026674973996718032
34.730000000000004,1.6701184923130616,0.7570967209052883,-0.1177526567361733
34.74,1.6782412548606211,0.8640937511511516,-0.19968899331820478
34.75,1.687336495279493,0.9519288430851585,-0.27302847405282826
34.76,1.6972226303191704,1.0226005274826637,-0.3383777627381579
34.77,1.7077376860644446,1.078021759048526,-0.3963611322832221
34.78,1.7187381817193377,1.1199725804325322,-0.44759133344655067
34.79,1.7300976667244516,1.1500766106811802,-0.492651657216713
34.800000000000004,1.7417051079602242,1.1697934420234128,-0.5320858391070578
34.81,1.753463255520875,1.1804211481334286,-0.566393283097427
34.82,1.7652870665036102,1.183104816011259,-0.5960277734453987
34.83,1.7771022321695706,1.178848312848066,-0.6213983803211941
34.84,1.7888438309504666,1.1685274474222835,-0.6428716665487141
34.85,1.8004551149930845,1.1529033561509563,-0.660774594113875
34.86,1.811886428508653,1.1326354062941686,-0.6753977341708364
34.87,1.8230942510636456,1.1082932191549026,-0.6869985283526598
34.88,1.8340403558323912,1.080367620124594,-0.6958044460703593
34.89,1.8446910715927398,1.049280452033207,-0.702015948614476
34.9,1.855016637323316,1.015393266841267,-0.7058092142137834
34.910000000000004,1.8649906382719028,0.9790149571224572,-0.7073386058425237
34.92,1.874589513470762,0.9404084117203727,-0.70673888107273
34.93,1.8837921251700271,0.8997962901477735,-0.7041271541254728
34.94,1.8925793821718333,0.8573660106563462,-0.6996046251379823
34.95,1.900933909443567,0.8132740435234826,-0.6932580951957101
34.96,1.9088397574477312,0.7676495940402257,-0.6851612863266057
34.97,1.916282145721251,0.720597751119769,-0.675375984747248
34.980000000000004,1.9232472354659502,0.6722021699267777,-0.6639530253536818
34.99,1.9297219268969932,0.6225273480424981,-0.6509331335632917
35.0,1.9356936775648232,0.5716205472379342,-0.6363476391661048
35.01,1.9411503382836695,0.5195134060692568,-0.6202190754169609
35.02,1.9460800038699066,0.4662232821167145,-0.6025616747912905
35.03,1.9504708759612772,0.4117543575190479,-0.5833817721973648
35.04,1.9543111359856633,0.3560985363473837,-0.5626781241425227
35.050000000000004,1.9575888260378573,0.29923615895483513,-0.5404421526672626
35.06,1.9602917362487597,0.24113655482526264,-0.5166581207935117
35.07,1.9624072966427106,0.18175845296608345,-0.49130324750371535
35.08,1.9639224728831453,0.12105026718508201,-0.4643477675368739
35.09,1.9648236638363354,0.058950272117335195,-0.435754944772472
35.1,1.965096600599178,-0.004613314028393496,-0.40548104546744557
35.11,1.9647262469459656,-0.06972232140873537,-0.37347527853420703
35.12,1.9636966976036667,-0.13646868125098344,-0.3396797185867818
35.13,1.9619910764443176,-0.20495451514419746,-0.3040292206551214
35.14,1.9595914355429818,-0.27529222950581733,-0.26645134269075954
35.15,1.9564786508060181,-0.34760458975383873,-0.22686630385081863
35.160000000000004,1.9526323189494676,-0.4220247198650967,-0.18518700401400767
35.17,1.9480306538049603,-0.49869597456063175,-0.14131914784471644
35.18,1.9426503859486501,-0.5777715952820769,-0.09516152667806388
35.19,1.9364666667046302,-0.6594140451665215,-0.046606532092776654
35.2,1.9294529811645351,-0.7437938718133762,0.0044590001644380095
35.21,1.9215810756890372,-0.831087897079371,0.05815248330311262
35.22,1.9128209080475236,-0.9214764609260726,0.114593631856718
35.230000000000004,1.9031406313606944,-1.0151393521501393,0.17390163560928262
35.24,1.892506627112178,-1.1122499338878278,0.23619113904039768
35.25,1.8808836088476648,-1.212966802122365,0.301566606947143
35.26,1.8682348249687635,-1.3174221044184513,0.3701145268812487
35.27,1.85452239979552,-1.4257053675758007,0.4418927331826823
35.28,1.839707864837733,-1.5378413451287014,0.5169159381808468
35.29,1.8237529491527802,-1.6537599943767447,0.5951363263337603
35.300000000000004,1.8066207188883578,-1.7732562531307807,0.6764178246288424
35.31,1.7882771811770943,-1.8959368817934363,0.7605024590213274
35.32,1.7686934969138877,-2.0211513940221884,0.8469671217194981
35.33,1.747848975200921,-2.1479043165660126,0.9351693022779821
35.34,1.7257350466766366,-2.2747471221135878,1.024181121577988
35.35,1.7023604159518806,-2.399650958179516,1.1127128383636058
35.36,1.6777575587196565,-2.519866750609897,1.1990304225916486
35.37,1.6519906196675802,-2.63178860886757,1.2808774671017302
35.38,1.6251645418574365,-2.7308505657597957,1.3554200063989363
35.39,1.5974348692984233,-2.811504813487181,1.4192430628323143
35.4,1.5690170905140501,-2.8673474870165587,1.468437147358228
35.410000000000004,1.5401936769673945,-2.8914655912257783,1.4988154388510189
35.42,1.5113163015840754,-2.877059712829949,1.5062887122967006
35.43,1.4828004386287803,-2.818335475166723,1.4873870257516777
35.44,1.4551101351175375,-2.711550514696961,1.4398556339501738
35.45,1.4287324423100822,-2.5559847602784216,1.3631879944520406
35.46,1.4041437940095887,-2.354535392829212,1.2589290037607643
35.47,1.3817733737838227,-2.113692649598367,1.1306223505598378
35.480000000000004,1.361970176526533,-1.8428358866239383,0.9833852609451936
35.49,1.344979875287721,-1.553022299161189,0.823222276194395
35.5,1.3309349849758487,-1.25559969067297,0.6562681955388088
35.51,1.3198583217637672,-0.9609842617469216,0.48814324207227044
35.52,1.3116768665297682,-0.6778254806073941,0.32352977579361286
35.53,1.3062417322186723,-0.41261744208506224,0.16598959379137113
35.54,1.3033500362724895,-0.16968919633632554,0.017976070632239383
35.550000000000004,1.3027654878821582,0.04855278415057078,-0.11903066903888448
35.56,1.3042358390597504,0.24125745712560945,-0.24433271386063637
35.57,1.3075064587683725,0.40873506587210884,-0.3578160920810096
35.58,1.3123300965594735,0.5520959250014678,-0.45977320581462555
35.59,1.3184733276093314,0.6729505925116576,-0.5507578898911747
35.6,1.3257203418403805,0.7731784352183312,-0.6314747791512982
35.61,1.3338747426021729,0.8547595180509463,-0.7026993504701813
35.62,1.3427599384461575,0.9196594069450503,-0.7652229654536391
35.63,1.352218598846263,0.9697552502380729,-0.8198170644654411
35.64,1.3621115317881394,1.006792421067556,-0.8672113631348081
35.65,1.3723162425762787,1.0323627961235886,-0.9080818966617104
35.660000000000004,1.3827253537918056,1.0478977023041671,-0.9430457426783279
35.67,1.393245005754462,1.0546703373582766,-0.9726601002108275
35.68,1.403793312503481,1.053803934844889,-0.9974240767231614
35.69,1.414298916942459,1.04628308236317,-1.017782044850824
35.7,1.4246996674269974,1.0329664513428671,-1.0341278042438862
35.71,1.4349414237417768,1.014599810376812,-1.04680904852134
35.72,1.4449769916374233,0.9918286251756714,-1.0561318230129677
35.730000000000004,1.4547651795474492,0.9652098441423217,-1.0623647843608288
35.74,1.46426996808601,0.9352226662959262,-1.0657431576809744
35.75,1.4734597818950064,0.9022782158230954,-1.066472342086675
35.76,1.4823068526973544,0.8667281283146793,-1.0647311501780528
35.77,1.4907866630199753,0.8288721004989384,-1.060674688552097
35.78,1.4988774604693904,0.7889644810564747,-1.0544368990236481
35.79,1.506559833578389,0.7472199912404913,-1.0461327859725658
35.800000000000004,1.5138163408824385,0.7038186666862623,-1.0358603583524109
35.81,1.5206311857781196,0.6589101089036229,-1.0237023152221147
35.82,1.5269899309410893,0.6126171283547287,-1.0097275016791172
35.83,1.5328792463653127,0.5650388544174096,-0.9939921611489348
35.84,1.5382866861115974,0.5162533789017739,-0.9765410071409077
35.85,1.5432004894488571,0.46631999197282487,-0.9574081352498388
35.86,1.5476094025033214,0.4152810620129805,-0.9366177941903626
35.87,1.5515025171532517,0.36316360385864416,-0.9141850321995589
35.88,1.5548691241241492,0.30998057381615174,-0.8901162338993037
35.89,1.5576985779112245,0.25573192411201895,-0.8644095602331814
35.9,1.55998017111209,0.20040544507726085,-0.8370553038111842
35.910000000000004,1.5617030162151733,0.1439774190044408,-0.8080361704873732
35.92,1.56285593306956,0.08641310627888572,-0.7773274977396194
35.93,1.5634273404790755,0.027667081805927578,-0.7448974200396782
35.94,1.563405150407701,-0.032316562454372116,-0.7107069922417115
35.95,1.5627766639441771,-0.09360413357410569,-0.6747102817870142
35.96,1.5615284667664213,-0.15627235981247287,-0.6368544449571564
35.97,1.5596463249126526,-0.22040850194793496,-0.5970798003830979
35.980000000000004,1.5571150782990788,-0.2861105396247926,-0.5553199214618203
35.99,1.5539185324895315,-0.3534874117514924,-0.5115017708489846
36.0,1.550039347992832,-0.4226592864001027,-0.4655459087576064
36.01,1.545458925902687,-0.4937578321731613,-0.4173668161770805
36.02,1.5401572924598301,-0.5669264402265658,-0.36687338510980294
36.03,1.5341129807432494,-0.6423203465338695,-0.3139696461322199
36.04,1.5273029124161168,-0.720106569623596,-0.2585558243977799
36.050000000000004,1.519702281339693,-0.8004635556887405,-0.20052984452718015
36.06,1.5112844428639234,-0.883580379466982,-0.13978944262706672
36.07,1.5020208142169422,-0.9696552939071892,-0.07623509352680391
36.08,1.4918807935788654,-1.0588933472814197,-0.009774025321331425
36.09,1.4808317094066865,-1.1515026806183424,0.05967432261146999
36.1,1.468838815598893,-1.2476889836025449,0.13217093608680575
36.11,1.4558653536177721,-1.3476474107011873,0.2077473651830788
36.12,1.4418727126186492,-1.4515510129327716,0.286392606674609
36.13,1.4268207272284337,-1.5595344553797301,0.3680357878026821
36.14,1.410668168379757,-1.671671413088126,0.4525234969729075
36.15,1.3933735001505352,-1.7879436109584403,0.5395904057825822
36.160000000000004,1.3748959979796447,-1.9081990183194297,0.6288216870101164
36.17,1.355197351395892,-2.032096297702778,0.7196057401073686
36.18,1.334243903483163,-2.1590324412914343,0.8110760893412952
36.19,1.3120097100347607,-2.288050881924742,0.9020422567188071
36.2,1.2884806213127993,-2.417728807342532,0.9909113847693771
36.21,1.263659588396989,-2.546045700150616,1.075605891612455
36.22,1.237573347297372,-2.6702413130351483,1.1534880493277577
36.230000000000004,1.2102805051469405,-2.7866814163162794,1.2213103656241069
36.24,1.1818808006131047,-2.890764038724017,1.2752203591042381
36.25,1.15252489936801,-2.97691592231795,1.3108572472053743
36.26,1.122423511137683,-3.038742983280273,1.3235808316447144
36.27,1.0918539590484535,-3.0693990324960687,1.3088612580042598
36.28,1.0611617933876631,-3.0622097286907715,1.262824408265434
36.29,1.0307549745124476,-3.011523745769093,1.1828904841404653
36.300000000000004,1.0010888695571245,-2.9136681707521914,1.0683781101692347
36.31,0.9726420451824234,-2.767795219126309,0.9209055876081509
36.32,0.9458851559619144,-2.5763768809062264,0.7444410037930207
36.33,0.9212474365530906,-2.3451715753213054,0.5449440475804996
36.34,0.8990863410734107,-2.082638828204662,0.3296710889572827
36.35,0.8796652557432663,-1.7989453356501457,0.1063182082219738
36.36,0.8631421820361752,-1.5048092229878283,-0.11779433981173204
36.37,0.8495697226186623,-1.2104322778705678,-0.3363407471507305
36.38,0.8389045376705564,-0.9246937470261395,-0.5443430407839265
36.39,0.8310232259008118,-0.6546754483332491,-0.7382718183156878
36.4,0.8257413412696359,-0.4055002551724935,-0.915956010694531
36.410000000000004,0.8228327395965376,-0.18041456930060554,-1.076377685264772
36.42,0.8220472390697182,0.01897191003037005,-1.2194193412788614
36.43,0.8231254377931944,0.19236918897206068,-1.34561207830358
36.44,0.8258102418202731,0.3404746431493805,-1.4559133085230345
36.45,0.829855171155246,0.4646660442062091,-1.5515267298438287
36.46,0.8350298205988459,0.5667417881812398,-1.6337664615857415
36.47,0.841122995063223,0.6487159153304447,-1.7039610448463642
36.480000000000004,0.8479440646041885,0.7126662073367722,-1.7633902527555367
36.49,0.8553230386870216,0.7606285614840015,-1.8132471093975218
36.5,0.8631097791095823,0.7945288300026541,-1.8546181925189908
36.51,0.871172681377378,0.8161432546485943,-1.888476496008764
36.52,0.8793970700182357,0.8270796199350493,-1.9156824316539944
36.53,0.8876834814957444,0.8287726673357267,-1.9369897337374267
36.54,0.8959459511708149,0.8224887760029179,-1.95305400342184
36.550000000000004,0.9041103775940128,0.8093362251556974,-1.964442380385677
36.56,0.9121130060269166,0.7902784311945322,-1.9716433781214042
36.57,0.9198990515908252,0.7661483898065207,-1.9750763067508295
36.58,0.9274214679043731,0.7376631756777537,-1.975099968746906
36.59,0.9346398578055082,0.705437798732706,-1.9720204848706393
36.6,0.9415195178219922,0.6699980243110781,-1.9660982145411228
36.61,0.9480306048255378,0.631791972305434,-1.9575537986645488
36.62,0.954147412146901,0.5912004442001215,-1.9465733884185679
36.63,0.9598477429230964,0.5485460080242573,-1.9333131383220135
36.64,0.9651123682799445,0.5041009198077966,-1.91790304835043
36.65,0.9699245593204009,0.4580939830731392,-1.9004502370971448
36.660000000000004,0.9742696829093649,0.41071645675321183,-1.8810417225355556
36.67,0.9781348522119113,0.3621271220498049,-1.8597467800779863
36.68,0.9815086241447174,0.3124566125685775,-1.8366189397325363
36.69,0.9843807368346571,0.2618111036749206,-1.8116976769478566
36.7,0.9867418811219314,0.2102754472292709,-1.7850098448272447
36.71,0.9885835010481873,0.15791582773118912,-1.7565708891746783
36.72,0.9898976186231042,0.10478200701812819,-1.7263858840115032
36.730000000000004,0.9906766793933848,0.05090921472720787,-1.6944504191987728
36.74,0.9909134152426141,-0.0036802648162418223,-1.660751370590063
36.75,0.9906007218421854,-0.058975766500620294,-1.6252675794427212
36.76,0.9897315480768788,-0.11497714159286264,-1.5879704678554143
36.77,0.9882987955846299,-0.171693846308917,-1.5488246154990242
36.78,0.9862952266437787,-0.22914419338195638,-1.5077883238738765
36.79,0.9837133785046812,-0.287354742368594,-1.4648141971134474
36.800000000000004,0.9805454840637833,-0.3463598052543902,-1.419849767922795
36.81,0.9767833959620946,-0.4062010483376008,-1.3728382067076956
36.82,0.9724185143624715,-0.4669271709787489,-1.323719152591556
36.83,0.9674417187829366,-0.5285936396004516,-1.2724297127522757
36.84,0.9618433010893175,-0.5912624599518337,-1.2189056905253717
36.85,0.9556129013160062,-0.6550019641421729,-1.1630831087549425
36.86,0.9487394454007634,-0.7198865895406755,-1.1049001127930405
36.87,0.9412110854462407,-0.7859966205317716,-1.0442993548382922
36.88,0.9330151428554253,-0.8534178603616773,-0.9812309834817854
36.89,0.9241380551052997,-0.9222411935597304,-0.9156563883342175
36.9,0.9145653278643483,-0.992561988653483,-0.8475528835456816
36.910000000000004,0.9042814939323525,-1.0644792825576923,-0.776919550197277
36.92,0.8932700820192017,-1.1380946703862693,-0.7037845059495664
36.93,0.8815135979505194,-1.2135108142059352,-0.6282139175614356
36.94,0.8689935236761663,-1.2908294549962938,-0.5503231397141986
36.95,0.8556903390674704,-1.3701487959512917,-0.47029042560210543
36.96,0.841583573331441,-1.451560097136011,-0.38837372583553
36.97,0.8266518956408796,-1.5351432875101592,-0.30493117634802935
36.980000000000004,0.8108732552833151,-1.6209613732848065,-0.22044594082291713
36.99,0.7942250847967058,-1.7090533891606587,-0.13555614049210973
37.0,0.7766845819819969,-1.7994256168219431,-0.05109064025413801
37.01,0.7582290897487138,-1.8920407788211582,0.03188853545923953
37.02,0.7388365951105069,-1.9868049340071237,0.11203645668806006
37.03,0.7184863718183963,-2.0835518511344375,0.1876676599459599
37.04,0.6971597924557444,-2.1820247536552286,0.25669036215192786
37.050000000000004,0.6748413355672901,-2.281855547181263,0.3165326750773021
37.06,0.6515198118153649,-2.38254197777008,0.3640615078781808
37.07,0.627189824882465,-2.4834236872941307,0.3954955134356464
37.08,0.6018534707124193,-2.5836588556553632,0.40631398190376844
37.09,0.5755222570294564,-2.682204037083254,0.391163701044531
37.1,0.5482191934479177,-2.777800888130117,0.3437648824907584
37.11,0.519980960495462,-2.8689745852951094,0.2568141524819447
37.12,0.4908600125301045,-2.9540495295152676,0.12187579903957868
37.13,0.46092641360297704,-3.031188046713979,-0.07076055305698148
37.14,0.4302691513978894,-3.0984564727927686,-0.33230011565852013
37.15,0.3989966474482111,-3.1539197533938927,-0.6758221649917324
37.160000000000004,0.3672361950788683,-3.1957596225821905,-1.1169587088334652
37.17,0.33513215241688943,-3.2224023171575324,-1.675109419737657
37.18,0.3028429166426952,-3.232628494732365,-2.3755949147822584
37.19,0.27053707472822336,-3.2256179619147254,-3.253455890346957
37.2,0.23838976160114728,-3.2008442465251243,-4.360216531269206
37.21,0.20658148330495713,-3.157645243816141,-5.77623551519101
37.22,0.17530442567521637,-3.0940461205797885,-7.634187945336553
37.230000000000004,0.1447886832057724,-3.0036223949820617,-10.165820154522432
37.24,0.11538386248256058,-2.866428606141365,-13.797220404079962
37.25,0.08781260353596244,-2.6193948731910717,-19.31838199166766
37.26,0.06401272565422142,-2.0543256990209926,-27.808832128738846
37.27,0.04957018567644188,-0.644132628229816,-36.837238978029625
37.28,0.053607595998710456,1.4162809692020726,-33.54436466197791
37.29,0.07521428840971744,2.7803618056693096,-22.18098738567336
37.300000000000004,0.10831503205740091,3.8873520341835945,-12.207799096558517
37.31,0.15821027082302488,7.034466677264178,6.520024017605403
37.32,0.17012031428487276,-1.9942047865822388,6.3725981426891085
37.33,0.16197272731357854,0.20489273342169503,-1.1461408144725205
37.34,0.17167555983839616,1.6235261640467193,-2.6341499222569027
37.35,0.1924794174789973,2.4554951541615955,-2.5424647175867667
37.36,0.21948867558620047,2.8968502600705777,-2.0552076784700324
37.37,0.24966599571228823,3.110844676429325,-1.5700509293591693
37.38,0.28128926462014353,3.198492998162594,-1.1866659900133527
37.39,0.3134065349616644,3.2165347295368663,-0.9074032181137683
37.4,0.345494167279846,3.1963971198631334,-0.7105158098791273
37.410000000000004,0.3772665926155395,3.155650141084822,-0.5733314053040957
37.42,0.4085720338487645,3.1042252204445258,-0.47798853961506094
37.43,0.4393345996330184,3.047772926363397,-0.4116986577002182
37.44,0.4695216009084874,2.9895081153708123,-0.3656507656204835
37.45,0.49912484906889254,2.931243243329301,-0.3338518417850249
37.46,0.5281498446048993,2.8739767605627047,-0.31222148228161073
37.47,0.5566094909444534,2.818233466792892,-0.29795390438308056
37.480000000000004,0.5845204457815081,2.7642648045015106,-0.28908627906840456
37.49,0.6119010396743738,2.712169446711681,-0.28420996616476524
37.5,0.6387701525379023,2.661968567502821,-0.28227589412102416
37.51,0.6651467034907134,2.6136557360251156,-0.28246055715500873
37.52,0.6910495628922576,2.567232803471765,-0.2840716977453943
37.53,0.7164977763878155,2.5227366773351583,-0.28648412955805513
37.54,0.7415110036238725,2.4802542202762545,-0.28910905231872874
37.550000000000004,0.7661099967433977,2.4399123418298454,-0.2914133051449337
37.56,0.7903167825679471,2.4018269052062964,-0.2930000826658441
37.57,0.8141541534489977,2.36602196557718,-0.2937094539662817
37.58,0.8376444468557178,2.3323806066763466,-0.29363813137085426
37.59,0.8608082189215234,2.300674026647112,-0.293040418612283
37.6,0.8836634793465984,2.270633744480308,-0.2921973082033147
37.61,0.9062256048110432,2.242008206755,-0.29133836220779297
37.62,0.9285076520222085,2.214586707629335,-0.2906214084985308
37.63,0.9505207905800284,2.188201943852828,-0.29014117029315134
37.64,0.9722747103230979,2.1627239888876293,-0.28994545826361895
37.65,0.9937779560604074,2.138052490615856,-0.2900500530305523
37.660000000000004,1.0150381871365357,2.114109652083773,-0.2904500641165264
37.67,1.0360623737303531,2.090834620066098,-0.29112795522566337
37.68,1.056856943905545,2.068179211081795,-0.29205900092570247
37.69,1.0774278935658825,2.0461047210157526,-0.2932149118761833
37.7,1.09778086883347,2.024579560238594,-0.2945661978683214
37.71,1.1179212279977817,2.0035775016901924,-0.29608367453473017
37.72,1.137854088315638,1.9830763797582482,-0.2977393937226276
37.730000000000004,1.1575843615404184,1.9630571201943638,-0.29950718798586373
37.74,1.1771167810296645,1.9435030137671776,-0.30136295815056924
37.75,1.196455922536668,1.9243991701026684,-0.30328479136345776
37.76,1.2156062202415188,1.9057321055683565,-0.3052529687178971
37.77,1.2345719791875132,1.8874894312873982,-0.30724990273853137
37.78,1.2533573849908255,1.8696596164924522,-0.30926003188619955
37.79,1.2719665114811816,1.8522318087557683,-0.31126969059510934
37.800000000000004,1.2904033267718886,1.8351956973379793,-0.31326696729941284
37.81,1.3086716981334037,1.8185414094413794,-0.3152415586701891
37.82,1.3267753959609567,1.8022594315377083,-0.31718462556740956
37.83,1.3447180970566952,1.7863405498747695,-0.3190886541721847
37.84,1.362503387392268,1.77077580572283,-0.32094732437897355
37.85,1.3801347644837818,1.7555564618574642,-0.3227553866757742
37.86,1.3976156394753554,1.7406739776793996,-0.32450854803313645
37.87,1.4149493390102497,1.7261199908805995,-0.3262033669395681
37.88,1.4321391069425573,1.7118863041381585,-0.32783715739993813
37.89,1.4491881059370986,1.6979648755564505,-0.3294079015674667
37.9,1.4660994189876324,1.6843478119416997,-0.3309141705498124
37.910000000000004,1.4828760508796892,1.671027364157181,-0.33235505285521216
37.92,1.499520929614103,1.65799592400017,-0.3337300899526239
37.93,1.5160369078054297,1.6452460221493024,-0.33503921837952155
37.94,1.5324267640637372,1.632770326846008,-0.33628271786552744
37.95,1.5486932043655839,1.6205616430469052,-0.33746116495589973
37.96,1.564838863418273,1.6086129118540524,-0.3385753916227583
37.97,1.5808663060189734,1.5969172100609346,-0.3396264484413103
37.980000000000004,1.596778028409371,1.585467749711948,-0.3406155718669699
37.99,1.6125764596256968,1.5742578775861098,-0.3415441552398577
38.0,1.628263962843179,1.5632810745423917,-0.3424137231548784
38.01,1.6438428367125268,1.5525309546988186,-0.3432259088424259
38.02,1.659315316687745,1.5420012643992889,-0.3439824342882435
38.03,1.6746835763423844,1.5316858809548621,-0.3446850928070986
38.04,1.6899497286716914,1.5215788111668058,-0.34533573379903004
38.050000000000004,1.705115827379192,1.5116741896018526,-0.34593624949843793
38.06,1.7201838681450312,1.5019662766194142,-0.3464885635134638
38.07,1.7351557898731158,1.4924494561820945,-0.3469946209341801
38.08,1.7500334759146174,1.4831182334631474,-0.34745637983056754
38.09,1.764818755267604,1.473967232162324,-0.3478758041284925
38.1,1.779513403747981,1.4649911916528857,-0.3482548575630262
38.11,1.794119145131104,1.4561849639052866,-0.3485954986785552
38.12,1.808637652261123,1.4475435101881533,-0.3488996767734941
38.13,1.8230705481271772,1.4390618975807665,-0.3491693286567028
38.14,1.8374194069027592,1.4307352952623524,-0.3494063761784052
38.15,1.8516857549475043,1.4225589706027175,-0.3496127244312275
38.160000000000004,1.8658710717685456,1.4145282850403227,-0.3497902605708928
38.17,1.8799767909397382,1.4066386897485483,-0.3499408531933851
38.18,1.894004300976624,1.3988857210833208,-0.3500663522180477
38.19,1.9079549461643066,1.3912649957975434,-0.35016858923786165
38.2,1.9218300273364886,1.383772206020274,-0.35024937828577607
38.21,1.9356308026033564,1.3764031139959787,-0.3503105169716576
38.22,1.9493584880251773,1.3691535465629083,-0.3503537879606953
38.230000000000004,1.9630142582295858,1.3620193893802326,-0.3503809607319004
38.24,1.9765992469699618,1.35499658090793,-0.35039379356020395
38.25,1.9901145476223725,1.3480811061577354,-0.3503940356480535
38.26,2.0035612136189105,1.3412689902660917,-0.35038342929642297
38.27,2.0169402588167213,1.3345562919933527,-0.3503637119494418
38.28,2.0302526578017215,1.3279390973036649,-0.3503366178918401
38.29,2.043499346130084,1.3214135133298541,-0.35030387923106665
38.300000000000004,2.0566812205131755,1.3149756632104166,-0.35026722562049706
38.31,2.0697991389580674,1.3086216826037746,-0.35022838188288175
38.32,2.0828539208876147,1.3023477192415456,-0.3501890621975273
38.33,2.095846347279142,1.2961499377161838,-0.3501509587881434
38.34,2.108777160892325,1.2900245331865532,-0.3501157218089286
38.35,2.121647066702099,1.2839677600225947,-0.3500849252503887
38.36,2.134456732731989,1.277975985263809,-0.3500600107563654
38.37,2.1472067916085384,1.2720457826446263,-0.3500421971035341
38.38,2.1598978433540443,1.2661740908785637,-0.35003233831542757
38.39,2.172530460209466,1.260358466629451,-0.3500307117866942
38.4,2.1851051945649007,1.2545974539632967,-0.35003673256163614
38.410000000000004,2.1976225910452682,1.2488910282769277,-0.3500486530590825
38.42,2.2100832025944865,1.2432408934696282,-0.3500634559136683
38.43,2.2224876069388793,1.2376501745150552,-0.3500772982844019
38.44,2.2348364153864617,1.232122196866451,-0.35008664449238636
38.45,2.2471302668190285,1.226658925840576,-0.35008947621081277
38.46,2.259369809231537,1.2212601908064302,-0.3500856907101809
38.47,2.271555679221284,1.2159239975936822,-0.3500766210013234
38.480000000000004,2.2836884875726873,1.2106473102836879,-0.35006429089552926
38.49,2.29576881244721,1.2054267317554568,-0.350050850514971
38.5,2.3077971980686685,1.2002589206597352,-0.35003826990429365
38.51,2.319774156443934,1.1951407961284262,-0.3500282139613877
38.52,2.3317001704301905,1.1900696150178949,-0.35002201582112535
38.53,2.3435756972042188,1.1850429828892177,-0.35002069576831785
38.54,2.3554011716663,1.180058834161279,-0.3500249975936922
38.550000000000004,2.367177009573726,1.1751154000338624,-0.35003542892025413
38.56,2.3789036103332295,1.17021117335388,-0.35005229960488254
38.57,2.3905813594456777,1.1653448746770103,-0.35007575599095986
38.58,2.402210630625535,1.1605154212610624,-0.35010581050990913
38.59,2.4137917876271895,1.1557218995557965,-0.3501423668234476
38.6,2.425325185813826,1.1509635411330101,-0.35018524101533716
38.61,2.4368111735017086,1.1462397017984045,-0.3502341793707674
38.62,2.4482500931099436,1.1415498435201308,-0.35028887327394237
38.63,2.45964228214214,1.1368935188094496,-0.35034897168762036
38.64,2.47098807402262,1.1322703572151156,-0.3504140916108338
38.65,2.4822877988070005,1.1276800536255391,-0.3504838268507624
38.660000000000004,2.4935417837836207,1.123122358122326,-0.35055775538223577
38.67,2.5047503539803024,1.1185970671594205,-0.35063544552563214
38.68,2.515913832588858,1.1141040158763578,-0.3507164611334078
38.69,2.5270325413175923,1.1096430713910577,-0.35080036593837516
38.7,2.538106800681119,1.105214126932779,-0.35088672719595815
38.71,2.549136930235186,1.1008170967014919,-0.35097511872753057
38.72,2.560123248763392,1.096451911359219,-0.35106512345358193
38.730000000000004,2.571066074421547,1.0921185140685972,-0.351156335493125
38.74,2.5819657248448866,1.087816857010876,-0.35124836189175856
38.75,2.5928225172226305,1.083546898320953,-0.35134082403241435
38.76,2.603636768343742,1.0793085993906821,-0.35143335877344783
38.77,2.6144087946173644,1.0751019224942668,-0.35152561935303184
38.78,2.625138912070965,1.0709268286978741,-0.3516172760929085
38.79,2.635827436328902,1.066783276020029,-0.351708016929681
38.800000000000004,2.646474682573623,1.0626712178133144,-0.35179754779797606
38.81,2.6570809654917844,1.0585906013418784,-0.3518855928874114
38.82,2.6676465992069383,1.054541366531941,-0.35197189479065516
38.83,2.678171897200602,1.0505234448746175,-0.3520562145602193
38.84,2.6886571722230532,1.0465367584634453,-0.3521383316872901
38.85,2.699102736194786,1.0425812191512032,-0.3522180440137768
38.86,2.7095089001006074,1.0386567278091656,-0.3522951675922369
38.87,2.7198759738764027,1.0347631736774183,-0.3523695365001091
38.88,2.730204266289774,1.0309004337940917,-0.35244100261769296
38.89,2.7404940848155785,1.0270683724901435,-0.35250943537998336
38.9,2.7507457355067935,1.023266840940391,-0.3525747215081501
38.910000000000004,2.760959522860567,1.0194956767634487,-0.3526367647243566
38.92,2.7711357496806444,1.01575470365836,-0.35269548545927004
38.93,2.7812747169370633,1.0120437310664778,-0.3527508205607062
38.94,2.7913767236215685,1.008362553857539,-0.35280272299977
38.95,2.8014420666004827,1.0047109520248638,-0.35285116158710583
38.96,2.8114710404644256,1.0010886903839828,-0.35289612070076876
38.97,2.8214639373750026,0.9974955182680864,-0.35293760002855523
38.980000000000004,2.8314210469084338,0.9939311692074397,-0.35297561433344854
38.99,2.8413426558958,0.99039536058943,-0.3530101932412434
39.0,2.851229048259817,0.986887793286324,-0.35304138105825916
39.01,2.8610805048476577,0.9834081512449948,-0.35306923662016054
39.02,2.870897303259449,0.9799561010266,-0.353093833177879
39.03,2.8806797176718466,0.9765312912874936,-0.35311525832339097
39.04,2.8904280186561295,0.9731333521901381,-0.35313361395950793
39.050000000000004,2.9001424729900025,0.9697618947350592,-0.35314901631560025
39.06,2.9098233434622083,0.9664165099996688,-0.35316159601426717
39.07,2.919470888669112,0.9630967682751727,-0.35317149818896953
39.08,2.929085362802044,0.9598022180906606,-0.3531788826533207
39.09,2.9386670154243024,0.9565323851148994,-0.3531839241202597
39.1,2.9482160912364757,0.9532867709306215,-0.35318681246475514
39.11,2.957732829829024,0.950064851685113,-0.35318775301558214
39.12,2.9672174654206245,0.9468660766267952,-0.3531869668552375
39.13,2.976670226581551,0.9436898665651774,-0.3531846910854558
39.14,2.986091335941494,0.9405356123224572,-0.35318117899178614
39.15,2.995481009882366,0.9374026733044334,-0.3531766999971875
39.160000000000004,3.004839458218376,0.9342903764249384,-0.3531715392211566
39.17,3.014166883868539,0.9311980157807083,-0.3531659963512418
39.18,3.0234634825326143,0.9281248537769575,-0.3531603833395382
39.19,3.0327294423900746,0.9250701248928546,-0.3531550201337993
39.2,3.0419649438580314,0.9220330441258814,-0.35315022714968874
39.21,3.051170159470467,0.9190128235456813,-0.353146312408584
39.22,3.060345253985835,0.9160087025623147,-0.3531435501361124
39.230000000000004,3.069490384899958,0.913020000382837,-0.35314214635900565
39.24,3.0786057036381056,0.9100462010694144,-0.35314218693656413
39.25,3.0876913577877847,0.9070870760437927,-0.3531435687890665
39.26,3.096747494664645,0.9041428196680257,-0.3531459348314807
39.27,3.1057742659535568,0.9012141068528924,-0.3531486711137218
39.28,3.1147718319416677,0.8983019337551038,-0.3531510395107318
39.29,3.123740362914724,0.8954072307703737,-0.3531524243949822
39.300000000000004,3.1326800365130785,0.8925304957313682,-0.3531525277435866
39.31,3.141591032640731,0.8896716902001854,-0.3531513876664012
39.32,3.150473528604701,0.886830363546842,-0.3531492718169317
39.33,3.1593276959190284,0.8840058365096762,-0.35314655504180964
39.34,3.1681536987853685,0.8811973448501058,-0.3531436337880168
39.35,3.176951693721303,0.8784041264402348,-0.3531408793776061
39.36,3.185721829834166,0.8756254663084295,-0.35313861722265594
39.37,3.194464249406385,0.8728607162983991,-0.35313712044383516
39.38,3.2031790886007667,0.8701093008681353,-0.3531366106557697
39.39,3.2118664781843025,0.8673707158350257,-0.35313726194392425
39.4,3.2205265442207462,0.8646445238170679,-0.35313920599350423
39.410000000000004,3.229159408709773,0.8619303483605545,-0.35314253737628326
39.42,3.23776519016543,0.85922786777084,-0.3531473185468288
39.43,3.2463440041336193,0.8565368091511949,-0.35315358436687305
39.44,3.254895963651996,0.8538569428682743,-0.3531613461168171
39.45,3.263421179657053,0.8511880775271463,-0.35317059501013376
39.46,3.271919761343501,0.8485300554619639,-0.3531813052550131
39.47,3.2803918164811128,0.8458827487133567,-0.3531934367156333
39.480000000000004,3.2888374516935146,0.8432460554514571,-0.35320693722371904
39.49,3.297256772703266,0.8406198967957561,-0.35322174458879585
39.5,3.3056498845469635,0.8380042139867835,-0.35323778834860586
39.51,3.314016891763592,0.8353989658665956,-0.35325499129639104
39.52,3.322357898559094,0.832804126629232,-0.3532732708165323
39.53,3.33067300894962,0.8302196838082246,-0.3532925400547853
39.54,3.3389623268857687,0.8276456364706353,-0.3533127089461936
39.550000000000004,3.3472259563596345,0.8250819935932332,-0.35333368511937213
39.56,3.3554640014964483,0.8225287725965249,-0.353355374694336
39.57,3.3636765666323067,0.8199859980202335,-0.35337768298663086
39.58,3.371863756379237,0.8174537003211103,-0.3534005151306365
39.59,3.3800256756788367,0.8149319147805383,-0.35342377663149993
39.6,3.388162429845421,0.8124206805076567,-0.35344737385495706
39.61,3.396274124599739,0.8099200395292644,-0.3534712144619471
39.62,3.4043608660938705,0.8074300359550753,-0.35349520779504306
39.63,3.412422760928206,0.8049507152111708,-0.35351926522209204
39.64,3.4204599161609917,0.8024821233337576,-0.35354330044201965
39.65,3.4284724393111556,0.8000243063169161,-0.35356722975717547
39.660000000000004,3.436460438354834,0.7975773095086052,-0.3535909723160513
39.67,3.4444240217160176,0.7951411770495669,-0.3536144503296472
39.68,3.452363298251919,0.7927159513504681,-0.35363758926476807
39.69,3.4602783772331622,0.7903016726031342,-0.3536603180166857
39.7,3.468169368319228,0.7878983783219073,-0.3536825690636098
39.71,3.47603638152957,0.7855061029113862,-0.35370427860568604
39.72,3.4838795272104357,0.7831248772573168,-0.35372538668994336
39.730000000000004,3.4916989159976484,0.7807547283375228,-0.353745837323324
39.74,3.4994946587757396,0.7783956788493326,-0.353765578576021
39.75,3.5072668666334352,0.7760477468509306,-0.35378456267631186
39.76,3.5150156508152617,0.7737109454142658,-0.35380274609789647
39.77,3.5227411226700824,0.7713852822854722,-0.3538200896426764
39.78,3.5304433935962867,0.769070759550291,-0.3538365585199478
39.79,3.5381225749834115,0.7667673733023618,-0.3538521224225245
39.800000000000004,3.5457787781505905,0.7644751133101361,-0.3538667556026339
39.81,3.553412114281602,0.7621939626800617,-0.3538804369481553
39.82,3.5610226943565517,0.7599238975124657,-0.3538931500609095
39.83,3.568610629080045,0.7576648865460796,-0.353904883338917
39.84,3.5761760288057385,0.7554168907881833,-0.35391563006349447
39.85,3.5837190034570745,0.7531798631252958,-0.3539253884935182
39.86,3.591239662444067,0.7509537479110351,-0.35393416196769834
39.87,3.598738114575769,0.748738480524739,-0.3539419590176056
39.88,3.606214467968199,0.7465339868967252,-0.35394879349233616
39.89,3.613668829947291,0.7443401829936563,-0.3539546846970565
39.9,3.6211013069465303,0.7421569742580008,-0.3539596575469269
39.910000000000004,3.628512004398672,0.7399842549945596,-0.353963742738166
39.92,3.6359010266210383,0.7378219076974679,-0.35396697693726337
39.93,3.6432684766938035,0.7356698023107235,-0.3539694029890076
39.94,3.6506144563304725,0.7335277954160195,-0.35397107014291
39.95,3.6579390657398916,0.7313957293441455,-0.3539720342954079
39.96,3.665242403478952,0.7292734312091029,-0.3539723582426445
39.97,3.6725245662953236,0.7271607118719715,-0.3539721119331327
39.980000000000004,3.6797856489595104,0.725057364854667,-0.35397137270123324
39.99,3.6870257440859424,0.7229631652452185,-0.35397022544924384
40.0,3.6942449419434755,0.7208778686783615,-0.35396876272222355
40.01,3.7014433302565677,0.7188012105415201,-0.3539670845836486
40.02,3.7086209940007873,0.7167329056798785,-0.3539652981363661
40.03,3.71577801519968,0.714672649081242,-0.35396351643084395
40.04,3.7229144727367776,0.712620118386174,-0.35396185633039157
40.050000000000004,3.730030442207513,0.7105749796860126,-0.35396043462606414
40.06,3.737125995855313,0.7085368990783363,-0.3539593612728399
40.07,3.7442012026677367,0.7065055639040456,-0.3539587280828813
40.08,3.7512561287553536,0.7044807190193663,-0.3539585908966481
40.09,3.7582908381886697,0.7024622224223857,-0.3539589444498452
40.1,3.7653053944714023,0.700450114103986,-0.3539596950070143
40.11,3.7722998626389668,0.6984446630766158,-0.3539606492131203
40.12,3.7792743114426224,0.6964463260490164,-0.35396154802563884
40.13,3.7862288145101144,0.6944555883517384,-0.3539621497249118
40.14,3.7931634496658027,0.6924727790122006,-0.35396231048886767
40.15,3.800078296841283,0.6904979879089482,-0.3539620077094158
40.160000000000004,3.8069734357763854,0.6885310982782584,-0.35396131151750365
40.17,3.813848944331295,0.6865718640595587,-0.3539603424176585
40.18,3.8207048975544775,0.6846199784720075,-0.35395923832211124
40.19,3.82754136732041,0.6826751191667473,-0.35395813490985567
40.2,3.834358422314638,0.6807369736904166,-0.3539571557912319
40.21,3.841156128204385,0.678805252211102,-0.35395640849337834
40.22,3.8479345478960383,0.6768796928709322,-0.35395598354852875
40.230000000000004,3.8546937418239366,0.6749600631263654,-0.3539559551082429
40.24,3.8614337682410267,0.673046159016114,-0.3539563822326146
40.25,3.8681546834966047,0.6711378034346028,-0.3539573104144061
40.26,3.874856542294359,0.6692348439953458,-0.35395877312003876
40.27,3.8815393979283876,0.6673371507946646,-0.3539607932455281
40.28,3.888203302497027,0.6654446142337339,-0.35396338444617004
40.29,3.8948483070955793,0.6635571429736301,-0.35396655232929936
40.300000000000004,3.9014744619893444,0.66167466205452,-0.3539702955135395
40.31,3.9080818167687092,0.6597971111838445,-0.3539746065655378
40.32,3.91467042048797,0.6579244431886868,-0.35397947282637493
40.33,3.9212403217894076,0.6560566226198934,-0.35398487714087923
40.34,3.9277915690141425,0.6541936244936803,-0.35399079850208703
40.35,3.9343242103009946,0.6523354331572014,-0.3539972126214904
40.36,3.94083829367461,0.6504820412639987,-0.3540040924349104
40.37,3.9473338671237967,0.6486334488461724,-0.3540114085526155
40.38,3.953810978671044,0.6467896624731535,-0.35401912966049254
40.39,3.9602696764339864,0.6449506944860994,-0.3540272228788829
40.4,3.9667100086796045,0.6431165622990419,-0.3540356540844114
40.410000000000004,3.9731320238717007,0.6412872877595167,-0.35404438819927225
40.42,3.9795357707122347,0.6394628965613182,-0.3540533894521008
40.43,3.985921298177082,0.6376434177037267,-0.3540626216137668
40.44,3.992288655546532,0.6358288829916641,-0.3540720482111138
40.45,3.998637892431014,0.634019326572201,-0.35408163272120774
40.46,4.004969058792315,0.6322147845037374,-0.35409133874823984
40.47,4.011282204960686,0.6304152943536185,-0.35410113018517286
40.480000000000004,4.017577381648029,0.6286208948215579,-0.35411097136175945
40.49,4.023854639957393,0.6268316253855538,-0.35412082718045884
40.5,4.030114031389121,0.6250475259681505,-0.35413066324161263
40.51,4.036355607843674,0.6232686366204556,-0.3541404459590582
40.52,4.042579421621409,0.6214949972219025,-0.35415014266724765
40.53,4.048785525419422,0.6197266471938453,-0.35415972172090376
40.54,4.0549739723255955,0.6179636252251536,-0.35416915258798476
40.550000000000004,4.061144815809912,0.6162059690081653,-0.3541784059368396
40.56,4.06729810971324,0.614453714983405,-0.3541874537183809
40.57,4.0734339082335635,0.6127068980915172,-0.3541962692437949
40.58,4.0795522659097205,0.6109655515309951,-0.3542048272585894
40.59,4.085653237602884,0.6092297065201082,-0.3542131040137189
40.6,4.091736878475558,0.6074993920617043,-0.35422107733419883
40.61,4.09780324396813,0.6057746347095048,-0.35422872668564853
40.62,4.103852389773339,0.6040554583339847,-0.3542360332400663
40.63,4.109884371808257,0.6023418838865867,-0.354242979940763
40.64,4.1158992461838535,0.6006339291605606,-0.35424955156725
40.65,4.121897069172244,0.5989316085463888,-0.3542557348009282
40.660000000000004,4.12787789717138,0.5972349327802797,-0.35426151829189473
40.67,4.1338417866672135,0.5955439086831923,-0.35426689272788414
40.68,4.139788794193212,0.5938585388883795,-0.3542718509058431
40.69,4.145718976287046,0.5921788215547432,-0.3542763878070229
40.7,4.151632389444349,0.5905047500633376,-0.3542805006763068
40.71,4.1575290900693265,0.5888363126938014,-0.35428418910668047
40.72,4.1634091344220465,0.5871734922771787,-0.354287455129774
40.730000000000004,4.169272578562098,0.5855162658212962,-0.3542903033133796
40.74,4.175119478288346,0.5838646041047202,-0.3542927408667583
40.75,4.180949889074472,0.582218471234092,-0.3542947777548927
40.76,4.186763865999868,0.5805778241602896,-0.3542964268222749
40.77,4.19256146367547,0.57894261214817,-0.35429770392683474
40.78,4.198342736164018,0.5773127761946188,-0.3542986280842205
40.79,4.204107736894257,0.575688248390538,-0.3542992216217665
40.800000000000004,4.209856518568439,0.574068951224313,-0.35429951034008056
40.81,4.215589133062547,0.5724547968268114,-0.3542995236783507
40.82,4.221305631318762,0.5708456861658205,-0.35429929487526024
40.83,4.227006063229636,0.5692415082087334,-0.354298861111748
40.84,4.232690477513924,0.5676421390942699,-0.3542982636114623
40.85,4.238358921584471,0.5660474413931881,-0.35429754765746224
40.86,4.244011441409734,0.5644572636040165,-0.35429676245574887
40.87,4.249648081372484,0.5628714401523361,-0.35429596072732233
40.88,4.255268884132871,0.5612897923719308,-0.3542951978305633
40.89,4.260873890509537,0.5597121313141219,-0.35429453008347256
40.9,4.266463139403718,0.5581382638429961,-0.35429401175104425
40.910000000000004,4.272036667810158,0.5565680043951302,-0.3542936898912442
40.92,4.277594510987796,0.5550011957981514,-0.3542935960529211
40.93,4.2831367028982195,0.5534377423310557,-0.3542937342664898
40.94,4.288663277031196,0.5518776527044487,-0.35429406734153596
40.95,4.2941742676399794,0.5503210738128231,-0.3542945097644279
40.96,4.2996697111040705,0.5487682751786266,-0.3542949411757119
40.97,4.3051496467670685,0.5472195607163637,-0.3542952442084053
40.980000000000004,4.310614116700512,0.5456751560087277,-0.35429534400491447
40.99,4.316063164562941,0.5441351497068733,-0.35429522227189925
41.0,4.321496834241611,0.5425995047404542,-0.3542949060646431
41.01,4.326915168798785,0.5410681007120874,-0.3542944485102981
41.02,4.332318209849542,0.5395407743354234,-0.3542939130631852
41.03,4.337705997283023,0.5380173472934335,-0.3542933637598226
41.04,4.343078569202269,0.5364976426640127,-0.35429286010461697
41.050000000000004,4.348435961986711,0.5349814936401894,-0.354292454792389
41.06,4.3537782104167135,0.5334687476381187,-0.3542921929904659
41.07,4.35910534782493,0.5319592678044723,-0.3542921124188957
41.08,4.364417406254929,0.5304529331178518,-0.35429224380776125
41.09,4.369714416616821,0.5289496377655909,-0.35429261150817076
41.1,4.374996408834667,0.527449290178353,-0.35429323414151237
41.11,4.3802634119835115,0.5259518119296626,-0.3542941252314933
41.12,4.385515454415163,0.5244571366168506,-0.3542952937919439
41.13,4.390752563872995,0.5229652087786261,-0.354296744862232
41.14,4.395974767596202,0.5214759828793285,-0.35429847998822706
41.15,4.401182092414313,0.5199894223701401,-0.3543004976518243
41.160000000000004,4.406374564832686,0.5185054988291536,-0.35430279365342426
41.17,4.411552211109793,0.5170241911777517,-0.35430536145216485
41.18,4.416715057327046,0.5155454849676163,-0.35430819246891626
41.19,4.421863129451795,0.5140693717324359,-0.3543112763564804
41.2,4.42699645339416,0.5125958483978019,-0.35431460124111114
41.21,4.432115055058203,0.5111249167433187,-0.3543181539389221
41.22,4.437218960387996,0.509656582910858,-0.35432192015043185
41.230000000000004,4.442308195408953,0.50819085695426,-0.3543258846358517
41.24,4.44738278626483,0.5067277524255753,-0.35433003137356955
41.25,4.452442759250811,0.5052672859934262,-0.3543343437039339
41.26,4.457488140842857,0.5038094770903642,-0.3543388044599908
41.27,4.462518957723709,0.502354347585473,-0.3543433960868225
41.28,4.467535236805692,0.5009019214796161,-0.35434810075077405
41.29,4.472537005250615,0.4994522246206267,-0.35435290043974876
41.300000000000004,4.477524290486874,0.49800528443602426,-0.35435777705562416
41.31,4.482497120223984,0.49656112968173105,-0.354362712499597
41.32,4.487455522464668,0.4951197902043384,-0.3543676887513411
41.33,4.492399525514624,0.4936812967157796,-0.354372687942623
41.34,4.497329157990107,0.4922456805786462,-0.354377692425998
41.35,4.502244448823371,0.4908129736009318,-0.3543826848391584
41.36,4.507145427266172,0.48938320783899936,-0.3543876481654289
41.37,4.512032122891265,0.4879564154075059,-0.3543925657908475
41.38,4.516904565592081,0.48653262829532723,-0.3543974215582848
41.39,4.521762785580569,0.4851118781864321,-0.3544021998189628
41.4,4.526606813383243,0.4836941962846797,-0.35440688548169064
41.410000000000004,4.531436679835553,0.48227961314172646,-0.3544114640602671
41.42,4.536252416074486,0.4808681584869825,-0.3544159217192658
41.43,4.541054053529508,0.4794598610587539,-0.35442024531854777
41.44,4.545841623911812,0.47805474843562074,-0.35442442245686234
41.45,4.550615159201902,0.47665284686705967,-0.354428441514772
41.46,4.555374691635363,0.4752541811023415,-0.35443229169715573
41.47,4.560120253687083,0.47385877421656664,-0.35443596307581393
41.480000000000004,4.564851878053595,0.4724666474327606,-0.35443944663223814
41.49,4.5695695976336195,0.47107781993875025,-0.35444273430103734
41.5,4.574273445506813,0.4696923086974306,-0.35444581901433986
41.51,4.578963454910503,0.4683101282491183,-0.3544486947474376
41.52,4.583639659214457,0.46693129050402354,-0.3544513565662625
41.53,4.588302091893475,0.4655558045233399,-0.35445380067689947
41.54,4.592950786497771,0.4641836762865657,-0.35445602447776325
41.550000000000004,4.597585776620917,0.4628149084431353,-0.35445802661473025
41.56,4.602207095865218,0.4614495000453097,-0.3544598070399372
41.57,4.6068147778043285,0.4600874462597558,-0.35446136707461084
41.58,4.61140885594285,0.4587287380543915,-0.35446270947655
41.59,4.615989363672657,0.45737336185692096,-0.3544638385127657
41.6,4.620556334225653,0.45602129918102036,-0.3544647600377918
41.61,4.62510980062262,0.4546725262160214,-0.3544654815780005
41.62,4.62964979561775,0.4533270133756675,-0.35446601242209874
41.63,4.634176351638445,0.4519847248016943,-0.35446636371758045
41.64,4.638689500719912,0.45064561781922763,-0.3544665485720888
41.65,4.643189274434075,0.44930964234220216,-0.35446658215769766
41.660000000000004,4.647675703812283,0.4479767402317372,-0.3544664818139004
41.67,4.652148819261415,0.4466468446178733,-0.3544662671418281
41.68,4.656608650473108,0.4453198792084231,-0.35446596007684067
41.69,4.6610552263262175,0.443995757635836,-0.35446558491682784
41.7,4.665488574783279,0.44267438293661787,-0.3544651682684087
41.71,4.669908722783137,0.44135564734268296,-0.35446473884594576
41.72,4.674315696134331,0.4400394327090935,-0.35446432701404773
41.730000000000004,4.678709519418197,0.43872561216221867,-0.354463963890309
41.74,4.683090215918575,0.43741405398950384,-0.3544636797103813
41.75,4.687457807608358,0.43610462946613326,-0.35446350100333074
41.76,4.691812315244053,0.4347972270976665,-0.3544634460074292
41.77,4.696153758645799,0.4334917757568992,-0.35446351799371156
41.78,4.70048215725174,0.43218827554498523,-0.35446369758072876
41.79,4.704797530973085,0.43088682346597823,-0.3544639386066635
41.800000000000004,4.709099901165098,0.42958760570289356,-0.3544641753046564
41.81,4.713389291261957,0.42829083858803707,-0.3544643429525902
41.82,4.717665726676049,0.4269966899484071,-0.3544643996309465
41.83,4.721929234052129,0.4257052356796546,-0.35446433420571216
41.84,4.726179840339759,0.4244164644668435,-0.3544641605004572
41.85,4.730417572051751,0.42313030529884255,-0.3544639069347329
41.86,4.734642454809491,0.42184665485869777,-0.35446360795370246
41.87,4.738854513123976,0.42056539691652306,-0.3544632986555075
41.88,4.743053770330897,0.41928641408606565,-0.3544630119214755
41.89,4.7472402486148635,0.4180095942971484,-0.3544627770972477
41.9,4.751413969080806,0.4167348340338326,-0.3544626195373568
41.910000000000004,4.755574951847512,0.4154620397056009,-0.3544625605990301
41.92,4.759723216149143,0.4141911279797371,-0.3544626178537792
41.93,4.763858780437054,0.4129220255564804,-0.35446280539241387
41.94,4.767981662477712,0.4116546686618291,-0.35446313415856023
41.95,4.772091879444863,0.41038900241291054,-0.35446361227802803
41.96,4.77618944800506,0.40912498014180837,-0.35446424536873283
41.97,4.780274384396446,0.4078625627248207,-0.3544650368248648
41.980000000000004,4.784346704500967,0.40660171794075955,-0.35446598807398666
41.99,4.788406423910336,0.40534241987019703,-0.35446709880777977
42.0,4.792453557986254,0.4040846483391569,-0.3544683671885577
42.01,4.796488121915255,0.4028283884076658,-0.35446979003382534
42.02,4.800510130758677,0.401573629901079,-0.3544713629813112
42.03,4.804519599498128,0.4003203669808849,-0.3544730806368184
42.04,4.808516543076865,0.3990685977519187,-0.3544749367068873
42.050000000000004,4.812500976437404,0.39781832390216,-0.35447692411821163
42.06,4.816472914555648,0.39656955037193536,-0.3544790351254045
42.07,4.8204323724719025,0.39532228504918815,-0.35448126140858544
42.08,4.824379365318902,0.3940765384882139,-0.3544835941619869
42.09,4.828313908347168,0.39283232364911475,-0.3544860241746976
42.1,4.832236016947823,0.3915896556555537,-0.3544885419044955
42.11,4.8361457066731095,0.39034855156887094,-0.35449113754556444
42.12,4.840042993254677,0.3891090301767251,-0.3544938010908063
42.13,4.843927892619861,0.38787111179441985,-0.35449652238939927
42.14,4.84780042090599,0.38663481807768296,-0.3544992912001149
42.15,4.851660594472916,0.38540017184512776,-0.3545020972409167
42.160000000000004,4.855508429913792,0.3841671969098214,-0.3545049302352057
42.17,4.859343944064185,0.3829359179182763,-0.3545077799551435
42.18,4.86316715400966,0.38170636019621285,-0.35451063626235874
42.19,4.866978077091818,0.3804785496000959,-0.3545134891463489
42.2,4.87077673091287,0.3792525123734972,-0.3545163287608354
42.21,4.874563133338814,0.3780282750077208,-0.354519145458345
42.22,4.87833730250124,0.37680586410570355,-0.35452192982321934
42.230000000000004,4.88209925679776,0.37558530624862524,-0.35452467270327387
42.24,4.885849014891146,0.3743666278645181,-0.35452736524032175
42.25,4.889586595707156,0.37314985509813414,-0.35452999889971354
42.26,4.893312018431006,0.371935013681425,-0.35453256549908113
42.27,4.897025302502659,0.3707221288040318,-0.35453505723651296
42.28,4.9007264676107,0.369511224982934,-0.35453746671824704
42.29,4.904415533684979,0.36830232593063533,-0.35453978698611266
42.300000000000004,4.908092520887906,0.36709545442108027,-0.35454201154489073
42.31,4.911757449604343,0.36589063215248124,-0.35454413438971283
42.32,4.9154103404301805,0.36468787960616683,-0.3545461500337561
42.33,4.919051214159436,0.3634872159004892,-0.3545480535363859
42.34,4.922680091769857,0.362288658638724,-0.35454984053193167
42.35,4.926296994406991,0.36109222374973615,-0.35455150725936146
42.36,4.929901943366607,0.35989792532022413,-0.35455305059298625
42.37,4.933494960075394,0.35870577541685006,-0.3545544680745685
42.38,4.937076066069823,0.35751578389679844,-0.354555757946967
42.39,4.940645282973049,0.3563279582046716,-0.3545569191896964
42.4,4.944202632469705,0.3551423031538271,-0.354557951556595
42.410000000000004,4.947748136278429,0.35395882068944134,-0.35455885561601624
42.42,4.9512818161218926,0.3527775096307823,-0.35455963279377745
42.43,4.95480369369418,0.3515983653895686,-0.3545602854191837
42.44,4.9583137906251755,0.3504213796609324,-0.35456081677443096
42.45,4.9618121284417285,0.3492465400833202,-0.35456123114755767
42.46,4.96529872852524,0.3480738298634521,-0.354561533888996
42.47,4.968773612065314,0.34690322736228324,-0.3545617314715591
42.480000000000004,4.972236800009055,0.34573470563856035,-0.3545618315532127
42.49,4.975688313005567,0.34456823194782404,-0.3545618430412473
42.5,4.979128171345247,0.34340376719711285,-0.3545617761553139
42.51,4.982556394893397,0.34224126536179966,-0.3545616424845717
42.52,4.985973003017902,0.3410806728804544,-0.35456145503096415
42.53,4.989378014510851,0.33992192806347105,-0.3545612282247209
42.54,4.992771447504632,0.3387649605860686,-0.3545609778885464
42.550000000000004,4.9961533193838585,0.3376096911994726,-0.354560721110713
42.56,4.999523646696482,0.33645603190937545,-0.35456047595983864
42.57,5.002882445070804,0.33530388707443676,-0.35456026092935267
42.58,5.006229729151209,0.3341531562273594,-0.3545600939302093
42.59,5.009565512576071,0.33300373996715926,-0.3545599905586867
42.6,5.012889808038032,0.3318555509238258,-0.3545599613012522
42.61,5.016202627488381,0.3307085318556813,-0.354560007500972
42.62,5.019503982557537,0.3295626801236625,-0.3545601168033173
42.63,5.022793885216177,0.32841806852788097,-0.35456026091808585
42.64,5.026072348536448,0.3272748403711565,-0.3545604003039729
42.65,5.029339387202535,0.32613316459920233,-0.35456049672483975
42.660000000000004,5.032595017458232,0.32499317530370636,-0.3545605259937003
42.67,5.035839256554984,0.3238549376387496,-0.3545604822979853
42.68,5.0390721220504435,0.3227184502655161,-0.3545603744891823
42.69,5.042293631238257,0.3215836654434441,-0.3545602198963354
42.7,5.045503800790092,0.32045050950513637,-0.35456003928839996
42.71,5.048702646575335,0.3193188976057597,-0.3545598537373276
42.72,5.051890183598939,0.3181887428386038,-0.35455968294857443
42.730000000000004,5.0550664260091525,0.31705996138247877,-0.3545595444966011
42.74,5.058231387143316,0.3159324751805545,-0.3545594535633877
42.75,5.061385079592569,0.31480621316912716,-0.35455942293854487
42.76,5.064527515274294,0.31368111168250323,-0.3545594631462626
42.77,5.067658705506126,0.31255711440361894,-0.3545595826266188
42.78,5.070778661078127,0.31143417207431695,-0.3545597879334731
42.79,5.073887392321403,0.31031224208856917,-0.35456008392978844
42.800000000000004,5.076984909172379,0.3091912880377596,-0.3545604739715824
42.81,5.080071221232441,0.30807127924786704,-0.35456096007666466
42.82,5.083146337823031,0.3069521903288292,-0.3545615430774925
42.83,5.0862102680363135,0.30583400074730893,-0.35456222275854443
42.84,5.08926302078173,0.30471669442746707,-0.35456299797939017
42.85,5.0923046048286915,0.30360025938080554,-0.35456386678489515
42.86,5.095335028845733,0.30248468736490763,-0.35456482650389004
42.87,5.098354301436375,0.30136997356928547,-0.35456587383769717
42.88,5.1013624311719745,0.30025611632606297,-0.3545670049397738
42.89,5.104359426621808,0.29914311684378053,-0.3545682154874781
42.9,5.107345296380584,0.2980309789617502,-0.3545695007469943
42.910000000000004,5.110320049093611,0.29691970892280317,-0.354570855632255
42.92,5.113283693479748,0.29580931516281145,-0.35457227475855374
42.93,5.11623623835237,0.29469980811477947,-0.35457375249153694
42.94,5.1191776926383925,0.2935912000262607,-0.3545752829920889
42.95,5.122108065395567,0.29248350478816565,-0.35457686025763807
42.96,5.125027365828089,0.2913767377740818,-0.3545784781602608
42.97,5.127935603300677,0.2902709156886074,-0.3545801304819795
42.980000000000004,5.130832787351148,0.28916605642371246,-0.3545818109475713
42.99,5.133718927701595,0.28806217892222963,-0.35458351325516557
43.0,5.136594034268257,0.28695930304728,-0.35458523110488993
43.01,5.139458117170081,0.2858574494573248,-0.35458695822577724
43.02,5.142311186736071,0.2847566394856115,-0.3545886884011389
43.03,5.145153253511443,0.2836568950236176,-0.3545904154925811
43.04,5.147984328262657,0.282558238407767,-0.35459213346282703
43.050000000000004,5.150804421981298,0.28146069230873866,-0.354593836397479
43.06,5.1536135458868655,0.28036427962296445,-0.35459551852587823
43.07,5.156411711428518,0.2792690233655839,-0.3545971742411653
43.08,5.159198930285706,0.27817494656439695,-0.35459879811966505
43.09,5.161975214367792,0.2770820721542944,-0.35460038493971935
43.1,5.164740575812584,0.2759904228715698,-0.35460192970005605
43.11,5.1674950269838025,0.2749000211475148,-0.35460342763778346
43.12,5.170238580467518,0.2738108890009114,-0.35460487424617076
43.13,5.172971249067473,0.2727230479285898,-0.35460626529224215
43.14,5.175693045799297,0.271636518793555,-0.35460759683432774
43.15,5.178403983883609,0.2705513217099402,-0.3546088652396796
43.160000000000004,5.181104076737933,0.26946747592404546,-0.3546100672022131
43.17,5.1837933379673915,0.26838499969064933,-0.3546111997605402
43.18,5.186471781354172,0.26730391014365823,-0.35461226031637977
43.19,5.18913942084563,0.26622422316009886,-0.3546132466534637
43.2,5.191796270541013,0.2651459532162699,-0.35461415695709547
43.21,5.1944423446766885,0.26406911323486776,-0.35461498983444206
43.22,5.197077657609814,0.2629937144214526,-0.35461574433578685
43.230000000000004,5.199702223800285,0.2619197660887625,-0.35461641997681914
43.24,5.2023160577908785,0.2608472754668603,-0.3546170167621688
43.25,5.204919174185408,0.2597762474970707,-0.3546175352103106
43.26,5.207511587624725,0.258706684607125,-0.3546179763800361
43.27,5.210093312760379,0.25763858646481635,-0.3546183418986092
43.28,5.212664364225674,0.2565719497071107,-0.35461863399170834
43.29,5.2152247566039,0.2555067676411056,-0.35461885551524086
43.300000000000004,5.217774504393404,0.25444302991327317,-0.354619009988934
43.31,5.220313621969184,0.25338072214313223,-0.3546191016314668
43.32,5.222842123540623,0.25231982551764304,-0.3546191353966001
43.33,5.22536002310497,0.2512603163437904,-0.35461911700919335
43.34,5.227867334396117,0.2502021655584315,-0.3546190529992391
43.35,5.230364070828276,0.24914533819914983,-0.35461895073058025
43.36,5.232850245434238,0.248089792848087,-0.35461881841871223
43.37,5.235325870798004,0.24703548107614814,-0.35461866512831686
43.38,5.237790958982107,0.24598234694461393,-0.3546185007347796
43.39,5.240245521450643,0.24493032667406406,-0.3546183358235044
43.4,5.242689568990666,0.24387934868868127,-0.3546181814833374
43.410000000000004,5.245123111637364,0.24282933441883275,-0.3546180489223121
43.42,5.247546158613751,0.24178020054806132,-0.3546179487913965
43.43,5.249958718304678,0.2407318638686101,-0.35461789004866784
43.44,5.252360798299468,0.23968425048858452,-0.3546178781685799
43.45,5.254752405556363,0.23863731120624831,-0.3546179126340803
43.46,5.257133546751304,0.2375910424428606,-0.35461798426027813
43.47,5.259504228832954,0.23654550414522493,-0.35461807423023506
43.480000000000004,5.2618644596648245,0.23550081583474128,-0.3546181576088223
43.49,5.264214248458727,0.23445711920411197,-0.3546182114271052
43.5,5.266553605740345,0.23341452799934262,-0.35461822220493877
43.51,5.2688825429017,0.23237309982005017,-0.3546181879566719
43.52,5.271201071627992,0.23133283773488353,-0.3546181154640224
43.53,5.273509203427601,0.23029370629701182,-0.3546180163425272
43.54,5.275806949332275,0.22925564804782805,-0.35461790397961296
43.550000000000004,5.278094319741262,0.22821859554083715,-0.3546177916835933
43.56,5.280371324362347,0.2271824788809884,-0.35461769172856106
43.57,5.282637972211212,0.2261472300658459,-0.35461761493882527
43.58,5.284894271643265,0.2251127853119083,-0.35461757056738946
43.59,5.287140230402213,0.22407908618064937,-0.3546175663239256
43.6,5.289375855676101,0.22304608001114326,-0.354617608472788
43.61,5.291601154155542,0.222013719962203,-0.35461770195894826
43.62,5.293816132091175,0.2209819648413326,-0.3546178505403751
43.63,5.296020795348823,0.21995077882458153,-0.354618056916149
43.64,5.298215149461541,0.21892013112637698,-0.3546183228457207
43.65,5.300399199678285,0.2178899956540472,-0.3546186492574908
43.660000000000004,5.302572951009123,0.21686035066578813,-0.3546190363466105
43.67,5.304736408267073,0.21583117844230112,-0.35461948366256385
43.68,5.306889576106782,0.21480246497721836,-0.35461999018740153
43.69,5.309032459060185,0.21377419968802439,-0.3546205544056426
43.7,5.311165061569384,0.21274637514788552,-0.3546211743667799
43.71,5.313287388016946,0.21171898683751916,-0.3546218477412987
43.72,5.315399442753821,0.21069203291571775,-0.3546225718710275
43.730000000000004,5.317501230125053,0.20966551400728206,-0.35462334381450616
43.74,5.31959275449343,0.20863943300654292,-0.354624160388023
43.75,5.321674020261268,0.20761379489521806,-0.3546250182028361
43.76,5.323745031890432,0.20658860657270262,-0.3546259136990879
43.77,5.325805793920703,0.20556387669804507,-0.3546268431767693
43.78,5.327856310986625,0.20453961554179528,-0.35462780282413253
43.79,5.329896587832928,0.20351583484703792,-0.35462878874382486
43.800000000000004,5.331926629328584,0.20249254769807382,-0.354629796977039
43.81,5.333946440479593,0.20146976839645545,-0.3546308235258782
43.82,5.335956026440562,0.2004475123429086,-0.3546318643741672
43.83,5.337955392525137,0.19942579592478327,-0.35463291550687065
43.84,5.339944544215311,0.19840463640812975,-0.35463397292828136
43.85,5.3419234871697,0.19738405183370128,-0.35463503267911023
43.86,5.343892227230779,0.19636406091655637,-0.35463609085261144
43.87,5.34585077043114,0.19534468294835303,-0.3546371436098391
43.88,5.347799122998775,0.19432593770205236,-0.35463818719414714
43.89,5.349737291361424,0.1933078453384416,-0.35463921794501463
43.9,5.351665282149986,0.1922904263139292,-0.35464023231127034
43.910000000000004,5.353583102201024,0.19127370128932716,-0.35464122686381594
43.92,5.3554907585583535,0.19025769103896054,-0.35464219830789034
43.93,5.357388258473714,0.18924241635973313,-0.3546431434949515
43.94,5.359275609406553,0.18822789797972747,-0.3546440594342523
43.95,5.361152819022888,0.1872141564657652,-0.35464494330414886
43.96,5.363019895193173,0.18620121212937493,-0.3546457924631821
43.97,5.36487684598932,0.1851890849308704,-0.35464660446105634
43.980000000000004,5.366723679680681,0.1841777943807123,-0.35464737704949945
43.99,5.368560404729031,0.18316735943765383,-0.3546481081930904
44.0,5.3703870297825445,0.1821577984029817,-0.3546487960801235
44.01,5.37220356366866,0.18114912881009504,-0.35464943913352903
44.02,5.3740100153858315,0.18014136730859626,-0.35465003602195067
44.03,5.3758063940940755,0.17913452954196393,-0.35465058567101615
44.04,5.377592709104285,0.17812863001773754,-0.3546510872748661
44.050000000000004,5.3793689698661735,0.17712368196903772,-0.35465154030801205
44.06,5.381135185954795,0.17611969720610254,-0.3546519445375653
44.07,5.382891367055533,0.17511668595619273,-0.35465230003593645
44.08,5.384637522947413,0.17411465669018053,-0.35465260719403074
44.09,5.386373663484608,0.17311361593378707,-0.35465286673499835
44.1,5.388099798575966,0.1721135680610934,-0.35465307972859056
44.11,5.3898159381623865,0.17111451506772063,-0.35465324760611905
44.12,5.3915220921917975,0.17011645632069275,-0.3546533721759986
44.13,5.393218270591517,0.1691193882816176,-0.3546534556397812
44.14,5.394904483237681,0.16812330419951374,-0.3546535006084935
44.15,5.3965807399214505,0.16712819376949628,-0.3546535101189142
44.160000000000004,5.398247050311601,0.1661340427534459,-0.3546534876492019
44.17,5.399903423913129,0.16514083255951045,-0.3546534371328648
44.18,5.401549870021427,0.16414853977901836,-0.3546533629694327
44.19,5.403186397671638,0.16315713568257167,-0.35465327002922736
44.2,5.4048130155827865,0.16216658568498357,-0.35465316364795296
44.21,5.406429732096488,0.1611768488015144,-0.3546530496043314
44.22,5.4080365551103835,0.16018787714479796,-0.35465293406970777
44.230000000000004,5.409633492007109,0.1591996155592471,-0.354652823511815
44.24,5.411220549581012,0.1582120015790354,-0.35465272452390184
44.25,5.412797733967438,0.1572249660562862,-0.3546526435335016
44.26,5.414365050584084,0.15623843508672963,-0.3546525863211494
44.27,5.415922504102343,0.15525233430538388,-0.3546525572537386
44.28,5.41747009848,0.15426659716731922,-0.3546525581390438
44.29,5.419007837104037,0.15328117889731144,-0.3546525867305251
44.300000000000004,5.420535723101009,0.15229607552651953,-0.3546526353439502
44.31,5.4220537598345455,0.151311340065253,-0.35465269084872275
44.32,5.423561951480455,0.15032707875642826,-0.35465273755515314
44.33,5.42506030341315,0.14934341757889688,-0.3546527624599712
44.34,5.426548822177016,0.1483604581525483,-0.35465275935040197
44.35,5.428027515096751,0.14737825326287343,-0.3546527292050016
44.36,5.4294963897788096,0.14639680821092424,-0.3546526779811082
44.37,5.430955453700872,0.14541609449199472,-0.35465261404732246
44.38,5.432404713946858,0.14443606394166686,-0.35465254635570337
44.39,5.43384417706574,0.14345665912260758,-0.3546524834147323
44.4,5.435273849014524,0.14247781991372535,-0.35465243280708797
44.410000000000004,5.436693735152507,0.1414994873659843,-0.3546524010171868
44.42,5.438103840264685,0.14052160581803566,-0.35465239341813
44.43,5.439504168600637,0.13954412396268542,-0.35465241433375083
44.44,5.440894723920696,0.13856699529867403,-0.3546524671314077
44.45,5.442275509544727,0.13759017822997704,-0.354652554323173
44.46,5.443646528400806,0.13661363596833115,-0.35465267766469377
44.47,5.445007783072355,0.13563733633061748,-0.35465283824703425
44.480000000000004,5.446359275842941,0.13466125148510796,-0.3546530365798106
44.49,5.447701008738429,0.1336853576775052,-0.35465327266548613
44.5,5.449032983566382,0.1327096349551015,-0.35465354606529553
44.51,5.450355201952718,0.1317340668985706,-0.3546538559576373
44.52,5.451667665375766,0.1307586403668178,-0.35465420118976776
44.53,5.452970375197817,0.1297833452571902,-0.35465458032363956
44.54,5.454263332694399,0.1288081742814951,-0.35465499167666226
44.550000000000004,5.455546539081354,0.12783312275793218,-0.3546554333580333
44.56,5.456819995539922,0.12685818841791774,-0.3546559033012491
44.57,5.458083703239978,0.12588337122663296,-0.354656399293305
44.58,5.459337663361513,0.12490867321648925,-0.3546569190010057
44.59,5.46058187711453,0.12393409833195361,-0.3546574599947763
44.6,5.461816345757429,0.12295965228494903,-0.35465801977028016
44.61,5.463041070614,0.12198534241925127,-0.3546585957681345
44.62,5.464256053089093,0.12101117758352024,-0.354659185391938
44.63,5.465461294683075,0.12003716801142326,-0.3546597860248278
44.64,5.46665679700509,0.11906332520849332,-0.35466039504473684
44.65,5.467842561785255,0.1180896618444519,-0.3546610098384935
44.660000000000004,5.469018590885773,0.11711619165078788,-0.3546616278149055
44.67,5.47018488631106,0.11614292932256809,-0.35466224641693117
44.68,5.471341450216903,0.11516989042401814,-0.3546628631330425
44.69,5.472488284918702,0.11419709129737718,-0.35466347550786836
44.7,5.473625392898796,0.11322454897427603,-0.35466408115217823
44.71,5.474752776812925,0.11225228108948059,-0.3546646777522991
44.72,5.475870439495843,0.11128030579626494,-0.35466526307900165
44.730000000000004,5.476978383966078,0.11030864168309093,-0.3546658349959193
44.74,5.478076613429877,0.10933730769118812,-0.3546663914675512
44.75,5.479165131284325,0.10836632303251376,-0.35466693056687615
44.76,5.480243941119629,0.10739570710776498,-0.3546674504826301
44.77,5.481313046720616,0.10642547942402296,-0.35466794952628367
44.78,5.482372452067356,0.10545565951150455,-0.3546684261387319
44.79,5.483422161334992,0.10448626683908258,-0.3546688788967489
44.800000000000004,5.484462178892698,0.10351732072807995,-0.3546693065192301
44.81,5.485492509301747,0.1025488402637313,-0.3546697078732155
44.82,5.486513157312704,0.10158084420391443,-0.3546700819797572
44.83,5.487524127861686,0.10061335088454794,-0.3546704280196472
44.84,5.4885254260656495,0.09964637812089437,-0.35467074533898774
44.85,5.489517057216674,0.0986799431041755,-0.3546710334546656
44.86,5.490499026775178,0.09771406229263756,-0.3546712920597106
44.87,5.491471340362018,0.0967487512961936,-0.35467152102856625
44.88,5.492434003749405,0.09578402475360803,-0.3546717204222814
44.89,5.49338702285053,0.09481989620106994,-0.354671890493612
44.9,5.4943304037078535,0.09385637793081796,-0.35467203169203804
44.910000000000004,5.495264152479913,0.09289348083834459,-0.354672144668668
44.92,5.496188275426517,0.09193121425636178,-0.3546722302810225
44.93,5.497102778892251,0.09096958577355427,-0.3546722895976321
44.94,5.498007669288044,0.0900086010358756,-0.35467232390237496
44.95,5.498902953070668,0.08904826352762085,-0.3546723346984603
44.96,5.499788636719927,0.08808857432935104,-0.3546723237118797
44.97,5.50066472671331,0.08712953184927479,-0.3546722928940888
44.980000000000004,5.501531229497796,0.08617113152425704,-0.3546722444235829
44.99,5.502388151458495,0.08521336548647497,-0.35467218070585554
45.0,5.503235498883788,0.08425622219164434,-0.35467210437100644
45.01,5.504073277926526,0.08329968600506131,-0.3546720182679364
45.02,5.504901494560866,0.08234373674336744,-0.3546719254535388
45.03,5.505720154534318,0.08138834917270643,-0.3546718291745609
45.04,5.506529263314566,0.08043349247076802,-0.3546717328386369
45.050000000000004,5.5073288260308235,0.0794791296730766,-0.3546716399692279
45.06,5.508118847409726,0.07852521714790811,-0.3546715541365254
45.07,5.5088993317064805,0.0775717041907058,-0.3546714788522686
45.08,5.50967028263323,0.07661853291404794,-0.3546714174104268
45.09,5.510431703289097,0.07566563876558603,-0.35467137264749793
45.1,5.511183596100903,0.07471295228068708,-0.3546713465872366
45.11,5.511925962791737,0.07376040311448019,-0.3546713399324093
45.12,5.512658804407617,0.07280792793179931,-0.35467135139550376
45.13,5.51338212144954,0.0718554837916207,-0.35467137698227436
45.14,5.51409591416636,0.07090306640185495,-0.3546714096415378
45.15,5.514800183026263,0.06995072541770328,-0.35467144007537366
45.160000000000004,5.515494929259383,0.06899856048456753,-0.35467145925407795
45.17,5.516180155218411,0.06804668943826607,-0.35467146159087404
45.18,5.516855864350319,0.06709520744166277,-0.3546714465001038
45.19,5.5175220608366,0.06614416475899555,-0.35467141755318304
45.2,5.518178749135635,0.06519356808019645,-0.35467138055416403
45.21,5.518825933605171,0.06424339289274975,-0.3546713418963125
45.22,5.519463618256323,0.0632935962700955,-0.3546713075963447
45.230000000000004,5.520091806619765,0.06234412631723819,-0.35467128285973265
45.24,5.52071050168877,0.06139492822366457,-0.35467127195119413
45.25,5.521319705909678,0.06044594785606175,-0.35467127821375044
45.26,5.52191942119974,0.059497133770171254,-0.35467130414999365
45.27,5.52250964897986,0.05854843825918611,-0.3546713515228771
45.28,5.523090390214713,0.057599817830530996,-0.3546714214565622
45.29,5.523661645455816,0.056651233349700035,-0.354671514529344
45.300000000000004,5.524223414884996,0.05570264999448839,-0.3546716308560787
45.31,5.524775698356817,0.05475403710475443,-0.3546717701600041
45.32,5.525318495439221,0.05380536797856301,-0.35467193183480217
45.33,5.525851805451974,0.05285661964458149,-0.35467211499810564
45.34,5.526375627502809,0.051907772628082695,-0.3546723185376642
45.35,5.5268899605212285,0.05095881072075329,-0.3546725411512728
45.36,5.527394803290061,0.05000972075945158,-0.35467278138144487
45.37,5.527890154474853,0.04906049241683899,-0.35467303764564545
45.38,5.528376012651228,0.04811111800486872,-0.3546733082627803
45.39,5.528852376330357,0.0471615922910742,-0.35467359147651867
45.4,5.5293192439826475,0.04621191232748704,-0.3546738854759227
45.410000000000004,5.529776614059779,0.04526207729118682,-0.3546741884137875
45.42,5.530224485015203,0.044312088335708905,-0.3546744984230164
45.43,5.53066285532321,0.043361948452245676,-0.3546748136313092
45.44,5.531091723496642,0.04241166233985297,-0.35467513217439306
45.45,5.531511088103365,0.04146123628365884,-0.35467545220798696
45.46,5.531920947781539,0.04051067804017004,-0.35467577191866156
45.47,5.532321301253801,0.039559996728916726,-0.3546760895337279
45.480000000000004,5.532712147340362,0.038609202729802714,-0.35467640333027706
45.49,5.533093484971127,0.03765830758526178,-0.3546767116434559
45.5,5.533465313196846,0.03670732390684597,-0.35467701287407943
45.51,5.533827631199354,0.03575626528528848,-0.3546773054956194
45.52,5.53418043830093,0.03480514620400226,-0.3546775880606684
45.53,5.534523733972795,0.03385398195506161,-0.35467785920689643
45.54,5.534857517842795,0.03290278855742948,-0.3546781176625589
45.550000000000004,5.535181789702271,0.03195158267697537,-0.35467836225159843
45.56,5.535496549512119,0.0310003815476966,-0.3546785918983446
45.57,5.535801797408098,0.030049202893959865,-0.35467880563187404
45.58,5.536097533705338,0.029098064853203303,-0.3546790025900275
45.59,5.536383758902087,0.02814698589872208,-0.354679182023104
45.6,5.536660473682683,0.027195984762223565,-0.3546793432972619
45.61,5.536927678919753,0.026245080355646558,-0.35467948589761916
45.62,5.537185375675604,0.0252942916918223,-0.3546796094310555
45.63,5.53743356520285,0.02434363780371157,-0.35467971362875994
45.64,5.537672248944182,0.023393137661520503,-0.35467979834847074
45.65,5.537901428531331,0.022442810087358593,-0.3546798635764414
45.660000000000004,5.5381211057831425,0.021492673666882966,-0.35467990942912264
45.67,5.538331282702753,0.020542746657260722,-0.35467993615452137
45.68,5.538531961473826,0.019593046890911563,-0.3546799441332586
45.69,5.538723144455807,0.018643591674261276,-0.35467993387928665
45.7,5.538904834178137,0.017694397680680495,-0.35467990604022953
45.71,5.539077033333349,0.016745480836724738,-0.35467986139733276
45.72,5.5392397447690085,0.015796856200641012,-0.35467980086494255
45.730000000000004,5.53939297147838,0.014848537831929017,-0.35467972548949894
45.74,5.539536716589748,0.013900538650643706,-0.3546796364479281
45.75,5.539670983354272,0.012952870284806748,-0.3546795350453699
45.76,5.5397957751322435,0.012005542904246267,-0.3546794227120957
45.77,5.539911095377612,0.011058565038639287,-0.35467930099949285
45.78,5.540016947620593,0.010111943377460629,-0.3546791715749029
45.79,5.540113335448193,0.009165682549058725,-0.3546790362150706
45.800000000000004,5.540200262482378,0.008219784875634444,-0.3546788967978935
45.81,5.540277732355687,0.007274250100560439,-0.3546787552920478
45.82,5.540345748683942,0.0063290750840160545,-0.35467861374395265
45.83,5.54040431503575,0.005384253462489689,-0.35467847426135996
45.84,5.540453434898394,0.0044397752676290465,-0.3546783389926197
45.85,5.5404931116396945,0.0034956265001996937,-0.35467821010035083
45.86,5.540523348465367,0.002551788655901681,-0.3546780897278106
45.87,5.540544148371405,0.0016082382031841558,-0.35467797995564204
45.88,5.540555514091011,0.0006649460187235912,-0.35467788274585205
45.89,5.540557448035749,-0.00027812320042706456,-0.3546777998687461
45.9,5.540549952230854,-0.0012210115055100118,-0.35467773280707654
45.910000000000004,5.540533028245314,-0.0021637681563314777,-0.3546776826299227
45.92,5.540506677118546,-0.003106449797612919,-0.35467764982718525
45.93,5.540470899288052,-0.00404912001601779,-0.35467763409550285
45.94,5.540425694526999,-0.004991847660378537,-0.3546776340718872
45.95,5.540371061909015,-0.0059347028551062515,-0.35467764703267896
45.96,5.54030699983095,-0.006877749086465732,-0.3546776686345068
45.97,5.540233506141724,-0.007821029697295194,-0.354677692902104
45.980000000000004,5.540150578433438,-0.00876454950823047,-0.35467771284873806
45.99,5.540058214511106,-0.009708259683502574,-0.35467772210001985
46.0,5.539956412929966,-0.010652062179480786,-0.3546777171668486
46.01,5.539845173347562,-0.011595841498660775,-0.35467769886406025
46.02,5.539724496493161,-0.012539504413327232,-0.3546776716771083
46.03,5.539594383818239,-0.013483001081739946,-0.35467764180456496
46.04,5.539454837055229,-0.014426323643630648,-0.3546776153906965
46.050000000000004,5.5393058578531695,-0.015369494452941009,-0.35467759758454664
46.06,5.539147447538218,-0.016312553936803496,-0.3546775922580326
46.07,5.538979606980894,-0.01725555158096526,-0.3546776020585337
46.08,5.538802336536971,-0.018198540098408926,-0.3546776285825128
46.09,5.538615636034305,-0.01914157192209846,-0.3546776725692539
46.1,5.538419504786621,-0.020084697204268642,-0.35467773407651493
46.11,5.5382139416222635,-0.021027962743250108,-0.3546778126279134
46.12,5.537998944920686,-0.021971411467129966,-0.35467790733266386
46.13,5.537774512652284,-0.022915082246273664,-0.35467801698166734
46.14,5.537540642419084,-0.023859009896711268,-0.3546781401244502
46.15,5.537297331494784,-0.024803225291131426,-0.35467827513094535
46.160000000000004,5.537044576863389,-0.02574775552778464,-0.3546784202413927
46.17,5.536782375255979,-0.026692624127026335,-0.35467857360693167
46.18,5.536510723185458,-0.027637851238150886,-0.3546787333228877
46.19,5.536229616979232,-0.028583453845777703,-0.35467889745629044
46.2,5.535939052809844,-0.029529445970135307,-0.3546790640688139
46.21,5.535639026723661,-0.030475838858196054,-0.3546792312360516
46.22,5.535329534667686,-0.03142264116406411,-0.3546793970638397
46.230000000000004,5.535010572514635,-0.03236985911829634,-0.354679559702186
46.24,5.534682136086372,-0.033317496686501885,-0.3546797173572291
46.25,5.534344221175809,-0.03426555571747581,-0.3546798683015821
46.26,5.533996823567373,-0.03521403608169522,-0.35468001088333295
46.27,5.533639939056132,-0.03616293580119528,-0.35468014353389815
46.28,5.533273563465667,-0.03711225117117403,-0.3546802647749355
46.29,5.532897692664764,-0.03806197687460338,-0.3546803732244218
46.300000000000004,5.5325123225829795,-0.03901210609017948,-0.3546804676020424
46.31,5.532117449225185,-0.03996263059481976,-0.35468054673393895
46.32,5.531713068685077,-0.040913540860871477,-0.3546806095569379
46.33,5.531299177157768,-0.04186482614904617,-0.35468065512227953
46.34,5.530875770951447,-0.042816474597485284,-0.3546806825989156
46.35,5.5304428464981745,-0.043768473307476866,-0.3546806912764162
46.36,5.530000400363837,-0.044720808426615515,-0.3546806805674793
46.37,5.529548429257275,-0.04567346522937826,-0.35468065001013194
46.38,5.529086930038623,-0.04662642819607547,-0.35468059926957296
46.39,5.528615899726856,-0.047579681090298184,-0.35468052813971196
46.4,5.528135335506585,-0.04853320703535166,-0.35468043654440323
46.410000000000004,5.527645234734064,-0.049486988590199496,-0.3546803245383519
46.42,5.527145594942469,-0.05044100782507669,-0.354680192307739
46.43,5.526636413846402,-0.05139524639737576,-0.3546800401705225
46.44,5.526117689345631,-0.052349685628142836,-0.35467986857641265
46.45,5.525589419528077,-0.05330430657950815,-0.3546796781065337
46.46,5.5250516026720184,-0.054259090133564745,-0.3546794694727337
46.47,5.5245042372474575,-0.055214017073253,-0.35467924351649394
46.480000000000004,5.523947321916722,-0.05616906816538926,-0.3546790012074956
46.49,5.523380855534203,-0.05712422424667404,-0.3546787436417321
46.5,5.522804837145198,-0.05807946631311952,-0.3546784720391596
46.51,5.522219265983865,-0.05903477561345332,-0.35467818774086
46.52,5.521624141470202,-0.05999013374728698,-0.35467789220562346
46.53,5.5210194632060245,-0.06094552276872212,-0.35467758700592017
46.54,5.5204052309698834,-0.06190092529627433,-0.354677273823183
46.550000000000004,5.519781444710834,-0.06285632463010703,-0.3546769544422914
46.56,5.5191481045410065,-0.06381170487765975,-0.35467663074517725
46.57,5.518505210726857,-0.06476705108892582,-0.3546763047033919
46.58,5.517852763679024,-0.0657223494028722,-0.3546759783695197
46.59,5.517190763940656,-0.06667758720664069,-0.35467565386721595
46.6,5.516519212174073,-0.06763275330952025,-0.3546753333796644
46.61,5.515838109145597,-0.06858783813388183,-0.3546750191361642
46.62,5.515147455708399,-0.069542833925772,-0.35467471339651796
46.63,5.514447252783104,-0.07049773498815365,-0.35467441843279324
46.64,5.513737501335958,-0.07145253794023597,-0.35467413650794005
46.65,5.5130182023542424,-0.07240724200702393,-0.35467386985061883
46.660000000000004,5.512289356818617,-0.07336184934349131,-0.3546736206254248
46.67,5.511550965672055,-0.07431636539840701,-0.35467339089749006
46.68,5.510803029784879,-0.07527079932316126,-0.35467318259017583
46.69,5.510045549915501,-0.07622516443057482,-0.35467299743423114
46.7,5.509278526666282,-0.07717947870800737,-0.35467283690637025
46.71,5.508501960433991,-0.07813376538592236,-0.3546727021547116
46.72,5.507715851354312,-0.07908805355697916,-0.35467259390794653
46.730000000000004,5.506920199239981,-0.08004237882800194,-0.35467251236453695
46.74,5.5061150035124005,-0.0809967839617143,-0.35467245705797257
46.75,5.505300263127233,-0.08195131941682708,-0.3546724266947123
46.76,5.504475976495818,-0.08290604360263058,-0.3546724189644606
46.77,5.503642141406849,-0.08386102249320711,-0.3546724303312314
46.78,5.502798754957676,-0.08481632794165914,-0.3546724558355547
46.79,5.50194581351352,-0.08577203354430282,-0.35467248898721543
46.800000000000004,5.501083312727344,-0.08672820631003984,-0.35467252192387644
46.81,5.500211247671865,-0.0876848923614178,-0.3546725461520837
46.82,5.499329613143217,-0.08864209752882027,-0.35467255424044514
46.83,5.4984384041519645,-0.0895997716655971,-0.3546725423801036
46.84,5.497537616481076,-0.09055781383165717,-0.35467251248885
46.85,5.496627247046467,-0.09151610551838082,-0.35467247188122697
46.86,5.4957072938628535,-0.09247455112627169,-0.3546724304241426
46.87,5.494777755687843,-0.0934330990152851,-0.354672397408409
46.88,5.493838631575692,-0.09439173998140873,-0.3546723798396631
46.89,5.492889920508301,-0.09535049552822572,-0.35467238210747426
46.9,5.491931621150477,-0.09630940577720123,-0.3546724063331875
46.910000000000004,5.490963731711754,-0.09726852044100145,-0.35467245289145605
46.92,5.489986249882236,-0.09822789292895606,-0.35467252088985884
46.93,5.488999172815147,-0.09918757675583259,-0.3546726085495447
46.94,5.488002497137184,-0.1001476234568254,-0.3546727134901704
46.95,5.486996218974657,-0.10110808143918924,-0.35467283293833773
46.96,5.485980333988023,-0.10206899540264483,-0.3546729638790573
46.97,5.484954837410379,-0.10303040610005644,-0.35467310316594614
46.980000000000004,5.483919724087247,-0.10399235029922492,-0.3546732476018253
46.99,5.482874988516103,-0.10495486086029408,-0.3546733939980658
47.0,5.481820624884787,-0.10591796687783721,-0.35467353921862027
47.01,5.480756627108302,-0.10688169385583886,-0.35467368021293855
47.02,5.479682988863771,-0.10784606389695262,-0.3546738140407494
47.03,5.478599703623504,-0.10881109589478816,-0.3546739378908345
47.04,5.477506764686128,-0.10977680572253908,-0.35467404909534367
47.050000000000004,5.476404165205876,-0.11074320641451203,-0.35467414514075013
47.06,5.475291898220118,-0.11171030833858604,-0.35467422367627266
47.07,5.47416995667519,-0.11267811935894484,-0.3546742825203603
47.08,5.473038333450662,-0.11364664498903848,-0.35467431966568286
47.09,5.471897021382125,-0.1146158885350803,-0.35467433328295933
47.1,5.47074601328258,-0.11558585123068638,-0.3546743217238706
47.11,5.4695853019625185,-0.1165565323631567,-0.35467428352326086
47.12,5.468414880248802,-0.11752792939256639,-0.35467421740071453
47.13,5.46723474100235,-0.11850003806375947,-0.3546741222616896
47.14,5.466044877134767,-0.11947285251255985,-0.3546739971982109
47.15,5.4648452816239255,-0.12044636536639065,-0.354673841489245
47.160000000000004,5.463635947528558,-0.12142056784042426,-0.35467365460072975
47.17,5.462416868001929,-0.1223954498294271,-0.35467343618535146
47.18,5.461188036304584,-0.12337099999613162,-0.3546731860820516
47.19,5.4599494458162425,-0.12434720585663424,-0.3546729043152745
47.2,5.458701090046854,-0.1253240538631769,-0.3546725910939895
47.21,5.4574429626468275,-0.12630152948511783,-0.3546722468104218
47.22,5.456175057416457,-0.12727961728811038,-0.3546718720385698
47.230000000000004,5.454897368314578,-0.12825830101227167,-0.354671467532429
47.24,5.453609889466426,-0.1292375636496269,-0.35467103422393453
47.25,5.452312615170738,-0.13021738752120932,-0.35467057322061296
47.26,5.451005539906074,-0.1311977543543635,-0.3546700858028844
47.27,5.449688658336359,-0.13217864536052398,-0.35466957342102295
47.28,5.4483619653156685,-0.13316004131391607,-0.35466903769173774
47.29,5.447025455892174,-0.13414192263175836,-0.3546684803942997
47.300000000000004,5.445679125311316,-0.13512426945620795,-0.3546679034662247
47.31,5.444322969018164,-0.13610706173856715,-0.3546673089984574
47.32,5.442956982658862,-0.13709027932648443,-0.35466669922994015
47.33,5.441581162081186,-0.1380739020546278,-0.35466607654151555
47.34,5.440195503334269,-0.1390579098389528,-0.35466544344923884
47.35,5.4388000026672625,-0.14004228277606512,-0.35466480259676786
47.36,5.437394656527009,-0.14102700124782452,-0.3546641567469132
47.37,5.435979461554654,-0.14201204603223647,-0.3546635087721695
47.38,5.434554414581085,-0.14299739842160436,-0.3546628616440772
47.39,5.4331195126211815,-0.14398304034892986,-0.3546622184213101
47.4,5.4316747528667175,-0.14496895452389474,-0.35466158223624544
47.410000000000004,5.430220132677886,-0.1459551245798036,-0.3546609562798371
47.42,5.42875564957327,-0.1469415352331003,-0.3546603437845016
47.43,5.427281301218148,-0.14792817245743525,-0.35465974800473243
47.44,5.425797085410996,-0.1489150236744109,-0.3546591721950457
47.45,5.424303000067962,-0.14990207796365,-0.3546586195848221
47.46,5.422799043205154,-0.15088932629508423,-0.3546580933494904
47.47,5.421285212918463,-0.15187676178706475,-0.3546575965774001
47.480000000000004,5.419761507360668,-0.1528643799942545,-0.35465713223156736
47.49,5.418227924715496,-0.15385217922994887,-0.354656703105314
47.5,5.416684463168251,-0.1548401609282392,-0.3546563117705821
47.51,5.415131120872622,-0.1558283300518341,-0.35465596051743964
47.52,5.413567895913126,-0.15681669555201905,-0.35465565128295334
47.53,5.411994786262696,-0.15780527088719085,-0.3546553855671988
47.54,5.410411789734743,-0.15879407460539638,-0.35465516433374633
47.550000000000004,5.408818903929069,-0.159783130993919,-0.35465498789145344
47.56,5.407216126170968,-0.16077247079166782,-0.35465485575411604
47.57,5.40560345344293,-0.16176213194757413,-0.3546547664744374
47.58,5.403980882308726,-0.162752160379479,-0.3546547174499372
47.59,5.4023484088302665,-0.16374261063533319,-0.3546547047017352
47.6,5.40070602847912,-0.1647335462550524,-0.35465472263595293
47.61,5.39905373604742,-0.1657250394389461,-0.3546547638176145
47.62,5.397391525568469,-0.16671716928304442,-0.35465481883041733
47.63,5.395719390267243,-0.16771001728314577,-0.35465487638216503
47.64,5.394037322577542,-0.16870365813318847,-0.35465492396300247
47.65,5.392345314283482,-0.1696981438292211,-0.35465494952690424
47.660000000000004,5.390643356851768,-0.17069348213894744,-0.354654944558529
47.67,5.388931441970631,-0.1716896194846433,-0.3546549078678136
47.68,5.387209562158943,-0.1726864471134636,-0.3546548475773258
47.69,5.385477711155571,-0.17368383750583674,-0.3546547787552883
47.7,5.3837358838816325,-0.1746816877180567,-0.3546547179545859
47.71,5.381984076060987,-0.17567994153818686,-0.354654678635064
47.72,5.380222283746173,-0.17667858785972712,-0.35465466940584206
47.730000000000004,5.378450502925129,-0.1776776484394802,-0.35465469430863583
47.74,5.376668729257758,-0.17867716525018268,-0.3546547538485602
47.75,5.374876957924217,-0.1796771909723374,-0.3546548460487174
47.76,5.373075183551594,-0.18067778272235366,-0.35465496729363116
47.77,5.371263400190536,-0.18167899818087654,-0.35465511294329577
47.78,5.36944160132208,-0.18268089330547882,-0.35465527776285116
47.79,5.367609779881983,-0.18368352103873956,-0.35465545621845807
47.800000000000004,5.365767928294671,-0.18468693062760996,-0.35465564267993144
47.81,5.3639160385119835,-0.1856911673134927,-0.35465583155936475
47.82,5.362054102053801,-0.18669627224447938,-0.3546560174059432
47.83,5.360182110048847,-0.18770228251871116,-0.3546561949706912
47.84,5.358300053274641,-0.18870923130254802,-0.3546563592504987
47.85,5.356407922196052,-0.18971714798954523,-0.35465650551775274
47.86,5.354505707002132,-0.190726058378732,-0.3546566293399637
47.870000000000005,5.3525933976411455,-0.1917359848597761,-0.3546567265923549
47.88,5.3506709838537425,-0.19274694659723157,-0.3546567934655174
47.89,5.3487384552043,-0.19375895970945672,-0.3546568264695969
47.9,5.346795801110526,-0.19477203744000796,-0.354656822436011
47.910000000000004,5.344843010871383,-0.19578619032014724,-0.3546567785174585
47.92,5.342880073693447,-0.19680142632232692,-0.35465669218670626
47.93,5.340906978715751,-0.19781775100471038,-0.35465656123453054
47.94,5.338923715033247,-0.19883516764722764,-0.35465638376705555
47.95,5.336930271718947,-0.19985367737964715,-0.3546561582026837
47.96,5.3349266378448075,-0.2008732793023028,-0.3546558832687481
47.97,5.332912802501449,-0.2018939706004421,-0.3546555579979187
47.980000000000004,5.330888754816763,-0.20291574665248835,-0.3546551817244832
47.99,5.328854483973458,-0.2039386011331721,-0.3546547540804844
48.0,5.3268099792256045,-0.20496252611206064,-0.3546542749917462
48.01,5.324755229914204,-0.20598751214805636,-0.35465374467379995
48.02,5.322690225481839,-0.2070135483807743,-0.35465316362763066
48.03,5.320614955486431,-0.20804062261870776,-0.35465253263536234
48.04,5.318529409614108,-0.209068721425414,-0.35465185275570943
48.050000000000004,5.316433577691231,-0.21009783020371475,-0.3546511253192749
48.06,5.3143274496955994,-0.21112793327862256,-0.35465035192360717
48.07,5.312211015766805,-0.21215901397953896,-0.3546495344279611
48.08,5.310084266215781,-0.21319105472181996,-0.3546486749478086
48.09,5.307947191533537,-0.2142240370886083,-0.3546477758489366
48.1,5.305799782399073,-0.21525794191307898,-0.3546468397411609
48.11,5.303642029686462,-0.21629274936161305,-0.3546458694715861
48.120000000000005,5.301473924471091,-0.21732843901855214,-0.35464486811728907
48.13,5.299295458035056,-0.21836498997276763,-0.3546438389774335
48.14,5.297106621871671,-0.21940238090664685,-0.3546427855647132
48.15,5.294907407689075,-0.22044059018818507,-0.35464171159598573
48.160000000000004,5.292697807412899,-0.2214795959665431,-0.3546406209820763
48.17,5.290477813187984,-0.22251937627182933,-0.354639517816597
48.18,5.288247417379002,-0.22355990911997242,-0.35463840636360555
48.19,5.286006612570093,-0.2246011726230669,-0.3546372910440875
48.2,5.28375539156331,-0.22564314510644717,-0.3546361764209721
48.21,5.28149374737587,-0.22668580523330223,-0.3546350671825434
48.22,5.279221673236119,-0.2277291321379652,-0.35463396812403114
48.230000000000004,5.276939162578108,-0.2287731055692021,-0.3546328841270762
48.24,5.274646209034691,-0.22981770604488613,-0.3546318201368376
48.25,5.272342806429004,-0.23086291501982395,-0.3546307811363142
48.26,5.270028948764195,-0.23190871506866004,-0.3546297721175076
48.27,5.267704630211239,-0.23295509008608756,-0.354628798048894
48.28,5.265369845094658,-0.23400202550709343,-0.35462786383863365
48.29,5.263024587875918,-0.23504950855027412,-0.3546269742927819
48.300000000000004,5.260668853134265,-0.23609752848784454,-0.35462613406765525
48.31,5.258302635544722,-0.23714607694658058,-0.3546253476153064
48.32,5.255925929852878,-0.2381951482446515,-0.354624619120855
48.33,5.253538730846127,-0.23924473977002145,-0.3546239524301465
48.34,5.251141033320879,-0.24029485240705376,-0.35462335096588626
48.35,5.2487328320452376,-0.24134549101882688,-0.35462281762998676
48.36,5.246314121716532,-0.2423966649931277,-0.35462235468943626
48.370000000000005,5.243884896913044,-0.24344838886088188,-0.3546219636424003
48.38,5.241445152039162,-0.24450068299455313,-0.35462164506076843
48.39,5.2389948812631095,-0.24555357439143724,-0.35462139840486384
48.4,5.236534078446431,-0.2466070975399657,-0.3546212218058255
48.410000000000004,5.234062737064475,-0.24766129535114087,-0.3546211118119964
48.42,5.2315808501174,-0.2487162201067569,-0.3546210630982365
48.43,5.229088410032044,-0.2497719343128217,-0.35462106814448835
48.44,5.226585408556638,-0.25082851122647104,-0.3546211169066455
48.45,5.224071836653654,-0.25188603459574266,-0.3546211965395015
48.46,5.2215476844026,-0.252944596738767,-0.3546212913069674
48.47,5.2190129409364,-0.25400429341723885,-0.3546213829576371
48.480000000000004,5.2164675944546595,-0.2550652131445963,-0.3546214520703323
48.49,5.213911632382157,-0.25612741856174664,-0.35462148107588465
48.5,5.211345041751072,-0.2571909212032183,-0.35462145932080213
48.51,5.208767809824489,-0.2582556616413909,-0.35462138869875576
48.52,5.206179924799619,-0.2593215169145201,-0.35462128559201456
48.53,5.203581376255527,-0.26038834242492276,-0.3546211757741286
48.54,5.200972155113737,-0.26145602100964194,-0.3546210853602862
48.550000000000004,5.198352253213678,-0.26252448782257004,-0.35462103414620905
48.56,5.195721662781167,-0.26359372871101866,-0.35462103363376046
48.57,5.1930803759846444,-0.26466376680583037,-0.35462108803258985
48.58,5.190428384634234,-0.26573464855543744,-0.3546211961608347
48.59,5.187765680004716,-0.26680643312841673,-0.35462135320950816
48.6,5.185092252746306,-0.26787918534276745,-0.35462155208873114
48.61,5.1824080928520795,-0.2689529712396643,-0.35462178437639147
48.620000000000005,5.179713189660223,-0.2700278554214573,-0.3546220409637897
48.63,5.177007531876862,-0.27110389951025826,-0.354622312488363
48.64,5.1742911076105305,-0.2721811613028406,-0.3546225896215998
48.65,5.17156390441279,-0.2732596943533373,-0.35462286325960723
48.660000000000004,5.1688259093215985,-0.2743395478165251,-0.3546231246483722
48.67,5.1660771089054185,-0.27542076644762514,-0.3546233654651302
48.68,5.163317489306798,-0.2765033906945467,-0.3546235778700851
48.69,5.1605470362847505,-0.277587456841964,-0.3546237545381157
48.7,5.157765735255555,-0.27867299718289773,-0.3546238886768475
48.71,5.154973571331762,-0.2797600402020171,-0.35462397403553053
48.72,5.152170529359334,-0.28084861076142326,-0.3546240049076978
48.730000000000004,5.149356593952961,-0.28193873028355126,-0.3546239761296091
48.74,5.146531749529578,-0.28303041692758596,-0.3546238830759701
48.75,5.14369598034013,-0.28412368575795344,-0.35462372165386696
48.76,5.140849270499723,-0.2852185489044656,-0.35462348829552043
48.77,5.1379916040162055,-0.2863150157134137,-0.3546231799504419
48.78,5.135122964817284,-0.2874130928903802,-0.3546227940771986
48.79,5.132243336776242,-0.28851278463511815,-0.3546223286350152
48.800000000000004,5.129352703736364,-0.28961409276908523,-0.35462178207534417
48.81,5.1264510495341105,-0.290717016856271,-0.3546211533334823
48.82,5.1235383580211,-0.2918215543180673,-0.3546204418202625
48.83,5.120614613084993,-0.2929277005428436,-0.3546196474138233
48.84,5.117679798669293,-0.29403544899112694,-0.3546187704513932
48.85,5.11473389879212,-0.29514479129646837,-0.3546178117211962
48.86,5.111776897563979,-0.29625571736334905,-0.354616772454261
48.870000000000005,5.108808779204575,-0.2973682154620768,-0.354615654316247
48.88,5.105829528058705,-0.2984822723218141,-0.35461445939907704
48.89,5.102839128611189,-0.2995978732218912,-0.35461319021243015
48.9,5.099837565500928,-0.3007150020820398,-0.3546118496749931
48.910000000000004,5.096824823534047,-0.30183364155226733,-0.35461044110534407
48.92,5.093800887696159,-0.30295377310260424,-0.35460896821247334
48.93,5.090765743163685,-0.3040753771135352,-0.3546074350857667
48.94,5.087719375314313,-0.30519843296747,-0.3546058461844058
48.95,5.084661769736512,-0.30632291914173715,-0.35460420632611306
48.96,5.081592912238108,-0.3074488133039327,-0.35460252067502757
48.97,5.078512788853882,-0.30857609240991607,-0.35460079472869876
48.980000000000004,5.075421385852212,-0.3097047328051093,-0.3545990343040472
48.99,5.072318689740639,-0.31083471033009014,-0.3545972455220274
49.0,5.069204687270333,-0.311966000430932,-0.35459543479092204
49.01,5.066079365439528,-0.31309857827477383,-0.3545936087881919
49.02,5.062942711495656,-0.31423241887224845,-0.35459177444039347
49.03,5.059794712936301,-0.3153674972070867,-0.3545899389011608
49.04,5.056635357508769,-0.31650378837427856,-0.35458810952687525
49.050000000000004,5.05346463320824,-0.31764126772804785,-0.3545862938496772
49.06,5.05028252827441,-0.31877991104081654,-0.35458449954756954
49.07,5.04708903118644,-0.3199196946750444,-0.35458273441104887
49.08,5.04388413065615,-0.32106059576960616,-0.3545810063058671
49.09,5.040667815619251,-0.3222025924429176,-0.35457932313127094
49.1,5.037440075224455,-0.3233456640152754,-0.35457769277308426
49.11,5.034200898820251,-0.3244897912533065,-0.3545761230507739
49.120000000000005,5.030950275939115,-0.32563495663994707,-0.35457462165754905
49.13,5.027688196278888,-0.3267811446738214,-0.3545731960923191
49.14,5.024414649680959,-0.3279283422028334,-0.35457185358212306
49.15,5.021129626104961,-0.32907653879735815,-0.3545706009933355
49.160000000000004,5.017833115599487,-0.3302257271694397,-0.35456944472963414
49.17,5.0145251082683515,-0.3313759036456459,-0.35456839061425344
49.18,5.011205594231834,-0.3325270687022178,-0.35456744375355176
49.19,5.007874563582201,-0.3336792275725074,-0.35456660837830317
49.2,5.004532006332757,-0.3348323909379598,-0.3545658876583663
49.21,5.001177912359528,-0.335986575714283,-0.35456528348564187
49.22,4.997812271334529,-0.3371418059444817,-0.3545647962193425
49.230000000000004,4.994435072649557,-0.33829811380722447,-0.35456442438703045
49.24,4.991046305329309,-0.3394555407410736,-0.3545641643349183
49.25,4.987645957932735,-0.34061413866753276,-0.35456400982243175
49.26,4.984234018441857,-0.34177397125740566,-0.3545639515614204
49.27,4.9808104741382495,-0.3429351151090947,-0.3545639767133871
49.28,4.977375311469224,-0.3440976605568201,-0.354564068387875
49.29,4.973928515909987,-0.34526171153939467,-0.3545642052484322
49.300000000000004,4.970470071836069,-0.3464273834356504,-0.3545643614606263
49.31,4.9669999624352705,-0.3475947969123318,-0.35456450745383744
49.32,4.963518169713217,-0.348764064778457,-0.3545646123300731
49.33,4.960024674678808,-0.3499352688130792,-0.3545646490272568
49.34,4.956519457808859,-0.3511084282171543,-0.3545646026370237
49.35,4.953002499814621,-0.35228347475301386,-0.3545644791135208
49.36,4.9494737825093855,-0.35346026165932104,-0.3545643073564029
49.370000000000005,4.945933289365312,-0.35463861460899315,-0.35456412998323866
49.38,4.942381005479428,-0.35581839110025565,-0.3545639886495145
49.39,4.938816917072967,-0.3569995107730692,-0.3545639139472875
49.4,4.935241010856765,-0.35818195411678333,-0.35456392286461635
49.410000000000004,4.931653273495387,-0.3593657469806186,-0.3545640207479508
49.42,4.928053691237886,-0.3605509441505361,-0.3545642044856575
49.43,4.924442249695199,-0.36173761672070587,-0.3545644653628732
49.44,4.920818933722837,-0.3629258435514386,-0.3545647912035885
49.45,4.91718372737252,-0.36411570583835057,-0.35456516786332654
49.46,4.913536613886867,-0.36530728378385147,-0.3545655802355887
49.47,4.909877575720079,-0.3665006546203765,-0.3545660129202323
49.480000000000004,4.906206594573843,-0.367695891484201,-0.3545664506637196
49.49,4.902523651441605,-0.36889306281885975,-0.35456687864710107
49.5,4.898828726657062,-0.3700922321066732,-0.3545672826724829
49.51,4.895121799944231,-0.3712934578008037,-0.3545676492818362
49.52,4.891402850467558,-0.37249679337900937,-0.35456796583045674
49.53,4.8876718568810915,-0.37370228746861633,-0.3545682205300662
49.54,4.883928797376178,-0.3749099840111725,-0.35456840247159527
49.550000000000004,4.880173649727409,-0.37611992244733666,-0.35456850163432374
49.56,4.876406391336687,-0.3773321379091495,-0.35456850888607827
49.57,4.87262699927532,-0.3785466614124448,-0.3545684159775444
49.58,4.868835450324259,-0.3797635200449491,-0.35456821553279855
49.59,4.865031721012458,-0.38098273714726605,-0.35456790103758246
49.6,4.861215787653481,-0.38220433248550423,-0.35456746682630214
49.61,4.8573876263804125,-0.383428322415631,-0.3545669080682641
49.620000000000005,4.853547213179178,-0.38465472003870727,-0.3545662207538204
49.63,4.849694523920354,-0.3858835353481224,-0.35456540168049977
49.64,4.845829534389531,-0.3871147753690337,-0.3545644484393794
49.65,4.841952220316337,-0.3883484442909822,-0.35456335940169237
49.660000000000004,4.838062557402152,-0.3895845435939032,-0.35456213370584283
49.67,4.83416052134661,-0.39082307216887063,-0.3545607712446388
49.68,4.830246087872881,-0.3920640264337454,-0.3545592726528736
49.69,4.826319232751864,-0.3933074004453236,-0.35455763929490697
49.7,4.822379931825234,-0.39455318600747297,-0.3545558732525676
49.71,4.818428161027461,-0.395801372777171,-0.35455397731287647
49.72,4.814463896406738,-0.3970519483683332,-0.3545519549557529
49.730000000000004,4.810487114144905,-0.39830489845443295,-0.3545498103414679
49.74,4.806497790576354,-0.3995602068707113,-0.35454754829766477
49.75,4.802495902205882,-0.4008178557160643,-0.3545451743060266
49.76,4.798481425725551,-0.4020778254559716,-0.3545426944881731
49.77,4.794454338030497,-0.40334009502661694,-0.35454011559082854
49.78,4.790414616233723,-0.40460464194095974,-0.35453744497005996
49.79,4.78636223767974,-0.4058714423978496,-0.35453469057425285
49.800000000000004,4.78229717995718,-0.4071404713943176,-0.3545318609258544
49.81,4.7782194209102435,-0.40841170284207967,-0.3545289651015727
49.82,4.774128938648917,-0.4096851096893171,-0.35452601271069256
49.83,4.770025711558,-0.4109606640481298,-0.3545230138714408
49.84,4.765909718304811,-0.41223833732885107,-0.35451997918502803
49.85,4.761780937845471,-0.41351810038266046,-0.35451691970686444
49.86,4.757639349429749,-0.4147999236529356,-0.3545138469149057
49.870000000000005,4.753484932604358,-0.4160837773370531,-0.35451077267453396
49.88,4.749317667214554,-0.4173696315602801,-0.3545077091994172
49.89,4.7451375334039225,-0.4186574565630517,-0.3545046690079876
49.9,4.740944511612228,-0.4199472229038702,-0.3545016648747188
49.910000000000004,4.736738582571148,-0.4212389016797834,-0.3544987097756158
49.92,4.732519727297709,-0.4225324647671081,-0.35449581682696385
49.93,4.7282879270851845,-0.4238278850853266,-0.3544929992163567
49.94,4.724043163491241,-0.42512513688753845,-0.3544902701248007
49.95,4.719785418323016,-0.42642419608150883,-0.3544876426384933
49.96,4.715514673618841,-0.42772504058599287,-0.35448512964858925
49.97,4.711230911626156,-0.4290276507279447,-0.3544827437369369
49.980000000000004,4.706934114775263,-0.43033200968699764,-0.3544804970453793
49.99,4.702624265648352,-0.4316381039951311,-0.3544784011257024
50.0,4.698301346943209,-0.4329459241005418,-0.3544764667667113
50.01,4.693965341430927,-0.43425546500642054,-0.35447470379419554
50.02,4.689616231906807,-0.4355667269973884,-0.3544731208385925
50.03,4.685254001133495,-0.4368797164680211,-0.3544717250641432
50.04,4.680878631775245,-0.4381944468700563,-0.35447052185203964
50.050000000000004,4.67649010632205,-0.43951093979648675,-0.3544695144286366
50.06,4.672088407002186,-0.4408292262204318,-0.3544687034285416
50.07,4.667673515681482,-0.44214934790493887,-0.35446808638106697
50.08,4.663245413747656,-0.44347135898944634,-0.3544676571089093
50.09,4.658804081977921,-0.444795327737482,-0.35446740503049684
50.1,4.654349500388564,-0.44612133838101736,-0.3544673143669015
50.11,4.649881648066196,-0.4474494928971846,-0.35446736327723954
50.120000000000005,4.645400502982993,-0.44877991235265113,-0.3544675229987703
50.13,4.640906041803555,-0.45011273706268246,-0.3544677571791438
50.14,4.636398239701784,-0.45144812409441815,-0.3544680218125938
50.15,4.631877070226512,-0.4527862394524556,-0.35446826660467956
50.160000000000004,4.627342505288592,-0.45412724079928657,-0.35446843920932103
50.17,4.622794515387051,-0.45547124643291653,-0.3544684942148829
50.18,4.618233070211535,-0.45681829250969547,-0.3544684074246056
50.19,4.613658139657358,-0.4581682986227812,-0.3544681904356446
50.2,4.609069694990065,-0.45952107805325026,-0.35446789351130303
50.21,4.604467709612795,-0.4608764039920194,-0.3544675893833322
50.22,4.599852159060045,-0.462234087807251,-0.35446734848085787
50.230000000000004,4.595223020370516,-0.46359402017587326,-0.3544672222732473
50.24,4.590580271267999,-0.46495617111365645,-0.35446723926633006
50.25,4.585923889456171,-0.46632057096781804,-0.35446740839150565
50.26,4.581253852122068,-0.46768728954343736,-0.3544677243558033
50.27,4.576570135627858,-0.4690564197299582,-0.3544681724186303
50.28,4.571872715340218,-0.470428066231468,-0.35446873197480155
50.29,4.567161565551407,-0.4718023382714992,-0.3544693790540283
50.300000000000004,4.5624366594587356,-0.4731793450279744,-0.354470088009078
50.31,4.557697969180125,-0.47455919284909426,-0.3544708326392598
50.32,4.552945465791365,-0.4759419836056231,-0.3544715869324197
50.33,4.548179119376025,-0.4773278137616062,-0.3544723255519514
50.34,4.54339889908219,-0.47871677389667155,-0.3544730241537883
50.35,4.538604773182479,-0.480108948510948,-0.35447365958982124
50.36,4.533796709135038,-0.4815044160049044,-0.3544742100353222
50.370000000000005,4.528974673644173,-0.48290324876547,-0.35447465506547754
50.38,4.524138632719799,-0.48430551331509514,-0.35447497569774644
50.39,4.519288551735162,-0.4857112704951763,-0.35447515441158506
50.4,4.514424395482673,-0.4871205756665884,-0.3544751751531018
50.410000000000004,4.509546128227673,-0.488533478915845,-0.35447502332998126
50.42,4.504653713760164,-0.4899500252599593,-0.35447468580026165
50.43,4.499747115444483,-0.49137025484602426,-0.35447415085737
50.44,4.494826296267043,-0.49279420314303285,-0.3544734082131196
50.45,4.489891218882192,-0.4942219011250337,-0.3544724489797141
50.46,4.484941845656286,-0.49565337544476684,-0.35447126565166215
50.47,4.479978138710071,-0.4970886485991314,-0.3544698520876462
50.480000000000004,4.475000059959434,-0.498527739085316,-0.3544682034931889
50.49,4.4700075711546905,-0.4999706615498295,-0.3544663164036914
50.5,4.465000633918326,-0.5014174269299129,-0.35446418866836577
50.51,4.459979209781445,-0.5028680425897504,-0.3544618194344214
50.52,4.4549432602188235,-0.5043225124504577,-0.354459209132158
50.53,4.449892746682728,-0.5057808371165008,-0.3544563594601552
50.54,4.444827630635436,-0.5072430139982947,-0.3544532733708641
50.550000000000004,4.4397478735805915,-0.5087090374324277,-0.3544499550561866
50.56,4.434653437093357,-0.5101788988005557,-0.3544464099327853
50.57,4.429544282849353,-0.5116525866469879,-0.35444264462727226
50.58,4.424420372652452,-0.5131300867970024,-0.3544386669605442
50.59,4.4192816684613705,-0.5146113824758656,-0.35443448593141785
50.6,4.414128132415087,-0.5160964544298878,-0.3544301116990998
50.61,4.408959726856973,-0.5175852810507054,-0.3544255555640885
50.620000000000005,4.403776414357736,-0.5190778385028078,-0.35442082994761415
50.63,4.398578157737033,-0.520574100856385,-0.35441594836879103
50.64,4.3933649200836875,-0.5220740402260532,-0.35441092541933783
50.65,4.388136664774574,-0.5235776269161843,-0.3544057767356491
50.660000000000004,4.382893355491961,-0.5250848295746456,-0.3544005189674927
50.67,4.377634956239201,-0.526595615356804,-0.3543951697425593
50.68,4.372361431354841,-0.5281099500993578,-0.35438974762723563
50.69,4.367072745524897,-0.5296277985072158,-0.35438427208217815
50.7,4.361768863793147,-0.5311491243549207,-0.35437876341211333
50.71,4.356449751569401,-0.532673890703978,-0.3543732427093853
50.72,4.351115374635427,-0.5342020601390254,-0.3543677317899845
50.730000000000004,4.345765699148459,-0.5357335950250055,-0.35436225312120156
50.74,4.340400691642042,-0.5372684577882172,-0.3543568297397333
50.75,4.3350203190238625,-0.5388066112249384,-0.35435148515864545
50.76,4.3296245485704,-0.540348018841184,-0.3543462432617411
50.77,4.324213347917968,-0.5418926452283525,-0.35434112818322383
50.78,4.318786685049834,-0.5434404564798596,-0.35433616417056735
50.79,4.313344528278901,-0.5449914206551383,-0.35433137542771365
50.800000000000004,4.30788684622551,-0.5465455082982357,-0.3543267859354725
50.81,4.302413607789754,-0.5481026930196365,-0.35432241924522034
50.82,4.296924782117579,-0.549662952151682,-0.3543182982412673
50.83,4.2914203385599565,-0.5512262674897188,-0.3543144448662608
50.84,4.2859002466241245,-0.5527926261334092,-0.3543108798028609
50.85,4.280364475915873,-0.5543620214456195,-0.3543076221033872
50.86,4.274812996071532,-0.5559344541491066,-0.3543046887574386
50.870000000000005,4.269245776678232,-0.5575099335849412,-0.3543020941853051
50.88,4.263662787180666,-0.5590884791605275,-0.3542998496423838
50.89,4.258063996772264,-0.5606701220176634,-0.35429796251720297
50.9,4.252449374268475,-0.5622549069541883,-0.35429643550229717
50.910000000000004,4.246818887959419,-0.5638428946297906,-0.35429526561503216
50.92,4.241172505438993,-0.5654341640759483,-0.354294443044952
50.93,4.235510193407325,-0.5670288155019808,-0.35429394980834555
50.94,4.2298319174440095,-0.5686269733210915,-0.3542937582075193
50.95,4.2241376417507634,-0.5702287891792827,-0.35429382913386565
50.96,4.218427328865744,-0.5718344444780821,-0.35429411035087355
50.97,4.212700939359297,-0.5734441513068727,-0.35429453510172343
50.980000000000004,4.206958431536762,-0.5750581496193805,-0.35429502181009465
50.99,4.2011997612039576,-0.5766766966573585,-0.3542954764285778
51.0,4.195424881602824,-0.5783000422560447,-0.35429580017603196
51.01,4.189633743694721,-0.5799283831489689,-0.35429590625910307
51.02,4.183826297005642,-0.5815617982750163,-0.3542957467189506
51.03,4.178002491107796,-0.5832001939852862,-0.35429534017834835
51.04,4.17216227737192,-0.5848433134838653,-0.3542947780852517
51.050000000000004,4.166305610186326,-0.5864908303163392,-0.35429419543725804
51.06,4.160432447055386,-0.588142464171662,-0.35429372496260764
51.07,4.154542747757187,-0.5897980457035173,-0.35429346560524705
51.08,4.148636473171474,-0.5914575212183828,-0.354293474213087
51.09,4.142713584236272,-0.5931209277133777,-0.35429377114042315
51.1,4.136774041190339,-0.5947883634891145,-0.35429434980423063
51.11,4.130817803085105,-0.5964599643494597,-0.35429518540830784
51.120000000000005,4.1248448274989835,-0.5981358868243251,-0.35429624157833084
51.13,4.118855070389641,-0.5998162970653234,-0.354297475042223
51.14,4.11284848603603,-0.6015013637293564,-0.35429883882415025
51.15,4.1068250270374556,-0.603191253511846,-0.35430028439296596
51.160000000000004,4.100784644348061,-0.6048861283992286,-0.3543017630982992
51.17,4.094727287332857,-0.6065861440259629,-0.3543032271271532
51.18,4.088652903836387,-0.60829144873932,-0.35430463013843927
51.19,4.082561440258312,-0.6100021831147179,-0.35430592768133584
51.2,4.076452841632308,-0.6117184797579946,-0.35430707746783857
51.21,4.070327051705985,-0.61344046328748,-0.3543080395470861
51.22,4.064184013020336,-0.6151682504266863,-0.35430877641357617
51.230000000000004,4.0580236669879515,-0.6169019501634736,-0.3543092530707485
51.24,4.051845953969433,-0.6186416639455011,-0.35430943706518486
51.25,4.045650813347701,-0.6203874858937164,-0.35430929850141624
51.26,4.039438183600194,-0.6221395030220923,-0.3543088100442162
51.27,4.033208002368835,-0.6238977954552943,-0.35430794691351164
51.28,4.026960206527863,-0.6256624366398974,-0.3543066868751561
51.29,4.020694732249595,-0.627433493547754,-0.3543050102292985
51.300000000000004,4.014411515068185,-0.6292110268682454,-0.35430289979870977
51.31,4.008110489941565,-0.6309950911909008,-0.35430034091724893
51.32,4.001791591311518,-0.6327857351774702,-0.35429732141956866
51.33,3.9954547531621873,-0.6345830017254067,-0.35429383163176204
51.34,3.989099909076905,-0.6363869281217526,-0.3542898643639439
51.35,3.982726992293587,-0.6381975461905126,-0.354285414903795
51.36,3.9763359357586103,-0.6400148824328561,-0.35428048101179394
51.370000000000005,3.969926672179402,-0.6418389581636869,-0.3542750629167808
51.38,3.963499134075626,-0.6436697896428705,-0.35426916331302544
51.39,3.957053253829071,-0.6455073882052149,-0.35426278735709027
51.4,3.950588963732269,-0.6473517603887572,-0.35425594266496385
51.410000000000004,3.944106196035819,-0.6492029080635345,-0.35424863930862055
51.42,3.937604882994427,-0.651060828562211,-0.3542408898115312
51.43,3.9310849569115973,-0.6529255148132571,-0.354232709142993
51.44,3.9245463501829905,-0.6547969554793462,-0.3542241147100679
51.45,3.9179889953383733,-0.6566751351013675,-0.3542151263471301
51.46,3.911412825082112,-0.6585600342499413,-0.3542057663022045
51.47,3.904817772332015,-0.6604516296873795,-0.3541960592186693
51.480000000000004,3.8982037702565986,-0.662349894539906,-0.3541860321126261
51.49,3.8915707523105567,-0.664254798483011,-0.354175714344543
51.5,3.8849186522682175,-0.6661663079428998,-0.35416513758370566
51.51,3.8782474042550006,-0.668084386314806,-0.3541543357652477
51.52,3.8715569427765772,-0.6700089942014038,-0.3541433450381589
51.53,3.8648472027454415,-0.6719400896752582,-0.3541322037022121
51.54,3.8581181195048115,-0.6738776285664076,-0.35412095213347333
51.550000000000004,3.85136962884953,-0.6758215647798054,-0.35410963269591755
51.56,3.844601667043565,-0.6777718506471017,-0.35409828963682405
51.57,3.8378141708338314,-0.6797284373162896,-0.35408696896428604
51.58,3.8310070774598803,-0.6816912751855629,-0.35407571830338247
51.59,3.8241803246590433,-0.6836603143866469,-0.3540645867284294
51.6,3.8173338506664503,-0.6856355053252233,-0.3540536245671998
51.61,3.8104675942093036,-0.687616799286584,-0.3540428831728575
51.620000000000005,3.8035814944947464,-0.6896041491162076,-0.3540324146583539
51.63,3.7966754911905283,-0.691597509986684,-0.35402227158717786
51.64,3.7897495243974535,-0.693596840264516,-0.3540125066130598
51.65,3.782803534612657,-0.6956021024929291,-0.3540031720597469
51.660000000000004,3.775837462682359,-0.6976132645096457,-0.35399431943020643
51.67,3.768851249742698,-0.6996303007227694,-0.353985998832288
51.68,3.761844837146861,-0.7016531935720716,-0.3539782583050803
51.69,3.7548181663765923,-0.7036819352084535,-0.35397114302678806
51.7,3.7477711789356074,-0.7057165294311929,-0.3539646943805338
51.71,3.740703816222207,-0.7077569939295688,-0.35395894884938267
51.72,3.7336160193776613,-0.7098033628840587,-0.3539539367055414
51.730000000000004,3.7265077291065665,-0.7118556899912989,-0.3539496804510571
51.74,3.7193788854645584,-0.713914051982376,-0.3539461929600475
51.75,3.712229427607998,-0.7159785527090304,-0.3539434752635312
51.76,3.7050592934997635,-0.7180493278583284,-0.3539415139148707
51.77,3.6978684195645783,-0.720126550319746,-0.35394027787779314
51.78,3.690656740287702,-0.7222104361274766,-0.35393971490809006
51.79,3.683424187752373,-0.7243012506763896,-0.3539397474818653
51.800000000000004,3.676170691116723,-0.7263993144319945,-0.35394026852155586
51.81,3.6688961760427987,-0.728505006384873,-0.3539411376108155
51.82,3.6616005641162492,-0.7306187616285247,-0.353942179304934
51.83,3.6542837723465986,-0.7327410561681329,-0.35394318687975745
51.84,3.6469457129289267,-0.7348723675600963,-0.3539439375845504
51.85,3.6395862935776195,-0.7370130979643581,-0.3539442277519497
51.86,3.6322054188315005,-0.7391634594750477,-0.3539439316848648
51.870000000000005,3.624802992532143,-0.7413233670064826,-0.3539430664597794
51.88,3.6173789209421012,-0.7434924338828238,-0.3539418141549564
51.89,3.6099331151370557,-0.7456701179596872,-0.3539404657854618
51.9,3.6024654915290246,-0.7478559245045805,-0.3539393219570297
51.910000000000004,3.594975970660008,-0.7500495339710659,-0.3539386184071196
51.92,3.5874644752617377,-0.752250825294921,-0.35393850143217453
51.93,3.57993092841786,-0.7544598413320217,-0.35393903605743077
51.94,3.5723752521640812,-0.7566767411361844,-0.35394022515237267
51.95,3.564797366539857,-0.758901758994225,-0.3539420280652766
51.96,3.5571971889948206,-0.7611351744648287,-0.3539443752846063
51.97,3.5495746340450745,-0.7633772919422991,-0.3539471790289167
51.980000000000004,3.5419296130970483,-0.7656284271719485,-0.3539503406176199
51.99,3.534262034380919,-0.7678888985083474,-0.35395375552280084
52.0,3.5265718029545603,-0.7701590213189244,-0.3539573168135641
52.01,3.5188588207524987,-0.7724391044501591,-0.3539609175029692
52.02,3.5111229866629072,-0.7747294480402216,-0.3539644521494426
52.03,3.5033641966218867,-0.7770303422112099,-0.3539678179509892
52.04,3.4955823437176163,-0.7793420663315922,-0.3539709154948847
52.050000000000004,3.487777318300006,-0.7816648886497662,-0.3539736492718134
52.06,3.4799490080927176,-0.7839990661640495,-0.35397592803006017
52.07,3.4720972983056164,-0.7863448446413225,-0.35397766502118366
52.08,3.464222071746645,-0.7887024587268682,-0.3539787781722128
52.09,3.4563232089322407,-0.7910721321047768,-0.3539791902099626
52.1,3.4484005881960353,-0.7934540776840515,-0.3539788287543468
52.11,3.4404540857956323,-0.7958484977946685,-0.35397762639217967
52.120000000000005,3.4324835760174253,-0.7982555843805283,-0.3539755207410477
52.13,3.4244889312795173,-0.8006755191835754,-0.35397245450866677
52.14,3.4164700222328883,-0.8031084739168689,-0.3539683755508191
52.15,3.4084267178608623,-0.8055546104209411,-0.3539632369326406
52.160000000000004,3.400358885577134,-0.8080140808065777,-0.3539569969929822
52.17,3.3922663913223836,-0.8104870275805413,-0.3539496194150744
52.18,3.3841490996597923,-0.8129735837600535,-0.35394107330127583
52.19,3.3760068738693776,-0.8154738729713527,-0.3539313332556355
52.2,3.3678395760414825,-0.8179880095394393,-0.35392037947102606
52.21,3.3596470671693774,-0.8205160985671706,-0.3539081978227704
52.22,3.3514292072410887,-0.823058236008202,-0.3538947799668297
52.230000000000004,3.3431858553305838,-0.8256145087353789,-0.3538801234422789
52.24,3.3349168696882385,-0.828184994605539,-0.3538642317781712
52.25,3.326622107830654,-0.8307697625262204,-0.35384711460200546
52.26,3.3183014266298207,-0.8333688725237893,-0.3538287877507144
52.27,3.309954682401551,-0.835982375818405,-0.3538092733812961
52.28,3.301581730993169,-0.8386103149087212,-0.3537886000797723
52.29,3.2931824278702124,-0.8412527236664522,-0.3537668029690083
52.300000000000004,3.284756628202166,-0.8439096274491018,-0.3537439238104362
52.31,3.2763041869469696,-0.8465810432316663,-0.35372001109968687
52.32,3.267824958934117,-0.8492669797604783,-0.35369512015463794
52.33,3.259318798946069,-0.851967437736553,-0.3536693131914067
52.34,3.2507855617974935,-0.8546824100352308,-0.3536426593841726
52.35,3.242225102412479,-0.8574118819586595,-0.3536152349119209
52.36,3.233637275898709,-0.8601558315371013,-0.35358712298161993
52.370000000000005,3.22502193761845,-0.8629142298817836,-0.35355841382654674
52.38,3.2163789432558207,-0.8656870415959033,-0.3535292046758861
52.39,3.207708148879447,-0.8684742252552293,-0.353499599688219
52.4,3.199009411000018,-0.8712757339667294,-0.3534697098436988
52.410000000000004,3.1902825866218665,-0.874091516015723,-0.35343965278838874
52.42,3.181527533287498,-0.8769215156170166,-0.3534095526204635
52.43,3.1727441091140665,-0.8797656737828334,-0.3533795396102778
52.44,3.1639321728204703,-0.8826239293269659,-0.35334974984107553
52.45,3.155091583743713,-0.8854962200239463,-0.35332032475829583
52.46,3.1462222018427632,-0.8883824839487086,-0.35329141060992564
52.47,3.1373238876879723,-0.8912826610245106,-0.35326315775936046
52.480000000000004,3.1283965024338594,-0.8941966948131451,-0.3532357198470531
52.49,3.1194399077726502,-0.897124534587657,-0.3532092527734253
52.5,3.110453965865402,-0.9000661377360696,-0.353183913468731
52.51,3.1014385392472668,-0.9030214725539697,-0.3531598584087573
52.52,3.092393490702558,-0.905990521496493,-0.35313724182565137
52.53,3.0833186831046926,-0.9089732849750272,-0.3531162135514025
52.54,3.07421397921496,-0.9119697858007088,-0.3530969164175781
52.550000000000004,3.0650792414331627,-0.9149800744013148,-0.35307948311541004
52.56,3.0559143314916053,-0.9180042349610681,-0.35306403239883927
52.57,3.046719110082292,-0.9210423926627419,-0.3530506644853493
52.58,3.037493436405361,-0.9240947222434875,-0.35303945547580223
52.59,3.0282371676244346,-0.9271614580960306,-0.35303045058178784
52.6,3.018950158212198,-0.9302429061598696,-0.35302365591238133
52.61,3.0096322591672333,-0.933339457796599,-0.3530190285613226
52.620000000000005,3.000283317081936,-0.936451605691388,-0.35301646477007836
52.63,2.9909031730425477,-0.9395799614117014,-0.35301578611396195
52.64,2.981491661350045,-0.9427252733262036,-0.3530167241279254
52.65,2.97204860807256,-0.9458884415906215,-0.353018904919683
52.660000000000004,2.9625738294905832,-0.949070522885695,-0.3530218377940856
52.67,2.953067130603306,-0.9522727101522098,-0.3530249168714116
52.68,2.9435283040662195,-0.9554962611729599,-0.3530274531244196
52.69,2.933957130246832,-0.9587423404928284,-0.35302876361435864
52.7,2.9243533793894976,-0.9620117576133096,-0.35302833924663224
52.71,2.914716816668712,-0.9653046755896713,-0.3530260583857132
52.72,2.90504720946174,-0.9686205001946181,-0.3530223140399239
52.730000000000004,2.8953443340004528,-0.9719581229256365,-0.3530179142579806
52.74,2.8856079782500674,-0.9753163831170261,-0.35301380337393384
52.75,2.8758379404238736,-0.9786944329740851,-0.3530108041753008
52.76,2.866034025023289,-0.982091866755669,-0.3530094977165551
52.77,2.8561960385085627,-0.9855086849749858,-0.3530102168266153
52.78,2.846323785690537,-0.9889452003888961,-0.3530130894947275
52.79,2.8364170670860775,-0.992401945002389,-0.35301809088508196
52.800000000000004,2.8264756771095954,-0.9958795969423162,-0.3530250878824058
52.81,2.8164994028895647,-0.9993789280595412,-0.353033872923618
52.82,2.806488023522834,-1.0029007679339703,-0.3530441884057858
52.83,2.7964413096266583,-1.0064459796335428,-0.35305574391326
52.84,2.7863590230901214,-1.0100154435511473,-0.35306822828160866
52.85,2.7762409169581264,-1.0136100466961862,-0.3530813180396928
52.86,2.766086735402946,-1.0172306756457814,-0.35309468333577143
52.870000000000005,2.755896213753145,-1.0208782119445143,-0.35310799212127897
52.88,2.7456690785599362,-1.0245535291448653,-0.35312091312663413
52.89,2.7354050476870464,-1.0282574909382856,-0.35313311800255914
52.9,2.7251038304155983,-1.0319909500131907,-0.3531442828830286
52.910000000000004,2.7147651275577815,-1.0357547473875095,-0.3531540895519152
52.92,2.704388631575548,-1.03954971204449,-0.35316222634148425
52.93,2.693974026701997,-1.043376660758194,-0.3531683888513471
52.94,2.6835209890638607,-1.0472363980228232,-0.3531722805563961
52.95,2.6730291868043587,-1.051129716032479,-0.35317361334969655
52.96,2.6624982802063815,-1.055057394675763,-0.35317210805289173
52.97,2.651927921815491,-1.0590202015116106,-0.35316749492473337
52.980000000000004,2.641317756563554,-1.0630188917150338,-0.3531595141822599
52.99,2.6306674218929382,-1.0670542079741183,-0.3531479165537977
53.0,2.6199765478822714,-1.0711268803392957,-0.3531324638685259
53.01,2.60924475737368,-1.0752376260072232,-0.35311292970060526
53.02,2.5984716661027467,-1.0793871490484834,-0.3530891000661291
53.03,2.587656882831253,-1.0835761400677018,-0.3530607741861566
53.04,2.5768000094840393,-1.0878052758092398,-0.35302776531046715
53.050000000000004,2.5659006412895997,-1.092075218691733,-0.3529899016196416
53.06,2.5549583669261002,-1.0963866162913152,-0.35294702719469734
53.07,2.5439727686724583,-1.1007401007628939,-0.35289900306746735
53.08,2.53294342256573,-1.1051362882115514,-0.35284570834681483
53.09,2.521869898565071,-1.10957577801724,-0.3527870414231177
53.1,2.510751760722388,-1.1140591521098577,-0.352722921258633
53.11,2.4995885673607043,-1.11858697421499,-0.35265328875224927
53.120000000000005,2.488379871260101,-1.1231597890648877,-0.3525781081887369
53.13,2.4771252198515916,-1.127778121585818,-0.3524973687690791
53.14,2.465824155419401,-1.1324424760836465,-0.3524110862090867
53.15,2.454476215311284,-1.137153335422083,-0.3523193044176679
53.160000000000004,2.4430809321569025,-1.1419111602104492,-0.35222209724705356
53.17,2.4316378340943343,-1.1467163880300038,-0.35211957029652385
53.18,2.420146445004049,-1.1515694327001236,-0.3520118627760639
53.19,2.408606284750056,-1.1564706836075325,-0.3518991494175679
53.2,2.397016869427034,-1.1614205051347322,-0.35178164240952725
53.21,2.385377711612697,-1.1664192362113543,-0.35165959334230057
53.22,2.3736883206242427,-1.1714671899962148,-0.3515332951675406
53.230000000000004,2.3619482027766083,-1.1765646537693315,-0.35140308410826815
53.24,2.3501568616409987,-1.1817118890465657,-0.35126934151923717
53.25,2.338313798300756,-1.1869091319797755,-0.3511324956506737
53.26,2.3264185116015006,-1.1921565941051129,-0.35099302326845827
53.27,2.314470498391989,-1.197454463500368,-0.350851451087529
53.28,2.3024692537508056,-1.202802906445105,-0.35070835694247704
53.29,2.2904142711936224,-1.2082020696742575,-0.3505643706248268
53.300000000000004,2.2783050428544125,-1.2136520833467868,-0.3504201742848897
53.31,2.266141059632972,-1.2191530648637046,-0.3502765022869775
53.32,2.253921811299169,-1.2247051237049646,-0.35013414037018586
53.33,2.2416467865430256,-1.2303083674829793,-0.34999392394108664
53.34,2.2293154729571545,-1.235962909454607,-0.34985673528062966
53.35,2.216927356935624,-1.2416688777843992,-0.34972349939637515
53.36,2.2044819234698854,-1.2474264269177333,-0.3495951781848107
53.370000000000005,2.191978655818734,-1.2532357515013504,-0.34947276248468373
53.38,2.1794170350241058,-1.2590971033942018,-0.3493572614936359
53.39,2.166796539238413,-1.2650108124425263,-0.3492496888777693
53.4,2.1541166428222542,-1.2709773118383678,-0.3491510447342252
53.410000000000004,2.1413768151611032,-1.27699716910861,-0.3490622923179041
53.42,2.128576519138819,-1.2830711240020207,-0.3489843281589413
53.43,2.115715209191746,-1.2892001348131015,-0.3489179438370572
53.44,2.102792328849271,-1.2953854350270524,-0.3488637771938433
53.45,2.089807307648145,-1.3016286023517458,-0.3488222503164484
53.46,2.07675955728523,-1.3079316422932425,-0.3487934911300826
53.47,2.063648466854955,-1.314297087811086,-0.34877723534883986
53.480000000000004,2.050473397010206,-1.32072811457978,-0.34877270638987423
53.49,2.0372336729132967,-1.3272286660264268,-0.34877847433912545
53.5,2.0239285759550376,-1.3338035700186077,-0.3487923045186835
53.51,2.0105573345161183,-1.3404586031784251,-0.3488110284531829
53.52,1.9971191147043905,-1.347200410591381,-0.34883051572002155
53.53,1.9836130132640457,-1.3540361188326624,-0.3488459008484226
53.54,1.9700380567412805,-1.3609724420723408,-0.34885228866965723
53.550000000000004,1.956393212424324,-1.3680142510094155,-0.34884606378767824
53.56,1.9426774143497907,-1.3751631435477503,-0.3488264287089753
53.57,1.9288895990223873,-1.3824171159270935,-0.3487961455752965
53.58,1.9150287360536884,-1.3897718769532645,-0.3487607358579051
53.59,1.9010938407375146,-1.3972229090683639,-0.3487267157589401
53.6,1.8870839679295477,-1.4047669888194547,-0.34870006695425215
53.61,1.8729981955203143,-1.4124027620138673,-0.3486854889499802
53.620000000000005,1.8588356056904634,-1.4201306850911397,-0.34868627013993425
53.63,1.8445952682383073,-1.4279527211953797,-0.3487044516321449
53.64,1.8302762271892061,-1.4358720102781493,-0.34874106953258743
53.65,1.8158774904603838,-1.443892594022095,-0.3487963815318562
53.660000000000004,1.8013980219289347,-1.4520192098613782,-0.348870049624602
53.67,1.7868367352479149,-1.460257145156126,-0.3489612778962039
53.68,1.7721924888771274,-1.4686121378045678,-0.34906891274629315
53.69,1.757464081928038,-1.4770903110025508,-0.3491915140351336
53.7,1.7426502505311527,-1.4856981326655654,-0.3493274044246426
53.71,1.72774966451495,-1.494442392631275,-0.34947470252570145
53.72,1.712760924245753,-1.503330192795113,-0.349631344004687
53.730000000000004,1.6976825575149204,-1.51236894679933,-0.3497950936315437
53.74,1.6825130163925726,-1.5215663869686482,-0.3499635503977432
53.75,1.6672506739817305,-1.5309305768913226,-0.35013414721176683
53.76,1.6518938210232097,-1.5404699285848806,-0.3503041462160992
53.77,1.6364406623094718,-1.550193223550574,-0.35047063043590065
53.78,1.6208893128699025,-1.5601096372582681,-0.35063049224906384
53.79,1.6052377938950484,-1.5702287668191213,-0.3507804189662813
53.800000000000004,1.5894840283694869,-1.5805606617446615,-0.35091687567064134
53.81,1.5736258363813873,-1.5911158577763826,-0.351036085381524
53.82,1.55766093007644,-1.6019054138626374,-0.35113400651800086
53.83,1.5415869082295113,-1.6129409525018137,-0.3512063074862156
53.84,1.5254012503908458,-1.6242347035804205,-0.35124833831293245
53.85,1.5091013105787408,-1.6357995520821123,-0.35125509898513496
53.86,1.4926843104696672,-1.647649089921561,-0.35122120428874404
53.870000000000005,1.4761473320558847,-1.6597976724256074,-0.3511408446394251
53.88,1.45948730970357,-1.6722604797569909,-0.35100774266377677
53.89,1.4427010215784979,-1.6850535839814573,-0.3508151048206902
53.9,1.4257850803612897,-1.6981940222287033,-0.35055556765459284
53.910000000000004,1.4087359232049417,-1.7116998767631262,-0.35022113783353737
53.92,1.3915498008565774,-1.7255903626856175,-0.3498031252462619
53.93,1.3742227658458033,-1.7398859240770281,-0.3492920683456815
53.94,1.3567506596869439,-1.7546083397749799,-0.34867765042321786
53.95,1.3391290989513525,-1.769780839715115,-0.34794860587790555
53.96,1.3213534601089971,-1.7854282332666644,-0.3470926149045832
53.97,1.3034188630723045,-1.8015770511648599,-0.34609618471996884
53.980000000000004,1.2853201531955674,-1.818255702490352,-0.34494451584547314
53.99,1.2670518816094485,-1.8354946488032573,-0.3436213509424926
54.0,1.2486082837905028,-1.8533265979416835,-0.34210880315102865
54.01,1.229983256052249,-1.8717867196690656,-0.3403871614137044
54.02,1.211170329653438,-1.8909128864768865,-0.3384346688814053
54.03,1.192162642421267,-1.9107459433930747,-0.336227269354584
54.04,1.1729529077732246,-1.931330010300464,-0.3337383168207608
54.050000000000004,1.1535333801444168,-1.9527128222121302,-0.33093824209393286
54.06,1.1338958168860003,-1.97494611329098,-0.3277941679783727
54.07,1.1140314362720438,-1.998086050932701,-0.32426946388487243
54.08,1.0939308706880693,-2.0221937285771765,-0.3203232283126878
54.09,1.0735841146424498,-2.047335726741604,-0.3159096846806779
54.1,1.052980466807578,-2.073584753817288,-0.3109774729380743
54.11,1.0321084650745076,-2.101020381169811,-0.3054688143777553
54.120000000000005,1.0109558138834347,-2.129729889101939,-0.299318521638297
54.13,0.9895093022571029,-2.15980924506063,-0.2924528179721826
54.14,0.9677547114191205,-2.1913642397001842,-0.2847879190014184
54.15,0.9456767102533509,-2.224511811869146,-0.2762283174816207
54.160000000000004,0.9232587360489388,-2.2593816043886434,-0.2666646896119629
54.17,0.9004828587025674,-2.2961177976702767,-0.2559713188252559
54.18,0.8773296245914959,-2.3348812867573985,-0.24400289144972698
54.19,0.8537778770857438,-2.3758522795100956,-0.2305904691928098
54.2,0.8298045480610297,-2.419233423015798,-0.2155363608734615
54.21,0.805384415319057,-2.4652535885544715,-0.19860750838090402
54.22,0.7804898178727273,-2.514172493421105,-0.17952682457404912
54.230000000000004,0.7550903202782953,-2.566286388702688,-0.15796166358409636
54.24,0.7291523131059594,-2.6219351257641974,-0.13350818790236252
54.25,0.7026385342975886,-2.681511014821015,-0.10566974587968003
54.26,0.6755074909437784,-2.7454700436269954,-0.07382628671916702
54.27,0.6477127535232892,-2.8143462420926513,-0.037190003906534486
54.28,0.6192020866390568,-2.8887702819955687,0.005260803656648605
54.29,0.5899163663025615,-2.9694938674340734,0.05488350519957086
54.300000000000004,0.5597882153082983,-3.057422159937059,0.11353343421965878
54.31,0.5287402609750248,-3.1536575828040356,0.18383355230777854
54.32,0.49668287729321825,-3.2595602028829895,0.2696444402047993
54.33,0.46351120632177,-3.3768334157632003,0.37693105181980524
54.34,0.42910113233331576,-3.5076516312904413,0.5154737119870019
54.35,0.3933036235213623,-3.6548692514302443,0.7025412979376107
54.36,0.3559361470218838,-3.8224316897806188,0.9716659114906845
54.370000000000005,0.3167672760249869,-4.016481757956378,1.3968144205797648
54.38,0.275477914384258,-4.249874431216738,2.1741063389567925
54.39,0.2314936738224473,-4.572220095546614,4.009127383369284
54.4,0.18236737912852283,-5.549346354410163,12.15761676329826
54.410000000000004,0.11115026327287701,-1.8843575314138976,-9.110782743786302
54.42,0.10306744280650418,-0.40143425493817825,-17.136144390639018
54.43,0.09919741805188702,-0.4266908248346633,-18.69514767345511
54.44,0.0943061827905174,-0.5301242971198797,-19.548426796458262
54.45,0.08985867953841538,-0.23458251735239175,-19.55239298150057
54.46,0.09435508519651171,1.5186288156638572,-15.576176976791222
54.47,0.12913604624192204,5.600189195794867,-2.9962002033852446
54.480000000000004,0.19299788904105283,6.322422844169302,3.5397327093395514
54.49,0.2505439681493835,5.239010328115215,2.9439232568095086
54.5,0.29923637755003213,4.558357492924313,2.1434723878496706
54.51,0.34255192368890214,4.134083731652066,1.6095656283731286
54.52,0.3823477338953623,3.840854670349728,1.2507203728796021
54.53,0.41961211616584776,3.62144164096617,0.9975346115939763
54.54,0.45492806545883613,3.447874525559451,0.810774910697968
54.550000000000004,0.4886714907912469,3.3050674657245005,0.6679396414665035
54.56,0.521102076078816,3.1841629556287505,0.5554865543630307
54.57,0.5524089866854137,3.0795892305728128,0.4648608309047644
54.58,0.5827358227951156,2.9876404868508084,0.39042129873969733
54.59,0.6121952048119752,2.9057374892843484,0.3283081400690242
54.6,0.6408777952276656,2.8320167596828085,0.27579547064228427
54.61,0.6688581492257407,2.765089473893865,0.23090510719304946
54.620000000000005,0.696198662779799,2.7038932057111085,0.1921672704278512
54.63,0.7229523285393384,2.6475970427744757,0.15846728593105075
54.64,0.74916471598412,2.595538726284626,0.1289444370646482
54.65,0.7748754302921476,2.5471817333943627,0.10292345858699425
54.660000000000004,0.8001192106762128,2.502085194189248,0.07986704747584783
54.67,0.8249267732621935,2.459882308199407,0.059342249904980715
54.68,0.8493254687664908,2.420264538057939,0.04099622271780001
54.69,0.8733398033834041,2.382969818864116,0.024538457119286594
54.7,0.8969918568185301,2.3477736178195205,0.009727541437891674
54.71,0.9203016217371803,2.3144820542887143,-0.003638833816432374
54.72,0.9432872823867561,2.2829265341871254,-0.015731519369914793
54.730000000000004,0.9659654454684716,2.2529595148197963,-0.026695820361645417
54.74,0.9883513331277434,2.224451124835376,-0.03665612031912602
54.75,1.0104589455710067,2.1972864394574296,-0.04571953282404806
54.76,1.0323011990728608,2.171363263799292,-0.05397881161877671
54.77,1.0538900438938097,2.1465903140546736,-0.06151468960568729
54.78,1.0752365656164398,2.122885713671352,-0.06839777348009735
54.79,1.096351072801775,2.100175740642333,-0.07469009002986393
54.800000000000004,1.117243173105452,2.0783937774622414,-0.08044635639988318
54.81,1.1379218397835318,2.0574794250394537,-0.0857150306971679
54.82,1.1583954699999115,2.0373777509254203,-0.09053918592393595
54.83,1.1786719362288103,2.0180386477711805,-0.09495724129840655
54.84,1.1987586316621375,1.9994162834061864,-0.0990035772466793
54.85,1.2186625105488,1.9814686268654418,-0.10270905545519815
54.86,1.2383901240905828,1.9641570382958837,-0.10610146054721037
54.870000000000005,1.257947652553159,1.947445912372142,-0.10920587710699237
54.88,1.2773409340016653,1.9313023672966065,-0.11204501266745814
54.89,1.2965754901536617,1.9156959722177915,-0.11463947579704792
54.9,1.3156565496606818,1.9005985076445333,-0.11700801631572832
54.910000000000004,1.3345890691421451,1.8859837540220186,-0.1191677336897985
54.92,1.3533777522378327,1.8718273045000757,-0.12113425850620185
54.93,1.3720270668782826,1.8581063987148203,-0.12292191098052596
54.94,1.3905412609993153,1.8447997745550517,-0.12454384005866315
54.95,1.408924376848655,1.8318875356698943,-0.1260121458300807
54.96,1.427180264038795,1.8193510325576274,-0.12733798774213745
54.97,1.4453125914710572,1.807172755568324,-0.12853168056168984
54.980000000000004,1.4633248582428326,1.795336238198353,-0.12960277990121427
54.99,1.4812204036330199,1.7838259693716572,-0.13056015877592242
55.0,1.4990024162511217,1.772627313530125,-0.13141207648994402
55.01,1.5166739424212232,1.761726437449992,-0.13216624102236896
55.02,1.534237893863636,1.7511102428148657,-0.13282986594919732
55.03,1.551697054727577,1.7407663036395364,-0.1334097228573854
55.04,1.5690540880183608,1.7306828076418213,-0.13391219018552625
55.050000000000004,1.5863115414544302,1.720848500663866,-0.13434329941460166
55.06,1.6034718527796457,1.7112526331555338,-0.134708779607853
55.07,1.6205373545463198,1.7018849075900069,-0.13501410143473147
55.08,1.6375102783711166,1.6927354253969733,-0.13526452208514628
55.09,1.6543927586504452,1.6837946315269559,-0.13546513293699736
55.1,1.6711868356986526,1.675053253921252,-0.13562091264385234
55.11,1.687894458238936,1.6665022336794595,-0.13573678972234227
55.120000000000005,1.7045174851219083,1.658132638935712,-0.13581772133325742
55.13,1.7210576860527846,1.649935549906666,-0.13586880007270996
55.14,1.7375167409306433,1.6419018904969966,-0.13589541145813255
55.15,1.753896237032199,1.6340221522953626,-0.13590349032791815
55.160000000000004,1.7701976623865707,1.626285872211109,-0.13589999195430202
55.17,1.7864223911653312,1.6186804424496328,-0.13589386355420063
55.18,1.8025716565127907,1.6111919207495107,-0.13589338590756372
55.19,1.8186466276200488,1.603820814560503,-0.135893643422494
55.2,1.8346484152016926,1.5965527985409207,-0.1359087532295422
55.21,1.8505779916282408,1.5893773269010494,-0.13594601897272063
55.22,1.8664362500453686,1.5822884113311269,-0.1360077530740219
55.230000000000004,1.8822240351902735,1.5752821331350209,-0.1360942497511164
55.24,1.8979421588615932,1.568355724013027,-0.13620479990636714
55.25,1.91359140899343,1.5615071270077128,-0.13633815292855067
55.26,1.9291725554436268,1.5547347530270503,-0.1364927616447753
55.27,1.9446863538747508,1.5480373326121815,-0.13666692462396457
55.28,1.960133548437322,1.5414138198365857,-0.13685887369090866
55.29,1.975514873659499,1.5348633271788967,-0.13706682967501438
55.300000000000004,1.9908310557901934,1.5283850799460459,-0.1372890386107597
55.31,2.006082813755259,1.5219783836182763,-0.13752379536488235
55.32,2.021270859834156,1.515642600047713,-0.13776945890407533
55.33,2.0363959001314584,1.509377129898238,-0.13802446186601025
55.34,2.0514586348965076,1.5031813995870675,-0.13828731617745127
55.35,2.066459758729787,1.4970548515337152,-0.1385566158957351
55.36,2.0813999607048097,1.4909969368745277,-0.13883103808701558
55.370000000000005,2.096279924426786,1.485007110038485,-0.13910934231295902
55.38,2.1111003280444556,1.4790848247395965,-0.13939036913721614
55.39,2.125861844227604,1.4732295310571828,-0.1396730379474681
55.4,2.1405651401196564,1.4674406733533627,-0.13995634431295145
55.410000000000004,2.15521087727288,1.4617176888396188,-0.1402393570362015
55.42,2.169799711571811,1.4560600066445861,-0.14052121502010095
55.43,2.184332293149488,1.4504670472699823,-0.14080112403824618
55.44,2.198809266299699,1.4449382223462033,-0.14107835347423514
55.45,2.213231269388035,1.4394729346166646,-0.14135223307976685
55.46,2.2275989347636678,1.4340705780952643,-0.14162214978785992
55.47,2.2419128886734385,1.4287305383551443,-0.14188754460513242
55.480000000000004,2.2561737511792725,1.423452192910354,-0.14214790960552126
55.49,2.2703821360797676,1.418234911664462,-0.1424027850362949
55.5,2.284538650836573,1.4130780574036124,-0.14265175654510787
55.51,2.298643896505756,1.4079809863150377,-0.14289445253461164
55.52,2.312698467674466,1.4029430485167076,-0.14313054164721573
55.53,2.326702952402862,1.3979635885866182,-0.14335973038088456
55.54,2.340657932171441,1.3930419460813375,-0.1435817608364407
55.550000000000004,2.354563981833163,1.388177456038364,-0.14379640859256537
55.56,2.3684216695708367,1.3833694494518687,-0.14400348071098357
55.57,2.382231556858752,1.3786172537190995,-0.14420281386588996
55.58,2.3959941984289532,1.3739201930535494,-0.144394272595313
55.59,2.409710142241633,1.369277588860157,-0.14457774767203946
55.6,2.423379929457808,1.3646887600612263,-0.14475315459733606
55.61,2.4370040944168396,1.3601530233859358,-0.14492043220250328
55.620000000000005,2.4505831646153595,1.3556696936024768,-0.1450795413698296
55.63,2.464117660688667,1.3512380836992128,-0.14523046386348615
55.64,2.47760809639355,1.3468575050042455,-0.14537320127476394
55.65,2.4910549785920413,1.3425272672423054,-0.14550777407865356
55.660000000000004,2.504458807235381,1.338246678519186,-0.14563422080613364
55.67,2.5178200753474083,1.3340150452272233,-0.14575259733421153
55.68,2.5311392690065797,1.3298316718594143,-0.1458629763007394
55.69,2.5444168673256455,1.3256958607221807,-0.14596544664953925
55.7,2.5576533424278503,1.3216069115274525,-0.14606011331906255
55.71,2.570849159418326,1.317564120843528,-0.1461470970892037
55.72,2.5840047763493015,1.313566781376965,-0.14622653460703605
55.730000000000004,2.5971206441769845,1.3096141810464415,-0.14629857862169593
55.74,2.610197206708007,1.3057056018001647,-0.14636339846674729
55.75,2.623234900532529,1.3018403181062963,-0.1464211808464968
55.76,2.636234154940136,1.2980175950210409,-0.14647213100347956
55.77,2.64919539181383,1.2942366856979266,-0.14651647437804494
55.78,2.662119025495454,1.2904968281385938,-0.1465544589226524
55.79,2.6750054626137323,1.2867972408854798,-0.14658635831463196
55.800000000000004,2.6878551018620254,1.2831371171899248,-0.14661247644591924
55.81,2.700668333707146,1.279515616896846,-0.14663315380230824
55.82,2.7134455400006106,1.2759318547473848,-0.1466487767732465
55.83,2.726187093445711,1.2723848827239956,-0.14665979177835342
55.84,2.738893356840191,1.2688736617065197,-0.1466667279181073
55.85,2.751564681942221,1.2653970118647837,-0.1466702362761373
55.86,2.764201407632098,1.26195351394021,-0.14667116659605428
55.870000000000005,2.7768038565128124,1.2585412682389228,-0.14667074547855297
55.88,2.7893723277611273,1.2551575831848938,-0.14667064923529316
55.89,2.801907104189589,1.2518023843097883,-0.14667038237059316
55.9,2.814408464340967,1.248473904916953,-0.14667140547621516
55.910000000000004,2.826876664792178,1.245170199170249,-0.14667500494354446
55.92,2.839311946847679,1.2418900618817592,-0.14668178573245727
55.93,2.8517145417693643,1.2386326533687804,-0.14669204283174964
55.94,2.8640846735799492,1.2353973489071377,-0.1467058987394414
55.95,2.8764225608039977,1.2321836646217226,-0.14672336889434368
55.96,2.8887284176476293,1.2289912152828055,-0.14674439805252049
55.97,2.9010024548433995,1.2258196878655665,-0.14676888260684584
55.980000000000004,2.9132448802782993,1.2226688238434915,-0.14679668523750222
55.99,2.925455899473023,1.219538406736172,-0.1468276450067295
56.0,2.9376357159547735,1.216428253020121,-0.14686158457007115
56.01,2.949784531551097,1.2133382052984352,-0.1468983154708977
56.02,2.9619025466237967,1.2102681270472209,-0.14693764211037375
56.03,2.973989960256229,1.2072178984979367,-0.14697936477277995
56.04,2.9860469704039225,1.2041874133595818,-0.14702328195955827
56.050000000000004,2.998073774015647,1.2011765761758144,-0.14706919220636383
56.06,3.010070567130608,1.1981853001708844,-0.14711689550659823
56.07,3.022037544956166,1.1952135054781783,-0.14716619443060586
56.08,3.0339749019293234,1.19226111767222,-0.14721689500667534
56.09,3.045882831764856,1.1893280665444501,-0.14726880741332138
56.1,3.057761527492159,1.1864142850765589,-0.14732174652101926
56.11,3.069611181482764,1.1835197085758942,-0.14737553231238787
56.120000000000005,3.0814319854698033,1.180644273944219,-0.14742999020429282
56.13,3.093224130560752,1.1777879190574245,-0.1474849512899084
56.14,3.1049878072445067,1.174950582238104,-0.14754025251523878
56.15,3.1167232053935106,1.1721322018057214,-0.14759573680230864
56.160000000000004,3.1284305142617685,1.1693327156924351,-0.14765125312839633
56.17,3.1401099224792586,1.16655206111444,-0.1477066565692411
56.18,3.1517616180433685,1.1637901742901733,-0.14776180831293806
56.19,3.1633857883076586,1.161046990198174,-0.14781657565007073
56.2,3.174982619968394,1.1583224423690601,-0.14787083194419726
56.21,3.1865522990491297,1.155616462705536,-0.14792445658738185
56.22,3.198095010883661,1.1529289813267583,-0.14797733494334775
56.230000000000004,3.209610940097508,1.150259926432389,-0.1480293582818153
56.24,3.2211002705880385,1.1476092241837572,-0.14808042370571373
56.25,3.2325631855036416,1.1449767985979835,-0.14813043407441506
56.26,3.243999867221729,1.1423625714529961,-0.14817929792428897
56.27,3.255410497325927,1.1397664622006274,-0.14822692938861537
56.28,3.2667952565824674,1.1371883878858857,-0.14827324811818487
56.29,3.278154324915597,1.134628263068068,-0.14831817920545293
56.300000000000004,3.2894878813824473,1.1320859997446862,-0.14836165311171223
56.31,3.3007961041469676,1.1295615072730993,-0.14840360560068122
56.32,3.3120791704531727,1.1270546922890063,-0.1484439776790804
56.33,3.323337256597445,1.1245654586183824,-0.14848271554658388
56.34,3.33457053789999,1.1220937071808612,-0.14851977055647414
56.35,3.3457791886752064,1.1196393358811045,-0.14855509918942855
56.36,3.3569633822009837,1.1172022394846999,-0.14858866304282825
56.370000000000005,3.3681232906865755,1.1147823094741702,-0.1486204288387178
56.38,3.3792590852389295,1.11237943388059,-0.14865036845360707
56.39,3.3903709358272724,1.1099934970847192,-0.1486784589744461
56.4,3.401459011245386,1.1076243795790468,-0.14870468278692417
56.410000000000004,3.4125234790713868,1.1052719576827885,-0.14872902770183677
56.42,3.4235645056242925,1.1029361031965594,-0.1487514871290811
56.43,3.434582255916818,1.1006166829797273,-0.14877206031143675
56.44,3.445576893603452,1.0983135584307928,-0.14879075263244446
56.45,3.4565485809227283,1.09602658483914,-0.14880757602103856
56.46,3.4674974786321893,1.093755610568259,-0.1488225494817053
56.47,3.4784237459341645,1.0915004760107712,-0.14883569979290667
56.480000000000004,3.489327540389556,1.0892610122290358,-0.14884706243545986
56.49,3.5002090178159206,1.087037039149387,-0.14885668284481712
56.5,3.5110683321645224,1.0848283631022664,-0.14886461813446267
56.51,3.521905635368081,1.082634773364139,-0.14887093953285535
56.52,3.5327210771466433,1.0804560370979113,-0.14887573595572878
56.53,3.5435148047504144,1.0782918915536186,-0.14887911950208743
56.54,3.55428696260198,1.0761420311640757,-0.14888123449130897
56.550000000000004,3.565037691762973,1.0740060839189136,-0.14888227381129582
56.56,3.5757671290523683,1.0718835607749377,-0.14888251313419898
56.57,3.586475405308243,1.069773715778554,-0.1488823997728756
56.58,3.5971626423008543,1.0676756806736911,-0.1488823770117373
56.59,3.6078289589350456,1.0655895728043698,-0.14888229435781103
56.6,3.618474470964948,1.0635146397818713,-0.1488826747140325
56.61,3.6290992870421293,1.0614503060799212,-0.14888384317895742
56.620000000000005,3.639703511123252,1.0593961867093726,-0.1488859767009011
56.63,3.6502872438814182,1.0573520009947006,-0.1488891754681801
56.64,3.6608505835337604,1.0553175339404361,-0.1488934931913991
56.65,3.671393626385986,1.0532926156940965,-0.14889895278096305
56.660000000000004,3.681916467217592,1.051277109251092,-0.14890555556231128
56.67,3.6924191995677456,1.0492709024677267,-0.1489132871732735
56.68,3.7029019159548224,1.04727390255728,-0.14892212157363272
56.69,3.7133647080491072,1.045286032124633,-0.14893202389685506
56.7,3.7238076668112505,1.043307226208616,-0.148942952549886
56.71,3.73423088260476,1.0413374300140918,-0.14895486080212783
56.72,3.7446344452884697,1.0393765971332303,-0.14896769801455523
56.730000000000004,3.7550184442930243,1.0374246881241693,-0.1489814106076207
56.74,3.765382968684558,1.0354816693572224,-0.14899594283479778
56.75,3.775728107217965,1.0335475120657014,-0.14901123740836258
56.76,3.78605394838143,1.0316221915560315,-0.14902723601085605
56.77,3.796360580433765,1.0297056865438408,-0.14904387971667
56.78,3.8066480914355796,1.0277979785910385,-0.14906110934205302
56.79,3.816916569275321,1.0258990516248254,-0.14907886573740076
56.800000000000004,3.827166101690787,1.024008891523834,-0.14909709003260407
56.81,3.837396776286783,1.022127485759922,-0.1491157238437419
56.82,3.8476086805495036,1.0202548230862274,-0.14913470944789192
56.83,3.8578019018579233,1.0183908932642098,-0.1491539899312977
56.84,3.8679765274926674,1.016535686823608,-0.149173509315223
56.85,3.878132644642583,1.0146891948503398,-0.14919321266305785
56.86,3.888270340409386,1.0128514087982277,-0.14921304617158504
56.870000000000005,3.898389701810462,1.0110223203212254,-0.14923295724877295
56.88,3.9084908157800853,1.009201921123097,-0.14925289458024577
56.89,3.9185737691692677,1.0073902028221304,-0.14927280818611782
56.9,3.9286386487442524,1.005587156828891,-0.14929264946959686
56.910000000000004,3.9386855411838932,1.003792774234917,-0.14931237125881208
56.92,3.9487145330759104,1.0020070457109906,-0.14933192784281646
56.93,3.958725710912263,1.0002299614133099,-0.14935127500291578
56.94,3.9687191610835195,0.998461510896545,-0.14937037004000842
56.95,3.9786949698724587,0.9967016830322825,-0.14938917179899042
56.96,3.988653223446808,0.994950465931923,-0.1494076406908157
56.97,3.998594007851324,0.9932078468730944,-0.14942573871288173
56.980000000000004,4.008517408999094,0.991473812228458,-0.14944342946848344
56.99,4.018423512662057,0.9897483473954157,-0.14946067818628933
57.0,4.028312404461006,0.988031436726987,-0.14947745173975602
57.01,4.038184169854732,0.9863230634613084,-0.14949371866806943
57.02,4.048038894128554,0.9846232096497747,-0.14950944919866727
57.03,4.057876662382026,0.9829318560816792,-0.14952461527272093
57.04,4.067697559515981,0.9812489822048529,-0.14953919057392484
57.050000000000004,4.077501670218668,0.9795745660400453,-0.1495531505620709
57.06,4.087289078951006,0.9779085840874349,-0.14956647251246635
57.07,4.0970598699309,0.9762510112231156,-0.14957913556260655
57.08,4.106814127116419,0.9746018205828217,-0.14959112076790654
57.09,4.116551934187741,0.9729609834294374,-0.1496024111687379
57.1,4.126273374527669,0.9713284690003399,-0.14961299187136928
57.11,4.135978531200538,0.969704244329127,-0.14962285014636117
57.120000000000005,4.145667486929139,0.9680882740346045,-0.14963197554904845
57.13,4.155340324069323,0.9664805200682296,-0.1496403600678669
57.14,4.164997124581888,0.9648809414072155,-0.149647998308789
57.15,4.174637970000987,0.963289493676387,-0.14965488772684227
57.160000000000004,4.184262941398339,0.9617061286746513,-0.14966102892026983
57.17,4.193872119342054,0.9601307937711084,-0.1496664260098291
57.18,4.203465583848621,0.9585634311186737,-0.1496710871366005
57.19,4.213043414325733,0.9570039766046041,-0.14967502512970982
57.2,4.222605689502844,0.9554523584076415,-0.1496782584265518
57.21,4.2321524873443925,0.9539084949404194,-0.1496808123849716
57.22,4.241683884937916,0.9523722917753047,-0.14968272123850662
57.230000000000004,4.25119995834322,0.9508436367608154,-0.1496840311852331
57.24,4.260700782377074,0.9493223915766317,-0.14968480567932135
57.25,4.270186430279023,0.9478083751772051,-0.14968513564465197
57.26,4.27965697311774,0.9463013239578691,-0.14968516331305115
57.27,4.289112478469795,0.9448007795117388,-0.14968513965015512
57.28,4.298553009892776,0.9433065841665677,-0.1496850940827833
57.29,4.307978631009292,0.9418186489764356,-0.1496850926854782
57.300000000000004,4.317389402572176,0.9403366276923614,-0.14968533633218584
57.31,4.326785382512083,0.9388602931740601,-0.1496859362667492
57.32,4.336166626850617,0.9373894844212717,-0.14968695878173222
57.33,4.34553319021236,0.9359240800880432,-0.14968844426621847
57.34,4.354885126148815,0.9344639853068403,-0.14969041633160668
57.35,4.36422248736241,0.933009124166939,-0.1496928869124533
57.36,4.373545325870805,0.931559434988265,-0.14969585942380903
57.370000000000005,4.382853693132314,0.9301148671413757,-0.14969933086006626
57.38,4.39214764014452,0.9286753787958925,-0.149703293265329
57.39,4.401427217523618,0.9272409352623827,-0.14970773480562022
57.4,4.410692475569233,0.9258115077325906,-0.14971264057579675
57.410000000000004,4.419943464318135,0.9243870722977579,-0.14971799322242008
57.42,4.429180233589155,0.922967609167452,-0.14972377343467552
57.43,4.438402833021151,0.9215531020368957,-0.14972996033804653
57.44,4.447611312105143,0.9201435375668424,-0.14973653181465207
57.45,4.456805720211762,0.9187389049503831,-0.14974346476717953
57.46,4.465986106614662,0.9173391955480945,-0.1497507353386726
57.47,4.475152520510649,0.9159444025776392,-0.149758319097284
57.480000000000004,4.484305011036867,0.9145545208474002,-0.1497661911928247
57.49,4.493443627285501,0.9131695465260269,-0.14977432649040678
57.5,4.5025684183163985,0.9117894769416631,-0.14978269968522118
57.51,4.511679433167735,0.9104143104058409,-0.14979128540172654
57.52,4.520776720865069,0.9090440460580465,-0.14980005827981602
57.53,4.529860330428894,0.9076786837278366,-0.14980899304998663
57.54,4.538930310880951,0.9063182238117123,-0.14981806459930402
57.550000000000004,4.547986711249315,0.9049626671626739,-0.1498272480295036
57.56,4.5570295805724355,0.9036120149906799,-0.14983651870836057
57.57,4.566058967902284,0.9022662687723291,-0.14984585231540198
57.58,4.575074922306582,0.9009254301686119,-0.14985522488270486
57.59,4.5840774928702706,0.8995895009495446,-0.14986461283152575
57.6,4.593066728696226,0.8982584829247219,-0.1498739930053793
57.61,4.6020426789053674,0.8969323778789541,-0.14988334270008669
57.620000000000005,4.611005392636087,0.8956111875121963,-0.1498926396913034
57.63,4.619954919043094,0.8942949133831618,-0.14990186225989943
57.64,4.62889130729578,0.8929835568559101,-0.14991098921563634
57.65,4.637814606575978,0.8916771190488757,-0.14991999991948385
57.660000000000004,4.646724866075275,0.8903756007857643,-0.1499288743049173
57.67,4.6556221349918205,0.889079002547978,-0.14993759289843578
57.68,4.664506462526674,0.887787324427497,-0.14994613683990543
57.69,4.673377897879667,0.8865005660803925,-0.14995448790268795
57.7,4.682236490244831,0.8852187266799431,-0.14996262851414288
57.71,4.691082288805298,0.8839418048689053,-0.14997054177678898
57.72,4.699915342727785,0.882669798710198,-0.14997821149057083
57.730000000000004,4.7087357011565265,0.8814027056354375,-0.14998562217658223
57.74,4.717543413206677,0.8801405223903384,-0.14999275910283683
57.75,4.72633852795719,0.8788832449761134,-0.14999960831261122
57.76,4.735121094443039,0.8776308685855739,-0.15000615665613953
57.77,4.743891161646801,0.8763833875326934,-0.15001239182640985
57.78,4.752648778489458,0.8751407951739386,-0.15001830240008623
57.79,4.761393993820417,0.8739030838188295,-0.15002387788504878
57.800000000000004,4.770126856406525,0.8726702446276148,-0.1500291087758549
57.81,4.77884741491998,0.8714422674920449,-0.15003398661949008
57.82,4.787555717924998,0.8702191408947169,-0.1500385040940999
57.83,4.79625181386288,0.8690008517409769,-0.15004265510428966
57.84,4.80493575103527,0.8677873851546106,-0.15004643489815472
57.85,4.813607577585094,0.866578724225801,-0.15004984021285533
57.86,4.822267341474744,0.8653748496941934,-0.15005286945879187
57.870000000000005,4.83091509046061,0.8641757395424333,-0.15005552295682134
57.88,4.839550872062942,0.862981368462221,-0.15005780325060952
57.89,4.848174733529573,0.8617917071331734,-0.15005971552873187
57.9,4.856786721791018,0.8606067212153679,-0.1500612682136515
57.910000000000004,4.865386883403449,0.859426369881301,-0.1500624738172761
57.92,4.873975264473365,0.8582506035573517,-0.15006335025025563
57.93,4.882551910553164,0.8570793601856778,-0.15006392297152166
57.94,4.891116866485757,0.8559125583577715,-0.15006422888845594
57.95,4.89967017614753,0.8547500824850607,-0.15006432460895974
57.96,4.9082118819368,0.8535917405321429,-0.15006430883248717
57.97,4.9167420237272665,0.8524372654501046,-0.1500643044841682
57.980000000000004,4.92526064039422,0.8512867093049291,-0.1500642687138371
57.99,4.933767770390091,0.8501398991180126,-0.15006430439314605
58.0,4.942263450334482,0.8489966778492114,-0.15006448965134056
58.01,4.950747715547779,0.8478569376936169,-0.15006487104808902
58.02,4.9592206004246675,0.8467205990200255,-0.15006547800757003
58.03,4.96768213866014,0.8455876003493732,-0.15006632924715257
58.04,4.976132363401405,0.8444578929142543,-0.15006743617216411
58.050000000000004,4.98457130735724,0.8433314373619298,-0.1500688048979935
58.06,4.992999002880624,0.8422082015934289,-0.15007043755869603
58.07,5.0014154820333845,0.8410881592632035,-0.15007233320626306
58.08,5.0098207766379845,0.839971288690566,-0.15007448845727578
58.09,5.018214918319924,0.8388575720420662,-0.1500768979746572
58.1,5.026597938542883,0.8377469946999876,-0.1500795548369029
58.11,5.034969868638348,0.8366395447632472,-0.15008245082770494
58.120000000000005,5.043330739830661,0.835535212645286,-0.15008557666756173
58.13,5.051680583258458,0.8344339907447446,-0.1500889222020371
58.14,5.0600194299931465,0.8333358731719267,-0.1500924765569262
58.15,5.068347311054816,0.8322408555187979,-0.15009622826769786
58.160000000000004,5.076664257426061,0.8311489346634818,-0.1501001653886213
58.17,5.0849703000639614,0.8300601086024842,-0.15010427558562406
58.18,5.09326546991056,0.828974376305447,-0.15010854621596365
58.19,5.101549797901919,0.8278917375884272,-0.15011296439710597
58.2,5.1098233149760315,0.8268121930025458,-0.15011751706666346
58.21,5.118086052079641,0.8257357437354729,-0.15012219103490276
58.22,5.126338040174202,0.8246623915237241,-0.15012697303099842
58.230000000000004,5.134579310240947,0.8235921385741354,-0.1501318497440124
58.24,5.142809893285213,0.822524987493137,-0.15013680785939393
58.25,5.151029820340145,0.821460941222685,-0.15014183409167256
58.26,5.159239122469737,0.8204000029819548,-0.15014691521386975
58.27,5.167437830771344,0.8193421762139215,-0.15015203808413707
58.28,5.175625976377638,0.8182874645361817,-0.1501571896700003
58.29,5.183803590458177,0.8172358716954312,-0.15016235707053965
58.300000000000004,5.191970704220446,0.816187401525029,-0.15016752753685156
58.31,5.200127348910514,0.8151420579052394,-0.15017268849101512
58.32,5.20827355581335,0.8140998447256866,-0.15017782754383835
58.33,5.21640935625271,0.8130607658496997,-0.1501829325115664
58.34,5.224534781590714,0.8120248250801422,-0.15018799143179012
58.35,5.232649863227049,0.8109920261263958,-0.15019299257873736
58.36,5.240754632597918,0.8099623725722616,-0.15019792447808633
58.370000000000005,5.248849121174605,0.8089358678444041,-0.1502027759215215
58.38,5.256933360461716,0.8079125151807953,-0.15020753598131245
58.39,5.265007381995186,0.8068923175993917,-0.15021219402483005
58.4,5.273071217339893,0.8058752778660515,-0.1502167397295162
58.410000000000004,5.2811248980869765,0.8048613984617445,-0.1502211630983059
58.42,5.289168455850806,0.8038506815483613,-0.15022545447587626
58.43,5.297201922265644,0.8028431289328265,-0.1502296045658944
58.44,5.305225328981879,0.8018387420288321,-0.15023360444964984
58.45,5.313238707661911,0.8008375218155259,-0.1502374456064324
58.46,5.321242089975551,0.7998394687923509,-0.150241119936112
58.47,5.32923550759502,0.7988445829290628,-0.1502446197844522
58.480000000000004,5.337218992189354,0.7978528636097717,-0.1502479379718117
58.49,5.345192575418227,0.7968643095690918,-0.15025106782626585
58.5,5.353156288925124,0.7958789188189433,-0.15025400322197854
58.51,5.361110164329683,0.7948966885629308,-0.15025673862449668
58.52,5.369054233219126,0.793917615095005,-0.15025926914477405
58.53,5.376988527138553,0.7929416936777622,-0.1502615906044718
58.54,5.38491307757994,0.7919689183937331,-0.15026369961613817
58.550000000000004,5.392827915969443,0.7909992819606549,-0.15026559368317333
58.56,5.400733073652598,0.7900327754972405,-0.15026727132685702
58.57,5.408628581876925,0.7890693882195717,-0.15026873225113513
58.58,5.4165144717709515,0.7881091070370376,-0.15026997756182053
58.59,5.424390774318545,0.7871519159975074,-0.15027101006699878
58.6,5.432257520326559,0.7861977954956394,-0.1502718347042175
58.61,5.440114740382831,0.7852467210869014,-0.15027245917712903
58.620000000000005,5.4479624647990965,0.7842986615935534,-0.1502728949647757
58.63,5.455800723528783,0.7833535757997167,-0.15027315906439076
58.64,5.463629546037934,0.7824114058718574,-0.15027327740635954
58.65,5.471448961071447,0.7814720610594397,-0.15027329307070697
58.660000000000004,5.479258996112317,0.7805353696204235,-0.15027328725951547
58.67,5.487059677135483,0.7796012764842053,-0.15027327058705603
58.68,5.494851030234698,0.7786697618836614,-0.15027325857734936
58.69,5.502633080570739,0.7777407078401449,-0.15027331034801594
58.7,5.510405852322972,0.7768140339492844,-0.1502734611036337
58.71,5.518169368988823,0.7758896822352306,-0.1502737331945848
58.72,5.5259236535602305,0.7749676085969839,-0.15027414130179495
58.730000000000004,5.533668728638115,0.774047778389516,-0.1502746950088929
58.74,5.541404616513006,0.7731301638496524,-0.15027540026871328
58.75,5.549131339225141,0.7722147424570358,-0.15027626032367264
58.76,5.556848918610962,0.7713014958204288,-0.15027727632433377
58.77,5.564557376340245,0.7703904088829168,-0.15027844776688837
58.78,5.572256733946326,0.7694814693326084,-0.1502797728150121
58.79,5.579947012851245,0.7685746671521101,-0.15028124854418687
58.800000000000004,5.587628234386833,0.7676699942653908,-0.1502828711319552
58.81,5.595300419812652,0.7667674442551351,-0.15028463600923447
58.82,5.602963590331422,0.7658670121324924,-0.1502865379828189
58.83,5.610617767102302,0.7649686941466466,-0.15028857133607684
58.84,5.6182629712524665,0.7640724876252305,-0.15029072991281453
58.85,5.625899223887169,0.7631783908390355,-0.15029300718793123
58.86,5.633526546098608,0.7622864028861259,-0.15029539632755062
58.870000000000005,5.641144958973683,0.7613965235916621,-0.15029789024066353
58.88,5.648754483600793,0.76050875342058,-0.1503004816238419
58.89,5.656355141075874,0.7596230934008701,-0.15030316300025315
58.9,5.663946952507674,0.7587395450557282,-0.15030592675391719
58.910000000000004,5.671529939022392,0.7578581103431172,-0.1503087651600038
58.92,5.679104121767738,0.7569787916016028,-0.15031167041178173
58.93,5.686669521916527,0.7561015915015473,-0.15031463464471442
58.94,5.694226160669737,0.7552265130008308,-0.1503176499581596
58.95,5.701774059259202,0.7543535593044718,-0.15032070843499976
58.96,5.709313238949875,0.7534827338276243,-0.15032380215949478
58.97,5.716843721041772,0.7526140401614104,-0.1503269232336414
58.980000000000004,5.724365526871578,0.7517474820412513,-0.1503300637922213
58.99,5.731878677813911,0.7508830633172964,-0.15033321601675687
59.0,5.739383195282358,0.7500207879266702,-0.15033637214851675
59.01,5.746879100730208,0.7491606598672242,-0.1503395245007439
59.02,5.75436641565092,0.7483026831725693,-0.15034266547022562
59.03,5.761845161578363,0.7474468618881354,-0.1503457875483376
59.04,5.769315360086832,0.7465932000480404,-0.15034888333167662
59.050000000000004,5.776777032790815,0.7457417016525615,-0.15035194553239775
59.06,5.784230201344523,0.7448923706459782,-0.15035496698837242
59.07,5.79167488744126,0.7440452108946454,-0.15035794067324443
59.08,5.799111112812499,0.7432002261649371,-0.15036085970657043
59.09,5.806538899226795,0.7423574201009955,-0.15036371736408394
59.1,5.813958268488422,0.7415167962019285,-0.15036650708826715
59.11,5.8213692424358365,0.7406783577982303,-0.1503692224993478
59.120000000000005,5.828771842939856,0.7398421080270455,-0.15037185740691877
59.13,5.8361660919015765,0.7390080498060175,-0.15037440582232098
59.14,5.843552011250072,0.738176185805212,-0.15037686197204422
59.15,5.850929622939752,0.7373465184166275,-0.15037922031240758
59.160000000000004,5.858298948947421,0.7365190497206827,-0.15038147554583
59.17,5.865660011268958,0.7356937814489176,-0.15038362263908892
59.18,5.873012831915661,0.7348707149419139,-0.15038565684406946
59.19,5.88035743291007,0.7340498511012222,-0.15038757372163733
59.2,5.887693836281327,0.7332311903337251,-0.1503893691694314
59.21,5.8950220640598845,0.7324147324862627,-0.150391039454688
59.22,5.90234213827156,0.7316004767677836,-0.15039258125348498
59.230000000000004,5.9096540809306894,0.7307884216550943,-0.15039399169840265
59.24,5.916957914032222,0.7299785647768189,-0.15039526843731849
59.25,5.924253659542584,0.7291709027677977,-0.15039640970724485
59.26,5.9315413393888115,0.728365431082457,-0.15039741442896482
59.27,5.938820975445603,0.7275621437495845,-0.15039828233121755
59.28,5.946092589519464,0.7267610330406433,-0.15039901411827256
59.29,5.953356203328974,0.7259620890049816,-0.15039961170388766
59.300000000000004,5.960611838479396,0.725165298789326,-0.15040007855211468
59.31,5.967859516428748,0.7243706455832737,-0.15040042020179736
59.32,5.9750992584402765,0.7235781068551772,-0.150400645135874
59.33,5.982331085510629,0.7227876510578087,-0.15040076638340896
59.34,5.989555018248569,0.7219992303130813,-0.15040080500236652
59.35,5.996771076624464,0.7212127584208222,-0.1504008000270136
59.36,6.003979279463368,0.7204281185151357,-0.15040079789451438
59.370000000000005,6.0111796452346935,0.7196453409676233,-0.15040078130544704
59.38,6.018372192245452,0.7188643533294254,-0.15040078768378515
59.39,6.025556938049237,0.7180850906924163,-0.15040084547270532
59.4,6.032733899656086,0.7173075074621018,-0.1504009725066689
59.410000000000004,6.039903093682088,0.716531569560763,-0.15040118060762486
59.42,6.047064536442889,0.7157572505126225,-0.15040147773789247
59.43,6.054218244017869,0.7149845292579065,-0.15040186916826884
59.44,6.061364232297033,0.7142133888047005,-0.1504023581860161
59.45,6.0685025170169595,0.7134438153344501,-0.15040294655883668
59.46,6.0756331137891975,0.7126757975751077,-0.15040363485690111
59.47,6.082756038123358,0.7119093263429169,-0.15040442268636603
59.480000000000004,6.089871305446179,0.711144394196068,-0.1504053088646567
59.49,6.0969789311175315,0.7103809951657049,-0.15040629155575364
59.5,6.104078930444061,0.7096191245422433,-0.1504073683770365
59.51,6.111171318690881,0.7088587787023876,-0.15040853648530278
59.52,6.118256111091701,0.7080999549667988,-0.15040979264716997
59.53,6.12533332285764,0.7073426514813357,-0.15041113329751027
59.54,6.132402969184991,0.7065868671167277,-0.150412554588561
59.550000000000004,6.1394650652620175,0.7058326013829032,-0.15041405243164407
59.56,6.146519626274949,0.7050798543551081,-0.1504156225329586
59.57,6.153566667413342,0.7043286266096291,-0.15041726042455272
59.58,6.1606062038747735,0.7035789191674248,-0.15041896149134384
59.59,6.16763825086905,0.7028307334443159,-0.1504207209948639
59.6,6.174662823621912,0.7020840712066782,-0.15042253409426531
59.61,6.181679937378359,0.7013389345317587,-0.15042439586503098
59.620000000000005,6.188689607405572,0.7005953257719143,-0.15042630131574028
59.63,6.195691848995477,0.6998532475222073,-0.1504282454031765
59.64,6.202686677467055,0.6991127025908445,-0.15043022304602952
59.65,6.209674108168316,0.6983736939720637,-0.15043222913739623
59.660000000000004,6.216654156478043,0.6976362248211486,-0.15043425855623452
59.67,6.223626837807266,0.6969002984312188,-0.1504363061779509
59.68,6.2305921676005545,0.6961659182115816,-0.15043836688422238
59.69,6.237550161337069,0.6954330876673983,-0.150440435572181
59.7,6.244500834531422,0.6947018103804704,-0.15044250716305618
59.71,6.251444202734334,0.6939720899909516,-0.15044457661036995
59.72,6.258380281533165,0.6932439301798237,-0.15044663890776444
59.730000000000004,6.26530908655221,0.692517334651983,-0.150448689096543
59.74,6.272230633452859,0.6917923071197717,-0.15045072227299836
59.75,6.279144937933603,0.691068851286824,-0.15045273359560027
59.76,6.286052015729857,0.690346970832056,-0.1504547182921212
59.77,6.292951882613641,0.6896266693937019,-0.15045667166675175
59.78,6.299844554393068,0.6889079505531265,-0.15045858910733534
59.79,6.3067300469117304,0.6881908178183905,-0.15046046609273528
59.800000000000004,6.313608376047862,0.6874752746072534,-0.15046229820048954
59.81,6.320479557713335,0.6867613242294895,-0.1504640811148128
59.82,6.32734360785252,0.6860489698681889,-0.15046581063510353
59.83,6.334200542440891,0.6853382145598494,-0.1504674826850551
59.84,6.341050377483477,0.684629061172877,-0.15046909332255348
59.85,6.347893129013036,0.6839215123840349,-0.15047063875058478
59.86,6.35472881308804,0.6832155706524369,-0.15047211532934604
59.870000000000005,6.36155744579035,0.6825112381903802,-0.1504735195899038
59.88,6.368379043222559,0.6818085169302263,-0.15047484824977517
59.89,6.375193621505044,0.6811074084863211,-0.15047609823091668
59.9,6.382001196772555,0.6804079141106045,-0.15047726668076794
59.910000000000004,6.38880178517033,0.6797100346400571,-0.15047835099722817
59.92,6.395595402849634,0.6790137704336368,-0.15047934885868403
59.93,6.402382065962633,0.6783191212952183,-0.15048025826073397
59.94,6.409161790656358,0.6776260863778065,-0.1504810775618433
59.95,6.415934593065632,0.6769346640619448,-0.15048180554124502
59.96,6.422700489304563,0.6762448517978048,-0.15048244147400963
59.97,6.429459495456277,0.675556645894388,-0.1504829852309721
59.980000000000004,6.436211627560115,0.6748700412288872,-0.15048343741598885
59.99,6.442956901595349,0.6741850308295875,-0.1504837995619185
60.0,6.449695333459802,0.67350160524613,-0.15048407442458156
60.01,6.456426938940403,0.6728197515327826,-0.15048426645332758
60.02,6.463151733670155,0.6721394514459584,-0.15048438261568542
60.03,6.469869733059174,0.6714606777653828,-0.15048443405211323
60.04,6.476580952165881,0.6707833847615532,-0.15048444023220017
60.050000000000004,6.4832854053863,0.6701074817006512,-0.15048443859863592
60.06,6.4899831063996345,0.6694329532983716,-0.15048442941725992
60.07,6.496674068987248,0.6687597858711146,-0.15048442193737355
60.08,6.503358306469254,0.6680879246655111,-0.15048444019484378
60.09,6.51003583170654,0.6674173315796589,-0.15048449910708223
60.1,6.516706657234226,0.6667479787177186,-0.1504846085125987
60.11,6.523370795343165,0.6660798446855207,-0.1504847751238163
60.120000000000005,6.530028258134083,0.6654129126059805,-0.15048500353061933
60.13,6.536679057556373,0.6647471689372471,-0.1504852967849813
60.14,6.543323205437401,0.6640826027088947,-0.15048565677334103
60.15,6.54996071350542,0.6634192049972693,-0.15048608446964257
60.160000000000004,6.55659159340807,0.6627569685479072,-0.15048658011588126
60.17,6.5632158567275685,0.6620958874936713,-0.15048714335591512
60.18,6.569833514993492,0.6614359571380249,-0.15048777333770466
60.19,6.576444579693571,0.6607771737843046,-0.15048846879340189
60.2,6.58304906228299,0.6601195345984571,-0.15048922810340404
60.21,6.589646974192417,0.6594630374967625,-0.15049004934849308
60.22,6.59623832683505,0.658807681052605,-0.15049093035292518
60.230000000000004,6.602823131612779,0.6581534644180557,-0.15049186872051065
60.24,6.609401399921609,0.657500387257145,-0.1504928618651793
60.25,6.615973143156516,0.6568484496884988,-0.15049390703713994
60.26,6.622538372715723,0.6561976522355637,-0.15049500134548077
60.27,6.629097100004528,0.655547995783059,-0.15049614177785592
60.28,6.635649336438713,0.6548994815385738,-0.15049732521777093
60.29,6.642195093447615,0.6542521109984568,-0.15049854845986838
60.300000000000004,6.648734382476855,0.6536058859173192,-0.15049980822353398
60.31,6.655267214990756,0.6529608082805894,-0.15050110116509102
60.32,6.661793602474563,0.6523168802796576,-0.1505024238887921
60.33,6.668313556436363,0.6516741042892396,-0.15050377295678913
60.34,6.674827088408827,0.6510324828466345,-0.1505051448982303
60.35,6.6813342099507125,0.6503920186326025,-0.15050653621761442
60.36,6.687834932648248,0.6497527144536505,-0.15050794340249554
60.370000000000005,6.69432926811628,0.6491145732254956,-0.1505093629306531
60.38,6.700817227999284,0.6484775979575623,-0.15051079127679035
60.39,6.707298823972251,0.647841791738334,-0.15051222491884267
60.4,6.713774067741384,0.6472071577214388,-0.1505136603439568
60.410000000000004,6.720242971044702,0.6465736991123213,-0.15051509405420394
60.42,6.72670554565247,0.6459414191554026,-0.1505165225720775
60.43,6.733161803367551,0.6453103211216026,-0.15051794244582972
60.44,6.739611756025594,0.6446804082961076,-0.15051935025470203
60.45,6.746055415495129,0.6440516839663029,-0.15052074261408907
60.46,6.752492793677502,0.6434241514097234,-0.15052211618070133
60.47,6.758923902506754,0.64279781388195,-0.15052346765775976
60.480000000000004,6.765348753949315,0.6421726746042608,-0.15052479380031192
60.49,6.7717673600035955,0.6415487367509962,-0.15052609142068885
60.5,6.77817973269947,0.6409260034363984,-0.15052735739420917
60.51,6.784585884097594,0.6403044777008194,-0.15052858866518326
60.52,6.790985826288603,0.639684162496039,-0.15052978225333272
60.53,6.797379571392125,0.639065060669515,-0.1505309352607086
60.54,6.803767131555687,0.638447174947263,-0.15053204487924357
60.550000000000004,6.81014851895339,0.6378305079149525,-0.15053310839912717
60.56,6.816523745784391,0.6372150619969131,-0.1505341232181455
60.57,6.822892824271195,0.6366008394323964,-0.15053508685227515
60.58,6.829255766657663,0.6359878422484363,-0.1505359969478326
60.59,6.835612585206744,0.6353760722284141,-0.15053685129557917
60.6,6.841963292197826,0.6347655308751196,-0.15053764784732504
60.61,6.848307899923768,0.6341562193666573,-0.1505383847357619
60.620000000000005,6.854646420687359,0.6335481385030514,-0.15053906029849254
60.63,6.860978866797226,0.6329412886403437,-0.1505396731076654
60.64,6.867305250563001,0.6323356696077513,-0.15054022200718153
60.65,6.87362558428955,0.6317312806011441,-0.1505407061604292
60.660000000000004,6.879939880269959,0.6311281200425878,-0.1505411251130393
60.67,6.88624815077689,0.6305261853894467,-0.15054147887783476
60.68,6.8925504080516875,0.6299254728652751,-0.1505417680539816
60.69,6.8988466642901765,0.6293259770626856,-0.1505419940017132
60.7,6.9051369316235025,0.6287276903214283,-0.15054215911376487
60.71,6.9114212220908104,0.6281306016725721,-0.15054226727140277
60.72,6.917699547597298,0.6275346948231766,-0.15054232470240944
60.730000000000004,6.92397191984138,0.6269399435142836,-0.15054234191241522
60.74,6.930238350156783,0.6263462966585149,-0.15054233950866935
60.75,6.9364988492223025,0.6257536945667705,-0.15054233774840578
60.76,6.942753427606669,0.6251621564418404,-0.1505423286119445
60.77,6.949002095762096,0.624571642122077,-0.15054233023375901
60.78,6.955244863749359,0.6239821181796749,-0.15054235564257662
60.79,6.961481741346537,0.6233935606812719,-0.15054241330244916
60.800000000000004,6.967712738123779,0.622805951549861,-0.15054250899490798
60.81,6.973937863491366,0.6222192766609065,-0.15054264673840015
60.82,6.980157126733349,0.6216335247501731,-0.1505428293005002
60.83,6.986370537032473,0.6210486867280811,-0.1505430585138176
60.84,6.9925781034894685,0.6204647552190076,-0.1505433354856317
60.85,6.998779835138479,0.61988172423536,-0.15054366074479042
60.86,7.004975740959687,0.619299588937542,-0.15054403434906233
60.870000000000005,7.011165829889848,0.6187183454514061,-0.1505444559662416
60.88,7.017350110831176,0.6181379907257468,-0.1505449249371043
60.89,7.02352859265902,0.6175585224185821,-0.15054544032538492
60.9,7.029701284228461,0.6169799388047281,-0.15054600095820403
60.910000000000004,7.035868194380091,0.6164022386994743,-0.15054660545930726
60.92,7.0420293319450735,0.6158254213946807,-0.15054725227677684
60.93,7.048184705749657,0.6152494866046228,-0.15054793970642122
60.94,7.054334324619144,0.6146744344196023,-0.15054866591173435
60.95,7.060478197381455,0.6141002652658222,-0.1505494289410923
60.96,7.066616332870294,0.613526979870374,-0.15055022674270482
60.97,7.072748739928018,0.612954579230439,-0.15055105717771666
60.980000000000004,7.078875427408198,0.6123830645859957,-0.15055191803177806
60.99,7.0849964041778986,0.6118124373954622,-0.1505528070253331
61.0,7.0911116791197815,0.6112426993138161,-0.1505537218228285
61.01,7.097221261133957,0.6106738521728152,-0.15055466004100992
61.02,7.103325159139662,0.6101058979630053,-0.15055561925644462
61.03,7.109423382076751,0.6095388388172671,-0.1505565970123768
61.04,7.115515938907073,0.608972676995662,-0.15055759082502151
61.050000000000004,7.1216028386156465,0.6084074148714074,-0.15055859818937534
61.06,7.127684090211728,0.6078430549178241,-0.15055961658460643
61.07,7.1337597027297655,0.60727959969609,-0.15056064347910036
61.08,7.139829685230206,0.6067170518437078,-0.1505616763352025
61.09,7.14589404680021,0.6061554140635504,-0.1505627126137131
61.1,7.15195279655424,0.6055946891134052,-0.1505637497781733
61.11,7.15800594363458,0.6050348797959009,-0.1505647852989892
61.120000000000005,7.164053497211725,0.6044759889487437,-0.1505658166574284
61.13,7.170095466484668,0.6039180194351914,-0.1505668413495212
61.14,7.176131860681136,0.6033609741346369,-0.15056785688991642
61.15,7.182162689057689,0.6028048559332659,-0.1505688608157141
61.160000000000004,7.1881879608997465,0.6022496677146792,-0.15056985069031972
61.17,7.1942076855215,0.6016954123503938,-0.1505708241073573
61.18,7.200221872265769,0.6011420926901028,-0.15057177869469152
61.19,7.206230530503711,0.600589711551621,-0.15057271211859552
61.2,7.2122336696344655,0.6000382717103483,-0.15057362208813121
61.21,7.218231299084657,0.5994877758881675,-0.15057450635978395
61.22,7.224223428307821,0.5989382267414982,-0.15057536274246455
61.230000000000004,7.230210066783678,0.5983896268484384,-0.15057618910291465
61.24,7.236191224017268,0.5978419786946437,-0.15057698337166348
61.25,7.242166909537972,0.5972952846576693,-0.15057774354964965
61.26,7.248137132898331,0.5967495469894046,-0.15057846771567274
61.27,7.254101903672697,0.5962047677960978,-0.15057915403488298
61.28,7.260061231455651,0.5956609490153337,-0.1505798007685832
61.29,7.266015125860209,0.5951180923891468,-0.15058040628568478
61.300000000000004,7.271963596515697,0.5945761994321628,-0.15058096907628934
61.31,7.277906653065282,0.5940352713932329,-0.1505814877680374
61.32,7.283844305163114,0.5934953092084915,-0.15058196114609068
61.33,7.2897765624708954,0.5929563134427974,-0.1505823881780184
61.34,7.295703434653825,0.5924182842151835,-0.15058276804539866
61.35,7.301624931375655,0.5918812211016176,-0.15058310018490562
61.36,7.307541062292671,0.5913451230045713,-0.1505833843431923
61.370000000000005,7.313451837046087,0.5908099879720872,-0.15058362065264203
61.38,7.319357265252269,0.5902758129361123,-0.15058380974023938
61.39,7.325257356489753,0.5897425933134813,-0.1505839528923232
61.4,7.3311521202811,0.5892103223529671,-0.15058405232160005
61.410000000000004,7.337041566065962,0.5886789899552308,-0.15058411164358873
61.42,7.342925703156877,0.5881485801904474,-0.15058413686040817
61.43,7.348804540653514,0.5876190645005751,-0.15058413896188697
61.44,7.354678087230089,0.5870903861190728,-0.15058413847725077
61.45,7.360546351185504,0.5865625455450187,-0.15058413250041708
61.46,7.366409340890022,0.5860355300162274,-0.1505841279893354
61.47,7.372267064434267,0.585509309314025,-0.1505841367007709
61.480000000000004,7.378119529653915,0.5849838620723827,-0.15058416615481568
61.49,7.383966744200687,0.5844591724389281,-0.150584221447944
61.5,7.3898087155869465,0.5839352281657672,-0.1505843061438914
61.51,7.395645451215993,0.5834120195534167,-0.15058442274625544
61.52,7.401476958404079,0.5828895388085497,-0.15058457297953884
61.53,7.40730324439723,0.5823677796228285,-0.15058475797073717
61.54,7.413124316384569,0.5818467368804775,-0.1505849783740541
61.550000000000004,7.41894018150911,0.5813264064460844,-0.1505852344606301
61.56,7.424750846876727,0.580806785005136,-0.15058552618549764
61.57,7.430556319563733,0.5802878699407317,-0.15058585323903573
61.58,7.436356606623347,0.5797696592360094,-0.15058621508747772
61.59,7.442151715091285,0.5792521513953803,-0.1505866110054564
61.6,7.447941651990629,0.578735345379869,-0.15058704010260593
61.61,7.453726424336136,0.5782192405532497,-0.15058750134563179
61.620000000000005,7.459506039138027,0.5777038366366013,-0.15058799357686095
61.63,7.465280503405337,0.577189133669534,-0.150588515530014
61.64,7.471049824148967,0.5766751319767611,-0.15058906584375284
61.65,7.476814008384361,0.5761618321390264,-0.15058964307342698
61.660000000000004,7.482573063133946,0.5756492349675978,-0.15059024570134488
61.67,7.488326995429312,0.5751373414817237,-0.15059087214582398
61.68,7.494075812313203,0.5746261528885587,-0.15059152076922516
61.690000000000005,7.4998195208413,0.5741156705651677,-0.1505921898851344
61.7,7.505558128083827,0.573605896042299,-0.1505928777648207
61.71,7.5112916411270305,0.5730968309896408,-0.15059358264308637
61.72,7.51702006707449,0.5725884772023663,-0.15059430272359464
61.730000000000004,7.522743413048315,0.572080836588768,-0.15059503618375125
61.74,7.5284616861902025,0.5715739111588316,-0.15059578117920824
61.75,7.534174893662429,0.5710677030136124,-0.15059653584803973
61.76,7.539883042648688,0.570562214335296,-0.15059729831464436
61.77,7.545586140354866,0.5700574473778528,-0.15059806669340745
61.78,7.551284194009699,0.569553404458177,-0.15059883909217053
61.79,7.556977210865385,0.5690500879476413,-0.1505996136155339
61.800000000000004,7.562665198198072,0.5685475002639885,-0.15060038836802783
61.81,7.568348163308274,0.5680456438634882,-0.15060116145717883
61.82,7.574026113521239,0.5675445212332895,-0.1506019309965015
61.83,7.579699056187204,0.5670441348839019,-0.15060269510844224
61.84,7.585366998681607,0.5665444873417615,-0.15060345192729443
61.85,7.591029948405182,0.5660455811417591,-0.15060419960213378
61.86,7.596687912784035,0.565547418819729,-0.1506049362997743
61.870000000000005,7.6023408992696035,0.5650500029047703,-0.1506056602078007
61.88,7.607988915338539,0.5645533359113476,-0.1506063695376944
61.89,7.613631968492542,0.5640574203310401,-0.1506070625281098
61.9,7.619270066258072,0.5635622586238825,-0.15060773744832312
61.910000000000004,7.624903216186001,0.5630678532091158,-0.1506083926019277
61.92,7.630531425851133,0.5625742064552625,-0.15060902633081277
61.93,7.636154702851673,0.5620813206692408,-0.15060963701953534
61.940000000000005,7.641773054808534,0.561589198084424,-0.15061022310013233
61.95,7.647386489364533,0.5610978408472735,-0.15061078305751646
61.96,7.652995014183464,0.5606072510021992,-0.1506113154355958
61.97,7.658598636948981,0.5601174304742484,-0.15061181884428107
61.980000000000004,7.664197365363311,0.5596283810489838,-0.15061229196763398
61.99,7.6697912071457335,0.5591401043487683,-0.150612733573468
62.0,7.675380170030829,0.5586526018044284,-0.15061314252481345
62.01,7.680964261766385,0.558165874620788,-0.15061351779384208
62.02,7.686543490110939,0.5576799237340451,-0.15061385847905245
62.03,7.692117862830813,0.5571947497579558,-0.15061416382690937
62.04,7.6976873876965906,0.5567103529143734,-0.15061443325967555
62.050000000000004,7.703252072478737,0.5562267329411873,-0.15061466641214613
62.06,7.708811924942164,0.5557438889664553,-0.15061486318161293
62.07,7.714366952839305,0.5552618193296556,-0.1506150237983892
62.08,7.7199171639009885,0.5547805213154278,-0.1506151489300846
62.09,7.725462565823955,0.5542999907314615,-0.15061523984542272
62.1,7.731003166252778,0.5538202211796217,-0.15061529869384682
62.11,7.736538972751593,0.5533412026289217,-0.15061532904430006
62.120000000000005,7.742069992753418,0.5528629179834708,-0.15061533714821462
62.13,7.747596233443947,0.552385331454592,-0.1506153359010428
62.14,7.753117701587976,0.5519084117683164,-0.15061533414324665
62.15,7.758634403942779,0.5514321699875605,-0.15061532854727624
62.160000000000004,7.76414634716184,0.5509565807270588,-0.15061532919408852
62.17,7.769653537666052,0.5504816242582026,-0.15061534297492407
62.18,7.775155981708091,0.5500072862264042,-0.1506153744890798
62.190000000000005,7.7806536854153014,0.5495335556874525,-0.15061542694687186
62.2,7.786146654817975,0.5490604240451895,-0.1506155026266047
62.21,7.791634895869471,0.5485878844269133,-0.1506156031353942
62.22,7.797118414461315,0.548115931284611,-0.1506157295727038
62.230000000000004,7.802597216435009,0.5476445601237395,-0.15061588264016784
62.24,7.808071307591535,0.5471737673095685,-0.15061606271925448
62.25,7.813540693699224,0.5467035499235153,-0.1506162699284342
62.26,7.819005380500331,0.546233905653247,-0.1506165041666303
62.27,7.824465373716653,0.5457648327064546,-0.15061676514712025
62.28,7.829920679054359,0.5452963297417672,-0.15061705242456672
62.29,7.835371302208231,0.5448283958123858,-0.1506173654169735
62.300000000000004,7.840817248865362,0.5443610303193925,-0.15061770342380168
62.31,7.846258524708411,0.5438942329725418,-0.15061806564112673
62.32,7.851695135418553,0.543428003756943,-0.15061845117447292
62.33,7.857127086678066,0.5429623429044508,-0.15061885904979969
62.34,7.862554384172678,0.5424972508688599,-0.15061928822299767
62.35,7.867977033593661,0.5420327283042149,-0.150619737588169
62.36,7.873395040639762,0.5415687760456839,-0.15062020598490644
62.370000000000005,7.8788084110189125,0.5411053950925777,-0.15062069220474217
62.38,7.88421715044978,0.5406425865931658,-0.15062119499689763
62.39,7.889621264663218,0.5401803518310028,-0.15062171307344932
62.4,7.89502075940353,0.5397186922125442,-0.1506222451139983
62.410000000000004,7.900415640429664,0.5392576092558633,-0.15062278976991383
62.42,7.905805913516244,0.5387971045803023,-0.15062334566822083
62.43,7.911191584454566,0.5383371798969244,-0.15062391141517775
62.440000000000005,7.916572659053462,0.537877836999661,-0.15062448559959013
62.45,7.921949143140069,0.5374190777570464,-0.1506250667959012
62.46,7.927321042560561,0.5369609041044524,-0.15062565356709112
62.47,7.932688363180766,0.5365033180367507,-0.15062624446741596
62.480000000000004,7.938051110886733,0.5360463216013345,-0.15062683804501037
62.49,7.943409291585209,0.5355899168914322,-0.15062743284438368
62.5,7.948762911204084,0.5351341060396522,-0.15062802740882747
62.51,7.954111975692743,0.5346788912117167,-0.15062862028275717
62.52,7.9594564910223715,0.5342242746003116,-0.15062921001401153
62.53,7.9647964631861825,0.5337702584190148,-0.15062979515612707
62.54,7.970131898199611,0.5333168448962397,-0.15063037427061046
62.550000000000004,7.975462802100428,0.5328640362691452,-0.15063094592922913
62.56,7.980789180948781,0.5324118347774418,-0.15063150871634745
62.57,7.986111040827214,0.5319602426570369,-0.15063206123132847
62.58,7.991428387840577,0.5315092621334384,-0.1506326020910353
62.59,7.996741228115902,0.5310588954148584,-0.15063312993245442
62.6,8.002049567802175,0.5306091446848622,-0.15063364341549743
62.61,8.007353413070067,0.5301600120945242,-0.15063414122600166
62.620000000000005,8.012652770111572,0.5297114997538914,-0.15063462207900102
62.63,8.01794764513952,0.5292636097226275,-0.15063508472232096
62.64,8.023238044387059,0.5288163439995901,-0.15063552794058596
62.65,8.028523974106967,0.5283697045111276,-0.15063595055972923
62.660000000000004,8.033805440570875,0.527923693097727,-0.1506363514521385
62.67,8.039082450068317,0.5274783114985849,-0.15063672954260376
62.68,8.044355008905642,0.5270335613335522,-0.15063708381527474
62.690000000000005,8.04962312340472,0.5265894440816582,-0.15063741332192587
62.7,8.054886799901382,0.5261459610551997,-0.15063771719191515
62.71,8.060146044743643,0.5257031133679001,-0.15063799464438846
62.72,8.065400864289485,0.5252609018950671,-0.1506382450035115
62.730000000000004,8.070651264904255,0.5248193272226338,-0.15063846771787673
62.74,8.075897252957423,0.524378389580378,-0.15063866238582777
62.75,8.081138834818633,0.5239380887518161,-0.15063882878944954
62.76,8.086376016852624,0.5234984239483316,-0.1506389669417656
62.77,8.091608805412651,0.5230593936255459,-0.15063907715509345
62.78,8.096837206831623,0.5226209952001531,-0.1506391601455399
62.79,8.102061227409589,0.522183224579516,-0.15063921720473028
62.800000000000004,8.10728087339477,0.521746075292928,-0.15063925051250412
62.81,8.112496150951692,0.5213095365998525,-0.1506392638038868
62.82,8.117707066096521,0.5208735879649975,-0.1506392642383829
62.83,8.12291362453754,0.5204381908091502,-0.1506392640326127
62.84,8.128115831785381,0.5200033516781081,-0.1506392598366822
62.85,8.133313693390614,0.5195690586307087,-0.15063925704769526
62.86,8.138507214715549,0.5191352930228564,-0.15063926214695528
62.870000000000005,8.143696400964268,0.5187020414807757,-0.15063927938408275
62.88,8.148881257225012,0.5182692939655263,-0.15063931169996855
62.89,8.154061788497463,0.5178370426685297,-0.15063936118799415
62.9,8.159237999711623,0.5174052813832585,-0.1506394293457028
62.910000000000004,8.164409895741752,0.5169740051156275,-0.15063951722733732
62.92,8.16957748141711,0.5165432098249483,-0.15063962554373683
62.93,8.174740761530538,0.5161128922422045,-0.15063975473163954
62.940000000000005,8.179899740845487,0.5156830497371254,-0.15063990500393884
62.95,8.18505442410185,0.5152536802176537,-0.15064007638742397
62.96,8.190204816020973,0.5148247820518066,-0.15064026875193703
62.97,8.195350921309913,0.514396354005564,-0.15064048183343293
62.980000000000004,8.200492744665162,0.5139683951925347,-0.15064071525258016
62.99,8.205630290775911,0.5135409050325014,-0.1506409685300187
63.0,8.210763564326932,0.5131138832167846,-0.15064124109906174
63.01,8.215892570001145,0.5126873296789434,-0.150641532316403
63.02,8.22101731248192,0.5122612445697151,-0.150641841471247
63.03,8.226137796455106,0.5118356282353668,-0.15064216779317435
63.04,8.23125402661093,0.5114104811988208,-0.1506425104589788
63.050000000000004,8.23636600764567,0.5109858041430676,-0.1506428685986616
63.06,8.241473744263143,0.5105615978964785,-0.15064324130072798
63.07,8.24657724117615,0.5101378634196985,-0.1506436276169004
63.08,8.251676503107694,0.5097146017938797,-0.1506440265663444
63.09,8.256771534792158,0.5092918142100498,-0.15064443713947745
63.1,8.261862340976329,0.5088695019594389,-0.1506448583014297
63.11,8.266948926420387,0.5084476664246304,-0.15064528899520452
63.120000000000005,8.272031295898753,0.5080263090714208,-0.1506457281445824
63.13,8.277109454200886,0.5076054314412791,-0.1506461746568083
63.14,8.282183406132015,0.5071850351443258,-0.15064662742509122
63.15,8.287253156513781,0.5067651218527497,-0.1506470853309469
63.160000000000004,8.292318710184844,0.506345693294608,-0.15064754724640297
63.17,8.297380072001376,0.5059267512479356,-0.1506480120360962
63.18,8.302437246837576,0.505508297535117,-0.15064847855927355
63.190000000000005,8.30749023958606,0.5050903340174744,-0.1506489456717211
63.2,8.312539055158224,0.5046728625900195,-0.15064941222763534
63.21,8.317583698484567,0.5042558851763244,-0.15064987708145372
63.22,8.32262417451495,0.5038394037234674,-0.15065033908966258
63.230000000000004,8.327660488218791,0.5034234201970259,-0.15065079711259322
63.24,8.332692644585242,0.5030079365760273,-0.1506512500162343
63.25,8.337720648623286,0.5025929548478666,-0.1506516966740637
63.26,8.342744505361807,0.5021784770030904,-0.15065213596893168
63.27,8.34776421984959,0.5017645050300246,-0.15065256679500721
63.28,8.352779797155254,0.5013510409091452,-0.1506529880598229
63.29,8.357791242367169,0.5009380866071556,-0.1506533986864313
63.300000000000004,8.362798560593285,0.5005256440706444,-0.15065379761571993
63.31,8.367801756960873,0.5001137152192667,-0.15065418380890838
63.32,8.372800836616241,0.49970230193823734,-0.15065455625029756
63.33,8.37779580472435,0.49929140607008643,-0.15065491395029745
63.34,8.382786666468327,0.4988810294053982,-0.15065525594883056
63.35,8.387773427048906,0.4984711736722998,-0.15065558131919474
63.36,8.392756091683733,0.49806184052440616,-0.15065588917249528
63.370000000000005,8.397734665606576,0.4976530315267691,-0.15065617866280456
63.38,8.402709154066319,0.4972447481392725,-0.15065644899325448
63.39,8.407679562325857,0.49683699169672174,-0.15065669942332424
63.4,8.412645895660706,0.49642976338455075,-0.1506569292777135
63.410000000000004,8.41760815935736,0.496023064208661,-0.15065713795732188
63.42,8.422566358711324,0.4956168949571836,-0.15065732495311668
63.43,8.427520499024691,0.4952112561508827,-0.1506574898640393
63.440000000000005,8.432470585603165,0.49480614797705536,-0.15065763242074526
63.45,8.437416623752279,0.49440157019855585,-0.1506577525180801
63.46,8.44235861877256,0.49399752202354225,-0.15065785026124567
63.47,8.447296575953066,0.4935940019094584,-0.1506579260346932
63.480000000000004,8.452230500562434,0.4931910072480729,-0.1506579806116975
63.49,8.45716039783573,0.4927885338113563,-0.15065801534466203
63.5,8.462086272953414,0.49238657463537056,-0.15065803254169846
63.51,8.467008131002322,0.4919851171995341,-0.15065803639091413
63.52,8.471925976880794,0.49158413373321447,-0.15065803581023915
63.53,8.476839815202702,0.4911836093294285,-0.15065803404508393
63.54,8.48174965061447,0.490783548795772,-0.15065803038802011
63.550000000000004,8.486655487667274,0.490383935034769,-0.15065803085383594
63.56,8.491557330761454,0.4899847552678827,-0.150658039462688
63.57,8.496455184187615,0.4895860000670608,-0.15065805895606404
63.58,8.501349052153685,0.4891876621835138,-0.15065809127962845
63.59,8.506238938803149,0.4887897358960179,-0.15065813783516188
63.6,8.511124848228212,0.4883922166191206,-0.15065819962756002
63.61,8.516006784479806,0.48799510064903856,-0.15065827735842421
63.620000000000005,8.520884751575496,0.4875983849888251,-0.15065837148962186
63.63,8.525758753505844,0.4872020672224316,-0.1506584822886228
63.64,8.530628794239776,0.4868061454206236,-0.15065860986210017
63.65,8.535494877729047,0.4864106180685996,-0.1506587541816135
63.660000000000004,8.540357007912093,0.4860154840089349,-0.1506589151037422
63.67,8.545215188717352,0.4856207423956821,-0.15065909238620437
63.68,8.550069424066224,0.48522639265679435,-0.15065928570099613
63.690000000000005,8.554919717875615,0.48483243446290286,-0.15065949464526965
63.7,8.559766074060237,0.4844388677010298,-0.15065971875045914
63.71,8.56460849653466,0.4840456924521946,-0.15065995749003191
63.72,8.569446989215157,0.48365290897214475,-0.15066021028613846
63.730000000000004,8.574281556021363,0.48326051767461287,-0.150660476515376
63.74,8.579112200877768,0.48286851911665085,-0.15066075551382582
63.75,8.583938927715105,0.4824769139856733,-0.15066104658149207
63.76,8.588761740471577,0.4820857030879363,-0.15066134898624284
63.77,8.593580643094015,0.48169488733821625,-0.1506616619673328
63.78,8.598395639538873,0.48130446775050506,-0.15066198473857564
63.79,8.603206733773236,0.48091444542956463,-0.15066231649121714
63.800000000000004,8.608013929775641,0.48052482156322507,-0.15066265639655457
63.81,8.612817231536889,0.4801355974153058,-0.15066300360834
63.82,8.617616643060776,0.47974677431908047,-0.15066335726499824
63.83,8.622412168364757,0.47935835367120005,-0.15066371649168805
63.84,8.62720381148054,0.47897033692601826,-0.15066408040222673
63.85,8.631991576454636,0.4785827255902471,-0.1506644481009023
63.86,8.636775467348881,0.4781955212179003,-0.15066481868418918
63.870000000000005,8.641555488240858,0.4778087254054735,-0.15066519124238478
63.88,8.646331643224302,0.47742233978732196,-0.15066556486118027
63.89,8.651103936409474,0.4770363660311871,-0.1506659386231829
63.9,8.65587237192345,0.4766508058338439,-0.15066631160940025
63.910000000000004,8.660636953910416,0.4762656609168291,-0.15066668290069896
63.92,8.665397686531861,0.47588093302220136,-0.15066705157925664
63.93,8.670154573966792,0.475496623908317,-0.15066741673001155
63.940000000000005,8.674907620411867,0.47511273534556003,-0.1506677774421319
63.95,8.679656830081472,0.47472926911200636,-0.1506681328105134
63.96,8.684402207207809,0.47434622698894235,-0.15066848193732837
63.97,8.689143756040883,0.4739636107562293,-0.15066882393363634
63.980000000000004,8.69388148084848,0.4735814221874085,-0.1506691579210861
63.99,8.698615385916055,0.47319966304452765,-0.1506694830337218
64.0,8.703345475546607,0.4728183350725356,-0.15066979841994116
64.01,8.708071754060487,0.4724374399932279,-0.15067010324461602
64.02,8.71279422579509,0.4720569794985606,-0.15067039669143786
64.03,8.71751289510459,0.47167695524319553,-0.1506706779655319
64.04,8.72222776635946,0.47129736883610124,-0.15067094629640673
64.05,8.726938843945993,0.470918221830949,-0.15067120094132425
64.06,8.731646132265716,0.47053951571497654,-0.15067144118920278
64.07000000000001,8.73634963573463,0.4701612518959243,-0.15067166636519166
64.08,8.741049358782343,0.46978343168644804,-0.1506718758361158
64.09,8.745745305851067,0.4694060562852315,-0.15067206901705482
64.1,8.750437481394298,0.46902912675371605,-0.15067224537942547
64.11,8.755125889875375,0.46865264398683504,-0.15067240446110164
64.12,8.759810535765586,0.4682766086754264,-0.15067254587935525
64.13,8.764491423541894,0.4679010212566973,-0.1506726693478201
64.14,8.769168557684125,0.46752588184696914,-0.15067277469938015
64.15,8.773841942671265,0.467151190147013,-0.15067286191816273
64.16,8.778511582976666,0.46677694530263947,-0.15067293118626607
64.17,8.783177483061534,0.46640314568710595,-0.15067298295597997
64.18,8.787839647365482,0.46602978853369115,-0.15067301807028294
64.19,8.79249808029209,0.4656568692407887,-0.15067303798716916
64.2,8.797152786183906,0.46528437979875636,-0.15067304527575914
64.21000000000001,8.801803769269014,0.4649123038493779,-0.15067304509754842
64.22,8.806451033536616,0.46454061444492206,-0.15067304487532313
64.23,8.811094582881058,0.4641693196873973,-0.15067304181201333
64.24,8.815734421209307,0.46379840877205536,-0.150673040061148
64.25,8.820370552294117,0.4634278692538741,-0.1506730435088875
64.26,8.825002979801983,0.4630576920846519,-0.15067305475749582
64.27,8.829631707320603,0.46268787040196274,-0.15067307563820947
64.28,8.834256738376952,0.4623183988351667,-0.15067310747242246
64.29,8.838878076449992,0.46194927310068823,-0.15067315121783081
64.3,8.843495724980162,0.4615804897465224,-0.15067320755857277
64.31,8.848109687376821,0.4612120459801386,-0.1506732769650082
64.32000000000001,8.85271996702416,0.46084393954657443,-0.15067335973558482
64.33,8.857326567286128,0.4604761686385723,-0.15067345602742507
64.34,8.861929491510555,0.46010873182819867,-0.15067356587943362
64.35,8.866528743032644,0.4597416280134316,-0.15067368923023883
64.36,8.87112432517805,0.4593748563755146,-0.15067382593244216
64.37,8.875716241265488,0.4590084163442793,-0.15067397576415562
64.38,8.880304494609101,0.4586423075694909,-0.15067413843849525
64.39,8.884889088520532,0.45827652989684153,-0.1506743136115086
64.4,8.889470026310768,0.4579110833475966,-0.15067450088887419
64.41,8.89404731129181,0.4575459681011432,-0.15067469983162934
64.42,8.898620946778191,0.45718118447988276,-0.15067490996111604
64.43,8.903190936088322,0.4568167329360439,-0.15067513076328842
64.44,8.907757282545726,0.45645261404006504,-0.1506753616924999
64.45,8.9123199894802,0.456088828470292,-0.15067560217485398
64.46000000000001,8.916879060228803,0.45572537700377663,-0.15067585161119454
64.47,8.921434498136831,0.45536226050799833,-0.15067610937978995
64.48,8.925986306558691,0.4549994799333741,-0.15067637483875962
64.49,8.93053448885865,0.4546370363064382,-0.1506766473282826
64.5,8.935079048411625,0.45427493072359215,-0.15067692617261746
64.51,8.939619988603802,0.4539131643453462,-0.1506772106819652
64.52,8.944157312833271,0.4535517383909824,-0.15067750015419348
64.53,8.948691024510603,0.45319065413357257,-0.1506777938764467
64.54,8.953221127059338,0.4528299128953085,-0.1506780911266566
64.55,8.957747623916458,0.4524695160430892,-0.1506783911749699
64.56,8.96227051853284,0.45210946498432697,-0.15067869328510597
64.57000000000001,8.966789814373604,0.4517497611629369,-0.1506789967156586
64.58,8.971305514918473,0.4513904060554688,-0.15067930072135188
64.59,8.975817623662104,0.45103140116735024,-0.15067960455426266
64.6,8.980326144114317,0.45067274802921575,-0.15067990746501875
64.61,8.98483107980036,0.45031444819327565,-0.15068020870398602
64.62,8.989332434261092,0.4499565032297106,-0.15068050752245063
64.63,8.99383021105314,0.4495989147230429,-0.15068080317381272
64.64,8.998324413749057,0.4492416842684536,-0.1506810949148003
64.65,9.00281504593736,0.4488848134680178,-0.15068138200671577
64.66,9.007302111222613,0.4485283039267992,-0.15068166371673064
64.67,9.01178561322544,0.44817215724877124,-0.1506819393192429
64.68,9.016265555582468,0.44781637503248295,-0.1506822080973222
64.69,9.020741941946257,0.4474609588664448,-0.1506824693442523
64.7,9.025214775985209,0.4471059103241184,-0.15068272236520755
64.71000000000001,9.029684061383335,0.44675123095842406,-0.1506829664790948
64.72,9.034149801840057,0.44639692229566086,-0.15068320102059235
64.73,9.038612001069904,0.44604298582867163,-0.150683425342443
64.74,9.043070662802123,0.44568942300907327,-0.15068363881806005
64.75,9.047525790780254,0.4453362352383008,-0.15068384084452646
64.76,9.051977388761534,0.44498342385715506,-0.15068403084609244
64.77,9.056425460516262,0.4446309901333968,-0.1506842082783139
64.78,9.060870009827003,0.4442789352468306,-0.15068437263301626
64.79,9.065311040487588,0.4439272602710326,-0.1506845234443539
64.8,9.069748556301958,0.4435759661505735,-0.1506846602963319
64.81,9.074182561082758,0.4432250536720077,-0.150684782832341
64.82000000000001,9.07861305864954,0.4428745234260578,-0.15068489076752023
64.83,9.08304005282657,0.44252437575690484,-0.15068498390523197
64.84,9.08746354744007,0.44217461069189923,-0.15068506215973582
64.85,9.091883546314513,0.4418252278400565,-0.15068512558867114
64.86,9.09630005326779,0.44147622623761174,-0.15068517444200913
64.87,9.100713072104277,0.44112760409625995,-0.15068520924094925
64.88,9.105122606604597,0.44077935835112414,-0.15068523091754601
64.89,9.10952866050881,0.440431483721291,-0.15068524109917997
64.9,9.113931237483994,0.44008397019745527,-0.15068524284376644
64.91,9.11833034104135,0.439736795075266,-0.15068524261662275
64.92,9.122725974499026,0.4393899531780858,-0.1506852409442904
64.93,9.127118141217286,0.43904344498785564,-0.15068523845930815
64.94,9.131506844470703,0.4386972584885634,-0.15068523893190156
64.95,9.135892087429593,0.43835138482235797,-0.15068524487890994
64.96000000000001,9.140273873187715,0.43800581737341937,-0.1506852580472024
64.97,9.144652204780582,0.43766055101640655,-0.1506852796930797
64.98,9.14902708519805,0.4373155816878027,-0.15068531073204972
64.99,9.15339851739348,0.436970906122951,-0.15068535182797688
65.0,9.157766504290866,0.4366265216829896,-0.15068540345065157
65.01,9.162131048790403,0.43628242623447944,-0.15068546591529997
65.02,9.166492153773103,0.4359386180619587,-0.1506855394109945
65.03,9.17084982210465,0.43559509580217814,-0.1506856240218476
65.04,9.175204056638623,0.43525185839323594,-0.15068571974329584
65.05,9.179554860219321,0.4349089050342948,-0.15068582649492357
65.06,9.183902235684211,0.4345662351530518,-0.15068594413076775
65.07000000000001,9.188246185866054,0.43422384837902345,-0.15068607244774718
65.08,9.192586713594826,0.43388174452128075,-0.15068621119265985
65.09,9.196923821699418,0.4335399235496559,-0.15068636006807137
65.1,9.20125751300914,0.43319838557870133,-0.15068651873732603
65.11,9.20558779035513,0.4328571308538524,-0.1506866868288576
65.12,9.209914656571575,0.4325161597393881,-0.15068686393993302
65.13,9.21423811449685,0.4321754727078635,-0.15068704963993054
65.14,9.218558166974569,0.4318350703307606,-0.1506872434732346
65.15,9.222874816854514,0.4314949532701642,-0.15068744496181063
65.16,9.2271880669935,0.43115512227129277,-0.15068765360751166
65.17,9.231497920256206,0.43081557815575494,-0.15068786889415786
65.18,9.235804379515864,0.4304763218154267,-0.15068809028942504
65.19,9.240107447654948,0.4301373542068538,-0.150688317246569
65.2,9.244407127565818,0.42979867634610414,-0.15068854920601035
65.21000000000001,9.248703422151264,0.4294602893040119,-0.15068878559680024
65.22,9.252996334325026,0.42912219420174746,-0.15068902583798538
65.23,9.257285867012316,0.42878439220667375,-0.15068926933988464
65.24,9.26157202315021,0.42844688452844454,-0.1506895155052942
65.25,9.265854805688097,0.4281096724153021,-0.1506897637306306
65.26,9.27013421758801,0.4277727571505494,-0.15069001340702326
65.27,9.27441026182498,0.4274361400491574,-0.15069026392136586
65.28,9.278682941387347,0.42709982245447947,-0.15069051465733732
65.29,9.28295225927699,0.42676380573504935,-0.15069076499639975
65.3,9.287218218509594,0.4264280912814339,-0.15069101431878137
65.31,9.291480822114867,0.4260926805031049,-0.15069126200445582
65.32000000000001,9.295740073136662,0.42575757482531207,-0.15069150743412624
65.33,9.299995974633163,0.4254227756859261,-0.15069174999021948
65.34,9.304248529676997,0.4250882845322117,-0.15069198905790648
65.35,9.30849774135527,0.42475410281750875,-0.15069222402615629
65.36,9.312743612769662,0.42442023199776135,-0.15069245428883854
65.37,9.316986147036395,0.4240866735278754,-0.15069267924588656
65.38,9.32122534728622,0.423753428857833,-0.1506928983045387
65.39,9.325461216664355,0.42342049942850024,-0.15069311088068077
65.4,9.329693758330354,0.42308788666705816,-0.1506933164003112
65.41,9.33392297545795,0.4227555919819647,-0.15069351430115743
65.42,9.338148871234864,0.4224236167573224,-0.15069370403448323
65.43,9.342371448862485,0.42209196234649987,-0.15069388506713477
65.44,9.346590711555562,0.4217606300648304,-0.15069405688388
65.45,9.350806662541782,0.42142962118112,-0.1506942189901242
65.46000000000001,9.35501930506123,0.4210989369076452,-0.1506943709151021
65.47,9.359228642365787,0.42076857838818676,-0.15069451221568464
65.48,9.363434677718384,0.42043854668347147,-0.1506946424809931
65.49,9.367637414392052,0.42010884275316823,-0.1506947613380826
65.5,9.371836855668832,0.4197794674331429,-0.1506948684590864
65.51,9.376033004838382,0.41945042140610317,-0.15069496357038575
65.52,9.380225865196259,0.4191217051626882,-0.15069504646468862
65.53,9.384415440041765,0.41879331894829,-0.15069511701742086
65.54,9.388601732675122,0.41846526268759726,-0.15069517520979753
65.55,9.392784746393733,0.4181375358723622,-0.1506952211628219
65.56,9.396964484487087,0.4178101373839528,-0.15069525519045118
65.57000000000001,9.40114095022922,0.41748306518840417,-0.1506952778897464
65.58,9.405314146866987,0.41715631574450507,-0.1506952903127864
65.59,9.409484077599146,0.41682988260423115,-0.1506952943624261
65.6,9.413650745528956,0.4165037516692882,-0.15069529404838003
65.61,9.417814153567832,0.41617790455862214,-0.15069529370115117
65.62,9.421974304594231,0.4158523485656962,-0.1506952914150409
65.63,9.426131201477753,0.415527074267676,-0.15069529032361087
65.64,9.430284846988934,0.41520207285152866,-0.1506952929062196
65.65,9.4344352438226,0.41487733782876196,-0.15069530085336458
65.66,9.438582394616812,0.4145528642326999,-0.1506953153710298
65.67,9.44272630196556,0.41422864815437976,-0.1506953373388138
65.68,9.446866968427807,0.41390468646579187,-0.15069536740042397
65.69,9.451004396534373,0.4135809766422623,-0.15069540602039289
65.7,9.455138588793348,0.41325751664135096,-0.1506954535221341
65.71000000000001,9.459269547694417,0.4129343048162682,-0.15069551011483362
65.72,9.463397275712508,0.4126113398515837,-0.15069557591323274
65.73,9.467521775310844,0.41228862071401495,-0.15069565095265908
65.74,9.471643048943553,0.41196614661380304,-0.1506957352007521
65.75,9.475761099057966,0.4116439169737456,-0.1506958285668131
65.76,9.479875928096584,0.41132193140393153,-0.15069593090940084
65.77,9.483987538498848,0.4110001896807992,-0.1506960420426024
65.78,9.488095932702754,0.41067869172954535,-0.15069616174128117
65.79,9.492201113146201,0.4103574376091777,-0.15069628974552518
65.8,9.496303082268295,0.4100364274996716,-0.15069642576445774
65.81,9.500401842510517,0.4097156616908305,-0.15069656947953403
65.82000000000001,9.504497396317742,0.4093951405725464,-0.15069672054741956
65.83,9.508589746139197,0.40907486462620757,-0.15069687860252406
65.84,9.512678894429378,0.4087548344170653,-0.15069704325924854
65.85,9.516764843648792,0.40843505058741064,-0.15069721411399326
65.86,9.520847596264758,0.40811551385042405,-0.15069739074696395
65.87,9.524927154752037,0.4077962249846088,-0.15069757272380774
65.88,9.529003521593475,0.4074771848287131,-0.1506977595971031
65.89,9.533076699280619,0.40715839427707046,-0.15069795090772697
65.9,9.537146690314183,0.4068398542753077,-0.150698146186116
65.91,9.541213497204593,0.4065215658163553,-0.15069834495343767
65.92,9.545277122472434,0.40620352993672537,-0.1506985467226844
65.93,9.549337568648847,0.4058857477130166,-0.15069875099970265
65.94,9.55339483827592,0.40556822025860717,-0.15069895728416738
65.95,9.55744893390707,0.4052509487205092,-0.1506991650705108
65.96000000000001,9.561499858107313,0.404933934276358,-0.1506993738488137
65.97,9.56554761345359,0.4046171781315023,-0.1506995831056684
65.98,9.569592202535036,0.40430068151617576,-0.15069979232501976
65.99,9.57363362795318,0.4039844456827315,-0.15070000098899117
66.0,9.577671892322199,0.40366847190289806,-0.15070020857870486
66.01,9.581706998269048,0.40335276146505283,-0.15070041457510164
66.02,9.585738948433645,0.40303731567147316,-0.1507006184597688
66.03,9.589767745469002,0.40272213583554467,-0.15070081971578364
66.04,9.59379339204129,0.40240722327889544,-0.1507010178285841
66.05,9.597815890829931,0.40209257932842163,-0.15070121228687255
66.06,9.60183524452764,0.4017782053131666,-0.15070140258356826
66.07000000000001,9.60585145584041,0.40146410256102283,-0.15070158821681637
66.08,9.609864527487483,0.40115027239517476,-0.15070176869107804
66.09,9.613874462201316,0.40083671613025124,-0.15070194351830998
66.1,9.61788126272743,0.40052343506809807,-0.15070211221926377
66.11,9.621884931824303,0.4002104304930758,-0.15070227432492916
66.12,9.625885472263128,0.3998977036667607,-0.15070242937816125
66.13,9.629882886827579,0.3995852558219116,-0.15070257693553046
66.14,9.633877178313499,0.39927308815548834,-0.15070271656945888
66.15,9.637868349528471,0.3989612018204743,-0.1507028478707177
66.16,9.64185640329135,0.3986495979161549,-0.15070297045138617
66.17,9.645841342431682,0.3983382774763619,-0.15070308394841592
66.18,9.649823169788954,0.39802724145504254,-0.1507031880279887
66.19,9.653801888211712,0.3977164907081742,-0.15070328239095
66.2,9.657777500556497,0.3974060259706326,-0.15070336677971796
66.21000000000001,9.661750009686457,0.3970958478258677,-0.15070344098728589
66.22,9.665719418469653,0.39678595666498995,-0.1507035048692795
66.23,9.669685729776877,0.3964763526296325,-0.15070355836066157
66.24,9.67364894647874,0.39616703552868276,-0.1507036014998537
66.25,9.677609071441795,0.39585800471011107,-0.15070363446547044
66.26,9.681566107522919,0.3955492588487913,-0.15070365763636043
66.27,9.685520057560863,0.3952407955570961,-0.1507036717000304
66.28,9.689470924362075,0.3949326105471075,-0.1507036778807039
66.29,9.693418710672072,0.39462469524129345,-0.15070367856367362
66.3,9.697363419100343,0.39431703075524005,-0.15070367848528674
66.31,9.70130505212983,0.3940096174995791,-0.15070367698583398
66.32000000000001,9.705243612280332,0.3937024532983472,-0.15070367526218947
66.33,9.709179101996453,0.3933955293741039,-0.15070367578196853
66.34,9.713111523647008,0.3930888392594655,-0.15070368020641117
66.35,9.71704087954461,0.3927823780711083,-0.15070368970556897
66.36,9.720967171958735,0.3924761419996662,-0.15070370512997233
66.37,9.724890403124823,0.3921701280122355,-0.1507037271049034
66.38,9.728810575251064,0.3918643336664618,-0.15070375608753636
66.39,9.73272769052366,0.3915587569865147,-0.1507037924043218
66.4,9.736641751110994,0.39125339637593076,-0.1507038362768971
66.41,9.74055275916711,0.3909482505537926,-0.15070388784085942
66.42,9.744460716834627,0.3906433185064219,-0.15070394715985624
66.43,9.74836562624719,0.3903385994498232,-0.1507040142364661
66.44,9.752267489531624,0.3900340927998112,-0.1507040890208022
66.45,9.756166308809826,0.3897297981477969,-0.15070417141745254
66.46000000000001,9.760062086200387,0.3894257152408419,-0.15070426129117287
66.47,9.763954823820065,0.3891218439649886,-0.15070435847162744
66.48,9.767844523785145,0.3888181843311536,-0.1507044627573863
66.49,9.771731188212563,0.3885147364630652,-0.15070457391933664
66.5,9.775614819221035,0.38821150058683485,-0.15070469170362252
66.51,9.779495418931997,0.3879084770218704,-0.15070481583420237
66.52,9.783372989470516,0.38760566617288655,-0.1507049460150935
66.53,9.78724753296611,0.387303068522826,-0.15070508193235735
66.54,9.79111905155348,0.38700068462655035,-0.15070522325586777
66.55,9.794987547373214,0.3866985151051707,-0.1507053696408977
66.56,9.798853022572432,0.3863965606409214,-0.15070552072955357
66.57000000000001,9.80271547930535,0.38609482197250533,-0.15070567615207706
66.58,9.806574919733832,0.38579329989083,-0.15070583552803823
66.59,9.810431346027913,0.38549199523508265,-0.15070599846743296
66.6,9.814284760366226,0.38519090888910434,-0.15070616457169922
66.61,9.818135164936473,0.3848900417780032,-0.15070633343466522
66.62,9.821982561935778,0.38458939486499033,-0.15070650464343857
66.63,9.825826953571088,0.38428896914839017,-0.15070667777924585
66.64,9.829668342059499,0.38398876565880735,-0.15070685241823112
66.65,9.833506729628557,0.3836887854564206,-0.15070702813222026
66.66,9.837342118516538,0.3833890296283779,-0.1507072044894584
66.67,9.841174510972738,0.38308949928627184,-0.1507073810553267
66.68,9.845003909257665,0.3827901955636762,-0.15070755739304448
66.69,9.848830315643252,0.3824911196137192,-0.15070773306436347
66.7,9.85265373241308,0.3821922726066685,-0.15070790763025954
66.71000000000001,9.856474161862481,0.38189365572752115,-0.15070808065162855
66.72,9.860291606298711,0.3815952701735526,-0.15070825168999338
66.73,9.864106068041057,0.38129711715181686,-0.15070842030822953
66.74,9.867917549420902,0.3809991978765655,-0.15070858607131646
66.75,9.871726052781804,0.38070151356655435,-0.1507087485471238
66.76,9.875531580479521,0.38040406544219096,-0.15070890730724562
66.77,9.879334134881995,0.3801068547225013,-0.15070906192789102
66.78,9.883133718369367,0.3798098826218418,-0.15070921199084844
66.79,9.886930333333856,0.37951315034631855,-0.15070935708454003
66.8,9.89072398217969,0.37921665908980706,-0.15070949680519102
66.81,9.894514667322975,0.3789204100295069,-0.15070963075813607
66.82000000000001,9.898302391191459,0.3786244043208982,-0.15070975855930152
66.83,9.902087156224326,0.3783286430919303,-0.15070987983690706
66.84,9.90586896487188,0.37803312743626205,-0.15070999423344222
66.85,9.909647819595136,0.3777378584052651,-0.1507101014079975
66.86,9.913423722865405,0.37744283699841974,-0.15071020103905075
66.87,9.917196677163654,0.37714806415160024,-0.1507102928278543
66.88,9.920966684979838,0.3768535407225092,-0.15071037650262192
66.89,9.924733748812043,0.37655926747220575,-0.15071045182380857
66.9,9.928497871165368,0.3762652450411363,-0.15071051859091883
66.91,9.932259054550574,0.3759714739171778,-0.15071057665151713
66.92,9.9360173014824,0.37567795439165524,-0.1507106259135278
66.93,9.939772614477219,0.37538468649640944,-0.15071066636267827
66.94,9.943524996050073,0.37509166990920556,-0.15071069808843954
66.95,9.947274448710418,0.37479890380212355,-0.15071072132509825
66.96000000000001,9.95102097495586,0.3745063865760598,-0.15071073652260325
66.97,9.954764577262136,0.374214115330603,-0.15071074448522878
66.98,9.958505258064669,0.37392208454785486,-0.15071074670529705
66.99,9.962243019714037,0.3736302813537142,-0.15071074645926152
67.0,9.965977864405914,0.3733386942926594,-0.15071074596257428
67.01,9.969709794338991,0.3730473285517642,-0.15071074423678962
67.02,9.973438811688045,0.37275617622112195,-0.15071074358503594
67.03,9.977164918552807,0.37246523076365956,-0.15071074566586676
67.04,9.980888116976548,0.37217448731027053,-0.1507107516277988
67.05,9.984608408959744,0.37188394210270037,-0.15071076229944924
67.06,9.988325796469445,0.371593592167613,-0.15071077829033588
67.07000000000001,9.992040281446002,0.37130343511825437,-0.15071080004974613
67.08,9.99575186580829,0.37101346902520843,-0.1507108279041785
67.09,9.99946055145779,0.37072369232726843,-0.15071086208274032
67.1,10.00316634028193,0.3704341037671502,-0.1507109027352437
67.11,10.006869234156895,0.37014470234342367,-0.15071094994560646
67.12,10.01056923494996,0.3698554872735151,-0.15071100374208846
67.13,10.01426634452155,0.3695664579645279,-0.1507110641053126
67.14,10.017960564727016,0.36927761398976056,-0.15071113097468497
67.15,10.021651897418181,0.3689889550694828,-0.15071120425362702
67.16,10.025340344444741,0.36870048105495484,-0.15071128381390758
67.17,10.029025907655516,0.3684121919149709,-0.15071136949927805
67.18,10.032708588899535,0.3681240877243998,-0.15071146112855954
67.19,10.03638839002706,0.3678361686543177,-0.15071155849829418
67.2,10.04006531289054,0.36754843496343603,-0.1507116613850421
67.21000000000001,10.043739359345386,0.36726088699059517,-0.15071176954739182
67.22,10.047410531250778,0.3669735251481322,-0.15071188272773178
67.23,10.051078830470374,0.36668634991598065,-0.1507120006538247
67.24,10.054744258872931,0.36639936183639127,-0.15071212304021653
67.25,10.058406818332937,0.3661125615091665,-0.15071224958950588
67.26,10.06206651073113,0.3658259495873447,-0.15071237999349474
67.27,10.065723337955037,0.3655395267732571,-0.15071251393423893
67.28,10.069377301899442,0.3652532938149073,-0.15071265108501378
67.29,10.07302840446682,0.3649672515026343,-0.15071279111120467
67.3,10.076676647567743,0.36468140066600613,-0.1507129336711371
67.31,10.080322033121272,0.36439574217091925,-0.15071307841685255
67.32000000000001,10.083964563055297,0.36411027691687325,-0.15071322499483936
67.33,10.087604239306847,0.36382500583439115,-0.15071337304672602
67.34,10.091241063822414,0.36353992988255956,-0.15071352220994358
67.35,10.094875038558211,0.3632550500466751,-0.15071367211836167
67.36,10.098506165480428,0.36297036733596555,-0.1507138224029063
67.37,10.102134446565454,0.362685882781376,-0.15071397269216216
67.38,10.105759883800076,0.36240159743339434,-0.15071412261296657
67.39,10.109382479181699,0.3621175123598975,-0.15071427179099905
67.4,10.113002234718467,0.36183362864400836,-0.15071441985137216
67.41,10.116619152429422,0.3615499473819252,-0.15071456641923073
67.42,10.120233234344639,0.36126646968072046,-0.15071471112036217
67.43,10.123844482505294,0.3609831966560725,-0.15071485358182812
67.44,10.127452898963755,0.36070012942991764,-0.15071499343262051
67.45,10.131058485783639,0.3604172691279611,-0.1507151303043578
67.46000000000001,10.134661245039819,0.36013461687705883,-0.1507152638320208
67.47,10.138261178818434,0.3598521738023821,-0.15071539365474948
67.48,10.141858289216858,0.3595699410243445,-0.15071551941670847
67.49,10.145452578343617,0.3592879196552088,-0.1507156407680424
67.5,10.149044048318327,0.3590061107953105,-0.15071575736593898
67.51,10.152632701271507,0.3587245155287977,-0.1507158688758276
67.52,10.156218539344424,0.35844313491874524,-0.15071597497275052
67.53,10.15980156468886,0.35816197000150374,-0.15071607534294484
67.54,10.163381779466784,0.35788102178005277,-0.15071616968569862
67.55,10.16695918584999,0.35760029121606457,-0.15071625771555655
67.56,10.17053378601967,0.35731977922028674,-0.15071633916498123
67.57000000000001,10.174105582165796,0.3570394866406735,-0.15071641378762113
67.58,10.177674576486448,0.356759414247457,-0.15071648136239546
67.59,10.181240771186957,0.3564795627139535,-0.1507165416987119
67.6,10.18480416847878,0.35619993259126265,-0.1507165946432949
67.61,10.188364770578152,0.35592052427390447,-0.1507166400893827
67.62,10.191922579704272,0.3556413379514645,-0.1507166779895532
67.63,10.195477598076918,0.35536237353743716,-0.15071670837440196
67.64,10.199029827913199,0.35508363055836234,-0.15071673138129646
67.65,10.202579271422813,0.3548051079672606,-0.15071674730207615
67.66,10.206125930800773,0.3545268037930412,-0.15071675667107076
67.67,10.209669808214851,0.35424871435683547,-0.15071676045680948
67.68,10.213210905779022,0.3539708318679429,-0.1507167606211119
67.69,10.216749225484849,0.35369314074267916,-0.15071676057158048
67.7,10.22028476924765,0.35341564431618727,-0.15071675927677114
67.71000000000001,10.223817539007822,0.3531383389451458,-0.15071675807567786
67.72,10.22734753664107,0.35286121798701975,-0.15071675864498002
67.73,10.23087476396574,0.3525842765208898,-0.1507167621265959
67.74,10.234399222757197,0.3523075107945311,-0.15071676933471306
67.75,10.237920914757547,0.35203091786234914,-0.15071678086633236
67.76,10.241439841682528,0.35175449536986547,-0.150716797163313
67.77,10.244956005226701,0.3514782414167322,-0.15071681855060376
67.78,10.248469407067498,0.35120215446417796,-0.15071684526156126
67.79,10.251980048868484,0.35092623326933436,-0.15071687745565768
67.8,10.255487932282069,0.3506504768367792,-0.1507169152314033
67.81,10.258993058951791,0.35037488438163633,-0.15071695863610154
67.82000000000001,10.262495430514269,0.350099455300742,-0.15071700767341709
67.83,10.265995048600889,0.34982418914961555,-0.15071706230938486
67.84,10.269491914839328,0.3495490856237247,-0.15071712247727254
67.85,10.272986030854835,0.34927414454300976,-0.1507171880815818
67.86,10.276477398271432,0.34899936583890895,-0.1507172590013889
67.87,10.279966018712967,0.3487247495433623,-0.15071733509316773
67.88,10.283451893804061,0.34845029577938125,-0.15071741619320422
67.89,10.286935025171005,0.3481760047528857,-0.1507175021196809
67.9,10.290415414442512,0.34790187674557943,-0.15071759267449397
67.91,10.293893063250476,0.34762791210867416,-0.1507176876448503
67.92,10.29736797323063,0.3473541112573246,-0.1507177868046823
67.93,10.300840146023152,0.34708047466566033,-0.1507178899159105
67.94,10.30430958327323,0.34680700286231697,-0.15071799672957775
67.95,10.307776286631615,0.3465336964263927,-0.15071810698687568
67.96000000000001,10.311240257755067,0.3462605559837712,-0.1507182204200786
67.97,10.314701498306826,0.34598758220375003,-0.15071833675340024
67.98,10.318160009957044,0.3457147757959381,-0.15071845570378212
67.99,10.321615794383138,0.34544213750738084,-0.15071857698162627
68.0,10.32506885327019,0.3451696681198785,-0.15071870029147857
68.01,10.328519188311251,0.3448973684474747,-0.15071882533267106
68.02,10.331966801207667,0.34462523933408584,-0.150718951799929
68.03,10.335411693669366,0.34435328165124646,-0.1507190793839502
68.04,10.338853867415116,0.3440814962959596,-0.15071920777195946
68.05,10.342293324172774,0.34380988418862257,-0.15071933664824444
68.06,10.345730065679517,0.3435384462710145,-0.15071946569467848
68.07000000000001,10.349164093682031,0.34326718350433305,-0.1507195945912324
68.08,10.3525954099367,0.34299609686725346,-0.15071972301648276
68.09,10.356024016209785,0.3427251873540028,-0.15071985064811774
68.1,10.35944991427755,0.3424544559724223,-0.15071997716344904
68.11,10.362873105926404,0.34218390374200713,-0.1507201022399314
68.12,10.366293592952994,0.3419135316918965,-0.15072022555569783
68.13,10.369711377164295,0.34164334085880094,-0.1507203467901134
68.14,10.373126460377698,0.34137333228481964,-0.15072046562435937
68.15,10.376538844421011,0.3411035070151477,-0.1507205817420503
68.16,10.3799485311325,0.34083386609561217,-0.15072069482989692
68.17,10.383355522360901,0.3405644105700112,-0.1507208045784235
68.18,10.386759819965347,0.34029514147718853,-0.15072091068275684
68.19,10.390161425815322,0.34002605984779877,-0.1507210128434992
68.2,10.393560341790579,0.33975716670066847,-0.15072111076770797
68.21000000000001,10.39695656978096,0.33948846303865293,-0.15072120417001092
68.22,10.400350111686246,0.339219949843864,-0.15072129277388574
68.23,10.403740969415914,0.3389516280720875,-0.15072137631315327
68.24,10.40712914488884,0.33868349864616065,-0.15072145453374086
68.25,10.410514640032936,0.3384155624479942,-0.15072152719579765
68.26,10.413897456784674,0.3381478203087967,-0.15072159407627198
68.27,10.417277597088543,0.33788027299687434,-0.15072165497210832
68.28,10.420655062896346,0.33761292120208036,-0.150721709704295
68.29,10.424029856166294,0.33734576551553486,-0.15072175812310423
68.3,10.427401978861916,0.3370788064024153,-0.15072180011506348
68.31,10.430771432950618,0.3368120441642377,-0.1507218356125313
68.32000000000001,10.434138220401767,0.3365454788844152,-0.15072186460737763
68.33,10.437502343184153,0.3362791103455202,-0.15072188717152918
68.34,10.440863803262374,0.33601293789474584,-0.15072190348991948
68.35000000000001,10.444222602591372,0.33574696020350675,-0.1507219139183728
68.36,10.447578743107554,0.33548117477238354,-0.1507219191001201
68.37,10.450932226711782,0.3352155766324431,-0.15072192026039732
68.38,10.454283055225662,0.3349501536798946,-0.15072192012764055
68.39,10.45763123034842,0.3346849000350578,-0.15072191952166403
68.4,10.460976753800107,0.3344198184002073,-0.15072191821493047
68.41,10.464319627268056,0.3341549023164325,-0.15072191786919711
68.42,10.467659852381356,0.33389014674938877,-0.15072191963557774
68.43,10.470997430725376,0.33362554790883436,-0.1507219243218216
68.44,10.474332363852062,0.3333611028470062,-0.15072193251610946
68.45,10.47766465328705,0.3330968092204614,-0.15072194465398636
68.46000000000001,10.48099430053493,0.33283266514244425,-0.1507219610581744
68.47,10.484321307083269,0.33256866908531196,-0.1507219819642395
68.48,10.487645674405888,0.3323048198125199,-0.15072200753817702
68.49,10.49096740396546,0.3320411163291547,-0.1507220378890407
68.5,10.49428649721578,0.33177755784470037,-0.15072207307835211
68.51,10.49760295560362,0.3315141437442262,-0.1507221131273252
68.52,10.500916780570387,0.33125087356555977,-0.15072215802255035
68.53,10.504227973553563,0.33098774698084904,-0.15072220772056086
68.54,10.507536535987946,0.3307247637814179,-0.15072226215156573
68.55,10.51084246930679,0.3304619238651436,-0.15072232122254847
68.56,10.514145774942829,0.33019922722579986,-0.1507223848198737
68.57000000000001,10.517446454329159,0.32993667394396425,-0.15072245281150592
68.58,10.520744508900089,0.32967426417917306,-0.1507225250489176
68.59,10.524039940091896,0.32941199816309485,-0.15072260136874713
68.60000000000001,10.527332749343502,0.3291498761935436,-0.15072268159425056
68.61,10.530622938097112,0.32888789862918144,-0.15072276553658395
68.62,10.533910507798812,0.3286260658848014,-0.1507228529959444
68.63,10.53719545989909,0.32836437842709976,-0.15072294376259243
68.64,10.540477795853352,0.3281028367708588,-0.1507230376177749
68.65,10.543757517122375,0.3278414414754834,-0.15072313433456247
68.66,10.54703462517273,0.3275801931418355,-0.15072323367861565
68.67,10.550309121477207,0.327319092409326,-0.15072333540888894
68.68,10.55358100751517,0.327058139953229,-0.15072343927828233
68.69,10.556850284772887,0.3267973364821836,-0.15072354503424867
68.7,10.560116954743892,0.3265366827358556,-0.15072365241936264
68.71000000000001,10.563381018929247,0.3262761794827429,-0.15072376117185676
68.72,10.566642478837839,0.3260158275180917,-0.1507238710261322
68.73,10.569901335986634,0.32575562766191235,-0.15072398171324541
68.74,10.573157591900909,0.3254955807570767,-0.15072409296137856
68.75,10.576411248114491,0.32523568766747385,-0.15072420449629506
68.76,10.579662306169922,0.3249759492762199,-0.1507243160417863
68.77,10.582910767618674,0.32471636648389235,-0.15072442732011174
68.78,10.586156634021314,0.32445694020678584,-0.1507245380524371
68.79,10.58939990694763,0.3241976713751675,-0.15072464795927457
68.8,10.592640587976774,0.3239385609315131,-0.15072475676092947
68.81,10.595878678697396,0.32367960982871075,-0.15072486417795705
68.82000000000001,10.599114180707694,0.32342081902821385,-0.15072496993163517
68.83,10.602347095615524,0.32316218949811504,-0.15072507374445743
68.84,10.605577425038463,0.32290372221111036,-0.1507251753406562
68.85000000000001,10.608805170603812,0.32264541814234776,-0.1507252744467582
68.86,10.612030333948622,0.3223872782670973,-0.15072537079218562
68.87,10.615252916719706,0.32212930355820835,-0.15072546410991236
68.88,10.618472920573565,0.3218714949833123,-0.15072555413718763
68.89,10.621690347176353,0.3216138535016863,-0.15072564061634494
68.9,10.624905198203741,0.32135638006071005,-0.15072572329571587
68.91,10.628117475340806,0.3210990755917946,-0.15072580193067608
68.92,10.631327180281852,0.3208419410056544,-0.15072587628485698
68.93,10.634534314730152,0.3205849771867265,-0.15072594613156987
68.94,10.637738880397656,0.32032818498649035,-0.15072601125550283
68.95,10.640940879004647,0.32007156521533403,-0.15072607145477454
68.96000000000001,10.644140312279264,0.3198151186324832,-0.15072612654346246
68.97,10.647337181956917,0.31955884593326933,-0.1507261763547769
68.98,10.650531489779603,0.319302747732682,-0.1507262207451292
68.99,10.653723237494956,0.31904682454356004,-0.15072625959948227
69.0,10.656912426855133,0.3187910767467731,-0.15072629283859684
69.01,10.66009905961525,0.31853550454891755,-0.15072632042920736
69.02,10.663283137531375,0.3182801079194448,-0.1507263423989682
69.03,10.666464662357697,0.31802488649143507,-0.15072635885972696
69.04,10.66964363584239,0.3177698393916812,-0.150726370046737
69.05,10.672820059721095,0.31751496491311276,-0.1507263763927052
69.06,10.675993935705414,0.31726025975086225,-0.15072637869535013
69.07000000000001,10.67916526545708,0.3170057164620047,-0.15072637863925958
69.08,10.682334050526451,0.3167513226298549,-0.15072637855002236
69.09,10.685500292425836,0.3164970826964038,-0.15072637746075862
69.10000000000001,10.68866399267888,0.316242992366236,-0.15072637663464944
69.11,10.6918251527544,0.3159890464525111,-0.15072637724708526
69.12,10.694983774076311,0.31573524108240175,-0.15072638010816605
69.13,10.698139858034526,0.3154815732764917,-0.15072638580139758
69.14,10.701293405992494,0.3152280406821691,-0.15072639475760186
69.15,10.704444419292548,0.3149746414119094,-0.15072640729722891
69.16,10.707592899260023,0.31472137393885796,-0.15072642365682393
69.17,10.710738847206494,0.3144682370254352,-0.15072644400675098
69.18,10.71388226443238,0.3142152296722133,-0.15072646846369558
69.19,10.717023152229121,0.3139623510799213,-0.1507264970998501
69.2,10.72016151188107,0.31370960062034153,-0.15072652994988417
69.21000000000001,10.723297344667028,0.3134569778134596,-0.15072656701637827
69.22,10.726430651861666,0.3132044823091404,-0.15072660827415274
69.23,10.729561434736755,0.3129521138721713,-0.15072665367378246
69.24,10.732689694562215,0.3126998723698683,-0.15072670314449804
69.25,10.735815432607124,0.3124477577616615,-0.15072675659661233
69.26,10.738938650140566,0.31219577009024785,-0.15072681392357695
69.27,10.742059348432436,0.31194390947398837,-0.15072687500374388
69.28,10.74517752875418,0.31169217610031635,-0.15072693970188938
69.29,10.748293192379418,0.3114405702199748,-0.15072700787054466
69.3,10.751406340584579,0.3111890921419336,-0.1507270793511672
69.31,10.754516974649466,0.31093774222887605,-0.15072715397517994
69.32000000000001,10.757625095857746,0.3106865208931655,-0.15072723156490006
69.33,10.760730705497442,0.3104354285932135,-0.15072731193437466
69.34,10.763833804861395,0.3101844658301895,-0.15072739489013767
69.35000000000001,10.766934395247638,0.30993363314502753,-0.15072748023189997
69.36,10.77003247795981,0.30968293111567813,-0.15072756775318275
69.37,10.773128054307508,0.3094323603545778,-0.15072765724190176
69.38,10.776221125606606,0.30918192150630275,-0.15072774848091053
69.39,10.779311693179588,0.30893161524537827,-0.15072784124850785
69.4,10.78239975835581,0.30868144227422567,-0.1507279353189161
69.41,10.785485322471795,0.3084314033212233,-0.15072803046273273
69.42,10.788568386871468,0.3081814991388603,-0.15072812644736308
69.43,10.79164895290639,0.30793173050197564,-0.15072822303743438
69.44,10.794727021935975,0.3076820982060575,-0.15072831999519715
69.45,10.797802595327695,0.30743260306559117,-0.1507284170809172
69.46000000000001,10.800875674457245,0.30718324591244583,-0.1507285140532601
69.47,10.803946260708724,0.30693402759427896,-0.15072861066967363
69.48,10.807014355474784,0.3066849489729499,-0.1507287066867693
69.49,10.810079960156752,0.3064360109229224,-0.15072880186070953
69.5,10.813143076164764,0.30618721432964646,-0.1507288959476003
69.51,10.816203704917852,0.3059385600878953,-0.1507289887038979
69.52,10.819261847844032,0.30569004910004965,-0.15072907988682926
69.53,10.822317506380392,0.30544168227428414,-0.15072916925483787
69.54,10.8253706819731,0.30519346052266266,-0.15072925656805392
69.55,10.828421376077468,0.30494538475908367,-0.15072934158880186
69.56,10.831469590157955,0.3046974558970566,-0.1507294240821504
69.57000000000001,10.834515325688121,0.30444967484725416,-0.1507295038165189
69.58,10.837558584150623,0.3042020425147945,-0.15072958056434876
69.59,10.84059936703713,0.30395455979617914,-0.15072965410285982
69.60000000000001,10.843637675848212,0.3037072275757936,-0.1507297242149126
69.61,10.846673512093203,0.303460046721868,-0.15072979068999995
69.62,10.84970687729003,0.30321301808173207,-0.15072985332540711
69.63,10.852737772964954,0.30296614247617193,-0.15072991192758534
69.64,10.8557662006523,0.30271942069260316,-0.1507299663138035
69.65,10.85879216189404,0.3024728534766744,-0.1507300163141673
69.66,10.861815658239372,0.3022264415217417,-0.15073006177413167
69.67,10.864836691244113,0.30198018545538907,-0.15073010255769392
69.68,10.867855262469938,0.30173408582175076,-0.1507301385515458
69.69,10.87087137348346,0.3014881430576443,-0.15073016967062539
69.7,10.873885025854996,0.30124235745923805,-0.15073019586579148
69.71000000000001,10.876896221156919,0.3009967291334965,-0.15073021713487206
69.72,10.879904960961426,0.3007512579235354,-0.15073023353942566
69.73,10.88291124683736,0.3005059432853773,-0.1507302452319851
69.74,10.885915080345299,0.3002607840629147,-0.15073025250485272
69.75,10.888916463029414,0.3000157780085694,-0.1507302558913448
69.76,10.891915396401135,0.299770920444862,-0.15073025643615
69.77,10.894911881895252,0.29952620000028574,-0.1507302563828383
69.78,10.897905920854248,0.29928161492090427,-0.15073025573854087
69.79,10.90089751464681,0.2990371657704701,-0.1507302547547693
69.8,10.903886664605109,0.2987928473022466,-0.15073025463046275
69.81,10.90687337201502,0.2985486555162852,-0.1507302561879425
69.82000000000001,10.909857638127502,0.2983045873711785,-0.15073026001073045
69.83,10.912839464166586,0.2980606404850702,-0.15073026652691915
69.84,10.915818851335017,0.2978168129558012,-0.15073027605509873
69.85000000000001,10.91879580081841,0.29757310324749664,-0.15073028883213455
69.86,10.921770313788524,0.297329510114615,-0.15073030503129703
69.87,10.9247423914059,0.29708603254846516,-0.15073032477480092
69.88,10.927712034821994,0.29684266973800544,-0.15073034814287473
69.89,10.930679245181018,0.2965994210401433,-0.1507303751805589
69.9,10.933644023621499,0.29635628595663943,-0.15073040590294848
69.91,10.936606371277614,0.2961132641157267,-0.15073044029933616
69.92,10.93956628928041,0.295870355257211,-0.15073047833655057
69.93,10.942523778758822,0.2956275592201958,-0.15073051996169384
69.94,10.945478840840636,0.2953848759328217,-0.15073056510441932
69.95,10.948431476653331,0.29514230540358577,-0.15073061367885293
69.96000000000001,10.951381687324837,0.2948998477139177,-0.15073066558523057
69.97,10.954329473984226,0.2946575030117641,-0.15073072071131055
69.98,10.957274837762384,0.29441527150599694,-0.15073077893360115
69.99,10.960217779792544,0.2941731534615026,-0.15073084011843862
70.0,10.963158301210868,0.2939311491948284,-0.15073090412294016
70.01,10.966096403156913,0.2936892590703069,-0.15073097079585326
70.02,10.969032086774103,0.29344748349657274,-0.1507310399783182
70.03,10.971965353210175,0.29320582292341774,-0.15073111150455595
70.04,10.974896203617533,0.2929642778389346,-0.1507311852024953
70.05,10.977824639153656,0.2927228487669036,-0.15073126089434502
70.06,10.980750660981432,0.2924815362643895,-0.15073133839712255
70.07000000000001,10.98367427026947,0.2922403409195226,-0.15073141752314206
70.08,10.9865954681924,0.2919992633494303,-0.1507314980804717
70.09,10.989514255931184,0.2917583041983022,-0.15073157987336072
70.10000000000001,10.99243063467333,0.29151746413557084,-0.15073166270264465
70.11,10.995344605613164,0.2912767438541855,-0.1507317463661298
70.12,10.998256169952063,0.29103614406896416,-0.15073183065896184
70.13,11.001165328898644,0.2907956655150153,-0.15073191537398156
70.14,11.004072083668978,0.2905553089462042,-0.1507320003020708
70.15,11.006976435486756,0.2903150751336636,-0.1507320852324916
70.16,11.009878385583457,0.29007496486432544,-0.15073216995322122
70.17,11.012777935198521,0.28983497893946397,-0.1507322542512867
70.18,11.015675085579444,0.2895951181732424,-0.15073233791310092
70.19,11.018569837981932,0.28935538339123723,-0.15073242072480478
70.2,11.021462193669999,0.28911577542893635,-0.15073250247261766
70.21000000000001,11.024352153916057,0.2888762951301883,-0.1507325829432007
70.22,11.027239720000983,0.2886369433455883,-0.15073266192403684
70.23,11.0301248932142,0.288397720930762,-0.15073273920383484
70.24,11.033007674853692,0.28815862874455384,-0.15073281457295884
70.25,11.035888066226052,0.28791966764705507,-0.15073288782389443
70.26,11.038766068646463,0.28768083849745557,-0.15073295875175846
70.27,11.041641683438682,0.28744214215166275,-0.15073302715486286
70.28,11.044514911935009,0.28720357945963426,-0.15073309283534522
70.29,11.047385755476196,0.2869651512623519,-0.15073315559988365
70.3,11.050254215411334,0.2867268583883361,-0.15073321526051653
70.31,11.053120293097747,0.2864887016495831,-0.150733271635594
70.32000000000001,11.055983989900753,0.28625068183675584,-0.15073332455089994
70.33,11.05884530719345,0.28601279971340576,-0.15073337384099092
70.34,11.061704246356419,0.28577505600891023,-0.15073341935082257
70.35000000000001,11.064560808777319,0.2855374514096911,-0.15073346093775775
70.36,11.067414995850411,0.2852999865480626,-0.15073349847409573
70.37,11.070266808975962,0.285062661987748,-0.15073353185032817
70.38,11.073116249559435,0.2848254782045624,-0.15073356097944093
70.39,11.07596331901053,0.2845884355598143,-0.15073358580277357
70.4,11.078808018741816,0.28435153426225396,-0.15073360629830562
70.41,11.08165035016696,0.2841147743109284,-0.1507336224929361
70.42,11.084490314698227,0.283878155403763,-0.15073363448182958
70.43,11.087327913742724,0.28364167677808316,-0.15073364246155171
70.44,11.090163148696417,0.283405336894525,-0.1507336467942024
70.45,11.092996020933175,0.28316913266417865,-0.15073364815874601
70.46000000000001,11.09582653177864,0.2829330566653128,-0.1507336480489052
70.47,11.098654682457921,0.2826970997398978,-0.15073364788318291
70.48,11.101480474185934,0.2824612660957512,-0.1507336469864377
70.49,11.104303908176053,0.2822255513619537,-0.15073364643981094
70.5,11.10712498559555,0.2819899513756263,-0.15073364708845757
70.51,11.109943707575528,0.281754463001234,-0.15073364952133828
70.52,11.112760075219455,0.2815190838068899,-0.15073365416621085
70.53,11.115574089609122,0.2812838118618812,-0.15073366134057842
70.54,11.118385751808978,0.28104864561167275,-0.15073367128138362
70.55,11.121195062869445,0.28081358379601384,-0.15073368416383964
70.56,11.124002023829583,0.28057862539231765,-0.1507337001141707
70.57000000000001,11.126806635719229,0.28034376957476215,-0.1507337192186706
70.58,11.129608899560814,0.28010901568368507,-0.1507337415303998
70.59,11.13240881637092,0.27987436320200926,-0.15073376707429328
70.60000000000001,11.135206387161567,0.27963981173664865,-0.150733795851159
70.61,11.138001612941416,0.2794053610035375,-0.1507338278408747
70.62,11.140794494716777,0.2791710108153735,-0.15073386300499178
70.63,11.143585033492526,0.27893676107142834,-0.1507339012888895
70.64,11.146373230272935,0.27870261174896865,-0.15073394262358167
70.65,11.1491590860624,0.27846856289594885,-0.15073398692725087
70.66,11.15194260186612,0.27823461462472265,-0.1507340341065651
70.67,11.15472377869073,0.27800076710657895,-0.15073408405781852
70.68,11.157502617544845,0.2777670205669602,-0.15073413666792967
70.69,11.160279119439577,0.27753337528123834,-0.15073419181532108
70.7,11.163053285389049,0.2772998315709585,-0.1507342493707009
70.71000000000001,11.165825116410794,0.27706638980048054,-0.15073430919776248
70.72,11.1685946135262,0.2768330503739494,-0.15073437115381463
70.73,11.171361777760886,0.27659981373255005,-0.15073443509035334
70.74,11.174126610145048,0.27636668035200784,-0.1507345008535835
70.75,11.176889111713816,0.27613365074028884,-0.15073456828489873
70.76,11.179649283507542,0.27590072543548655,-0.15073463722132394
70.77,11.1824071265721,0.2756679050038551,-0.1507347074959284
70.78,11.18516264195917,0.2754351900379749,-0.15073477893821108
70.79,11.187915830726471,0.2752025811550324,-0.1507348513744649
70.8,11.190666693938011,0.27497007899519277,-0.1507349246281215
70.81,11.19341523266432,0.2747376842200505,-0.15073499852008104
70.82000000000001,11.196161447982632,0.2745053975111506,-0.15073507286902968
70.83,11.198905340977094,0.274273219568558,-0.15073514749174657
70.84,11.201646912738946,0.2740411511094688,-0.15073522220340493
70.85000000000001,11.204386164366673,0.273809192866851,-0.15073529681786793
70.86,11.20712309696616,0.2735773455880992,-0.1507353711479832
70.87,11.209857711650848,0.2733456100336963,-0.15073544500587727
70.88,11.21259000954182,0.27311398697586464,-0.150735518203255
70.89,11.21531999176796,0.2728824771971941,-0.15073559055170427
70.9,11.218047659466002,0.27265108148923584,-0.15073566186301124
70.91,11.220773013780642,0.27241980065104193,-0.15073573194948844
70.92,11.223496055864604,0.2721886354876297,-0.15073580062432115
70.93,11.226216786878679,0.2719575868083506,-0.15073586770193623
70.94,11.228935207991757,0.2717266554251408,-0.15073593299839888
70.95,11.231651320380875,0.27149584215061673,-0.15073599633184434
70.96000000000001,11.234365125231172,0.27126514779597444,-0.15073605752295455
70.97,11.237076623735883,0.27103457316865215,-0.15073611639548784
70.98,11.239785817096305,0.2708041190696871,-0.15073617277687604
70.99,11.242492706521677,0.27057378629069084,-0.15073622649890672
71.0,11.245197293229117,0.27034357561034045,-0.15073627739851025
71.01,11.247899578443423,0.2701134877902518,-0.15073632531868195
71.02,11.250599563396923,0.26988352357004525,-0.1507363701095772
71.03,11.2532972493292,0.26965368366136105,-0.1507364116298314
71.04,11.255992637486782,0.26942396874046637,-0.1507364497481789
71.05,11.258685729122746,0.26919437943894725,-0.15073648434547363
71.06,11.261376525496217,0.2689649163317275,-0.15073651531726706
71.07000000000001,11.264065027871716,0.26873557992127023,-0.15073654257717467
71.08,11.266751237518339,0.2685063706161057,-0.15073656606140176
71.09,11.269435155708688,0.2682772887006117,-0.15073658573503745
71.10000000000001,11.272116783717399,0.2680483342905725,-0.15073660160119035
71.11,11.274796122819147,0.2678195072640278,-0.1507366137149887
71.12,11.277473174285765,0.26759080714523353,-0.15073662220666104
71.13,11.280147939381699,0.267362232887809,-0.15073662732372559
71.14,11.282820419356304,0.26713378239533736,-0.15073662952145006
71.15,11.285490615427639,0.26690545108431113,-0.15073662971933044
71.16,11.288158528738231,0.2666772284871175,-0.15073662969819088
71.17,11.290824160366165,0.26644911562773277,-0.1507366290745259
71.18,11.293487511413172,0.26622111150257705,-0.15073662834636942
71.19,11.296148582944191,0.26599321180676655,-0.15073662838823887
71.2,11.298807375986444,0.26576541327682146,-0.1507366298009232
71.21000000000001,11.301463891538544,0.26553771340853843,-0.15073663301470475
71.22,11.304118130576862,0.265310110228154,-0.1507366383470904
71.23,11.30677009406009,0.26508260215266133,-0.15073664603517695
71.24,11.309419782932633,0.26485518790032464,-0.15073665625552424
71.25,11.312067198127346,0.26462786643000064,-0.15073666913727404
71.26,11.314712340567677,0.26440063689801024,-0.15073668477130162
71.27,11.31735521116949,0.26417349862627765,-0.15073670321688046
71.28,11.319995810842599,0.26394645107805537,-0.1507367245067043
71.29,11.322634140492072,0.263719493838945,-0.1507367486507784
71.3,11.325270201019375,0.2634926266017359,-0.15073677563950502
71.31,11.327903993323396,0.26326584915406775,-0.15073680544617832
71.32000000000001,11.330535518301321,0.2630391613682394,-0.15073683802903554
71.33,11.33316477684945,0.2628125631926657,-0.1507368733329679
71.34,11.335791769863926,0.26258605464463364,-0.15073691129096684
71.35000000000001,11.338416498241365,0.2623596358040968,-0.1507369518253593
71.36,11.341038962879482,0.2621333068083015,-0.15073699484887426
71.37,11.34365916467764,0.26190706784709533,-0.15073704026557244
71.38,11.346277104537327,0.2616809191588031,-0.15073708797166294
71.39,11.348892783362665,0.2614548610265649,-0.1507371378562266
71.4,11.351506202060792,0.26122889377507263,-0.15073718980186215
71.41,11.354117361542308,0.26100301776763424,-0.15073724368526548
71.42,11.356726262721619,0.2607772334035204,-0.15073729937775535
71.43,11.359332906517297,0.2605515411155528,-0.15073735674575056
71.44,11.361937293852392,0.2603259413678961,-0.15073741565120838
71.45,11.364539425654764,0.2601004346540253,-0.15073747595202816
71.46000000000001,11.367139302857321,0.2598750214948486,-0.15073753750242602
71.47,11.369736926398328,0.2596497024369549,-0.15073760015328494
71.48,11.372332297221632,0.25942447805097574,-0.1507376637524837
71.49,11.374925416276893,0.2591993489300416,-0.15073772814520822
71.5,11.377516284519826,0.25897431568831675,-0.1507377931742478
71.51,11.38010490291237,0.2587493789596028,-0.15073785868028
71.52,11.382691272422898,0.25852453939599485,-0.15073792450214554
71.53,11.3852753940264,0.2582997976665791,-0.1507379904771161
71.54,11.387857268704627,0.2580751544561649,-0.15073805644115787
71.55,11.39043689744625,0.2578506104640343,-0.15073812222919147
71.56,11.39301428124701,0.257626166402699,-0.15073818767535327
71.57000000000001,11.395589421109824,0.2574018229966616,-0.15073825261325677
71.58,11.398162318044907,0.257177580981152,-0.15073831687626105
71.59,11.400732973069895,0.2569534411008436,-0.1507383802977447
71.60000000000001,11.403301387209888,0.2567294041085216,-0.1507384427113919
71.61,11.405867561497555,0.2565054707636987,-0.15073850395149072
71.62,11.408431496973202,0.2562816418311381,-0.1507385638532521
71.63,11.41099319468478,0.2560579180792904,-0.15073862225314913
71.64,11.413552655687957,0.25583430027858867,-0.15073867898928656
71.65,11.416109881046093,0.25561078919959035,-0.15073873390180464
71.66,11.418664871830247,0.2553873856109056,-0.15073878683332806
71.67,11.421217629119159,0.2551640902768766,-0.15073883762946833
71.68,11.423768153999163,0.2549409039549357,-0.1507388861393943
71.69,11.426316447564124,0.25471782739255017,-0.15073893221648857
71.7,11.428862510915327,0.25449486132365273,-0.15073897571911093
71.71000000000001,11.4314063451613,0.25427200646440307,-0.1507390165114998
71.72,11.433947951417627,0.25404926350807205,-0.1507390544648521
71.73,11.43648733080669,0.25382663311877013,-0.1507390894586379
71.74,11.43902448445732,0.2536041159236116,-0.1507391213822286
71.75,11.441559413504413,0.25338171250271685,-0.15073915013695494
71.76,11.444092119088365,0.25315942337616326,-0.15073917563876696
71.77,11.446622602354404,0.25293724898646697,-0.15073919782176515
71.78,11.449150864451703,0.2527151896742916,-0.15073921664303763
71.79,11.451676906532184,0.25249324564339315,-0.1507392320895496
71.8,11.454200729748914,0.25227141690739524,-0.15073924418844561
71.81,11.456722335253817,0.2520497032034225,-0.15073925302347965
71.82000000000001,11.459241724194195,0.25182810383841625,-0.15073925876364289
71.83,11.461758897707078,0.2516066173752193,-0.15073926172005062
71.84,11.464273856908475,0.2513852408231505,-0.15073926248648692
71.85000000000001,11.46678660286597,0.251163966582082,-0.1507392624028929
71.86,11.46929713655893,0.2509427888208187,-0.15073926215519734
71.87,11.471805458974785,0.25072171060375903,-0.15073926143348515
71.88,11.47431157108914,0.2505007278654983,-0.15073926110236585
71.89,11.47681547383886,0.2502798371833974,-0.15073926178187658
71.9,11.479317168130933,0.2500590359564876,-0.15073926390827613
71.91,11.481816654849352,0.24983832215234372,-0.15073926780048588
71.92,11.484313934859946,0.24961769414918336,-0.1507392736960971
71.93,11.486809009013946,0.24939715063676865,-0.15073928177270038
71.94,11.489301878150746,0.24917669055059363,-0.15073929216158166
71.95,11.491792543100145,0.24895631302589644,-0.15073930495707685
71.96000000000001,11.49428100468413,0.24873601736417222,-0.15073932022327122
71.97,11.49676726371843,0.2485158030079436,-0.15073933799898173
71.98,11.499251321013839,0.24829566952122667,-0.1507393583015748
71.99,11.501733177377309,0.24807561657405372,-0.15073938112996685
72.0,11.504212833612987,0.24785564392996443,-0.15073940646703102
72.01,11.50669029052307,0.24763575143573432,-0.1507394342815635
72.02,11.509165548908598,0.24741593901281003,-0.15073946452991416
72.03,11.511638609570186,0.24719620665008202,-0.15073949715735696
72.04,11.514109473308629,0.24697655439771615,-0.15073953209925667
72.05,11.516578140925521,0.2467569823618346,-0.15073956928207077
72.06,11.519044613223773,0.24653749069988812,-0.1507396086242206
72.07000000000001,11.521508891008112,0.24631807961659885,-0.15073965003685302
72.08,11.523970975085524,0.24609874936037174,-0.15073969342451432
72.09,11.5264308662657,0.24587950022010105,-0.15073973868574833
72.10000000000001,11.5288885653614,0.24566033252231034,-0.15073978571363364
72.11,11.531344073188823,0.24544124662857125,-0.15073983439626776
72.12,11.53379739056796,0.24522224293316267,-0.15073988461720653
72.13,11.53624851832289,0.2450033218609358,-0.1507399362558665
72.14,11.538697457282096,0.2447844838653517,-0.15073998918789477
72.15,11.541144208278721,0.2445657294266734,-0.15074004328551074
72.16,11.543588772150835,0.2443470590502847,-0.15074009841782565
72.17,11.546031149741694,0.24412847326511952,-0.15074015445114122
72.18,11.548471341899946,0.24390997262218897,-0.15074021124923173
72.19,11.550909349479848,0.24369155769318712,-0.15074026867361237
72.2,11.553345173341489,0.24347322906916236,-0.15074032658379552
72.21000000000001,11.555778814350944,0.24325498735924792,-0.15074038483753818
72.22,11.558210273380471,0.24303683318943464,-0.150740443291082
72.23,11.56063955130867,0.24281876720137685,-0.15074050179938842
72.24,11.563066649020625,0.24260079005122356,-0.15074056021637058
72.25,11.565491567408051,0.24238290240845978,-0.15074061839512473
72.26,11.567914307369422,0.24216510495475344,-0.15074067618816195
72.27,11.570334869810084,0.24194739838279306,-0.1507407334476435
72.28,11.572753255642358,0.24172978339509874,-0.15074079002562277
72.29,11.575169465785638,0.24151226070280965,-0.1507408457742934
72.3,11.57758350116646,0.24129483102441343,-0.15074090054625103
72.31,11.579995362718588,0.2410774950844182,-0.15074095419476705
72.32000000000001,11.582405051383041,0.24086025361192734,-0.15074100657408415
72.33,11.584812568108156,0.24064310733911945,-0.15074105753973135
72.34,11.5872179138496,0.2404260569995787,-0.15074110694887088
72.35000000000001,11.58962108957037,0.24020910332645953,-0.15074115466067903
72.36,11.592022096240788,0.23999224705042937,-0.15074120053677229
72.37,11.594420934838457,0.23977548889734077,-0.15074124444168824
72.38,11.596817606348205,0.23955882958556152,-0.15074128624343502
72.39,11.599212111761998,0.23934226982286214,-0.15074132581412833
72.4,11.601604452078808,0.23912581030274785,-0.15074136303073837
72.41,11.603994628304447,0.23890945170005504,-0.15074139777597947
72.42,11.606382641451372,0.23869319466559136,-0.15074142993938489
72.43,11.608768492538392,0.2384770398194857,-0.150741459418629
72.44,11.611152182590331,0.2382609877427788,-0.150741486121183
72.45,11.61353371263759,0.23804503896654325,-0.150741509966435
72.46000000000001,11.615913083715565,0.23782919395745258,-0.15074153088847067
72.47,11.618290296863915,0.23761345309803825,-0.15074154883983037
72.48,11.620665353125606,0.23739781665867649,-0.1507415637967684
72.49,11.623038253545566,0.237182284755984,-0.15074157576694727
72.5,11.625408999168876,0.23696685728725167,-0.15074158480135516
72.51,11.627777591038038,0.2367515338185195,-0.1507415910142414
72.52,11.63014403018875,0.23653631337010655,-0.15074159462035053
72.53,11.632508317642351,0.23632119392260806,-0.1507415960176432
72.54,11.634870454389205,0.23610617081247914,-0.15074159603721088
72.55,11.637230441344988,0.23589123476126878,-0.15074159600994141
72.56,11.639588279386093,0.235676388418974,-0.1507415954436367
72.57000000000001,11.641943969405524,0.23546162975065987,-0.15074159492290468
72.58,11.644297512261296,0.23524695516865513,-0.15074159509404564
72.59,11.646648908780037,0.2350323619485001,-0.15074159640352475
72.60000000000001,11.648998159764398,0.23481784798183808,-0.1507415991734529
72.61,11.651345265998243,0.23460341159696455,-0.15074160364249534
72.62,11.653690228250428,0.23438905144768318,-0.15074160998918024
72.63,11.656033047277647,0.2341747664410404,-0.15074161834640762
72.64,11.65837372382674,0.23396055568775567,-0.15074162881112618
72.65,11.660712258636497,0.23374641846666552,-0.15074164145113822
72.66,11.663048652439235,0.23353235419827217,-0.1507416563100856
72.67,11.665382905962097,0.23331836242446882,-0.1507416734112264
72.68,11.667715019928188,0.23310444279261647,-0.15074169276037291
72.69,11.670044995057548,0.23289059504276913,-0.15074171434823003
72.7,11.67237283206805,0.2326768189972465,-0.1507417381522911
72.71000000000001,11.674698531676155,0.23246311455199312,-0.15074176413840093
72.72,11.677022094597625,0.23224948166931764,-0.15074179226206266
72.73,11.679343521548153,0.23203592037172366,-0.1507418224695444
72.74,11.681662813243927,0.23182243073661293,-0.15074185469882628
72.75,11.683979970402179,0.23160901289169095,-0.1507418888804196
72.76,11.686294993741638,0.23139566701095318,-0.15074192493808214
72.77,11.688607883982996,0.23118239331114665,-0.15074196278944701
72.78,11.690918641849315,0.23096919204862765,-0.15074200234658122
72.79,11.693227268066403,0.23075606351655814,-0.15074204351648388
72.8,11.695533763363168,0.2305430080423807,-0.1507420862015355
72.81,11.697838128471968,0.23033002598553343,-0.15074213029990427
72.82000000000001,11.7001403641289,0.23011711773537355,-0.15074217570591647
72.83,11.702440471074086,0.2299042837092729,-0.15074222231039722
72.84,11.704738450051975,0.22969152435086435,-0.1507422700009838
72.85000000000001,11.707034301811557,0.22947884012842062,-0.15074231866241816
72.86,11.70932802710663,0.22926623153334189,-0.15074236817681927
72.87,11.711619626696024,0.2290536990787383,-0.15074241842394037
72.88,11.71390910134378,0.22884124329809621,-0.1507424692814126
72.89,11.716196451819403,0.2286288647440088,-0.15074252062497698
72.9,11.718481678897986,0.2284165639869682,-0.15074257232870794
72.91,11.720764783360421,0.22820434161419978,-0.15074262426522958
72.92,11.72304576599356,0.22799219822853392,-0.15074267630592658
72.93,11.72532462759034,0.22778013444730522,-0.15074272832115207
72.94,11.727601368949951,0.22756815090126528,-0.15074278018043336
72.95,11.729875990877959,0.22735624823350398,-0.1507428317526785
72.96000000000001,11.732148494186399,0.22714442709836763,-0.15074288290638493
72.97,11.734418879693914,0.22693268816036385,-0.15074293350985132
72.98,11.73668714822584,0.22672103209303296,-0.1507429834313977
72.99,11.738953300614279,0.22650945957779198,-0.15074303253959262
73.0,11.741217337698195,0.2262979713027114,-0.15074308070349351
73.01,11.743479260323447,0.2260865679612357,-0.15074312779290056
73.02,11.745739069342855,0.2258752502507913,-0.15074317367863166
73.03,11.747996765616232,0.22566401887129614,-0.15074321823281875
73.04,11.750252350010388,0.22545287452351218,-0.15074326132923446
73.05,11.752505823399138,0.22524181790721481,-0.15074330284365492
73.06,11.754757186663296,0.22503084971912918,-0.15074334265426725
73.07000000000001,11.75700644069059,0.22481997065057766,-0.1507433806421335
73.08,11.759253586375648,0.2246091813847522,-0.150743416691724
73.09,11.761498624619868,0.22439848259351383,-0.15074345069154102
73.10000000000001,11.763741556331295,0.22418787493358225,-0.1507434825348556
73.11,11.765982382424436,0.22397735904191798,-0.15074351212059312
73.12,11.768221103820066,0.22376693553003857,-0.15074353935441315
73.13,11.770457721444904,0.2235566049768871,-0.15074356415005258
73.14,11.772692236231265,0.22334636791968973,-0.1507435864310274
73.15,11.77492464911657,0.22313622484195395,-0.15074360613284218
73.16,11.777154961042756,0.2229261761572575,-0.15074362320593573
73.17,11.779383172955445,0.22271622218660103,-0.15074363761974097
73.18,11.781609285802874,0.222506363125427,-0.15074364936850645
73.19,11.783833300534408,0.2222965989929689,-0.15074365848008478
73.2,11.786055218098406,0.2220869295488173,-0.15074366503012254
73.21000000000001,11.788275039438918,0.2218773541412692,-0.15074366916723358
73.22,11.79049276549023,0.22166787138721994,-0.15074367116444604
73.23,11.792708397165987,0.22145847829564005,-0.15074367155285615
73.24,11.794921935329791,0.22124916709260284,-0.15074367151073242
73.25,11.797133380771546,0.2210399349897027,-0.15074367120818913
73.26,11.79934273429877,0.22083078358904842,-0.15074367064406569
73.27,11.801549996700212,0.2206217092851426,-0.15074367048454024
73.28,11.803755168731808,0.22041270920315917,-0.15074367119146925
73.29,11.805958251124286,0.22020378113936862,-0.15074367309238357
73.3,11.808159244588834,0.219994923359779,-0.1507436764278438
73.31,11.810358149821099,0.2197861344741142,-0.15074368137741168
73.32000000000001,11.812554967504187,0.21957741335548633,-0.15074368807526092
73.33,11.814749698311022,0.2193687590863676,-0.1507436966203149
73.34,11.816942342906243,0.2191601709204595,-0.15074370708323054
73.35000000000001,11.819132901947752,0.21895164825470892,-0.15074371951143428
73.36,11.821321376088054,0.2187431906080928,-0.15074373393288654
73.37,11.823507765975382,0.2185347976051069,-0.15074375035897997
73.38,11.825692072254684,0.2183264689626272,-0.1507437687868246
73.39,11.82787429556849,0.21811820447925387,-0.15074378920108797
73.4,11.830054436557697,0.2179100040265327,-0.15074381157550057
73.41,11.83223249586224,0.21770186754161802,-0.15074383587410906
73.42,11.834408474121737,0.21749379502106397,-0.150743862052331
73.43,11.836582371976041,0.2172857865155184,-0.1507438900578537
73.44,11.838754190065758,0.21707784212513578,-0.15074391983140947
73.45,11.84092392903274,0.21686996199558206,-0.1507439513074482
73.46000000000001,11.843091589520498,0.21666214631452693,-0.15074398441472872
73.47,11.84525717217461,0.21645439530853683,-0.15074401907684085
73.48,11.847420677643122,0.2162467092403071,-0.1507440552126708
73.49,11.84958210657686,0.21603908840618127,-0.15074409273681888
73.5,11.85174145962978,0.21583153313390835,-0.15074413155997643
73.51,11.853898737459266,0.2156240437806108,-0.1507441715892694
73.52,11.8560539407264,0.2154166207309256,-0.150744212728572
73.53,11.858207070096261,0.2152092643952973,-0.1507442548787961
73.54,11.860358126238138,0.21500197520840325,-0.15074429793815974
73.55,11.862507109825781,0.21479475362768882,-0.15074434180243665
73.56,11.864654021537637,0.21458760013199793,-0.1507443863651915
73.57000000000001,11.866798862057033,0.21438051522028803,-0.15074443151800201
73.58,11.868941632072378,0.21417349941041242,-0.15074447715067027
73.59,11.871082332277364,0.21396655323796082,-0.15074452315142492
73.60000000000001,11.873220963371105,0.21375967725514963,-0.15074456940711728
73.61,11.875357526058323,0.2135528720297481,-0.1507446158034111
73.62,11.877492021049497,0.21334613814403328,-0.15074466222496968
73.63,11.879624449060987,0.21313947619376686,-0.15074470855564012
73.64,11.881754810815181,0.21293288678717845,-0.15074475467863777
73.65,11.883883107040608,0.2127263705439546,-0.15074480047673142
73.66,11.886009338472038,0.2125199280942154,-0.15074484583243197
73.67,11.8881335058506,0.21231356007747212,-0.15074489062818572
73.68,11.890255609923859,0.2121072671415537,-0.15074493474657516
73.69,11.892375651445882,0.21190104994148962,-0.15074497807052856
73.7,11.894493631177342,0.21169490913832945,-0.1507450204835422
73.71000000000001,11.896609549885527,0.21148884539789217,-0.150745061869918
73.72,11.898723408344404,0.21128285938940083,-0.1507451021150209
73.73,11.900835207334657,0.21107695178400687,-0.15074514110555925
73.74,11.902944947643668,0.21087112325315024,-0.1507451787298953
73.75,11.905052630065535,0.21066537446671565,-0.15074521487839326
73.76,11.90715825540104,0.2104597060909488,-0.15074524944381174
73.77,11.909261824457591,0.2102541187860505,-0.15074528232175433
73.78,11.911363338049167,0.2100486132033672,-0.1507453134111924
73.79,11.913462796996198,0.20984318998206883,-0.1507453426150796
73.8,11.915560202125425,0.20963784974514799,-0.1507453698410849
73.81,11.917655554269725,0.20943259309452544,-0.15074539500248182
73.82000000000001,11.91974885426786,0.20922742060495847,-0.1507454180192438
73.83,11.921840102964165,0.20902233281629773,-0.15074543881942104
73.84,11.923929301208176,0.20881733022341833,-0.1507454573409093
73.85000000000001,11.926016449854085,0.20861241326278537,-0.15074547353378034
73.86,11.92810154976008,0.20840758229394518,-0.15074548736344606
73.87,11.930184601787472,0.2082028375730438,-0.1507454988151162
73.88,11.932265606799433,0.20799817921309016,-0.1507455079003728
73.89,11.934344565659325,0.2077936071204881,-0.15074551466746353
73.9,11.936421479228091,0.2075891208847012,-0.15074551921878093
73.91,11.938496348360163,0.20738471956103277,-0.15074552174426054
73.92,11.940569173895936,0.20718040114689415,-0.15074552259847554
73.93,11.942639956644115,0.2069761607274789,-0.15074552254772794
73.94,11.944708697340424,0.2067719905982527,-0.1507455224873451
73.95,11.946775396702918,0.2065678940220425,-0.15074552199852423
73.96000000000001,11.948840055457268,0.20636386839310206,-0.1507455216502936
73.97,11.950902674297053,0.20615991067060854,-0.1507455219257595
73.98,11.95296325388924,0.20595601853362264,-0.15074552316070128
73.99,11.955021794880269,0.20575219017187157,-0.15074552559867066
74.0,11.95707829790042,0.2055484241419612,-0.15074552942053301
74.01,11.959132763566968,0.20534471927703582,-0.15074553476154987
74.02,11.961185192486656,0.2051410746272173,-0.15074554172214297
74.03,11.963235585257634,0.2049374894183044,-0.15074555037514084
74.04,11.965283942471054,0.20473396302189203,-0.15074556077091156
74.05,11.967330264712416,0.20453049493298947,-0.15074557294114546
74.06,11.969374552562732,0.2043270847527705,-0.15074558690173298
74.07000000000001,11.971416806599473,0.20412373217496194,-0.15074560265501355
74.08,11.97345702739748,0.20392043697488324,-0.15074562019156906
74.09,11.975495215529715,0.20371719900046922,-0.1507456394916841
74.10000000000001,11.977531371567949,0.20351401816481074,-0.15074566052655175
74.11,11.979565496083373,0.20331089443987196,-0.15074568325928406
74.12,11.981597589647196,0.20310782785113868,-0.15074570764576914
74.13,11.983627652831093,0.20290481847301842,-0.1507457336354068
74.14,11.985655686207748,0.20270186642484012,-0.15074576117174476
74.15,11.987681690351224,0.20249897186735727,-0.15074579019303574
74.16,11.989705665837388,0.20229613499965896,-0.15074582063272812
74.17,11.991727613244294,0.20209335605642545,-0.15074585241990132
74.18,11.99374753315249,0.20189063530547594,-0.15074588547965623
74.19,11.99576542614537,0.20168797304555705,-0.15074591973346624
74.2,11.99778129280946,0.20148536960434227,-0.15074595509949612
74.21000000000001,11.9997951337347,0.2012828253366106,-0.15074599149289283
74.22,12.001806949514702,0.201080340622575,-0.15074602882605312
74.23,12.003816740747007,0.20087791586634351,-0.1507460670088705
74.24,12.005824508033308,0.20067555149449473,-0.15074610594896554
74.25,12.007830251979668,0.20047324795474744,-0.1507461455519014
74.26,12.009833973196733,0.200271005714716,-0.15074618572138684
74.27,12.011835672299913,0.20006882526073444,-0.15074622635946927
74.28,12.013835349909577,0.19986670709673973,-0.15074626736671917
74.29,12.015833006651217,0.1996646517432075,-0.15074630864240735
74.3,12.017828643155596,0.19946265973612476,-0.1507463500846777
74.31,12.019822260058927,0.19926073162599325,-0.15074639159071523
74.32000000000001,12.021813858002986,0.19905886797685943,-0.1507464330569121
74.33,12.023803437635253,0.19885706936535233,-0.1507464743790331
74.34,12.025790999609042,0.1986553363797302,-0.15074651545238105
74.35000000000001,12.0277765445836,0.19845366961892194,-0.15074655617196467
74.36,12.029760073224198,0.19825206969155654,-0.1507465964326702
74.37,12.031741586202262,0.19805053721496105,-0.15074663612943837
74.38,12.033721084195415,0.19784907281413255,-0.15074667515744922
74.39,12.03569856788757,0.19764767712064935,-0.15074671341231682
74.4,12.037674037968976,0.19744635077152567,-0.15074675079029637
74.41,12.039647495136284,0.19724509440797164,-0.1507467871885076
74.42,12.041618940092569,0.19704390867405294,-0.15074682250517774
74.43,12.043588373547351,0.19684279421521303,-0.15074685663990844
74.44,12.045555796216608,0.19664175167662193,-0.1507468894939738
74.45,12.04752120882276,0.1964407817013133,-0.15074692097065517
74.46000000000001,12.049484612094643,0.19623988492805217,-0.15074695097562277
74.47,12.051446006767435,0.19603906198885537,-0.15074697941737697
74.48,12.053405393582608,0.19583831350607453,-0.150747006207763
74.49,12.055362773287776,0.19563764008890785,-0.1507470312625823
74.5,12.057318146636579,0.19543704232915793,-0.15074705450232753
74.51,12.059271514388453,0.19523652079599355,-0.15074707585308253
74.52,12.06122287730839,0.1950360760293388,-0.1507470952476435
74.53,12.063172236166608,0.1948357085313639,-0.1507471126269449
74.54,12.0651195917381,0.19463541875524798,-0.15074712794191805
74.55,12.06706494480209,0.19443520708990286,-0.15074714115597948
74.56,12.069008296141291,0.19423507383846553,-0.15074715224848
74.57000000000001,12.07094964654088,0.19403501918668095,-0.1507471612196867
74.58,12.072888996787114,0.19383504315376301,-0.15074716809837213
74.59,12.074826347665292,0.1936351455101469,-0.15074717295422704
74.60000000000001,12.076761699956585,0.19343532562456398,-0.15074717592029388
74.61,12.078695054432583,0.19323558212938352,-0.15074717724020562
74.62,12.080626411844042,0.19303591193940306,-0.15074717739774518
74.63,12.082555772889188,0.19283630728898224,-0.15074717738141247
74.64,12.08448313820888,0.19263676783847872,-0.15074717706285204
74.65,12.08640850846419,0.1924372938514464,-0.1507471766408344
74.66,12.08833188429352,0.1922378821743142,-0.15074717662232912
74.67,12.090253266307112,0.1920385303457234,-0.15074717735497947
74.68,12.092172655093545,0.19183923646307532,-0.15074717908676305
74.69,12.09409005122447,0.19163999901961878,-0.1507471820002956
74.7,12.096005455257998,0.19144081680177832,-0.15074718623187366
74.71000000000001,12.097918867741283,0.19124168882275816,-0.15074719188306984
74.72,12.099830289212548,0.19104261427733954,-0.1507471990283394
74.73,12.10173972020274,0.1908435925096814,-0.15074720772030192
74.74,12.103647161236886,0.19064462298951196,-0.15074721799357196
74.75,12.105552612835268,0.1904457052939689,-0.1507472298676379
74.76,12.10745607551441,0.190246839093399,-0.15074724334908612
74.77,12.109357549787951,0.1900480241400082,-0.15074725843336179
74.78,12.11125703616744,0.1898492602586268,-0.1507472751061894
74.79,12.113154535162991,0.18965054733907805,-0.15074729334473946
74.8,12.115050047283916,0.1894518853297833,-0.15074731311860046
74.81,12.11694357303929,0.18925327423233917,-0.15074733439059915
74.82000000000001,12.118835112938434,0.18905471409687288,-0.1507473571175014
74.83,12.120724667491407,0.1888562050180214,-0.1507473812506161
74.84,12.122612237209431,0.18865774713142316,-0.15074740673632148
74.85000000000001,12.124497822605255,0.18845934061063377,-0.15074743351652797
74.86,12.126381424193552,0.18826098566439117,-0.15074746152908708
74.87,12.128263042491257,0.18806268253417624,-0.15074749070815677
74.88,12.13014267801786,0.18786443149202492,-0.1507475209845297
74.89,12.132020331295724,0.18766623283854805,-0.1507475522859302
74.9,12.13389600285035,0.18746808690113514,-0.15074758453728473
74.91,12.135769693210637,0.18726999403231193,-0.15074761766096947
74.92,12.137641402909141,0.18707195460822973,-0.15074765157703907
74.93,12.13951113248228,0.18687396902727055,-0.1507476862034391
74.94,12.141378882470558,0.18667603770875055,-0.15074772145620421
74.95,12.14324465341879,0.18647816109170554,-0.15074775724964468
74.96000000000001,12.145108445876257,0.18628033963375198,-0.15074779349652298
74.97,12.14697026039691,0.18608257381000648,-0.15074783010822246
74.98,12.148830097539541,0.18588486411205615,-0.1507478669949086
74.99,12.150687957867923,0.1856872110469737,-0.15074790406568597
75.0,12.152543841950992,0.18548961513636067,-0.15074794122875024
75.01,12.15439775036295,0.18529207691542207,-0.15074797839153858
75.02,12.156249683683424,0.185094596932052,-0.15074801546087782
75.03,12.15809964249758,0.18489717574592887,-0.15074805234313357
75.04,12.159947627396235,0.18469981392761373,-0.1507480889443598
75.05,12.16179363897596,0.18450251205763632,-0.15074812517045164
75.06,12.16363767783918,0.18430527072556374,-0.15074816092730248
75.07000000000001,12.165479744594258,0.184108090529038,-0.15074819612096738
75.08,12.16731983985556,0.18391097207277488,-0.15074823065783427
75.09,12.169157964243547,0.18371391596750375,-0.1507482644448055
75.10000000000001,12.170994118384801,0.18351692282883703,-0.15074829738949275
75.11,12.172828302912077,0.18331999327604562,-0.15074832940042793
75.12,12.174660518464346,0.18312312793071722,-0.1507483603872945
75.13,12.176490765686792,0.182926327415273,-0.15074839026118314
75.14,12.178319045230824,0.18272959235128944,-0.15074841893487914
75.15,12.180145357754055,0.1825329233575983,-0.15074844632318746
75.16,12.181969703920258,0.18233632104808675,-0.15074847234330624
75.17,12.183792084399318,0.18213978602911826,-0.1507484969152611
75.18,12.18561249986713,0.18194331889647508,-0.1507485199624165
75.19,12.187430951005474,0.181746920231659,-0.15074854141208796
75.2,12.189247438501866,0.18155059059735182,-0.15074856119628463
75.21000000000001,12.191061963049322,0.18135433053173888,-0.15074857925262825
75.22,12.192874525346088,0.1811581405412594,-0.15074859552551056
75.23,12.194685126095289,0.1809620210911291,-0.15074860996758538
75.24,12.196493766004421,0.1807659725926186,-0.15074862254174262
75.25,12.198300445784785,0.18056999538539611,-0.15074863322380136
75.26,12.200105166150594,0.18037408971205274,-0.15074864200632837
75.27,12.201907927817851,0.18017825567945198,-0.150748648904314
75.28,12.203708731502713,0.17998249319612883,-0.15074865396415657
75.29,12.205507577918995,0.17978680186132368,-0.1507486572791561
75.3,12.207304467774092,0.17959118074001096,-0.1507486590198301
75.31,12.209099401761321,0.17939562779200674,-0.15074865950683083
75.32000000000001,12.210892380540571,0.17920013769302853,-0.15074865945072977
75.33,12.212683404702384,0.17900470474276864,-0.1507486593439436
75.34,12.214472474836638,0.17880933192186105,-0.1507486589427185
75.35000000000001,12.216259591531871,0.17861401644145344,-0.15074865874158366
75.36,12.218044755347801,0.17841875568113674,-0.1507486591045467
75.37,12.219827966821136,0.17822354762762407,-0.1507486602858943
75.38,12.221609226470731,0.17802839069902912,-0.15074866247063917
75.39,12.223388534801277,0.1778332836273982,-0.1507486657961823
75.4,12.225165892306022,0.17763822538386756,-0.15074867036500483
75.41,12.2269412994689,0.1774432151286779,-0.15074867625275226
75.42,12.228714756766255,0.1772482521761493,-0.15074868351372295
75.43,12.23048626466823,0.17705333596913767,-0.15074869218478007
75.44,12.232255823639955,0.17685846605977465,-0.15074870228825052
75.45,12.234023434142564,0.1766636420945441,-0.15074871383413946
75.46000000000001,12.235789096634083,0.17646886380245544,-0.15074872682186585
75.47,12.23755281157019,0.17627413098548383,-0.15074874124165244
75.48,12.239314579404926,0.17607944351071556,-0.15074875707565907
75.49,12.24107440059129,0.17588480130380424,-0.15074877429892097
75.5,12.242832275581817,0.17569020434344457,-0.1507487928801366
75.51,12.244588204829066,0.1754956526566593,-0.15074881278233757
75.52,12.246342188786095,0.1753011463147352,-0.15074883396346372
75.53,12.24809422790688,0.1751066854296875,-0.15074885637686236
75.54,12.249844322646705,0.17491227015116392,-0.15074887997172487
75.55,12.251592473462535,0.17471790066370557,-0.15074890469347257
75.56,12.253338680813338,0.17452357718431066,-0.15074893048409982
75.57000000000001,12.255082945160405,0.17432929996025656,-0.1507489572824811
75.58,12.256825266967642,0.17413506926713315,-0.1507489850246486
75.59,12.258565646701854,0.1739408854070621,-0.15074901364404375
75.60000000000001,12.260304084832981,0.17374674870707463,-0.15074904307174808
75.61,12.262040581834361,0.17355265951762222,-0.15074907323669462
75.62,12.263775138182943,0.1733586182112041,-0.1507491040658646
75.63,12.265507754359504,0.17316462518109613,-0.15074913548447022
75.64,12.26723843084886,0.172970680840163,-0.1507491674161265
75.65,12.268967168140044,0.1727767856197471,-0.15074919978301313
75.66,12.270693966726482,0.1725829399686172,-0.1507492325060291
75.67,12.272418827106193,0.17238914435196978,-0.1507492655049399
75.68,12.274141749781908,0.17219539925047728,-0.1507492986985205
75.69,12.275862735261237,0.17200170515936847,-0.1507493320046937
75.7,12.277581784056823,0.17180806258753542,-0.1507493653406659
75.71000000000001,12.279298896686454,0.1716144720566643,-0.15074939862306114
75.72,12.281014073673202,0.1714209341003721,-0.15074943176805494
75.73,12.282727315545525,0.17122744926335023,-0.15074946469150907
75.74,12.284438622837381,0.17103401810050337,-0.15074949730910758
75.75,12.28614799608833,0.17084064117607364,-0.15074952953649695
75.76,12.287855435843607,0.17064731906274233,-0.1507495612894309
75.77,12.289560942654218,0.17045405234069605,-0.15074959248392156
75.78,12.29126451707701,0.17026084159664492,-0.15074962303639952
75.79,12.292966159674721,0.1700676874227846,-0.1507496528638842
75.8,12.294665871016024,0.16987459041567016,-0.15074968188416826
75.81,12.29636365167559,0.16968155117499506,-0.150749710016018
75.82000000000001,12.298059502234086,0.16948857030224376,-0.15074973717939485
75.83,12.299753423278199,0.16929564839918088,-0.15074976329570206
75.84,12.301445415400634,0.1691027860661418,-0.1507497882880633
75.85000000000001,12.30313547920008,0.16890998390007056,-0.1507498120816404
75.86,12.304823615281164,0.1687172424922319,-0.1507498346040012
75.87,12.306509824254396,0.16852456242550862,-0.1507498557855499
75.88,12.308194106736051,0.1683319442711596,-0.1507498755600387
75.89,12.309876463348049,0.16813938858486274,-0.1507498938651847
75.9,12.311556894717764,0.16794689590180562,-0.15074991064342666
75.91,12.313235401477794,0.16775446673046474,-0.15074992584287025
75.92,12.314911984265661,0.16756210154455467,-0.15074993941849413
75.93,12.316586643723404,0.1673698007723373,-0.15074995133372693
75.94,12.318259380497054,0.1671775647819866,-0.15074996156256884
75.95,12.319930195235951,0.16698539386082348,-0.15074997009254665
75.96000000000001,12.321599088591773,0.16679328818448416,-0.15074997692901326
75.97,12.3232660612172,0.1666012477683978,-0.15074998210175714
75.98,12.324931113763958,0.16640927238519185,-0.15074998567595305
75.99,12.326594246879667,0.16621736140731436,-0.15074998777233564
76.0,12.328255461202344,0.16602551344866215,-0.15074998861103966
76.01,12.329914757348384,0.1658337252287051,-0.15074998863880662
76.02,12.331572135878943,0.1656419892788209,-0.1507499886273429
76.03,12.33322759731507,0.1654503070189396,-0.150749988325465
76.04,12.334881142195602,0.1652586776528932,-0.15074998803273132
76.05,12.336532771035145,0.1650670984152388,-0.15074998813391957
76.06,12.338182484323802,0.16487556716175872,-0.1507499888921224
76.07000000000001,12.339830282532727,0.1646840822217654,-0.15074999049564225
76.08,12.34147616611815,0.1644926422641171,-0.15074999308317896
76.09,12.343120135524337,0.16430124621201972,-0.15074999675796982
76.10000000000001,12.344762191185799,0.16410989318716399,-0.15075000159649915
76.11,12.346402333529095,0.1639185824712641,-0.15075000765426252
76.12,12.348040562974289,0.1637273134784157,-0.15075001496979615
76.13,12.34967687993615,0.163536085734509,-0.15075002356761624
76.14,12.351311284825204,0.16334489886143802,-0.15075003346043692
76.15,12.352943778048626,0.16315375256469206,-0.1507500446508903
76.16,12.354574360011009,0.16296264662340018,-0.15075005713289222
76.17,12.356203031115085,0.1627715808822016,-0.15075007089274717
76.18,12.357829791762327,0.16258055524450996,-0.1507500859100576
76.19,12.359454642353503,0.16238956966685428,-0.1507501021584833
76.2,12.361077583289207,0.16219862415406902,-0.150750119606383
76.21000000000001,12.362698614970293,0.1620077187551677,-0.15075013821736374
76.22,12.364317737798318,0.16181685355976413,-0.15075015795075525
76.23,12.36593495217592,0.16162602869494516,-0.15075017876202376
76.24,12.367550258507187,0.16143524432251782,-0.15075020060313601
76.25,12.36916365719799,0.16124450063656529,-0.15075022342288208
76.26,12.370775148656284,0.16105379786126647,-0.15075024716716393
76.27,12.372384733292419,0.16086313624893508,-0.15075027177925449
76.28,12.3739924115194,0.160672516078246,-0.15075029720003344
76.29,12.375598183753134,0.16048193765262564,-0.15075032336820118
76.3,12.377202050412688,0.16029140129877673,-0.15075035022047575
76.31,12.378804011920506,0.16010090736532187,-0.15075037769177496
76.32000000000001,12.380404068702628,0.15991045622155156,-0.15075040571538517
76.33,12.382002221188865,0.15972004825625796,-0.15075043422312004
76.34,12.383598469813034,0.1595296838766424,-0.15075046314546933
76.35000000000001,12.385192815013099,0.15933936350729122,-0.15075049241174063
76.36,12.386785257231349,0.1591490875892022,-0.15075052195019453
76.37,12.388375796914573,0.15895885657885775,-0.15075055168817472
76.38,12.389964434514187,0.15876867094733713,-0.1507505815522342
76.39,12.391551170486398,0.1585785311794542,-0.15075061146825847
76.4,12.393136005292314,0.158388437772921,-0.15075064136158697
76.41,12.394718939398091,0.1581983912375235,-0.15075067115713395
76.42,12.396299973275037,0.15800839209430273,-0.1507507007795093
76.43,12.397879107399723,0.15781844087473976,-0.15075073015314094
76.44,12.39945634225408,0.15762853811992703,-0.15075075920239994
76.45,12.401031678325502,0.15743868437972425,-0.150750787851729
76.46000000000001,12.402605116106917,0.15724888021188363,-0.15075081602577714
76.47,12.404176656096862,0.15705912618113907,-0.1507508436495405
76.48,12.405746298799565,0.15686942285823913,-0.15075087064851245
76.49,12.407314044724972,0.15667977081891585,-0.1507508969488449
76.5,12.40887989438882,0.15649017064276066,-0.150750922477523
76.51,12.410443848312648,0.15630062291199676,-0.1507509471625576
76.52,12.41200590702382,0.15611112821011083,-0.1507509709331981
76.53,12.413566071055554,0.15592168712030668,-0.1507509937201718
76.54,12.415124340946873,0.15573230022374643,-0.15075101545595593
76.55,12.416680717242597,0.15554296809750834,-0.15075103607509
76.56,12.418235200493294,0.1553536913121856,-0.15075105551453985
76.57000000000001,12.419787791255185,0.1551644704290285,-0.15075107371412727
76.58,12.421338490090044,0.1549753059964747,-0.15075109061704497
76.59,12.422887297565056,0.15478619854587405,-0.15075110617048287
76.60000000000001,12.424434214252601,0.1545971485861191,-0.15075112032640445
76.61,12.425979240730017,0.15440815659675391,-0.15075113304252738
76.62,12.427522377579248,0.15421922301891525,-0.15075114428359201
76.63,12.429063625386409,0.1540303482430974,-0.15075115402304454
76.64,12.430602984741201,0.15384153259204122,-0.1507511622453461
76.65,12.432140456236114,0.1536527762958271,-0.15075116894926388
76.66,12.433676040465318,0.15346407945365376,-0.15075117415280334
76.67,12.435209738023087,0.15327544197101078,-0.15075117790109901
76.68,12.436741549501322,0.153086863445967,-0.1507511802802363
76.69,12.438271475485486,0.15289834293115162,-0.15075118144496763
76.7,12.439799516546527,0.15270987829383362,-0.15075118168834045
76.71000000000001,12.44132567321922,0.15252146373188763,-0.15075118165319262
76.72,12.442849945975421,0.15233309579489804,-0.15075118150696026
76.73,12.44437233529781,0.15214477657566944,-0.1507511811980346
76.74,12.445892841660232,0.15195650336798622,-0.15075118112565977
76.75,12.447411465510836,0.1517682738777666,-0.15075118156504935
76.76,12.448928207277557,0.1515800863296804,-0.1507511827090168
76.77,12.450443067372525,0.15139193931916434,-0.15075118469789434
76.78,12.45195604619527,0.1512038317147496,-0.15075118763560572
76.79,12.453467144135086,0.15101576259498903,-0.15075119159919137
76.8,12.454976361572923,0.15082773120580603,-0.15075119664493275
76.81,12.4564836988829,0.15063973693032054,-0.15075120281253981
76.82000000000001,12.457989156433559,0.15045177926666958,-0.15075121012815357
76.83,12.459492734588917,0.15026385781118035,-0.1507512186065804
76.84,12.460994433709406,0.15007597224526387,-0.15075122825300538
76.85000000000001,12.462494254152634,0.1498881223249851,-0.15075123906433988
76.86,12.463992196274125,0.14970030787260077,-0.15075125103030268
76.87,12.465488260427913,0.1495125287695866,-0.15075126413430445
76.88,12.466982446967123,0.14932478495081175,-0.15075127835418067
76.89,12.46847475624448,0.14913707639960827,-0.15075129366280896
76.9,12.469965188612763,0.14894940314355778,-0.15075131002863418
76.91,12.471453744425226,0.14876176525085197,-0.1507513274161204
76.92,12.472940424036006,0.14857416282712135,-0.15075134578614371
76.93,12.474425227800465,0.14838659601265392,-0.15075136509633616
76.94,12.475908156075526,0.148199064979933,-0.15075138530139043
76.95,12.477389209220005,0.14801156993144346,-0.15075140635333045
76.96000000000001,12.47886838759487,0.14782411109770893,-0.150751428201755
76.97,12.480345691563528,0.14763668873551858,-0.15075145079405733
76.98,12.481821121492088,0.1474493031263193,-0.15075147407562503
76.99,12.483294677749575,0.14726195457475155,-0.1507514979900233
77.0,12.484766360708194,0.14707464340730128,-0.15075152247916337
77.01,12.486236170743494,0.14688736997106172,-0.15075154748345967
77.02,12.487704108234603,0.1467001346325808,-0.15075157294197553
77.03,12.489170173564416,0.14651293777678706,-0.15075159879256078
77.04,12.490634367119755,0.14632577980598277,-0.150751624971982
77.05,12.492096689291548,0.1461386611388918,-0.15075165141604627
77.06,12.493557140474994,0.1459515822097543,-0.15075167805972042
77.07000000000001,12.4950157210697,0.1457645434674632,-0.15075170483724593
77.08,12.496472431479837,0.14557754537472942,-0.15075173168225123
77.09,12.497927272114275,0.14539058840727118,-0.1507517585278618
77.10000000000001,12.499380243386694,0.1452036730530245,-0.15075178530680938
77.11,12.50083134571571,0.145016799811357,-0.15075181195154125
77.12,12.502280579524996,0.14482996919228924,-0.15075183839432996
77.13,12.503727945243362,0.14464318171570928,-0.15075186456738546
77.14,12.505173443304878,0.1444564379105743,-0.15075189040297002
77.15,12.506617074148938,0.1442697383140886,-0.15075191583351757
77.16,12.508058838220336,0.14408308347084992,-0.15075194079175896
77.17,12.509498735969368,0.14389647393194904,-0.15075196521085402
77.18,12.510936767851847,0.1437099102540157,-0.15075198902453346
77.19,12.51237293432919,0.14352339299818204,-0.15075201216725176
77.2,12.513807235868432,0.1433369227289563,-0.1507520345743547
77.21000000000001,12.515239672942279,0.14315050001297572,-0.15075205618226384
77.22,12.516670246029094,0.14296412541760525,-0.15075207692868323
77.23,12.51809895561292,0.14277779950934702,-0.1507520967528327
77.24,12.51952580218345,0.14259152285201046,-0.15075211559571444
77.25,12.520950786235995,0.14240529600456853,-0.15075213340042232
77.26,12.522373908271415,0.14221911951862118,-0.15075215011250417
77.27,12.523795168796042,0.14203299393533889,-0.1507521656803931
77.28,12.525214568321555,0.14184691978171568,-0.15075218005592894
77.29,12.526632107364808,0.14166089756590516,-0.15075219319499852
77.3,12.528047786447614,0.14147492777127935,-0.15075220505833786
77.31,12.529461606096477,0.14128901084870052,-0.1507522156125577
77.32000000000001,12.530873566842196,0.14110314720619715,-0.15075222483148942
77.33,12.53228366921938,0.14091733719473584,-0.15075223269800211
77.34,12.533691913765784,0.1407315810878583,-0.1507522392065475
77.35000000000001,12.535098301021387,0.14054587905114296,-0.15075224436688503
77.36,12.536502831527095,0.14036023109350254,-0.15075224820986188
77.37,12.53790550582279,0.14017463698278215,-0.15075225079711063
77.38,12.53930632444419,0.13998909608063825,-0.15075225223926467
77.39,12.540705287917163,0.13980360694956842,-0.1507522527368562
77.4,12.542102396744529,0.13961816599396745,-0.15075225270523082
77.41,12.543497651371666,0.13943276642462452,-0.15075225268105524
77.42,12.544891052220894,0.13924741070551616,-0.1507522524193674
77.43,12.546282599726734,0.13906209728999597,-0.1507522522459234
77.44,12.547672294299488,0.1388768237310646,-0.1507522524521691
77.45,12.549060136327839,0.1386915881308565,-0.15075225323711447
77.46000000000001,12.550446126183635,0.13850638899941742,-0.15075225474323076
77.47,12.551830264225385,0.1383212251427816,-0.15075225707514056
77.48,12.553212550800824,0.138136095591077,-0.15075226031021496
77.49,12.554592986248895,0.13795099955076628,-0.1507522645051635
77.5,12.555971570901361,0.1377659363714122,-0.1507522697004285
77.51,12.557348305084076,0.1375809055215897,-0.15075227592327556
77.52,12.558723189118112,0.13739590657082248,-0.15075228319005787
77.53,12.560096223320672,0.1372109391756514,-0.1507522915079317
77.54,12.561467408005914,0.13702600306863744,-0.150752300876191
77.55,12.562836743485665,0.13684109804950365,-0.15075231128732922
77.56,12.564204230070056,0.13665622397787888,-0.15075232272790157
77.57000000000001,12.565569868068089,0.13647138076726806,-0.15075233517923473
77.58,12.56693365778814,0.13628656837997505,-0.15075234861802156
77.59,12.568295599538448,0.13610178682277704,-0.15075236301682404
77.60000000000001,12.569655693627519,0.13591703614320816,-0.15075237834450467
77.61,12.57101394036452,0.13573231642633002,-0.15075239456659945
77.62,12.572370340059651,0.1355476277919054,-0.1507524116456439
77.63,12.573724893024467,0.1353629703919093,-0.15075242954146
77.64,12.575077599572204,0.1351783444083132,-0.15075244821141126
77.65,12.576428460018054,0.13499375005110975,-0.15075246761063082
77.66,12.577777474679435,0.13480918755653257,-0.15075248769222713
77.67,12.579124643876257,0.1346246571854457,-0.15075250840747048
77.68,12.580469967931165,0.1344401592218807,-0.15075252970596317
77.69,12.58181344716974,0.1342556939716948,-0.1507525515357966
77.7,12.58315508192073,0.13407126176133735,-0.15075257384369614
77.71000000000001,12.584494872516249,0.1338868629367087,-0.1507525965751564
77.72,12.585832819291959,0.13370249786209884,-0.15075261967456782
77.73,12.58716892258726,0.13351816691919172,-0.15075264308533642
77.74,12.588503182745443,0.13333387050613127,-0.15075266674999782
77.75,12.58983560011386,0.13314960903663287,-0.15075269061032615
77.76,12.591166175044082,0.13296538293913915,-0.1507527146074389
77.77,12.592494907892023,0.1327811926560075,-0.15075273868189953
77.78,12.5938217990181,0.13259703864272282,-0.15075276277381755
77.79,12.595146848787337,0.13241292136713395,-0.15075278682294718
77.8,12.596470057569498,0.13222884130869783,-0.1507528107687863
77.81,12.597791425739201,0.1320447989577312,-0.1507528345506753
77.82000000000001,12.599110953676012,0.1318607948146623,-0.15075285810789782
77.83,12.600428641764552,0.1316768293892717,-0.1507528813797834
77.84,12.601744490394582,0.13149290319991508,-0.1507529043058141
77.85000000000001,12.60305849996109,0.13130901677271958,-0.15075292682573552
77.86,12.604370670864355,0.13112517064074306,-0.15075294887967408
77.87,12.605681003510018,0.13094136534308218,-0.1507529704082617
77.88,12.606989498309142,0.13075760142391635,-0.15075299135277
77.89,12.60829615567825,0.13057387943146645,-0.1507530116552571
77.9,12.609600976039363,0.13039019991685247,-0.1507530312587276
77.91,12.610903959820023,0.1302065634328179,-0.15075305010731183
77.92,12.612205107453299,0.13002297053228384,-0.1507530681464668
77.93,12.613504419377788,0.1298394217666999,-0.1507530853232044
77.94,12.614801896037577,0.12965591768412263,-0.1507531015863552
77.95,12.616097537882219,0.1294724588269492,-0.150753116886875
77.96000000000001,12.61739134536665,0.1292890457292111,-0.15075313117820802
77.97,12.618683318951078,0.12910567891327365,-0.15075314441672255
77.98,12.619973459100878,0.12892235888575573,-0.1507531565622412
77.99,12.621261766286377,0.12873908613237822,-0.1507531675787007
78.0,12.622548240982637,0.12855586111132167,-0.15075317743498556
78.01,12.623832883669124,0.12837268424444906,-0.1507531861060103
78.02,12.625115694829292,0.12818955590536182,-0.15075319357416003
78.03,12.626396674950026,0.12800647640258164,-0.15075319983127455
78.04,12.627675824520875,0.1278234459548284,-0.150753204881492
78.05,12.628953144032963,0.12764046465263765,-0.15075320874554177
78.06,12.630228633977438,0.12745753239426583,-0.1507532114676836
78.07000000000001,12.631502294843012,0.12727464876707617,-0.15075321312805073
78.08,12.632774127111741,0.1270918127904154,-0.150753213868022
78.09,12.634044131250418,0.12690902217740727,-0.15075321395683897
78.10000000000001,12.635312307685998,0.12672627073421208,-0.1507532139409141
78.11,12.636578656791988,0.12654355714396942,-0.15075321377847842
78.12,12.63784317895855,0.1263608824268892,-0.15075321356402516
78.13,12.639105874561656,0.12617824406845626,-0.15075321360753202
78.14,12.640366743954269,0.12599564003005975,-0.15075321411656498
78.15,12.641625787471325,0.12581306872236536,-0.15075321523647547
78.16,12.642883005433571,0.1256305288797635,-0.15075321707268927
78.17,12.644138398150368,0.12544801947783105,-0.1507532197027326
78.18,12.645391965921792,0.12526553967933027,-0.150753223183426
78.19,12.646643709040328,0.1250830887972694,-0.1507532275555452
78.2,12.647893627792238,0.12490066626852446,-0.1507532328470276
78.21000000000001,12.649141722458673,0.12471827163430686,-0.15075323907528182
78.22,12.650387993316667,0.12453590452525394,-0.15075324624891315
78.23,12.65163244063995,0.12435356464976159,-0.15075325436905096
78.24,12.652875064699687,0.12417125178465921,-0.15075326343039508
78.25,12.65411586576513,0.12398896576761712,-0.1507532734220574
78.26,12.655354844104172,0.12380670649087452,-0.15075328432825186
78.27,12.656591999983883,0.12362447389598298,-0.15075329612886715
78.28,12.65782733367098,0.12344226796934891,-0.15075330879994966
78.29,12.659060845432252,0.12326008873841748,-0.1507533223141152
78.3,12.66029253553495,0.1230779362683697,-0.15075333664090393
78.31,12.661522404247153,0.12289581065924057,-0.1507533517470889
78.32000000000001,12.662750451838109,0.12271371204338874,-0.1507533675969471
78.33,12.663976678578535,0.12253164058325262,-0.15075338415249936
78.34,12.665201084740925,0.12234959646935033,-0.15075340137372442
78.35000000000001,12.666423670599798,0.12216757991848773,-0.15075341921875127
78.36,12.667644436431972,0.12198559117213897,-0.1507534376440331
78.37,12.6688633825168,0.12180363049497553,-0.15075345660450615
78.38,12.670080509136387,0.12162169817352746,-0.150753476053735
78.39,12.671295816575814,0.1214397945149495,-0.15075349594404736
78.4,12.672509305123318,0.12125791984588662,-0.15075351622665864
78.41,12.673720975070513,0.12107607451141794,-0.15075353685178897
78.42,12.674930826712536,0.12089425887407207,-0.1507535577687737
78.43,12.676138860348244,0.12071247331290395,-0.15075357892616736
78.44,12.677345076280359,0.12053071822262068,-0.15075360027184406
78.45,12.67854947481563,0.12034899401275045,-0.15075362175309331
78.46000000000001,12.679752056264961,0.12016730110684994,-0.15075364331671348
78.47,12.680952820943569,0.11998563994173675,-0.15075366490910255
78.48,12.682151769171096,0.11980401096674426,-0.1507536864763484
78.49,12.683348901271739,0.11962241464299528,-0.15075370796431745
78.5,12.684544217574366,0.1194408514426767,-0.15075372931874448
78.51,12.68573771841261,0.11925932184832456,-0.15075375048532297
78.52,12.68692940412499,0.11907782635209706,-0.15075377140979723
78.53,12.688119275054984,0.11889636545503743,-0.1507537920380576
78.54,12.689307331551118,0.11871493966631322,-0.15075381231623958
78.55,12.690493573967059,0.11853354950242623,-0.15075383219082725
78.56,12.691678002661659,0.11835219548637566,-0.15075385160876428
78.57000000000001,12.69286061799904,0.11817087814677092,-0.15075387051757136
78.58,12.694041420348627,0.11798959801686543,-0.1507538888654751
78.59,12.6952204100852,0.11780835563350336,-0.15075390660154794
78.60000000000001,12.696397587588917,0.1176271515359521,-0.1507539236758632
78.61,12.69757295324534,0.11744598626458565,-0.15075394003966905
78.62,12.698746507445431,0.11726486035938515,-0.15075395564558483
78.63,12.69991825058554,0.11708377435821049,-0.15075397044782626
78.64,12.70108818306739,0.1169027287947666,-0.15075398440246626
78.65,12.70225630529799,0.11672172419619092,-0.15075399746774157
78.66,12.703422617689588,0.1165407610801324,-0.15075400960441793
78.67,12.70458712065955,0.1163598399511602,-0.15075402077623182
78.68,12.705749814630195,0.11617896129627094,-0.15075403095043435
78.69,12.706910700028605,0.11599812557913941,-0.15075404009847324
78.7,12.708069777286353,0.11581733323259966,-0.150754048196867
78.71000000000001,12.70922704683914,0.1156365846485379,-0.1507540552283546
78.72,12.710382509126328,0.1154558801638638,-0.15075406118345347
78.73,12.711536164590296,0.11527522004026061,-0.15075406606264988
78.74,12.712688013675537,0.11509460443348608,-0.15075406987962575
78.75,12.713838056827381,0.11491403334373251,-0.15075407266630553
78.76,12.714986294490037,0.11473350652794001,-0.15075407448142716
78.77,12.716132727103394,0.11455302332326955,-0.15075407542694907
78.78,12.71727735509701,0.11437258220576112,-0.1507540756861073
78.79,12.71842017887522,0.11419217912312103,-0.15075407564213197
78.8,12.719561198784136,0.11401180844443455,-0.15075407559448992
78.81,12.720700415162314,0.1138314729316696,-0.1507540753894644
78.82000000000001,12.721837828353316,0.11365117059905756,-0.15075407532811103
78.83,12.722973438677538,0.1134708992566403,-0.1507540756298536
78.84,12.724107246436025,0.11329065719965606,-0.15075407644400507
78.85000000000001,12.72523925191463,0.11311044308010522,-0.15075407787701361
78.86,12.726369455387108,0.1129302558118691,-0.15075408000643353
78.87,12.727497857117399,0.11275009450909446,-0.15075408288891046
78.88,12.728624457361402,0.11256995844475799,-0.15075408656518374
78.89,12.72974925636842,0.11238984702153626,-0.15075409106344317
78.9,12.730872254382335,0.11220975975052383,-0.1507540964017
78.91,12.731993451642607,0.11202969623516812,-0.1507541025895313
78.92,12.733112848385156,0.11184965615881379,-0.15075410962940475
78.93,12.734230444843083,0.11166963927482759,-0.15075411751771264
78.94,12.735346241247338,0.11148964539861368,-0.15075412624559628
78.95,12.736460237827314,0.11130967440105283,-0.15075413579961594
78.96000000000001,12.737572434811355,0.11112972620303564,-0.15075414616230448
78.97,12.738682832427257,0.11094980077084805,-0.15075415731263048
78.98,12.739791430902681,0.1107698981122328,-0.15075416922639195
78.99,12.740898230465561,0.11059001827299893,-0.1507541818765535
79.0,12.742003231344473,0.11041016133406982,-0.15075419523353875
79.01,12.743106433768954,0.11023032740890017,-0.15075420926548605
79.02,12.744207837969837,0.11005051664119248,-0.15075422393847415
79.03,12.745307444179538,0.10987072920286721,-0.15075423921672276
79.04,12.746405252632321,0.10969096529224867,-0.15075425506277254
79.05,12.74750126356455,0.10951122513242964,-0.1507542714376474
79.06,12.748595477214955,0.10933150896979046,-0.1507542883010019
79.07000000000001,12.74968789382483,0.10915181707265303,-0.15075430561125644
79.08,12.750778513638252,0.10897214973004543,-0.1507543233257218
79.09,12.751867336902306,0.1087925072505654,-0.15075434140071436
79.10000000000001,12.752954363867232,0.10861288996132978,-0.15075435979166416
79.11,12.754039594786645,0.10843329820699436,-0.15075437845321601
79.12,12.75512302991769,0.10825373234883645,-0.15075439733932572
79.13,12.7562046695212,0.1080741927638926,-0.15075441640335135
79.14,12.757284513861851,0.1078946798441384,-0.15075443559814125
79.15,12.758362563208319,0.10771519399570872,-0.15075445487611905
79.16,12.759438817833402,0.10753573563814678,-0.15075447418936647
79.17,12.760513278014157,0.10735630520367684,-0.15075449348970507
79.18,12.761585944032031,0.10717690313649622,-0.15075451272877674
79.19,12.762656816172962,0.10699752989207735,-0.15075453185812465
79.2,12.763725894727502,0.10681818593647419,-0.15075455082927444
79.21000000000001,12.764793179990907,0.10663887174562647,-0.15075456959381758
79.22,12.765858672263246,0.10645958780465606,-0.15075458810349587
79.23,12.766922371849478,0.10628033460714287,-0.15075460631029008
79.24,12.767984279059538,0.10610111265438021,-0.1507546241665122
79.25,12.769044394208409,0.1059219224545846,-0.1507546416249033
79.26,12.770102717616187,0.1057427645220666,-0.1507546586387376
79.27,12.77115924960814,0.10556363937633365,-0.1507546751619352
79.28,12.772213990514748,0.10538454754111226,-0.1507546911491848
79.29,12.773266940671752,0.10520548954327347,-0.15075470655607873
79.3,12.774318100420167,0.1050264659116271,-0.15075472133926357
79.31,12.775367470106302,0.10484747717555669,-0.15075473545660956
79.32000000000001,12.77641505008176,0.10466852386345041,-0.1507547488674035
79.33,12.777460840703405,0.10448960650087251,-0.1507547615325715
79.34,12.778504842333346,0.10431072560839821,-0.15075477341493831
79.35000000000001,12.77954705533885,0.1041318816990155,-0.15075478447953514
79.36,12.780587480092278,0.10395307527494975,-0.1507547946939681
79.37,12.78162611697093,0.10377430682371595,-0.1507548040288693
79.38,12.782662966356892,0.10359557681311612,-0.15075481245845615
79.39,12.783698028636804,0.1034168856847524,-0.15075481996124152
79.4,12.784731304201555,0.10323823384540509,-0.15075482652095568
79.41,12.785762793445882,0.10305962165522577,-0.15075483212777757
79.42,12.78679249676782,0.10288104941097284,-0.15075483678003568
79.43,12.787820414567962,0.10270251732113056,-0.15075484048665716
79.44,12.788846547248381,0.10252402546679583,-0.150754843270889
79.45,12.789870895211076,0.10234557373526842,-0.15075484517636845
79.46000000000001,12.790893458855454,0.10216716169417984,-0.15075484627807761
79.47,12.791914238573945,0.10198878830791241,-0.15075484670540212
79.48,12.792933234742542,0.10181045105999323,-0.15075484670514827
79.49,12.79395044769322,0.10163214357591817,-0.15075484669681846
79.5,12.794965877716459,0.10145386631665335,-0.15075484654409896
79.51,12.795979525120387,0.10127561930427031,-0.15075484642553016
79.52,12.796991390195611,0.10109740023052856,-0.15075484657644464
79.53,12.798001473211956,0.10091920725804313,-0.15075484715172505
79.54,12.799009774422938,0.1007410389438068,-0.15075484825921998
79.55,12.80001629406915,0.10056289413162403,-0.15075484997643818
79.56,12.801021032380755,0.1003847718813073,-0.15075485235958808
79.57000000000001,12.802023989579396,0.10020667142176594,-0.15075485544902162
79.58,12.8030251658797,0.10002859211856475,-0.1507548592727827
79.59,12.804024561490543,0.09985053345055063,-0.15075486384905834
79.60000000000001,12.805022176616067,0.09967249499242448,-0.1507548691879511
79.61,12.806018011456604,0.09949447640135882,-0.15075487529280662
79.62,12.807012066209408,0.09931647740647725,-0.15075488216123772
79.63,12.808004341069356,0.09913849780041267,-0.15075488978593282
79.64,12.808994836229537,0.09896053743240923,-0.15075489815530801
79.65,12.809983551881796,0.09878259620260968,-0.15075490725404145
79.66,12.810970488217203,0.09860467405725382,-0.15075491706351857
79.67,12.811955645426512,0.09842677098459965,-0.15075492756220743
79.68,12.812939023700554,0.09824888701142334,-0.1507549387259794
79.69,12.813920623230608,0.09807102219998651,-0.15075495052838567
79.7,12.814900444208739,0.09789317664538486,-0.15075496294089866
79.71000000000001,12.815878486828122,0.09771535047321772,-0.1507549759331233
79.72,12.816854751283325,0.09753754383751981,-0.1507549894729855
79.73,12.817829237770594,0.09735975691891459,-0.15075500352689974
79.74,12.81880194648811,0.0971819899229594,-0.15075501805992023
79.75,12.819772877636224,0.09700424307864684,-0.15075503303587792
79.76,12.82074203141769,0.09682651663704689,-0.1507550484175057
79.77,12.821709408037878,0.09664881087006458,-0.15075506416655338
79.78,12.822675007704976,0.09647112606929867,-0.1507550802438942
79.79,12.823638830630184,0.09629346254498966,-0.1507550966096241
79.8,12.824600877027887,0.09611582062504129,-0.15075511322315496
79.81,12.825561147115845,0.09593820065410677,-0.15075513004330215
79.82000000000001,12.826519641115334,0.09576060299273235,-0.15075514702836887
79.83,12.827476359251316,0.09558302801654578,-0.15075516413622592
79.84,12.828431301752582,0.09540547611548464,-0.15075518132438948
79.85000000000001,12.829384468851888,0.09522794769305992,-0.15075519855009648
79.86,12.830335860786093,0.09505044316564218,-0.1507552157703784
79.87,12.831285477796278,0.09487296296176914,-0.15075523294213458
79.88,12.83223332012787,0.0946955075214682,-0.15075525002220516
79.89,12.833179388030752,0.09451807729558344,-0.1507552669674444
79.9,12.834123681759365,0.09434067274510693,-0.15075528373479502
79.91,12.835066201572808,0.09416329434050061,-0.1507553002813647
79.92,12.836006947734925,0.09398594256100713,-0.15075531656450478
79.93,12.836945920514403,0.09380861789393995,-0.15075533254189244
79.94,12.837883120184825,0.09363132083394099,-0.15075534817161745
79.95,12.838818547024776,0.09345405188219451,-0.15075536341227438
79.96000000000001,12.839752201317856,0.09327681154559235,-0.15075537822306181
79.97,12.840684083352773,0.0930996003358253,-0.1507553925638896
79.98,12.841614193423379,0.09292241876838339,-0.1507554063954971
79.99,12.842542531828677,0.0927452673614517,-0.15075541967958384
80.0,12.843469098872873,0.09256814663465746,-0.15075543237895603
