time,r12,r13,r23
0.0,2.0,1.3720058308913996,1.217538500417954
0.01,1.9973439291757769,1.3686452182708875,1.217731541104403
0.02,1.994575499695102,1.3651812874939988,1.2177914521183728
0.03,1.99169437072551,1.3616138240721247,1.217718020391495
0.04,1.9887001807692155,1.3579426086809059,1.2175110105546383
0.05,1.9855925473513527,1.3541674171302323,1.2171701647862048
0.06,1.982371066672591,1.3502880203449625,1.2166952026302502
0.07,1.9790353132467515,1.3463041843600472,1.2160858208024665
0.08,1.9755848395131956,1.342215670329269,1.2153416929750425
0.09,1.972019175420949,1.3380222345478754,1.2144624695382775
0.1,1.9683378279840087,1.3337236284898635,1.2134477773389913
0.11,1.964540280807313,1.3293195988607904,1.2122972193957795
0.12,1.9606259935828807,1.3248098876671242,1.2110103745911798
0.13,1.956594401555636,1.3201942323032791,1.2095867973408154
0.14,1.952444914958484,1.3154723656576508,1.208026017239594
0.15,1.948176918416204,1.3106440162391169,1.2063275386850516
0.16,1.9437897703177909,1.3057089083256694,1.204490840477935
0.17,1.9392828021568715,1.3006667621370338,1.2025153754001294
0.18,1.9346553178156218,1.2955172940295436,1.2004005697496873
0.19,1.9299065927827685,1.2902602167125632,1.198145822825296
0.2,1.9250358734028632,1.284895239506435,1.1957505064454703
0.21,1.920042376020432,1.2794220686223128,1.193213964386094
0.22,1.9149252861050017,1.2738404074792375,1.1905355118082441
0.23,1.9096837573230698,1.268149957057598,1.1877144346499968
0.24,1.9043169105539395,1.2623504162918973,1.1847499889806592
0.25,1.8988238328474685,1.2564414825062598,1.1816414003168174
0.26,1.8932035763218296,1.250422851896517,1.1783878628996114
0.27,1.8874551569994353,1.2442942200631406,1.1749885389326586
0.28,1.8815775535792174,1.2380552825997786,1.1714425577800922
0.29,1.8755697061435366,1.2317057357426833,1.167749015124188
0.3,1.8694305147980554,1.2252452770869042,1.1639069720821051
0.31,1.8631588382429898,1.218673606375766,1.1599154542812782
0.32,1.856753492272656,1.2119904263707209,1.1557734508918744
0.33,1.8502132480802638,1.2051954437944068,1.1514799135274014
0.34,1.8435368305515005,1.198288370372192,1.147033755152979
0.35000000000000003,1.8367229164982148,1.1912689239910093,1.1424338489597052
0.36,1.8297701327230873,1.1841368299551065,1.1376790271330963
0.37,1.8226770539947095,1.1768918223678948,1.1327680795722377
0.38,1.815442200893616,1.1695336456502456,1.1276997525316286
0.39,1.8080640375231187,1.1620620562075108,1.1224727471835192
0.4,1.8005409690788696,1.1544768242588943,1.1170857180986342
0.41000000000000003,1.7928713392712388,1.1467777358443463,1.1115372716432919
0.42,1.7850534275947205,1.1389645950258376,1.105825964291042
0.43,1.777085446438781,1.1310372263017803,1.0999503008470843
0.44,1.7689655380339984,1.122995477255629,1.0939087325832355
0.45,1.760691771115984,1.114839221481338,1.0876996551906628
0.46,1.7522621373950507,1.106568361788538,1.0813214066302486
0.47000000000000003,1.7436745478805489,1.098182833714748,1.0747722649186477
0.48,1.7349268288901156,1.08968260939356,1.068050445721599
0.49,1.7260167178063448,1.0810677018090724,1.0611540998050601
0.5,1.7169418585386746,1.072338169480853,1.0540813103144755
0.51,1.7076997966735603,1.0634941216198341,1.0468300898753822
0.52,1.6982879742962584,1.0545357237998172,1.0393983775089781
0.53,1.6887037244664462,1.0454632041950827,1.0317840353550922
0.54,1.6789442652603077,1.0362768604836614,1.0239848451202511
0.55,1.669006693385289,1.0269770674567624,1.0159985042740194
0.56,1.6588879773613443,1.0175642853951405,1.0078226220000777
0.5700000000000001,1.6485849501738086,1.0080390693326946,0.9994547148149788
0.58,1.6380943013728972,0.9984020792968685,0.9908922018392533
0.59,1.627412568573701,0.9886540916267428,0.9821323996913851
0.6,1.6165361283146715,0.9787960114767376,0.9731725169798533
0.61,1.6054611861797825,0.9688288866857037,0.9640096482899033
0.62,1.5941837661440745,0.9587539231295921,0.9546407676500265
0.63,1.5826996990682687,0.9485725017318041,0.9450627214103603
0.64,1.5710046102462638,0.9382861973432047,0.9352722204321071
0.65,1.559093905926827,0.9278967996882724,0.9252658315214612
0.66,1.5469627587007386,0.9174063366344691,0.9150399679870571
0.67,1.5346060916403272,0.9068171000565105,0.9045908791977721
0.68,1.5220185610699595,0.8961316745928601,0.8939146390058641
0.6900000000000001,1.509194537815364,0.8853529696625404,0.8830071328349592
0.7000000000000001,1.4961280867876865,0.8744842550929225,0.8718640432678252
0.71,1.482812944708642,0.8635292008325858,0.8604808338439971
0.72,1.469242495781787,0.8524919212180054,0.8488527307923719
0.73,1.4554097450852472,0.8413770243362215,0.8369747023514063
0.74,1.4413072894149115,0.8301896671303496,0.8248414352081891
0.75,1.4269272853098467,0.8189356168598647,0.8124473076265136
0.76,1.4122614138882175,0.8076213197904534,0.7997863585066648
0.77,1.3973008421420343,0.7962539778638171,0.7868522517321066
0.78,1.3820361802205672,0.7848416343787731,0.7736382347680807
0.79,1.3664574342001197,0.7733932696908722,0.7601370904171929
0.8,1.350553953742816,0.761918908087345,0.7463410803296827
0.81,1.3343143738994943,0.750429737216492,0.7322418783894468
0.8200000000000001,1.3177265502524278,0.7389382413707754,0.7178304919493252
0.8300000000000001,1.300777486329854,0.7274583503099308,0.7030971680090405
0.84,1.2834532521343514,0.7160056051382424,0.6880312811964867
0.85,1.2657388921509412,0.7045973433592124,0.6726211988672116
0.86,1.2476183210440839,0.6932529048911346,0.6568541182585196
0.87,1.229074204541187,0.6819938614860318,0.6407158684683897
0.88,1.2100878225636842,0.6708442717856429,0.6241906688427096
0.89,1.1906389103968564,0.6598309651423481,0.6072608318705668
0.9,1.1707054727194113,0.6489838572435108,0.5899063962750372
0.91,1.1502635633226153,0.638336301627241,0.572104670960098
0.92,1.1292870206506667,0.6279254823861083,0.55382966420646
0.93,1.107747145622826,0.6177928551567198,0.5350513642586862
0.9400000000000001,1.0856123026060325,0.6079846467723101,0.5157348253570649
0.9500000000000001,1.0628474158283738,0.5985524295981132,0.4958389954946459
0.96,1.0394133210891205,0.589553795454834,0.4753151971116374
0.97,1.0152659126111052,0.5810531697255886,0.4541051325865918
0.98,0.9903549935103863,0.5731228324468354,0.43213822572726174
0.99,0.9646226868237849,0.5658442584649306,0.40932801193386714
1.0,0.9380011767014257,0.5593099682653859,0.38556712381572034
1.01,0.9104093952991038,0.5536262246841753,0.36072012739844916
1.02,0.881747985213598,0.5489171806233711,0.3346129244025003
1.03,0.8518913047561317,0.5453316180000746,0.3070163757354351
1.04,0.8206740507549479,0.5430545558093024,0.2776195606478639
1.05,0.7878672983846988,0.5423286555077355,0.24598289719910937
1.06,0.753131464565439,0.5434973227750435,0.2114478060343341
1.07,0.7159110450359345,0.5471030857560929,0.17293790409730717
1.08,0.6751454543753351,0.554161578331317,0.12842222606250622
1.09,0.6281026327580835,0.5672761933610112,0.07280261552288299
1.1,0.5834766568274836,0.5778267940308014,0.0265352463608584
1.11,0.6034353136406418,0.5256133095235397,0.09722757032982027
1.12,0.6139948140736852,0.48235147685231555,0.14729275446186044
1.1300000000000001,0.620568485521772,0.4428683262899212,0.18903959769494041
1.1400000000000001,0.6246277761208071,0.405833583955959,0.2258682687686948
1.1500000000000001,0.6268056210206302,0.3707639436266758,0.2594059652224569
1.16,0.627410598574266,0.337545804575463,0.29064676153407515
1.17,0.626579748359053,0.30631783770900006,0.3203025183473209
1.18,0.6243361761698097,0.2774594549048696,0.3489443996061703
1.19,0.620616021800518,0.25162316854478256,0.37706197290246374
1.2,0.6152926271710425,0.22977098355437045,0.40507091863319517
1.21,0.6082202962061158,0.21314673014533664,0.43327187419891783
1.22,0.59931367538584,0.20307612547120543,0.4617680542421992
1.23,0.5886450804367486,0.20053666648689647,0.49039296225724927
1.24,0.5764874009810077,0.20568658142917257,0.5187409623671885
1.25,0.5632414890094265,0.21774927338505629,0.5463273764495753
1.26,0.5492989925399919,0.23537251971709872,0.5727643053435704
1.27,0.5349482240149556,0.2571244368726442,0.597833510663115
1.28,0.5203581509846079,0.28179923266924833,0.6214612096838407
1.29,0.5056057623863627,0.30849846687786,0.6436610540147428
1.3,0.49071003847938643,0.33659470444061407,0.6644870949462266
1.31,0.4756576741199215,0.36566426122359735,0.6840053869987709
1.32,0.4604192631881824,0.3954263748064124,0.7022796119316919
1.33,0.4449586329461093,0.4256977331299049,0.7193648419763681
1.34,0.42923803170172775,0.4563609454417142,0.7353054528903028
1.35,0.41322104078107924,0.4873433056035445,0.7501349701283163
1.36,0.39687437072144793,0.5186025666500998,0.7638767411223483
1.37,0.3801692601654869,0.550117309464373,0.7765449367219849
1.3800000000000001,0.3630829686703008,0.5818802329427305,0.788145714562986
1.3900000000000001,0.3456007806700392,0.6138932024302084,0.7986785722382154
1.4000000000000001,0.32771898098915875,0.6461631932411807,0.8081380733980376
1.41,0.30944942241866036,0.6786983894812969,0.8165163102672838
1.42,0.29082661047115976,0.7115036575264283,0.8238067394219236
1.43,0.27191873497113417,0.7445743868563611,0.8300104819893592
1.44,0.25284485258241984,0.7778872202535266,0.8351469452703233
1.45,0.23380146372484656,0.8113854152349609,0.8392718537627002
1.46,0.2151026826939122,0.8449555325990046,0.8425075189914469
1.47,0.1972374481445237,0.8783914735130623,0.8450917302097596
1.48,0.1809397382704751,0.9113441583234199,0.8474496590298969
1.49,0.1672422855943965,0.9432673989945618,0.8502776609371978
1.5,0.15743040423507024,0.9734031521323208,0.8545822442364785
1.51,0.15276939009476664,1.00089052364249,0.8615528262430233
1.52,0.15400069974566538,1.0250443701269454,0.8721855617566632
1.53,0.1609420562697208,1.0456516580545612,0.8868510176101454
1.54,0.17259465436807087,1.0630170127308456,0.9051944986583098
1.55,0.1876397031681672,1.0777386514769818,0.9264290277005351
1.56,0.20487200851771967,1.09045088244334,0.9496982475309159
1.57,0.22337300453875242,1.1016866821964175,0.9742789374901606
1.58,0.24250548542892084,1.1118474648012568,0.9996302922222295
1.59,0.2618480428248843,1.121220900568239,1.025371564281747
1.6,0.28112877911743633,1.130009341778343,1.0512424764333306
1.61,0.3001750042709817,1.1383547635398683,1.0770677153580528
1.62,0.3188788150430101,1.146357328688893,1.1027302841681392
1.6300000000000001,0.33717448347848444,1.1540883616702897,1.1281528455600796
1.6400000000000001,0.3550237974767986,1.1615992057969615,1.153285015957356
1.6500000000000001,0.37240656053548277,1.1689272399387685,1.1780947861753979
1.6600000000000001,0.38931439693952197,1.1760999824134217,1.2025627231031712
1.67,0.4057466792518939,1.183137913901704,1.2266780301114644
1.68,0.42170782612799035,1.190056439984298,1.2504358502285837
1.69,0.4372054947594165,1.1968672707781662,1.2738354056054526
1.7,0.45224936285188017,1.2035794020057031,1.2968787037906315
1.71,0.46685030408218703,1.210199820019025,1.3195696322370207
1.72,0.48101982820649475,1.216734013876437,1.3419133206834433
1.73,0.4947697013246807,1.2231863507182978,1.3639156904127419
1.74,0.5081116895684668,1.2295603533439148,1.385583134850024
1.75,0.5210573878465145,1.2358589072738615,1.406922293018866
1.76,0.5336181077928488,1.24208441611081,1.4279398894673976
1.77,0.5458048067769256,1.2482389189878222,1.4486426217093324
1.78,0.5576280455289969,1.254324179920449,1.4690370818677465
1.79,0.5690979657937588,1.2603417559582706,1.4891297032262327
1.8,0.5802242817468408,1.2662930495506248,1.508926724657754
1.81,0.5910162809473275,1.2721793487780164,1.5284341681687121
1.82,0.6014828316638917,1.2780018585575341,1.547657825747077
1.83,0.6116323945104296,1.2837617246348905,1.5666032531770062
1.84,0.6214730367301702,1.289460052280558,1.5852757686317855
1.85,0.6310124480938502,1.295097920711638,1.6036804548045511
1.86,0.6402579575916453,1.3006763943715347,1.621822163373881
1.87,0.6492165504203148,1.3061965315456663,1.6397055212276286
1.8800000000000001,0.6578948848340468,1.311659391105042,1.6573349376865092
1.8900000000000001,0.6662993086350115,1.3170660376353682,1.6747146124460526
1.9000000000000001,0.6744358751108304,1.3224175454369886,1.691848543815659
1.9100000000000001,0.6823103583323928,1.3277150014984807,1.708740537150982
1.92,0.689928267724773,1.3329595077882863,1.7253942132130027
1.93,0.6972948618963388,1.3381521829412162,1.7418130164026946
1.94,0.7044151617088055,1.3432941635054494,1.7580002227623166
1.95,0.7112939626024622,1.3483866048524833,1.7739589476892883
1.96,0.7179358461896508,1.3534306817896875,1.7896921533538512
1.97,0.7243451911447847,1.3584275889985022,1.8052026557599734
1.98,0.7305261834209352,1.3633785412943493,1.8204931314754031
1.99,0.7364828258227891,1.368284773772641,1.8355661240118462
2.0,0.7422189469756962,1.3731475419082941,1.8504240498368119
2.0100000000000002,0.7477382097218919,1.37796812153502,1.8650692040871244
2.02,0.7530441189740662,1.3827478088313474,1.8795037659247067
2.0300000000000002,0.7581400290660256,1.3874879202717978,1.8937298035847496
2.04,0.7630291506261314,1.3921897925571074,1.9077492791263009
2.05,0.767714557004478,1.396854782547556,1.9215640528905198
2.06,0.772199190285615,1.4014842672272303,1.935175887668937
2.07,0.7764858669109459,1.4060796436377216,1.9485864526349614
2.08,0.7805772829331716,1.4106423288575975,1.961797327008564
2.09,0.7844760189311927,1.4151737599977534,1.974810003488138
2.1,0.7881845446046625,1.4196753942149585,1.9876258914611546
2.11,0.7917052230679698,1.4241487087488824,2.000246320003407
2.12,0.7950403148638073,1.4285952009955973,2.012672540671874
2.13,0.7981919817152413,1.4330163886029783,2.0249057301105577
2.14,0.8011622900297998,1.4374138095872506,2.036946992479182
2.15,0.8039532141713753,1.4417890224881518,2.048797361704964
2.16,0.8065666395154671,1.4461436065522344,2.0604578035721
2.17,0.8090043653006875,1.4504791619418849,2.0719292176580835
2.18,0.8112681072875202,1.4547973099712703,2.083212439123387
2.19,0.8133595002347118,1.4590996933748657,2.094308240358153
2.2,0.8152801002028933,1.463387976615265,2.1052173324885377
2.21,0.8170313867014231,1.4676638462122014,2.1159403667589944
2.22,0.8186147646834574,1.4719290110882284,2.1264779357967454
2.23,0.8200315663923208,1.476185202965992,2.1368305747447436
2.24,0.821283053071623,1.4804341767861489,2.146998762283684
2.25,0.8223704165468003,1.4846777111580294,2.1569829215410405
2.2600000000000002,0.8232947806863347,1.4889176088381628,2.1667834208933736
2.27,0.8240572027462617,1.4931556972389468,2.1764005746631216
2.2800000000000002,0.8246586746013784,1.497393828970197,2.1858346437106224
2.29,0.8251001238661966,1.501633882416692,2.195085835921675
2.3000000000000003,0.8253824149082857,1.505877762355153,2.2041543065905165
2.31,0.8255063497851448,1.5101274005909056,2.213040158715813
2.32,0.8254726690828379,1.514384756623785,2.2217434431993994
2.33,0.8252820526564129,1.518651818372223,2.230264158935417
2.34,0.8249351202873202,1.5229306029205123,2.238602252808171
2.35,0.8244324322528722,1.5272231573089672,2.2467576195888768
2.36,0.8237744898259564,1.531531559361879,2.254730101737711
2.37,0.8229617357033058,1.5358579185559331,2.2625194891082603
2.38,0.8219945543606775,1.5402043769319103,2.270125518551195
2.39,0.8208732723333769,1.5445731100526296,2.2775478734138184
2.4,0.8195981584207017,1.5489663280101886,2.2847861829318576
2.41,0.8181694238130702,1.5533862764856767,2.2918400215097003
2.42,0.8165872221410961,1.5578352378645735,2.298708907885096
2.43,0.8148516495437407,1.5623155323881404,2.305392304211649
2.44,0.8129627446500041,1.5668295193667876,2.311889615014401
2.45,0.8109204884328391,1.5713795984770162,2.3182001859932546
2.46,0.8087248040634529,1.5759682111054296,2.3243233027232204
2.47,0.8063755566903169,1.580597841765502,2.3302581892148715
2.48,0.8038725531831254,1.5852710195842605,2.336004006342427
2.49,0.8012155418349489,1.589990319864825,2.341559850129455
2.5,0.7984042120164098,1.5947583657307391,2.3469247498818704
2.5100000000000002,0.7954381937765719,1.5995778298580512,2.352097666157678
2.52,0.7923170573864741,1.6044514363011178,2.3570774885626413
2.5300000000000002,0.7890403128228648,1.6093819624181294,2.3618630333607897
2.54,0.7856074092266508,1.6143722408965553,2.36645304090108
2.5500000000000003,0.7820177345046112,1.6194251618599875,2.3708461729078003
2.56,0.778270614659224,1.6245436751334097,2.375041009469157
2.57,0.7743653132052157,1.6297307926124476,2.379036045841096
2.58,0.770301030551437,1.6349895907670557,2.3828296890063068
2.59,0.7660769033958778,1.6403232132781396,2.3864202539875805
2.6,0.7616920041333102,1.6457348738184923,2.3898059598952637
2.61,0.7571453402652475,1.6512278589916296,2.392984925683402
2.62,0.7524358538057344,1.6568055314421448,2.395955165588489
2.63,0.7475624206817806,1.6624713331512626,2.3987145842241313
2.64,0.7425238502459607,1.6682287888994236,2.4012609713499833
2.65,0.7373188849675508,1.6740815098941548,2.4035919963104293
2.66,0.7319462000109251,1.680033197657728,2.405705201990212
2.67,0.7264044030133768,1.6860876481108733,2.407597998374978
2.68,0.7206920340123406,1.6922487558784816,2.4092676556565493
2.69,0.7148075655977952,1.698520518814477,2.410711296868181
2.7,0.7087494032748524,1.7049070427755944,2.411925889992124
2.71,0.7025158860342658,1.7114125466743229,2.412908239479947
2.72,0.6961052871779568,1.7180413678282154,2.4136549771393105
2.73,0.6895158158361634,1.7247979674527565,2.4141625525236794
2.74,0.6827456187838224,1.7316869364972673,2.4144272225630488
2.75,0.6757927827944044,1.7387130017711219,2.4144450404561018
2.7600000000000002,0.6686553377611653,1.7458810323027039,2.4142118438382814
2.77,0.661331260749325,1.7531960458992903,2.4137232422009633
2.7800000000000002,0.6538184810120824,1.7606632159503817,2.4129746034581
2.79,0.646114886029301,1.7682878785264493,2.4119610395441398
2.8000000000000003,0.6382183292499768,1.7760755394957084,2.4106773912470465
2.81,0.6301266396591447,1.7840318816634144,2.4091182121828894
2.82,0.6218376331676851,1.792162772049316,2.40727775170776
2.83,0.6133491267001944,1.8004742689331399,2.4051499370303344
2.84,0.6046589555236839,1.808972628470993,2.402728354599391
2.85,0.595764993989805,1.8176643109237312,2.4000062306024956
2.86,0.5866651805261256,1.826555986204206,2.3969764107308706
2.87,0.5773575488258784,1.8356545377076325,2.3936313400543052
2.88,0.5678402647608937,1.8449670649322087,2.3899630423653933
2.89,0.5581116715807654,1.8545008835456107,2.3859631001220634
2.9,0.5481703450657852,1.864263522076552,2.3816226356050314
2.91,0.5380151596733246,1.874262714823416,2.3769322935121036
2.92,0.5276453699044469,1.884506388596135,2.3718822271245146
2.93,0.5170607090837471,1.8950026420750212,2.366462089070641
2.94,0.50626150962492,1.9057597154173604,2.360661028876087
2.95,0.49524885092141413,1.916785946303985,2.354467700952645
2.96,0.4840247385536599,1.9280897099236016,2.3478702855096096
2.97,0.47259232624672526,1.9396793354561095,2.340856529886751
2.98,0.46095618671918326,1.951562994234022,2.3334138154771713
2.99,0.44912264618390124,1.9637485491434552,2.3255292613611607
3.0,0.4371001975656019,1.9762433534343524,2.317189877699726
3.0100000000000002,0.42490000438701825,1.9890539872443744,2.30838278251504
3.02,0.41253653138662494,2.002185904894567,2.299095512144469
3.0300000000000002,0.40002831561675134,2.0156429745949227,2.28931644843275
3.04,0.387398918429321,2.0294268735382386,2.279035407080042
3.0500000000000003,0.3746780938595971,2.043536297889327,2.268244438360918
3.06,0.3619032141252271,2.057965936057924,2.2569389072934465
3.0700000000000003,0.34912099326828483,2.0727051428970364,2.245118937518157
3.08,0.33638954122417647,2.087736243729345,2.2327913201645755
3.09,0.32378075786690325,2.1030323938711937,2.2199720023238276
3.1,0.3113830278185875,2.1185549299435262,2.206689270087296
3.11,0.2993040867971836,2.134250187093344,2.192987712481699
3.12,0.28767377903806063,2.150045842321531,2.178932968292903
3.13,0.2766461940556682,2.1658470063257838,2.1646170793229884
3.14,0.26640035820987723,2.181532552681037,2.1501639567673654
3.15,0.2571383069870493,2.1969525501206486,2.1357339859670534
3.16,0.24907911660058393,2.2119280938086665,2.1215261933794083
3.17,0.24244759408060118,2.226255133093769,2.1077758777187303
3.18,0.23745716417809803,2.239713740198121,2.0947455717310417
3.19,0.23428824682267385,2.252083277794988,2.082708186089679
3.2,0.2330657750415034,2.2631620255564684,2.0719234378287177
3.21,0.23384132412718225,2.27278758311254,2.0626116344109047
3.22,0.23658517942511717,2.2808530655185937,2.0549310067240603
3.23,0.24119094153498896,2.2873148660464304,2.048964450805817
3.24,0.2474911266684066,2.292190508585878,2.044718489404957
3.25,0.2552789346057442,2.2955483555043625,2.0421331463962646
3.2600000000000002,0.26433051334948565,2.2974929504600636,2.04109849045663
3.27,0.2744234799233795,2.298149896369158,2.0414729693665827
3.2800000000000002,0.2853497990487529,2.297652960911914,2.0430998535687728
3.29,0.29692309790607185,2.296134570994182,2.045819936928328
3.3000000000000003,0.3089815690414035,2.2937196914596774,2.049480168551572
3.31,0.32138789331007034,2.2905224762286154,2.0539387698581275
3.3200000000000003,0.334027435689793,2.2866449117523437,2.0590677105607464
3.33,0.3468056287537877,2.2821767480599116,2.064753396817991
3.34,0.3596451303369505,2.2771961769500075,2.0708962594816773
3.35,0.3724830891707577,2.2717708843274207,2.0774097375200173
3.36,0.3852686819312595,2.2659592394846513,2.0842189849660255
3.37,0.39796098090933396,2.2598114817555834,2.091259504371509
3.38,0.41052715381455396,2.2533708299045703,2.0984758231239584
3.39,0.42294096844606893,2.2466744801334935,2.1058202727729616
3.4,0.4351815633613509,2.2397544824588156,2.11325189689045
3.41,0.44723244413696944,2.232638498485532,2.120735492707941
3.42,0.4590806664847992,2.2253504500559846,2.1282407807795223
3.43,0.4707161732333576,2.21791107105428,2.1357416915195753
3.44,0.4821312563129764,2.2103383750394796,2.143215755421575
3.45,0.4933201197720794,2.2026480508228152,2.1506435834825437
3.46,0.5042785250647385,2.194853796862964,2.1580084253208773
3.47,0.5150035022167821,2.1869676040549613,2.1652957935143484
3.48,0.5254931146196908,2.17899999509482,2.1724931442415882
3.49,0.5357462666475197,2.170960227464324,2.1795896054476014
3.5,0.5457625466403355,2.162856465790777,2.186575745361655
3.5100000000000002,0.5555420979897648,2.1546959285939726,2.193443374936978
3.52,0.5650855134491598,2.1464850134511133,2.2001853790606622
3.5300000000000002,0.5743937477846279,2.1382294041693157,2.20679557185267
3.54,0.5834680464167847,2.129934162500181,2.2132685727730754
3.5500000000000003,0.5923098859452426,2.121603807175608,2.2195996998464382
3.56,0.6009209255500165,2.113242381839068,2.2257848779296965
3.5700000000000003,0.6093029665579748,2.104853513838289,2.2318205594032277
3.58,0.6174579185402214,2.0964404653540982,2.237703655325584
3.59,0.6253877722575462,2.0880061774116685,2.243431476272755
3.6,0.6330945764302335,2.0795533085235554,2.249001680541595
3.61,0.640580418682379,2.0710842684177226,2.2544122291073916
3.62,0.6478474101677727,2.0626012473410973,2.2596613465999837
3.63,0.6548976728402878,2.054106241795187,2.264747487181315
3.64,0.6617333281011839,2.045601077637799,2.2696693041377625
3.65,0.6683564883387791,2.0370874300059545,2.2744256237481357
3.66,0.6747692502378022,2.028566840802294,2.2790154224685044
3.67,0.680973688511642,2.020040734632808,2.283437806339684
3.68,0.6869718512833934,2.011510432736011,2.287691993106553
3.69,0.6927657564169721,2.002977165356434,2.2917772964580787
3.7,0.6983573885803571,1.9944420828135765,2.2956931120613615
3.71,0.7037486966914839,1.9859062655768107,2.2994389050041772
3.72,0.7089415922670559,1.9773707331151569,2.3030141988598185
3.73,0.7139379482180502,1.9688364518515091,2.3064185659708394
3.74,0.7187395977885452,1.9603043424771367,2.3096516186442058
3.75,0.723348333956234,1.9517752865008704,2.3127130013705663
3.7600000000000002,0.7277659091255774,1.9432501321700255,2.315602383889107
3.77,0.731994035040383,1.9347296998551116,2.318319454978325
3.7800000000000002,0.7360343827888987,1.9262147870213022,2.3208639168241314
3.79,0.7398885829243557,1.9177061728098557,2.323235479924328
3.8000000000000003,0.743558225996256,1.909204622070565,2.3254338586780983
3.81,0.7470448628781298,1.9007108892532218,2.327458767218253
3.8200000000000003,0.7503500052835586,1.8922257219470209,2.3293099156984107
3.83,0.7534751263342454,1.883749864176695,2.3309870069096896
3.84,0.7564216612140728,1.8752840594498104,2.3324897332217955
3.85,0.7591910078637356,1.8668290536018866,2.333817773791871
3.86,0.7617845276657219,1.8583855974879275,2.334970791984139
3.87,0.7642035460655732,1.8499544495697757,2.335948432943922
3.88,0.7664493532716028,1.84153637833069,2.3367503213901957
3.89,0.768523205166522,1.8331321644451553,2.3373760596917768
3.9,0.7704263238912753,1.8247426030357399,2.3378252258863124
3.91,0.7721598985817058,1.8163685057436243,2.3380973719155205
3.92,0.7737250860532336,1.8080107027471641,2.3381920219367123
3.93,0.7751230115064038,1.7996700446944789,2.3381086707412613
3.94,0.7763547692315067,1.79134740456879,2.3378467822572557
3.95,0.7774214232889735,1.783043679505684,2.3374057881135175
3.96,0.7783240081408662,1.7747597925817726,2.3367850862423865
3.97,0.7790635292073126,1.7664966945944267,2.33598403949873
3.98,0.7796409633519376,1.7582553658374418,2.3350019742883843
3.99,0.780057259699855,1.7500368176805365,2.3338381794004666
4.0,0.7803133400887503,1.7418420942904826,2.332491904690996
4.01,0.780410099563347,1.7336722743123885,2.3309623598080194
4.0200000000000005,0.7803484068538017,1.7255284725272428,2.32924871293179
4.03,0.7801291048250958,1.7174118415079374,2.32735008951001
4.04,0.7797530109258111,1.709323573262738,2.325265570996679
4.05,0.7792209176194487,1.7012649008749627,2.3229941935818514
4.0600000000000005,0.7785335927809192,1.69323710014755,2.320534946899641
4.07,0.7776917800403603,1.6852414912611593,2.3178867727017223
4.08,0.7766961990560605,1.6772794404543614,2.3150485634835825
4.09,0.7755475456979836,1.6693523617344008,2.3120191610506886
4.1,0.7742464923350253,1.6614617185525427,2.3087973550980245
4.11,0.7727936883040585,1.653609025404032,2.305381881835795
4.12,0.7711897598809314,1.645795849619197,2.3017714223668344
4.13,0.7694353105693382,1.6380238130427667,2.2979646011485815
4.14,0.7675309211268869,1.6302945937967404,2.2939599843031986
4.15,0.765477149642104,1.622609928030035,2.2897560778920214
4.16,0.7632745316439239,1.6149716116600186,2.28535132614063
4.17,0.7609235802169324,1.6073815021132287,2.2807441095975056
4.18,0.7584247860953254,1.5998415200723273,2.2759327432090393
4.19,0.7557786177085944,1.5923536512360104,2.2709154742933246
4.2,0.7529855211524341,1.5849199480983545,2.265690480394976
4.21,0.7500459200593157,1.5775425317538085,2.2602558670028916
4.22,0.7469602153447127,1.5702235937338278,2.2546096651126537
4.23,0.7437287848524134,1.5629653978658926,2.2487498286330374
4.24,0.7403519842984868,1.5557702816877443,2.2426742321839854
4.25,0.7368301469404573,1.548640658261821,2.2363806682487852
4.26,0.7331635830971374,1.5415790180151487,2.2298668441189102
4.2700000000000005,0.7293525802733659,1.5345879303498495,2.223130378918676
4.28,0.725397403149289,1.5276700452620342,2.216168800401387
4.29,0.7212982936394459,1.5208280948950748,2.2089795415831683
4.3,0.7170554709855808,1.5140648950332338,2.2015599371829593
4.3100000000000005,0.7126691318482941,1.5073833465414301,2.19390721983591
4.32,0.7081394503741325,1.5007864367534327,2.186018516049965
4.33,0.703466578631908,1.4942772406513436,2.177890842050168
4.34,0.6986506471073161,1.487858921942637,2.169521099355947
4.3500000000000005,0.6936917652360631,1.481534734031245,2.160906070056658
4.36,0.688590022084755,1.4753080208380591,2.1520424118001378
4.37,0.6833454873570267,1.4691822173785793,2.1429266525452593
4.38,0.6779582127687362,1.463160850066017,2.1335551850632504
4.39,0.6724282337131597,1.4572475367581361,2.123924261115584
4.4,0.66675557114183,1.4514459865674265,2.1140299852328686
4.41,0.660940233608195,1.4457599994504506,2.1038683080213754
4.42,0.6549822204731721,1.440193465106519,2.0934350194128286
4.43,0.6488815257853123,1.4347503613715091,2.0827257415859783
4.44,0.6426381421943443,1.4294347523913304,2.071735921196615
4.45,0.6362520661059617,1.4242507859964408,2.0604608214211675
4.46,0.6297233039543964,1.4192026902928654,2.048895513698579
4.47,0.6230518796627533,1.4142947694033847,2.0370348691353737
4.48,0.6162378431524994,1.4095313983988953,2.0248735494281047
4.49,0.6092812803906492,1.4049170171462404,2.0124059974604753
4.5,0.6021823261378059,1.4004561224119814,1.99962642809107
4.51,0.5949411781081764,1.3961532588355832,1.9865288183967464
4.5200000000000005,0.5875581136104494,1.392013008160107,1.9731068978287545
4.53,0.5800335096800692,1.3880399761121938,1.9593541387209343
4.54,0.572367866989306,1.3842387766622297,1.9452637472451066
4.55,0.5645618370680039,1.380614013799104,1.9308286545157738
4.5600000000000005,0.556616253229144,1.3771702605157223,1.9160415079763897
4.57,0.548532170195429,1.373912032058616,1.9008946657364147
4.58,0.540310907651864,1.370843755837236,1.8853801913724333
4.59,0.531954101745028,1.3679697355285518,1.8694898514205278
4.6000000000000005,0.5234637663521396,1.36529410804585,1.853215116719267
4.61,0.5148423641435314,1.3628207928845284,1.8365471679634289
4.62,0.5060928884304406,1.3605534327718947,1.8194769064569294
4.63,0.49721896179822767,1.3584953216751645,1.8019949739656187
4.64,0.48822494866689753,1.356649320802067,1.7840917811698895
4.65,0.47911608818590085,1.3550177580689888,1.7657575494848319
4.66,0.46989864843264,1.3536023090767924,1.7469823686959223
4.67,0.46058010656209625,1.3524038554231688,1.7277562754012872
4.68,0.4511693580799061,1.3514223164779207,1.7080693573749737
4.69,0.4416769595594151,1.3506564496752405,1.6879118906375272
4.7,0.43211540920633223,1.350103613721414,1.6672745174618617
4.71,0.4224994699222085,1.349759488329044,1.6461484753835207
4.72,0.4128465389526362,1.3496177435671242,1.6245258891493917
4.73,0.4031770677970189,1.3496696513315833,1.6024001398732381
4.74,0.3935150343202755,1.3499036314868913,1.5797663277847842
4.75,0.383888466405746,1.3503047258633465,1.5566218469725048
4.76,0.37433001214552464,1.3508539951383955,1.5329670917754648
4.7700000000000005,0.36487754475606216,1.3515278372777724,1.5088063142371428
4.78,0.35557478094698186,1.3522972324028357,1.4841486493013962
4.79,0.3464718775177568,1.3531269289115484,1.4590093172785676
4.8,0.33762595346121826,1.353974600210582,1.433410999861382
4.8100000000000005,0.3291014620150274,1.3547900218755429,1.4073853635281282
4.82,0.3209703116364803,1.3555143455286367,1.380974670408971
4.83,0.3133116086732061,1.3560795770800735,1.3542333699283031
4.84,0.30621087487638093,1.3564084005700605,1.3272295049220242
4.8500000000000005,0.2997585876994261,1.356414515456571,1.3000457008756434
4.86,0.29404791541328734,1.3560036657052037,1.2727794473033842
4.87,0.2891715859462429,1.355075516933287,1.2455423490934878
4.88,0.28521794085223223,1.3535264651676917,1.2184580540961192
4.89,0.2822663930619063,1.3512533406217262,1.191658668878742
4.9,0.28038267822995894,1.3481577914454677,1.1652796877972238
4.91,0.2796144490511041,1.3441509582164854,1.1394537324180594
4.92,0.27998781525703687,1.3391579021582292,1.1143036973715184
4.93,0.28150536237468676,1.3331212129312613,1.0899361078384233
4.94,0.28414596737205305,1.3260033119857517,1.066435544138387
4.95,0.2878664263122692,1.3177871803161931,1.0438608359062298
4.96,0.29260460382382647,1.30847551391503,1.0222434106994673
4.97,0.2982835942269444,1.2980885645658593,1.0015877972678273
4.98,0.3048163005287764,1.2866610903275697,0.9818739455152844
4.99,0.3121098891165611,1.2742388914296259,0.9630608141914662
5.0,0.3200697184669824,1.260875356296462,0.9450906185502569
5.01,0.32860251417182135,1.2466283302484762,0.9278931953320415
5.0200000000000005,0.3376187217130573,1.2315574904512492,0.9113900781279474
5.03,0.3470340815958708,1.2157222947386364,0.8954980328799895
5.04,0.3567705412083304,1.1991804897981584,0.8801319395624299
5.05,0.3667566428692606,1.1819871134234943,0.8652070094194011
5.0600000000000005,0.3769275266427195,1.1641939037079176,0.8506403916526644
5.07,0.38722466903652025,1.1458490250570013,0.8363522567412542
5.08,0.397595455142901,1.1269970293149705,0.8222664539639788
5.09,0.4079926577677802,1.1076789838644996,0.8083108369044149
5.1000000000000005,0.4183738758949176,1.0879327133493935,0.7944173394292632
5.11,0.42870096759757836,1.067793115481345,0.7805218704155976
5.12,0.43893949926470965,1.0472925231917014,0.7665640811992248
5.13,0.449058223540386,1.0264610951034132,0.7524870466530659
5.14,0.45902859118701694,1.0053272237376376,0.7382368898134356
5.15,0.46882429799844255,0.9839179570195561,0.7237623707590632
5.16,0.47842086440808357,0.9622594331399591,0.7090144532587986
5.17,0.48779524320530593,0.9403773325520375,0.6939458568787052
5.18,0.4969254502676512,0.9182973544028441,0.6785105975393902
5.19,0.5057902111416314,0.8960457273559704,0.6626635157087205
5.2,0.5143686165270871,0.8736497681788338,0.6463597878786843
5.21,0.5226397776043117,0.8511385045313775,0.6295544138535293
5.22,0.5305824728274483,0.8285433828655006,0.6122016684160367
5.23,0.5381747744395889,0.805899086744212,0.5942545018773951
5.24,0.5453936422542474,0.7832444974039553,0.5756638682523971
5.25,0.552214468770512,0.7606238359725785,0.5563779516254016
5.26,0.5586105553961662,0.7380880368016172,0.5363412500954462
5.2700000000000005,0.564552493310812,0.7156964143043542,0.5154934592152164
5.28,0.5700074128363946,0.6935187027211606,0.4937680701326392
5.29,0.5749380503917295,0.6716375713341741,0.4710905559425349
5.3,0.5793015580847988,0.6501517499546327,0.4473759501948516
5.3100000000000005,0.5830479410996694,0.6291799480345184,0.4225255070902335
5.32,0.586117937396162,0.6088658290201473,0.3964219305673623
5.33,0.588440023715148,0.5893844414866934,0.3689222955638902
5.34,0.5899259736711304,0.5709507841037618,0.3398470877252816
5.3500000000000005,0.5904638472576921,0.5538317795797308,0.3089623776814511
5.36,0.5899060292844103,0.5383643567973693,0.27594905570410533
5.37,0.5880466870567772,0.5249860946216726,0.2403455696730126
5.38,0.5845733315764895,0.5142961750229676,0.2014298527438252
5.39,0.5789413269290713,0.5072058239809337,0.157936298746024
5.4,0.5699307402803826,0.5054512836697305,0.10718540695393056
5.41,0.5523498893433103,0.5152232116666683,0.040598230897657205
5.42,0.5106996316391572,0.5536567745958001,0.06155736336302118
5.43,0.5064100522290413,0.5592508598829589,0.12198608966082132
5.44,0.509931756413221,0.5596144419536393,0.17028244547614202
5.45,0.5177909578020778,0.5574113683383601,0.21226795561102574
5.46,0.5287371584119387,0.5534314058377657,0.2500696928703562
5.47,0.542055606367348,0.5480537981728886,0.28476002773941056
5.48,0.5572538703070301,0.5415048836087045,0.31697519232404686
5.49,0.573961063177029,0.5339374228361343,0.34713378183037985
5.5,0.5918847794533759,0.5254626205544274,0.37553239263622973
5.51,0.6107885874621218,0.5161655044325685,0.40239355579265207
5.5200000000000005,0.6304782999951627,0.5061133213198956,0.42789217418419745
5.53,0.6507925912590395,0.49536061594199865,0.4521712244501211
5.54,0.6715960641030995,0.4839525795133589,0.47535168506315134
5.55,0.6927738560313166,0.47192743216007627,0.4975391867860762
5.5600000000000005,0.7142272897591181,0.4593182435699322,0.5188287327578072
5.57,0.7358702646357502,0.44615442844148784,0.5393082611639214
5.58,0.757626178588822,0.4324630724560166,0.5590615217495004
5.59,0.7794252183498388,0.41827020722309866,0.5781705731396523
5.6000000000000005,0.8012018808561518,0.40360214013046103,0.596718118378137
5.61,0.8228925998229075,0.38848695001135797,0.6147898479442588
5.62,0.8444333530848673,0.37295627921579677,0.6324769369398029
5.63,0.865757119845436,0.35704758835856704,0.6498788347154157
5.64,0.8867910448434986,0.34080709691454164,0.6671064834769863
5.65,0.9074531503670935,0.3242937068853713,0.6842860963025061
5.66,0.9276484291667649,0.3075843180464735,0.7015635970897816
5.67,0.9472641662354297,0.2907810587001736,0.7191097393677535
5.68,0.9661644263995343,0.27402107242464746,0.7371257101117634
5.69,0.9841838959247687,0.2574894997432621,0.7558485625408059
5.7,1.0011218596636688,0.24143594740758487,0.775554898212813
5.71,1.0167383153293963,0.22619352757046537,0.7965595546541855
5.72,1.030756390455739,0.21219657647086415,0.8192035015059949
5.73,1.0428782142870456,0.1999874100262938,0.8438224062970088
5.74,1.052823364853675,0.19019449945041472,0.8706874782460666
5.75,1.0603946776246551,0.18346049044620558,0.899919833356214
5.76,1.065558810352048,0.180313267973507,0.9314039781114513
5.7700000000000005,1.0685028772157428,0.18101661253263268,0.9647526083030977
5.78,1.069622111976937,0.18548021833519146,0.999366326298225
5.79,1.069432502884877,0.193290545343024,1.0345711404995424
5.8,1.068456128812742,0.20384124677177373,1.0697594971394104
5.8100000000000005,1.0671363796792706,0.21648223129498542,1.104471313097354
5.82,1.0658043763969374,0.2306235357673811,1.1384066537739206
5.83,1.0646838434649255,0.24578087919269873,1.1713981322083986
5.84,1.0639129815540953,0.2615804732368406,1.20337223720228
5.8500000000000005,1.063568626370056,0.2777444687836733,1.2343153204370627
5.86,1.0636863679011528,0.2940710494561816,1.2642487893997587
5.87,1.0642753222875896,0.31041579089990595,1.293212757229881
5.88,1.0653282765755097,0.3266764722349988,1.3212559336215792
5.89,1.0668283929293019,0.34278149228146243,1.348429671307702
5.9,1.0687535334025073,0.3586813261856241,1.3747846261135677
5.91,1.0710790003319084,0.3743423281879464,1.4003690028591924
5.92,1.0737792431264501,0.3897422684527501,1.4252277377876779
5.93,1.076828898839308,0.4048671239216292,1.449402219034146
5.94,1.0802034060454817,0.41970876823374464,1.4729303059030572
5.95,1.0838793474643444,0.43426330358573123,1.4958465046812826
5.96,1.087834621189457,0.44852985185689614,1.5181822181754976
5.97,1.0920485046570252,0.46250967556344147,1.5399660216691118
5.98,1.0965016532616867,0.4762055357071602,1.5612239384105095
5.99,1.1011760593928848,0.48962122236191674,1.5819797015043466
6.0,1.1060549894933185,0.5027612102621041,1.6022549950650016
6.01,1.1111229096639916,0.5156304063355327,1.6220696725407748
6.0200000000000005,1.1163654070630813,0.5282339642180895,1.6414419517647525
6.03,1.121769110534614,0.5405771494677557,1.6603885886675696
6.04,1.127321613823017,0.55266524123702,1.6789250306611294
6.05,1.1330114025039906,0.5645034614732527,1.6970655519874087
6.0600000000000005,1.1388277852512754,0.5760969248979285,1.7148233731579385
6.07,1.1447608300172842,0.587450604090096,1.732210766115398
6.08,1.150801304945941,0.5985693061871761,1.7492391470557418
6.09,1.1569406240897335,0.6094576578918117,1.7659191582577491
6.1000000000000005,1.1631707974581116,0.6201200970712446,1.7822607405342221
6.11,1.1694843853273817,0.6305608688692046,1.7982731972968686
6.12,1.1758744563614556,0.6407840253859789,1.8139652514370403
6.13,1.1823345493360287,0.6507934277547234,1.8293450958316377
6.140000000000001,1.188858638086554,0.6605927500824079,1.8444204383552711
6.15,1.1954410994402485,0.6701854846172667,1.8591985420408916
6.16,1.202076683861461,0.6795749477323416,1.8736862609896112
6.17,1.2087604885504566,0.6887642864733367,1.8878900725672987
6.18,1.215487932798806,0.6977564853252307,1.9018161062962187
6.19,1.2222547353550426,0.7065543731899759,1.9154701698906216
6.2,1.2290568936568702,0.7151606302851499,1.9288577727149319
6.21,1.2358906647352876,0.7235777949676845,1.9419841469952797
6.22,1.2427525476493086,0.7318082703813305,1.9548542670266682
6.23,1.249639267310319,0.7398543308689575,1.9674728665988486
6.24,1.2565477595719423,0.7477181281609409,1.9798444548460736
6.25,1.2634751574762981,0.7554016972670825,1.9919733306780496
6.26,1.2704187785514995,0.7629069620972979,2.0038635959531845
6.2700000000000005,1.2773761130752195,0.7702357408019479,2.015519167521287
6.28,1.2843448132149742,0.7773897508044917,2.0269437882489707
6.29,1.2913226829721307,0.7843706135647517,2.0381410371376822
6.3,1.298307668869793,0.7911798590789534,2.0491143386202393
6.3100000000000005,1.3052978513131224,0.7978189300902349,2.0598669711131583
6.32,1.3122914365704972,0.8042891860541904,2.070402074902395
6.33,1.319286749330955,0.8105919068633954,2.0807226594207364
6.34,1.326282225787403,0.8167282963330822,2.090831609973128
6.3500000000000005,1.3332764071941967,0.8226994854469646,2.1007316939625897
6.36,1.3402679338807615,0.8285065354177776,2.1104255666616276
6.37,1.3472555396794386,0.8341504405391903,2.1199157765645484
6.38,1.354238046727729,0.8396321308359137,2.129204770359774
6.390000000000001,1.361214360623004,0.8449524745419349,2.138294897555999
6.4,1.3681834659071634,0.8501122804104498,2.1471884147874722
6.41,1.3751444218559368,0.8551122998634997,2.1558874898245333
6.42,1.3820963585452062,0.8599532289854385,2.1643942053146588
6.43,1.3890384731673442,0.8646357103638743,2.172710562277908
6.44,1.395970026604549,0.8691603348157051,2.180838483369778
6.45,1.4028903402273136,0.8735276429783052,2.1887798159297973
6.46,1.40979879289294,0.8777381267682185,2.1965363348352596
6.47,1.4166948181423435,0.881792230733705,2.204109745172992
6.48,1.4235779015798786,0.8856903532972946,2.2115016847407656
6.49,1.4304475784259234,0.8894328478955095,2.2187137263893306
6.5,1.4373034312287105,0.893020024019621,2.225747380216705
6.51,1.4441450877217386,0.896452148160711,2.2326040956259487
6.5200000000000005,1.4509722188130736,0.8997294446616103,2.2392852632573246
6.53,1.4577845367151652,0.9028520964918823,2.2457922167965685
6.54,1.4645817932058507,0.9058202459435203,2.2521262346657696
6.55,1.471363777985457,0.9086339952336487,2.25828854161429
6.5600000000000005,1.4781303171519036,0.9112934070420241,2.2642803102066766
6.57,1.484881271775551,0.9137985049732394,2.2701026622165026
6.58,1.4916165365718623,0.9161492739481105,2.275756669929587
6.59,1.4983360386654878,0.9183456605262806,2.281243357361786
6.6000000000000005,1.505039736439399,0.9203875731618967,2.286563701396497
6.61,1.5117276184626434,0.9222748823939452,2.2917186328468784
6.62,1.5183997024908433,0.924007420972564,2.296709037447417
6.63,1.5250560345514295,0.9255849839247253,2.301535756769315
6.640000000000001,1.531696688093601,0.927007328556298,2.306199589071462
6.65,1.538321763200026,0.9282741743894456,2.31070129008867
6.66,1.5449313858643325,0.9293852030442417,2.3150415737580885
6.67,1.5515257073278184,0.9303400580581338,2.31922111288639
6.68,1.55810490347496,0.9311383446429102,2.323240539758323
6.69,1.5646691742848948,0.9317796293794762,2.3271004466888607
6.7,1.5712187433360791,0.9322634398507185,2.3308013865211517
6.71,1.5777538573613825,0.9325892642126713,2.334343873072446
6.72,1.5842747858509052,0.9327565507041463,2.337728381530128
6.73,1.5907818206998714,0.9327647070949043,2.340955348799981
6.74,1.5972752759084228,0.9326131000597857,2.344025173799326
6.75,1.603755487335184,0.9323010544802569,2.3469382176946185
6.76,1.610222812476745,0.9318278526862214,2.34969480410542
6.7700000000000005,1.6166776303013262,0.9311927336197011,2.3522952192517863
6.78,1.6231203411220545,0.9303948919311865,2.354739712057906
6.79,1.6295513665129444,0.9294334769925297,2.3570284942063044
6.8,1.6359711492668203,0.9283075918245793,2.359161740143176
6.8100000000000005,1.6423801533945204,0.9270162919379064,2.361139587035419
6.82,1.6487788641648236,0.9255585840851226,2.362962134679935
6.83,1.6551677881846727,0.9239334249234733,2.364629445365751
6.84,1.6615474535193704,0.922139719586604,2.3661415436895226
6.8500000000000005,1.6679184098525834,0.9201763201646639,2.367498416324991
6.86,1.6742812286896955,0.9180420240584686,2.368700011736245
6.87,1.6806365036115671,0.9157355721480098,2.369746239816542
6.88,1.6869848505557603,0.9132556469604536,2.3706369715147924
6.890000000000001,1.693326908149334,0.9106008706393899,2.3713720383851418
6.9,1.699663338085013,0.907769802789283,2.3719512320848115
6.91,1.7059948255422,0.9047609381654763,2.3723743038134044
6.92,1.712322079654201,0.9015727042022477,2.3726409636923367
6.93,1.7186458340232504,0.8982034583734222,2.372750880083508
6.94,1.7249668472852409,0.8946514853808519,2.3727036788463423
6.95,1.7312859037261314,0.8909149941628102,2.372498942531639
6.96,1.7376038139491738,0.8869921146421458,2.372136209496978
6.97,1.7439214155988496,0.8828808942781624,2.3716149729562876
6.98,1.7502395741396335,0.8785792943780494,2.3709346799575375
6.99,1.7565591836975085,0.8740851861512937,2.3700947302814943
7.0,1.7628811679614356,0.8693963464678672,2.369094475258519
7.01,1.7692064811475552,0.864510453295925,2.367933216499825
7.0200000000000005,1.7755361090308242,0.8594250808065735,2.3666102045410913
7.03,1.7818710700496885,0.8541376941360194,2.3651246373964447
7.04,1.788212416489949,0.8486456437961397,2.363475659020801
7.05,1.7945612357336285,0.8429461595677993,2.3616623576626865
7.0600000000000005,1.800918651588539,0.8370363439221488,2.3596837641123445
7.07,1.8072858257107263,0.8309131650136815,2.3575388498514576
7.08,1.8136639591103527,0.8245734490679015,2.355226525083366
7.09,1.8200542937437447,0.8180138721423836,2.352745636647548
7.1000000000000005,1.826458114196838,0.8112309512043376,2.350094965813945
7.11,1.8328767494722102,0.8042210345002984,2.3472732259548517
7.12,1.8393115748819455,0.796980291146482,2.344279060091946
7.13,1.845764014011035,0.7895046996796066,2.341111038312938
7.140000000000001,1.8522355408071927,0.781790035734334,2.3377676550647077
7.15,1.8587276817649858,0.7738318585870467,2.3342473263192236
7.16,1.8652420181973812,0.7656254964466302,2.3305483866210097
7.17,1.8717801885969974,0.757166030379616,2.3266690860229295
7.18,1.8783438911029677,0.7484482768022711,2.322607586917868
7.19,1.884934886004973,0.7394667681826949,2.318361960796371
7.2,1.8915549983045556,0.7302157318829179,2.313930184948809
7.21,1.8982061203078266,0.7206890669239403,2.3093101391481063
7.22,1.9048902141758348,0.7108803183139624,2.3044996023751807
7.23,1.9116093144196846,0.7007826487537077,2.2994962496422446
7.24,1.9183655302557232,0.6903888073585827,2.294297649012149
7.25,1.925161047686772,0.6796910949072135,2.2889012589523827
7.26,1.9319981312443557,0.6686813253507564,2.283304426163967
7.2700000000000005,1.938879125148173,0.6573507829102935,2.277504384136972
7.28,1.9458064537240414,0.6456901743523494,2.271498252690693
7.29,1.9527826206787549,0.6336895756036811,2.265283038937972
7.3,1.9598102068845693,0.6213383721040832,2.2588556401604523
7.3100000000000005,1.9668918660448667,0.6086251919333171,2.2522128493351397
7.32,1.9740303175283094,0.5955378308555817,2.245351364230375
7.33,1.9812283352487297,0.5820631680864166,2.238267801407982
7.34,1.9884887312013295,0.568187071693704,2.2309587168634852
7.3500000000000005,1.9958143316579176,0.5538942923551426,2.223420635730364
7.36,2.003207943238046,0.5391683441744426,2.2156500944146384
7.37,2.0106723049769397,0.5239913713787547,2.207643699844784
7.38,2.0182100209499763,0.508344000087318,2.1993982124015656
7.390000000000001,2.025823465493457,0.4922051748783642,2.1909106620188683
7.4,2.033514649630365,0.47555198140148935,2.1821785110484946
7.41,2.0412850319691302,0.45835945889845436,2.1731998837675577
7.42,2.0491352487956718,0.44060041102624564,2.1639738923252105
7.43,2.0570647253762093,0.4222452323026294,2.154501103843793
7.44,2.0650711092443927,0.40326178289568154,2.1447842179298453
7.45,2.0731494321223107,0.38361537331539386,2.1348290633197244
7.46,2.0812908490910393,0.3632689737513308,2.124646089015767
7.47,2.0894807037598215,0.34218386392082967,2.1142526394816836
7.48,2.097695489392322,0.32032113572417864,2.103676506691069
7.49,2.105897947067228,0.297644854993036,2.0929616235849355
7.5,2.1140289131853054,0.27412850624182544,2.082177469420107
7.51,2.1219932841525346,0.2497681099429144,2.071435144144057
7.5200000000000005,2.129634921663513,0.22460937203712283,2.060915877664141
7.53,2.1366900233259836,0.19880549045549645,2.0509235160311667
7.54,2.1426977843718986,0.1727441993977128,2.041983955391358
7.55,2.146829902764102,0.14733140305919398,2.0350320035271894
7.5600000000000005,2.147606175309219,0.12458748241494108,2.031714497860137
7.57,2.1427074954226244,0.1085083973110332,2.034558125316791
7.58,2.130031250853121,0.10445342795534449,2.0457427251462836
7.59,2.1104846697117763,0.11428190856458878,2.0640781619868345
7.6000000000000005,2.087704084043397,0.1338690633704068,2.0855135841637886
7.61,2.0645604439221623,0.15811236289275216,2.106982260785065
7.62,2.042276972010568,0.18396011734793438,2.127244328836658
7.63,2.0211957287232694,0.20997525962227434,2.145997077906809
7.640000000000001,2.00132881405707,0.23552844611970478,2.1632723383241683
7.65,1.9825845905434412,0.2603577934004594,2.1791979067448923
7.66,1.964848428482175,0.28436829571883043,2.193915975778033
7.67,1.9480097183189669,0.30754177360730417,2.2075577465849507
7.68,1.9319697341670237,0.32989536645180323,2.220237298960137
7.69,1.916642782196117,0.35146179007273515,2.2320518175286184
7.7,1.9019551368996213,0.37227972024289874,2.243083665095972
7.71,1.887843405149616,0.39238906485898284,2.2534027451976164
7.72,1.8742528997219907,0.41182867062376294,2.263068651409461
7.73,1.8611362060849803,0.4306352697822313,2.272132479777588
7.74,1.8484519779642106,0.4488430659985949,2.2806383114034996
7.75,1.8361639451311234,0.4664836488511147,2.288624411187139
7.76,1.8242401021118038,0.4835860732271677,2.2961241943726796
7.7700000000000005,1.8126520455584245,0.5001770162471444,2.3031670072712065
7.78,1.8013744318563647,0.5162809649834718,2.3097787604923203
7.79,1.7903845313607232,0.5319204102163109,2.315982445309496
7.8,1.7796618602228402,0.5471160335607038,2.3217985572384254
7.8100000000000005,1.7691878746484568,0.5618868818950902,2.327245445642297
7.82,1.7589457155703068,0.576250526721826,2.332339604069798
7.83,1.74891999422626,0.5902232080017542,2.33709591282752
7.84,1.7390966110994408,0.6038199630555079,2.34152784282824
7.8500000000000005,1.7294626021969643,0.6170547416465287,2.3456476278731344
7.86,1.7200060078821415,0.6299405084661917,2.3494664110194257
7.87,1.7107157603895895,0.6424893343575654,2.3529943695748385
7.88,1.7015815868943158,0.6547124775467861,2.356240822368127
7.890000000000001,1.692593925626941,0.6666204559849546,2.359214322212042
7.9,1.6837438529492028,0.6782231118887796,2.361922735967354
7.91,1.6750230197020937,0.6895296693925105,2.364373314151858
7.92,1.6664235954292657,0.7005487861333501,2.3665727516973356
7.930000000000001,1.6579382193177206,0.7112885994924075,2.3685272411775244
7.94,1.6495599568965835,0.7217567681153603,2.3702425196007058
7.95,1.6412822616737481,0.7319605092905747,2.3717239096949334
7.96,1.633098941055631,0.7419066326275834,2.372976356431536
7.97,1.6250041259590824,0.7516015704926916,2.3740044594495413
7.98,1.6169922436484307,0.7610514055409753,2.374812501910005
7.99,1.6090579933680322,0.7702618956979168,2.3754044762582387
8.0,1.6011963244426766,0.7792384968334881,2.3757841072657
8.01,1.5934024165228953,0.7879863834129764,2.3759548727069237
8.02,1.585671661737176,0.7965104673081868,2.3759200219411483
8.03,1.5779996485102483,0.8048154149889123,2.3756825926615273
8.040000000000001,1.5703821468631818,0.812905663249167,2.375245426018319
8.05,1.562815095037314,0.8207854336018245,2.3746111802923373
8.06,1.5552945872741386,0.8284587455078016,2.3737823432984184
8.07,1.5478168626484097,0.8359294285179432,2.3727612436378145
8.08,1.5403782948294702,0.8432011334520153,2.3715500609326576
8.09,1.5329753826591401,0.85027734272715,2.370150835161196
8.1,1.5256047415045721,0.8571613798509147,2.3685654751504086
8.11,1.5182630952607896,0.8638564182253925,2.3667957663489863
8.120000000000001,1.510947268960853,0.8703654892902093,2.3648433779329183
8.13,1.5036541819374876,0.8766914900576116,2.3627098693051676
8.14,1.4963808414745663,0.8828371901048149,2.3603966960528466
8.15,1.4891243368847957,0.8888052380940618,2.357905215425707
8.16,1.4818818340126512,0.8945981678034874,2.355236691348325
8.17,1.474650570093571,0.9002184037514206,2.3523922990299373
8.18,1.4674278489361403,0.9056682664479219,2.349373129207306
8.19,1.4602110364080922,0.9109499772883365,2.346180192043909
8.2,1.4529975561998327,0.9160656631152917,2.342814420712768
8.21,1.445784885833467,0.9210173604850316,2.3392766746937155
8.22,1.4385705528838943,0.9258070196763943,2.33556774281646
8.23,1.431352131411602,0.9304365084354811,2.331688346055296
8.24,1.4241272385972006,0.9349076154634215,2.327639140086904
8.25,1.4168935315215352,0.9392220537186299,2.323420717656976
8.26,1.4096487041068195,0.9433814635074675,2.3190336107482206
8.27,1.4023904841976746,0.9473874153867197,2.314478292568196
8.28,1.3951166307709804,0.9512414128886387,2.309755179367288
8.290000000000001,1.3878249312579494,0.9549448950872397,2.3048646321010704
8.3,1.38051319896185,0.9584992390245943,2.2998069579510827
8.31,1.3731792705609402,0.9619057620073389,2.2945824117132236
8.32,1.3658210037228768,0.9651657237336857,2.2891911970352288
8.33,1.3584362747655965,0.968280328336009,2.283633467550357
8.34,1.3510229763891501,0.9712507263025569,2.2779093278904163
8.35,1.3435790154635083,0.9740780162957116,2.272018834589816
8.36,1.3361023108662917,0.9767632468702975,2.2659619968829863
8.370000000000001,1.328590791362643,0.9793074180994402,2.259738777400105
8.38,1.3210423935183433,0.9817114831171464,2.25334909276695
8.39,1.3134550596372794,0.983976349586772,2.2467928141146527
8.4,1.305826735714483,0.9861028811044362,2.240069767505083
8.41,1.2981553694111425,0.9880918985215718,2.2331797342612587
8.42,1.2904389080450425,0.9899441811930938,2.2261224512062325
8.43,1.2826752965617694,0.9916604681967274,2.218897610835093
8.44,1.2748624755138638,0.9932414594815382,2.2115048613974584
8.45,1.2669983790260098,0.9946878169707206,2.2039438069018082
8.46,1.2590809327417913,0.9960001656182269,2.1962140070381975
8.47,1.251108051745738,0.9971790944240635,2.188314977020904
8.48,1.2430776384544437,0.9982251574130654,2.1802461873525925
8.49,1.234987580470683,0.9991388745819024,2.172007063511707
8.5,1.2268357483944523,0.9999207328190151,2.163596985564757
8.51,1.2186199935762372,1.0005711867952938,2.1550152876853654
8.52,1.2103381458235096,1.0010906598254816,2.1462612575960716
8.53,1.2019880110155474,1.0014795447326403,2.137334135923397
8.540000000000001,1.193567368662506,1.0017382046840249,2.128233115471007
8.55,1.1850739693830592,1.0018669740182742,2.1189573404087905
8.56,1.1765055322781404,1.0018661590718698,2.1095059053635996
8.57,1.167859742193585,1.0017360390083554,2.0998778544102064
8.58,1.1591342468646657,1.001476866653752,2.0900721799612714
8.59,1.150326653935801,1.0010888693415396,2.0800878215554146
8.6,1.141434527849039,1.0005722497705019,2.0699236645428094
8.61,1.1324553865952578,0.9999271868786468,2.059578538668088
8.620000000000001,1.1233866983195833,0.9991538367374966,2.0490512165487744
8.63,1.1142258776257234,0.9982523335289956,2.0383404119457333
8.64,1.1049702817402949,0.9972227905415925,2.0274447779409206
8.65,1.0956172065103946,0.9960653012002045,2.016362905011344
8.66,1.0861638821068973,0.9947799401767798,2.00509331891094
8.67,1.0766074684682008,0.9933667645745948,1.9936344783948925
8.68,1.066945050438644,0.9918258152061795,1.9819847727602482
8.69,1.0571736325856034,0.9901571179719751,1.9701425191963975
8.700000000000001,1.047290133680285,0.9883606853467025,1.9581059599399724
8.71,1.0372913808278836,0.9864365179805592,1.945873259229521
8.72,1.0271741031153288,0.9843846064835868,1.9334424999893098
8.73,1.0169349247516921,0.9822049334046807,1.920811680231118
8.74,1.006570357788223,0.9798974753613362,1.9079787092273048
8.75,0.9960767942236514,0.9774622054208559,1.8949414033501095
8.76,0.9854504974662851,0.9748990957510199,1.8816974815668093
8.77,0.9746875930815945,0.9722081205784445,1.8682445605552513
8.78,0.9637840587866507,0.9693892594765019,1.8545801494232466
8.790000000000001,0.9527357136362767,0.9664425010155588,1.840701644007242
8.8,0.9415382061236408,0.9633678469316661,1.8266063206048797
8.81,0.9301870012695278,0.9601653167756691,1.8122913291869196
8.82,0.9186773665355232,0.9568349531402726,1.7977536860058154
8.83,0.9070043563538828,0.9533768275890248,1.7829902654959067
8.84,0.8951627951165751,0.9497910473851451,1.767997791386475
8.85,0.8831472585171247,0.9460777630918794,1.7527728269777607
8.86,0.8709520529872592,0.9422371772087158,1.7373117644492677
8.870000000000001,0.8585711928196064,0.9382695540966082,1.721610812987378
8.88,0.8459983749554786,0.9341752312304669,1.7056659857288123
8.89,0.8332269508948486,0.9299546321256404,1.6894730852361053
8.9,0.8202498953360062,0.9256082812080519,1.67302768729967
8.91,0.8070597712365495,0.9211368208594791,1.656325122906281
8.92,0.7936486905480415,0.9165410311450908,1.6393604579746628
8.93,0.780008270020487,0.9118218526614901,1.622128470531062
8.94,0.766129581412917,0.9069804130068431,1.6046236249613763
8.950000000000001,0.7520030949648572,0.9020180576902675,1.5868400427059217
8.96,0.7376186152842019,0.896936386157877,1.5687714689133505
8.97,0.7229652080533531,0.8917372941193363,1.5504112341430767
8.98,0.7080311160480502,0.8864230233668225,1.531752210227443
8.99,0.6928036624719797,0.8809962206681642,1.5127867590999646
9.0,0.6772691391080128,0.8754600077327123,1.4935066730642603
9.01,0.6614126764317199,0.869818064625689,1.4739031047044495
9.02,0.6452180916372894,0.8640747299413051,1.4539664838633266
9.03,0.6286677101328927,0.8582351215772542,1.433686418728961
9.040000000000001,0.6117421544481213,0.8523052833313058,1.4130515769316523
9.05,0.5944200929613168,0.8462923640393643,1.3920495413363732
9.06,0.5766779386532799,0.8402048380996148,1.3706666334492121
9.07,0.5584894851274722,0.8340527791732949,1.34888769488472
9.08,0.5398254634270512,0.8278482027591867,1.3266958140242027
9.09,0.520652997006926,0.8216054995572748,1.3040719796080176
9.1,0.5009349251828635,0.8153419895130738,1.2809946360336069
9.11,0.4806289541241268,0.8090786389989922,1.2574391039625397
9.120000000000001,0.4596865783045641,0.8028410024393824,1.2333768128345006
9.13,0.4380516927768417,0.7966604779980193,1.2087742659660152
9.14,0.4156587809567385,0.7905760130654981,1.1835916160561042
9.15,0.3924305104236001,0.7846364691039278,1.157780659237619
9.16,0.36827448619202513,0.7789039815316835,1.1312819349570948
9.17,0.3430787816348759,0.7734588708241759,1.104020404279512
9.18,0.3167056595510675,0.7684070681951787,1.0758987764052583
9.19,0.2889825698727465,0.7638918093689877,1.0467867582503256
9.200000000000001,0.2596890292656929,0.7601129889496623,1.016502823479216
9.21,0.22853748857132183,0.7573612368101258,0.9847812652535818
9.22,0.19514706916976934,0.7560827928567474,0.9512076600728889
9.23,0.15901995217007717,0.7570159557834883,0.9150786479427048
9.24,0.11961828248593075,0.7615148009874331,0.8750550430796954
9.25,0.0774948171874468,0.7723589910534127,0.8282221981673589
9.26,0.04784811931099115,0.7922758994690149,0.7709344815326048
9.27,0.07339819433606704,0.7979038673850167,0.7271725086264795
9.28,0.11555680762022,0.7863159487340119,0.7024408994951155
9.290000000000001,0.15527210458859336,0.7700002789950025,0.6833743032092932
9.3,0.1915872968078575,0.7522615805224585,0.6660836161334277
9.31,0.22499261602537957,0.7341398561600195,0.6492690800257477
9.32,0.2559715098380235,0.7160754895322001,0.6323616138493634
9.33,0.2848921916987036,0.6983007693224621,0.6150619221204967
9.34,0.3120273528828039,0.6809632680152867,0.5971891147070957
9.35,0.33758000061292215,0.6641734924442204,0.5786200385005232
9.36,0.3617025379206882,0.6480261486097704,0.5592611826812702
9.370000000000001,0.3845097666319196,0.6326107296040304,0.5390340304102796
9.38,0.4060876689506629,0.6180172605879158,0.5178664781727078
9.39,0.42649937517932734,0.6043396271818858,0.4956870701891254
9.4,0.4457892375098961,0.5916775904485096,0.4724203965557182
9.41,0.4639855842219722,0.5801380383651639,0.447982634421708
9.42,0.4811024935460581,0.5698357964306399,0.4222763918152848
9.43,0.49714075117144485,0.5608942619973905,0.39518390081161753
9.44,0.5120879913597767,0.5534461931651087,0.3665571723307506
9.450000000000001,0.5259178124106088,0.5476351976739747,0.3362027469174905
9.46,0.5385872993076875,0.5436189399675405,0.30385653176271604
9.47,0.5500316284340695,0.5415761373083111,0.26913918429163075
9.48,0.5601525118644648,0.5417220427434808,0.23146926202033544
9.49,0.5687913490178662,0.5443449563119755,0.18987021726012326
9.5,0.5756542466336351,0.5499068182010844,0.14244269173699903
9.51,0.5800012763970569,0.559441100881836,0.08422816254630262
9.52,0.5784260484584812,0.5781057439292279,0.029847888341993395
9.53,0.5970572537233242,0.5833474274112201,0.10639476174287375
9.540000000000001,0.6171436826633483,0.5882535085541147,0.15983101134038546
9.55,0.638197762915311,0.5925389588414787,0.20492453138243208
9.56,0.6599372901102195,0.5961675093754271,0.24506581024617996
9.57,0.682162859259887,0.5991522580364654,0.2817546756865522
9.58,0.7047261383265297,0.6015190798142973,0.315824170178045
9.59,0.72751354383569,0.6032963826771801,0.347799304182645
9.6,0.7504364165742519,0.6045116760166559,0.3780393227731159
9.61,0.7734245720205035,0.6051903926443276,0.4068048547193138
9.620000000000001,0.7964218254797021,0.6053555603200087,0.4342935095757303
9.63,0.8193827683926358,0.6050278126046702,0.4606604013262788
9.64,0.8422703824814584,0.6042255332253755,0.48603076365306325
9.65,0.8650542376436554,0.6029650455739952,0.5105081077723073
9.66,0.8877091085194531,0.6012608084183215,0.5341797208939749
9.67,0.9102138980475497,0.599125600987834,0.5571205031416336
9.68,0.9325507898459094,0.5965706908768867,0.5793957255091384
9.69,0.954704573499468,0.5936059829976593,0.6010630643897095
9.700000000000001,0.9766621017467391,0.5902401500850719,0.6221741372916679
9.71,0.9984118491643577,0.5864807461849724,0.6427756866941746
9.72,1.019943549270895,0.5823343049575103,0.6629105104066318
9.73,1.0412478924890018,0.5778064246299067,0.6826182064282317
9.74,1.0623162712739347,0.5729018413830819,0.7019357800257295
9.75,1.0831405616497691,0.5676244928155177,0.7208981473925409
9.76,1.103712932577379,0.5619775729751433,0.7395385611579572
9.77,1.124025676176829,0.5559635803432957,0.7578889766497953
9.78,1.1440710530060005,0.549584360046931,0.7759803733534779
9.790000000000001,1.1638411474364547,0.542841141586827,0.7938430428051746
9.8,1.1833277289277238,0.5357345731568735,0.8115068522380847
9.81,1.2025221151143746,0.5282647540361557,0.8290014910825737
9.82,1.2214150331705746,0.5204312661965597,0.8463567070253047
9.83,1.2399964757051987,0.5122332069732635,0.8636025370166874
9.84,1.2582555475908639,0.5036692241882813,0.8807695385568279
9.85,1.2761802996920903,0.494737556522601,0.8978890260192515
9.86,1.293757545211462,0.48543608145375944,0.9149933170194118
9.870000000000001,1.310972653837593,0.47576237478961897,0.9321159937989717
9.88,1.327809318013034,0.4657137864572852,0.9492921850126377
9.89,1.3442492848367507,0.45528753776285225,0.9665588734369076
9.9,1.3602720459800417,0.4444808506724275,0.9839552362547291
9.91,1.3758544763629237,0.4332911179076857,1.0015230244724176
9.92,1.3909704109514802,0.4217161308825653,1.0193069891794209
9.93,1.4055901467064091,0.40975438488634536,1.037355362605625
9.94,1.4196798551613203,0.39740549189848473,1.0557204020460624
9.950000000000001,1.4332008888057337,0.38467074045312577,1.074459003746693
9.96,1.4461089625406234,0.3715538572937009,1.0936333919812906
9.97,1.4583531932336296,0.3580620522751239,1.1133118815765741
9.98,1.4698749826537911,0.3442074554353034,1.1335697017624948
9.99,1.4806067414113113,0.3300091038450732,1.154489846549959
10.0,1.4904704780669942,0.3154957006864207,1.1761638757791015
10.01,1.4993763308014603,0.30070945491640977,1.1986925188711957
10.02,1.5072212264313185,0.2857114275490475,1.222185803353884
10.03,1.5138880497915264,0.27058894181775595,1.2467622096092739
10.040000000000001,1.5192460700445676,0.25546573495563174,1.2725459805793846
10.05,1.523153993300468,0.24051551460890055,1.299661128956614
10.06,1.5254680089919057,0.22597917318640223,1.328219841054251
10.07,1.5260585569514602,0.2121845154787217,1.3583020271728123
10.08,1.5248407566917395,0.19956398264266076,1.3899224176309113
10.09,1.52182267366626,0.18865949953382877,1.422983788395584
10.1,1.5171688631619513,0.18009529426929738,1.4572230463437477
10.11,1.5112597290096257,0.17449708073805037,1.4921730559234099
10.120000000000001,1.504705454985692,0.17235546118575243,1.5271786227532123
10.13,1.4982730859358266,0.17387919787830122,1.561494286198841
10.14,1.4927339155876822,0.17892211688160797,1.5944386394129666
10.15,1.4887047318632325,0.18703468243543908,1.6255271242058256
10.16,1.4865630842301616,0.19760354242837466,1.6545191986737346
10.17,1.4864544201516436,0.20999489504983843,1.6813825863081056
10.18,1.4883526564758238,0.22364642985235186,1.7062211720713334
10.19,1.492129273356839,0.23810298932415647,1.7292074789034473
10.200000000000001,1.497607390108647,0.2530160927953288,1.750536031723605
10.21,1.5045964102578897,0.26812768821402566,1.7703969694220947
10.22,1.512911237060429,0.2832504511220618,1.7889636898533925
10.23,1.5223814537791307,0.2982500631941448,1.806388652943421
10.24,1.5328546963200833,0.3130310525403094,1.8228033531736532
10.25,1.5441969541782588,0.32752610931189735,1.8383201409666063
10.26,1.5562914016219447,0.34168825230418803,1.8530346700272124
10.27,1.5690366371318236,0.3554851639398818,1.8670283803799839
10.28,1.5823447854806025,0.36889511420972015,1.880370763759945
10.290000000000001,1.596139680975613,0.38190402909266885,1.8931213272771983
10.3,1.6103552249053728,0.39450337595697377,1.9053312498266421
10.31,1.624933944998589,0.4066886327345487,1.9170447595481332
10.32,1.6398257537022178,0.41845817399723034,1.9283002708927481
10.33,1.6549868880070049,0.4298124561602161,1.9391313205575864
10.34,1.6703790087437744,0.4407534190320837,1.9495673378514229
10.35,1.6859684370447936,0.45128404421065776,1.959634279747537
10.36,1.7017255072087885,0.46140802749607196,1.9693551558205178
10.370000000000001,1.717624017740258,0.47112953598029095,1.9787504637579816
10.38,1.7336407648804593,0.48045302706717086,1.9878385520373245
10.39,1.7497551452366737,0.4893831132734014,1.9966359233005535
10.4,1.765948816537471,0.4979244619654624,2.0051574892268347
10.41,1.782205407082724,0.5060817205601054,2.0134167856511738
10.42,1.7985102662189616,0.5138594611984098,2.02142615496443
10.43,1.814850249338054,0.5212621399475181,2.0291969015290454
10.44,1.8312135321446994,0.5282940671941043,2.0367394246743333
10.450000000000001,1.8475894496163696,0.5349593862693351,2.044063333100184
10.46,1.8639683560264046,0.5412620584940919,2.051177543707015
10.47,1.8803415027178156,0.5472058527045404,2.0580903674974484
10.48,1.8967009313143977,0.5527943387745725,2.0648095844469334
10.49,1.9130393798247287,0.5580308834300577,2.071342509265981
10.5,1.9293502000369525,0.5629186483127679,2.0776960493370806
10.51,1.9456272844722124,0.567460589348006,2.083876756108558
10.52,1.9618650015036116,0.5716594569980799,2.0898908709982353
10.53,1.9780581377739084,0.5755177976122745,2.0957443664692486
10.540000000000001,1.9942018465715607,0.5790379548517406,2.1014429832271015
10.55,2.0102916015447834,0.5822220715535807,2.10699226402166
10.56,2.026323155019084,0.5850720917986011,2.112397584575258
10.57,2.0422925001231844,0.5875897627304085,2.117664182204285
10.58,2.058195836290078,0.589776636363074,2.1227971824670777
10.59,2.0740295377568514,0.5916340714741245,2.127801624108381
10.6,2.0897901243690873,0.5931632349365088,2.1326824827903357
10.61,2.105474234494861,0.5943651029169656,2.137444693778646
10.620000000000001,2.1210785996860992,0.5952404618720811,2.1420931738548243
10.63,2.136600020742176,0.595789909176277,2.1466328427094026
10.64,2.152035344819311,0.5960138531568145,2.1510686440863935
10.65,2.1673814434616165,0.5959125130437576,2.1554055668240504
10.66,2.1826351912682336,0.5954859186058097,2.1596486660072727
10.67,2.19779344482231,0.5947339091642657,2.1638030845372236
10.68,2.2128530218108757,0.593656132214062,2.1678740751976613
10.69,2.2278106800097115,0.5922520418117521,2.1718670235487365
10.700000000000001,2.242663095899547,0.5905208966403939,2.1757874718633716
10.71,2.2574068426803815,0.5884617575672618,2.1796411443155796
10.72,2.272038367456231,0.586073484526167,2.1834339736329054
10.73,2.286553967312619,0.5833547329938048,2.187172129536389
10.74,2.3009497638088656,0.5803039512645147,2.190862049617493
10.75,2.3152216758322943,0.5769193759685193,2.1945104724054367
10.76,2.3293653902690856,0.5731990279425736,2.198124473466444
10.77,2.3433763300823416,0.5691407078710956,2.201711504909144
10.78,2.357249619352069,0.5647419917123453,2.2052794387832564
10.790000000000001,2.3709800448022706,0.5600002259587313,2.208836614894377
10.8,2.3845620129807785,0.5549125232484364,2.212391893997735
10.81,2.397989502568095,0.5494757580250493,2.215954716898658
10.82,2.411256010836543,0.5436865628029673,2.2195351705724415
10.83,2.4243544932289196,0.5375413253031915,2.2231440624269414
10.84,2.437277294971403,0.5310361866916761,2.2267930038674226
10.85,2.4500160730929315,0.5241670418371238,2.2304945049693776
10.86,2.4625617073032036,0.5169295419497961,2.234262081873394
10.870000000000001,2.474904197550064,0.5093191008364518,2.238110379256788
10.88,2.487032545837423,0.5013309058437273,2.242055310405024
10.89,2.498934619207149,0.4929599353978966,2.246114218145013
10.9,2.5105969902661736,0.48420098519332144,2.250306060349847
10.91,2.52200475068357,0.4750487063298443,2.2546516247249047
10.92,2.5331412922605145,0.4654976589931497,2.259173778253214
10.93,2.543988048636405,0.45554238776563805,2.263897758283024
10.94,2.5545241893905404,0.445177525343543,2.2688515132380607
10.950000000000001,2.564726256067682,0.4343979356864981,2.274066103138369
10.96,2.574567727501876,0.4231989088862943,2.2795761716440515
10.97,2.584018498426919,0.41157642907569614,2.285420504619788
10.98,2.5930442520726342,0.39952754003854163,2.2916426922444533
10.99,2.601605702975398,0.38705084801242917,2.298291915349095
11.0,2.6096576811971053,0.3741472106991216,2.305423879315976
11.01,2.617148024762896,0.3608206920608326,2.313101921053052
11.02,2.624016242722411,0.3470798855802671,2.3213983138179235
11.03,2.6301919105344997,0.3329397585039198,2.330395789002977
11.040000000000001,2.6355927688819127,0.31842423812362436,2.340189274265615
11.05,2.6401225223811315,0.30356984837408457,2.350887806196793
11.06,2.643668402983695,0.28843083894045607,2.3626164845240676
11.07,2.646098706729489,0.2730864090707253,2.375518157925032
11.08,2.6472608098012245,0.2576508113832471,2.3897541909048927
11.09,2.646980739842559,0.24228723027619198,2.405503043604207
11.1,2.6450664150880203,0.22722614004688174,2.422954334921979
11.11,2.6413183566522047,0.21278777614436223,2.442294440554927
11.120000000000001,2.6355539410921818,0.19940528116999298,2.463677761403884
11.13,2.6276528027765407,0.18763840812609944,2.4871771618620673
11.14,2.617627672189648,0.17815709549963624,2.5127120689820495
11.15,2.6057093453830062,0.17166637359925624,2.539970030524975
11.16,2.59240445654734,0.168758546181765,2.56836648632454
11.17,2.5784644622467834,0.16973331645674583,2.5971005099625417
11.18,2.564741459022956,0.1744873591652821,2.625317222252485
11.19,2.5519958600222568,0.18255384673975544,2.652298838954131
11.200000000000001,2.5407631781977376,0.19326178892901402,2.6775789914234465
11.21,2.531327957468152,0.205909619018519,2.7009462599718566
11.22,2.5237732132046675,0.21987741031134828,2.7223797329859782
11.23,2.5180515830050134,0.23466915901315127,2.7419722901260206
11.24,2.5140455356323597,0.24991084924316198,2.7598709470798757
11.25,2.51160786041685,0.26533016690252487,2.776239441286631
11.26,2.5105853108183247,0.2807329397797986,2.7912380445063505
11.27,2.510830902718918,0.2959825437799361,2.805014219762929
11.28,2.512209454857265,0.3109838314834423,2.8176993308694667
11.290000000000001,2.5145994170804444,0.3256712492613719,2.829408426810378
11.3,2.5178928021615117,0.3400002795875844,2.8402414259328674
11.31,2.521994237467424,0.35394135007444455,2.850284819016361
11.32,2.5268196792103375,0.3674755141832453,2.859613456168604
11.33,2.5322950656042655,0.3805913854505229,2.868292220246251
11.34,2.538355039971369,0.393282954374917,2.876377511496998
11.35,2.5449417982340514,0.40554802689458286,2.883918527516513
11.36,2.5520040761803973,0.4173871013466683,2.8909583494606714
11.370000000000001,2.5594962724890595,0.42880255737598844,2.8975348564980004
11.38,2.5673776954470355,0.43979806824430867,2.9036814928174897
11.39,2.57561191885907,0.45037817094612476,2.90942790980922
11.4,2.5841662314855975,0.4605479544856017,2.9148005049775185
11.41,2.593011166794468,0.4703128309152173,2.919822874413081
11.42,2.6021201004674563,0.47967836785954926,2.9245161940247884
11.43,2.6114689051964004,0.48865016692509183,2.9288995418069264
11.44,2.6210356538271373,0.4972337749483496,2.9329901711516806
11.450000000000001,2.6308003633402817,0.5054346204026411,2.936803743565052
11.46,2.640744773229838,0.5132579675614336,2.9403545276169147
11.47,2.650852153174853,0.5207088849852072,2.9436555696616518
11.48,2.6611071354083147,0.5277922236222582,2.946718840978585
11.49,2.671495568258343,0.5345126028707525,2.9495553650466046
11.5,2.6820043875406405,0.5408744016678397,2.952175328195117
11.51,2.6926215034623646,0.5468817542523343,2.9545881760887336
11.52,2.703335700643536,0.5525385485157417,2.9568026982985556
11.53,2.71413654948957,0.5578484266290041,2.958827102733647
11.540000000000001,2.725014327416601,0.5628147873224549,2.960669081381361
11.55,2.735959948360406,0.5674407887232653,2.9623358687865062
11.56,2.746964899756509,0.5717293523760114,2.9638342941406486
11.57,2.758021185796172,0.5756831673485007,2.9651708280195734
11.58,2.769121276150944,0.5793046944621202,2.966351624544316
11.59,2.780258059540687,0.5825961707020183,2.967382559563747
11.6,2.79142480146403,0.585559613465454,2.968269265462944
11.61,2.8026151053997452,0.5881968242350957,2.9690171632015256
11.620000000000001,2.813822877317351,0.5905093925235152,2.9696314918108335
11.63,2.825042292816161,0.5924986991724904,2.9701173358910684
11.64,2.836267766579114,0.5941659192399281,2.970479651419223
11.65,2.847493923851158,0.5955120246001445,2.9707232901459237
11.66,2.8587155736302345,0.5965377861641908,2.9708530228598016
11.67,2.869927683246361,0.5972437755119888,2.970873561801402
11.68,2.8811253540663495,0.5976303659817584,2.970789582477704
11.69,2.8923037982374344,0.5976977337232845,2.970605745006701
11.700000000000001,2.9034583160143925,0.5974458579254965,2.970326715352207
11.71,2.9145842736258265,0.596874520595413,2.969957186532081
11.72,2.9256770813946438,0.5959833059338733,2.969501900084976
11.73,2.9367321718949433,0.5947715993788841,2.9689656680233094
11.74,2.9477449779426963,0.5932385861423075,2.9683533954653907
11.75,2.9587109102204066,0.5913832490702969,2.967670104141221
11.76,2.9696253343282364,0.5892043657493085,2.9669209569871704
11.77,2.9804835468529705,0.5867005061380054,2.966111284381083
11.78,2.9912807503410135,0.5838700291671193,2.9652466120072734
11.790000000000001,3.002012026873898,0.5807110787340198,2.9643326907237655
11.8,3.0126723098368453,0.5772215796230721,2.963375528927764
11.81,3.0232563535033123,0.5733992330672978,2.962381427811437
11.82,3.0337587001009587,0.5692415119016377,2.961357019884581
11.83,3.0441736438848883,0.5647456554592013,2.960309311305869
11.84,3.0544951914087983,0.5599086646485438,2.9592457289406457
11.85,3.0647170176975935,0.5547272967374454,2.958174172458531
11.86,3.074832417325068,0.549198060493938,2.957103072609638
11.870000000000001,3.084834249500742,0.5433172118260027,2.9560414566741198
11.88,3.094714876283906,0.5370807499973321,2.9549990220593445
11.89,3.1044660924244347,0.5304844152370358,2.953986219728171
11.9,3.1140790454227205,0.5235236880290823,2.953014348993323
11.91,3.123544144022879,0.5161937908718804,2.952095665641847
11.92,3.1328509527976007,0.5084896936243644,2.951243505946953
11.93,3.141988070368128,0.500406123442221,2.950472429203806
11.94,3.1509429876960766,0.4919375815209488,2.9497983826518173
11.950000000000001,3.15970192271932,0.4830783685106361,2.9492388927158366
11.96,3.168249626214771,0.47382262209377213,2.948813288003017
11.97,3.1765691529760005,0.46416437060177423,2.948542960210211
11.98,3.1846415905738117,0.45409760877670796,2.9484516709915485
11.99,3.192445736461759,0.4436164031850312,2.948565914223009
12.0,3.1999577115824063,0.43271503808258305,2.9489153456730133
12.01,3.207150495943056,0.4213882161995044,2.9495332945602177
12.02,3.213993367560517,0.4096313352407791,2.9504573753328334
12.030000000000001,3.220451221963671,0.3974408688018685,2.9517302216641044
12.040000000000001,3.2264837435381013,0.38481489037937777,2.9534003696486675
12.05,3.2320443933103715,0.37175379965903016,2.955523322784608
12.06,3.2370791705170467,0.35826133108546265,2.9581628361165166
12.07,3.2415250972888066,0.34434596028051445,2.961392461487983
12.08,3.2453083716003546,0.3300228788664966,2.96529739449002
12.09,3.2483421352339845,0.31531677849519607,2.9699766528078735
12.1,3.250523824496391,0.3002657931556404,2.9755455803644524
12.11,3.251732133926854,0.28492709753709616,2.9821385865851147
12.120000000000001,3.2518237697756955,0.26938484549879516,2.989911849100146
12.13,3.250630491666521,0.25376134533296935,2.999045337107611
12.14,3.2479575867077073,0.23823248937564825,3.009742803348946
12.15,3.2435861411110447,0.2230482015360058,3.0222271136728533
12.16,3.2372835452094915,0.20855731211766093,3.036726227284057
12.17,3.228829528934425,0.19523239965982198,3.053442543272906
12.18,3.218067092141649,0.18368185764797273,3.072497105215957
12.19,3.2049836054909444,0.1746239580718615,3.093845974728996
12.200000000000001,3.1898076845222465,0.1687908172184964,3.1171877593091315
12.21,3.1730708618698733,0.166754239624074,3.1419171582499863
12.22,3.155563442303207,0.16873538898827747,3.1671919095846746
12.23,3.138167436479328,0.17451842584219995,3.192117294847352
12.24,3.1216524469499336,0.18353487348015934,3.2159503106376013
12.25,3.106549487663955,0.19505343313135526,3.2382105483178862
12.26,3.0931382927088937,0.20835493156513893,3.2586744895401094
12.27,3.0815042428856527,0.2228294046621744,3.2773062430042645
12.280000000000001,3.071609872637414,0.23800271913666673,3.294181124457493
12.290000000000001,3.063352246191143,0.2535247881540742,3.309428164309579
12.3,3.056600478960161,0.2691447747466908,3.323194523509176
12.31,3.0512173569008887,0.2846861669635686,3.335626240201947
12.32,3.047070558829085,0.3000262583337685,3.3468591105185097
12.33,3.0440377705047554,0.3150806534815053,3.3570152258644965
12.34,3.042008456346185,0.32979204331817874,3.3662024211251325
12.35,3.0408839161574757,0.34412222990320257,3.374515089901751
12.36,3.0405765339805826,0.35804650344564853,3.3820355471616046
12.370000000000001,3.041008704654529,0.3715496823186367,3.388835526328238
12.38,3.0421116874417202,0.38462331725106863,3.3949776163894496
12.39,3.0438245068853638,0.39726370958923274,3.4005165586512773
12.4,3.046092953238711,0.409470498386066,3.4055003789464307
12.41,3.0488686983706406,0.42124564878177995,3.40997135916199
12.42,3.052108526155553,0.43259272485219147,3.4139668628967117
12.43,3.055773669088241,0.44351636178917514,3.417520032979885
12.44,3.059829237891454,0.4540218858974926,3.420660381010131
12.450000000000001,3.0642437329057217,0.46411503730720194,3.423414284655434
12.46,3.068988625112672,0.4738017684854827,3.4258054082066174
12.47,3.07403799644372,0.48308809872111924,3.4278550591030292
12.48,3.0793682304769163,0.4919800085496488,3.4295824908892882
12.49,3.0849577457466255,0.5004833644236655,3.4310051615914383
12.5,3.090786765103901,0.5086038647795876,3.4321389548081345
12.51,3.096837115700154,0.5163470030351637,3.432998369611142
12.52,3.103092054896919,0.5237180420889195,3.4335966842545016
12.530000000000001,3.1095361183194288,0.5307219981065368,3.4339460978256127
12.540000000000001,3.1161549866406775,0.5373636302871201,3.4340578533491772
12.55,3.122935368567696,0.543647436058332,3.43394234510791
12.56,3.1298648975475465,0.5495776492507657,3.4336092126373696
12.57,3.1369320403551204,0.5551582410197848,3.43306742334935
12.58,3.1441260159147193,0.5603929225015728,3.432325345436445
12.59,3.1514367228060265,0.5652851482814925,3.431390812574665
12.6,3.158854674556188,0.5698381212203927,3.430271181426438
12.61,3.166370941421672,0.5740547972205037,3.4289733831195033
12.620000000000001,3.1739770979198325,0.5779378903532543,3.427503969495674
12.63,3.1816651753996044,0.5814898781313934,3.425869154826154
12.64,3.1894276188838244,0.5847130064213781,3.4240748537053074
12.65,3.197257247631564,0.5876092940660451,3.4221267156746373
12.66,3.2051472191273467,0.5901805376535503,3.420030156912534
12.67,3.2130909957797655,0.592428315447022,3.4177903895936352
12.68,3.22108231411533,0.5943539910820452,3.415412449186391
12.69,3.2291151561117313,0.595958716920913,3.4129012200251654
12.700000000000001,3.2371837223478055,0.5972434369178556,3.410261459458307
12.71,3.2452824066286396,0.598208888761982,3.4074978208841147
12.72,3.253405771942458,0.5988556058373888,3.4046148758667534
12.73,3.261548527485554,0.5991839187182147,3.4016171355671916
12.74,3.2697055064601592,0.5991939559342836,3.3985090717578776
12.75,3.2778716445222527,0.5988856443219863,3.3952951375782754
12.76,3.286041958626431,0.5982587089835156,3.391979788288857
12.77,3.294211526081101,0.5973126727603473,3.388567502211024
12.780000000000001,3.3023754636246974,0.5960468550630629,3.3850628020400158
12.790000000000001,3.310528906328681,0.5944603699697416,3.3814702767319638
12.8,3.318666986042306,0.5925521244627441,3.3777946043413887
12.81,3.3267848092279695,0.5903208158038453,3.374040575898234
12.82,3.3348774339417764,0.5877649283156818,3.3702131206187436
12.83,3.3429398456697084,0.5848827298638124,3.3663173327952793
12.84,3.3509669316892343,0.5816722679206852,3.3623585007209957
12.85,3.3589534537028247,0.5781313651224778,3.358342137938126
12.86,3.3668940184585634,0.5742576142886774,3.3542740171394336
12.870000000000001,3.3747830456434786,0.5700483734548838,3.350160207537619
12.88,3.3826147328505347,0.565500760402573,3.346007115922044
12.89,3.390383016998624,0.5606116470127426,3.3418215321202687
12.9,3.398081531437213,0.5553776537025877,3.337610679735186
12.91,3.405703558058347,0.5497951439355652,3.3333822729238887
12.92,3.413241973646086,0.5438602189643403,3.329144580098636
12.93,3.4206891889935283,0.5375687135509349,3.324906496200366
12.94,3.4280370799393745,0.5309161925110206,3.3206776244964797
12.950000000000001,3.4352769085031327,0.5238979490438377,3.3164683699438897
12.96,3.442399232302331,0.5165090054339647,3.3122900461299176
12.97,3.449393800166196,0.5087441169522257,3.3081549980964193
12.98,3.456249430831322,0.5005977806665309,3.3040767444782104
12.99,3.462953871711392,0.4920642504193346,3.300070142221379
13.0,3.46949363328549,0.48313756073049635,3.2961515787305866
13.01,3.47585379423794,0.473811562313415,3.2923391966565543
13.02,3.4820177706486386,0.46407997398880496,3.2886531585119076
13.030000000000001,3.487967041504648,0.45393645632086016,3.285115959266863
13.040000000000001,3.493680820382817,0.44337471510393817,3.281752797590416
13.05,3.499135660796806,0.4323886454333616,3.2785920187163478
13.06,3.5043049792392758,0.4209725314022337,3.2756656453406863
13.07,3.5091584757898078,0.40912132268641727,3.2730100169904586
13.08,3.5136614270019053,0.39683101624848494,3.2706665630555474
13.09,3.51777381858744,0.38409918611372,3.268682741517092
13.1,3.5214492777537827,0.3709257196421282,3.2671131818960815
13.11,3.52463375479944,0.35731384368493313,3.266021079487772
13.120000000000001,3.527263893218853,0.34327156528726016,3.2654798955784576
13.13,3.5292650177199834,0.32881370223910233,3.2655754230128924
13.14,3.5305486651049165,0.3139647604240526,3.266408272831714
13.15,3.531009595782174,0.29876303289738015,3.268096811307893
13.16,3.5305222735174793,0.2832664519508036,3.2707805044225036
13.17,3.5289369400653037,0.26756094226037846,3.2746234523099544
13.18,3.526075728007848,0.25177225481610305,3.279817524831198
13.19,3.521729932135583,0.23608241764598373,3.286583756009294
13.200000000000001,3.5156608848074624,0.22075167252182465,3.2951692432710864
13.21,3.507609227617453,0.2061452746212465,3.305834413464634
13.22,3.4973207821394348,0.19276016813409755,3.3188222967475496
13.23,3.4846000351152946,0.18123711695240502,3.3342994280054787
13.24,3.46939829431123,0.172329752750907,3.3522637828017388
13.25,3.4519214718879323,0.16679523574752805,3.3724396561336434
13.26,3.4327002286409676,0.1652016539760014,3.394221454387659
13.27,3.412543131688697,0.1677285048961278,3.416743308372248
13.280000000000001,3.3923565073286523,0.1740938928797567,3.439077846353128
13.290000000000001,3.3729293240030547,0.18366677535383225,3.460453134184376
13.3,3.35480580153074,0.19567627887910846,3.4803665403859423
13.31,3.3382767663058344,0.20938845504191408,3.4985763043979983
13.32,3.3234394951698474,0.2241951540508143,3.515029913513356
13.33,3.3102695805705435,0.2396318411096539,3.5297871966932624
13.34,3.2986774227147047,0.2553601190249109,3.542963226409964
13.35,3.288544806329597,0.2711401719790361,3.5546931198988805
13.36,3.279745937067367,0.28680485519152077,3.565112891941349
13.370000000000001,3.272158436594856,0.30223904209761654,3.574350210446603
13.38,3.265668461071606,0.31736432922646185,3.5825206902814144
13.39,3.260172596246409,0.33212809821865147,3.589727065582293
13.4,3.2555780833824963,0.34649581566668275,3.5960597437699953
13.41,3.251802242945488,0.3604456414081376,3.601597941472775
13.42,3.2487715627257123,0.3739646519563026,3.606410993878639
13.43,3.246420692473027,0.38704618641841004,3.6105596406763065
13.44,3.2446914644741165,0.39968797186572674,3.6140972025901092
13.450000000000001,3.2435319930215702,0.4118907934375228,3.6170706197057596
13.46,3.242895872878446,0.42365754334797673,3.61952134860285
13.47,3.2427414770101723,0.4349925407833211,3.62148613029906
13.48,3.243031348321661,0.44590104130459524,3.6229976428375648
13.49,3.2437316750592236,0.45638888324703714,3.624085055035916
13.5,3.2448118396077907,0.46646223183962343,3.6247744960020345
13.51,3.2462440304299447,0.47612739480348243,3.6250894538313267
13.52,3.2480029081220443,0.485390689580657,3.6250511147349473
13.530000000000001,3.250065317525135,0.49425834782432776,3.6246786522398367
13.540000000000001,3.2524100389144817,0.5027364482807497,3.623989474675194
13.55,3.2550175724451393,0.5108308695008651,3.622999437537909
13.56,3.2578699508500657,0.5185472579328734,3.6217230264124205
13.57,3.2609505761259316,0.525891006496725,3.6201735150818997
13.58,3.2642440767591125,0.5328672418681489,3.618363102691132
13.59,3.267736182418259,0.5394808171805905,3.6163030331787294
13.6,3.2714136136825567,0.5457363093766922,3.614003699646716
13.61,3.275263984601138,0.5516380193164984,3.611474735933693
13.620000000000001,3.279275716323301,0.557189974193887,3.6087250972741476
13.63,3.283437960332837,0.5623959315311399,3.6057631315719973
13.64,3.287740529870419,0.5672593838958464,3.60259664270685
13.65,3.2921738385695503,0.5717835644539038,3.599232946924946
13.66,3.2967288452830164,0.5759714526656204,3.5956789233162025
13.67,3.301397004221519,0.5798257798513595,3.5919410592551713
13.68,3.3061702199289145,0.5833490351721556,3.588025491362547
13.69,3.311040806238715,0.5865434709372199,3.5839380427456042
13.700000000000001,3.31600144880636,0.5894111077627691,3.5796842569824063
13.71,3.3210451707715842,0.5919537394710899,3.5752694292916236
13.72,3.3261653011046834,0.5941729374920236,3.570698635313381
13.73,3.331355445200928,0.5960700545435683,3.565976757913999
13.74,3.3366094576057823,0.5976462283651452,3.5611085122112893
13.75,3.341921416397042,0.598902384611399,3.5560984692079622
13.76,3.3472855990305694,0.5998392392571281,3.550951078262117
13.77,3.3526964594134427,0.6004573005724365,3.5456706886388774
13.780000000000001,3.3581486059833563,0.6007568706347785,3.5402615703658133
13.790000000000001,3.363636780577185,0.6007380462300217,3.534727934602285
13.8,3.3691558378704984,0.6004007190513311,3.5290739537402205
13.81,3.3747007252488186,0.5997445757724902,3.523303781436982
13.82,3.3802664628577377,0.5987690973824741,3.5174215727913465
13.83,3.3858481236728513,0.597473557937154,3.5114315048523057
13.84,3.3914408134389773,0.5958570227754858,3.505337797635325
13.85,3.397039650158507,0.5939183463784876,3.499144735998908
13.86,3.4026397429501767,0.5916561697372051,3.4928566925777784
13.870000000000001,3.408236170108692,0.5890689170759681,3.4864781519623107
13.88,3.413823956199007,0.5861547918035647,3.4800137363165993
13.89,3.4193980477906156,0.5829117720864998,3.4734682328990676
13.9,3.4249532870548696,0.5793376068966474,3.466846624373292
13.91,3.4304843838848433,0.5754298102624992,3.4601541211370366
13.92,3.435985885316194,0.5711856558209951,3.4533961971076432
13.93,3.4414521420045108,0.5666021710042932,3.446578629230281
13.94,3.4468772712551825,0.5616761309208752,3.4397075412987776
13.950000000000001,3.4522551160675223,0.5564040520153318,3.4327894527247187
13.96,3.4575791990696536,0.5507821860447831,3.425831333525495
13.97,3.462842670870315,0.5448065140819912,3.4188406661000728
13.98,3.4680382515143595,0.5384727411868048,3.4118255152897037
13.99,3.4731581637440603,0.531776292090872,3.404794608200572
14.0,3.4781940567769256,0.5247123081822959,3.3977574252652225
14.01,3.483136918335447,0.517275646948628,3.3907243050931184
14.02,3.487976972991397,0.5094608843856794,3.3837065652918046
14.030000000000001,3.492703563834676,0.5012623219516786,3.3767166426056283
14.040000000000001,3.4973050141335094,0.4926739995690805,3.3697682560694697
14.05,3.5017684647381793,0.4836897170819298,3.3628765978752964
14.06,3.5060796818569733,0.4743030672966926,3.35605855783788
14.07,3.5102228287217945,0.46450748478656956,3.3493329885207705
14.08,3.5141801928834657,0.45429631607881865,3.3427210199368362
14.09,3.5179318585873283,0.4436629193890137,3.3362464351428005
14.1,3.521455311109988,0.43260080453990063,3.3299361206419746
14.11,3.5247249561643326,0.4211038282476135,3.3238206093594154
14.120000000000001,3.5277115329049895,0.40916646587160893,3.3179347385075046
14.13,3.5303813929757286,0.39678418937209015,3.312318450637215
14.14,3.5326956103419103,0.38395399389732665,3.307017773560306
14.15,3.534608877061153,0.3706751326270087,3.3020860236681258
14.16,3.5360681277443375,0.35695014762683663,3.297585288375532
14.17,3.5370108219244756,0.3427863238235883,3.2935882544880335
14.18,3.5373627980064972,0.3281977457804349,3.2901804602607596
14.19,3.537035601573953,0.31320823340775444,3.287463052735499
14.200000000000001,3.535923190808932,0.29785554294071565,3.2855561180490187
14.21,3.5338979586300625,0.28219740592576614,3.2846025934255696
14.22,3.530806128758755,0.26632020593419103,3.2847726137137405
14.23,3.526462884840399,0.25035136746246245,3.2862677821150377
14.24,3.5206482681970237,0.2344767227572868,3.2893240854499184
14.25,3.5131062776294937,0.21896388902478706,3.2942106560474373
14.26,3.503552194880021,0.2041911174625504,3.3012188947648755
14.27,3.491697159990029,0.19067631095701384,3.3106325768739
14.280000000000001,3.4773028328224203,0.1790903566245407,3.3226665011209753
14.290000000000001,3.4602757520985423,0.17022291709089468,3.3373664780993266
14.3,3.4407871062267334,0.16486140097147392,3.354490372665774
14.31,3.41935514280047,0.16357989244517548,3.3734389956216324
14.32,3.3968003259680115,0.16652798274700412,3.393325273444172
14.33,3.374054090751127,0.1733678636868214,3.413186990264482
14.34,3.3519306335370036,0.18341177923816132,3.43221904909886
14.35,3.3309944528252906,0.19585037187991158,3.4498931807502307
14.36,3.3115529733227977,0.20993259518713722,3.465948065169115
14.370000000000001,3.2937184627535037,0.22504825071423695,3.4803151190622623
14.38,3.2774806406541086,0.24073839596736543,3.493040287257432
14.39,3.2627630214691283,0.25667286432561726,3.5042266072285013
14.4,3.249459173076859,0.2726201404061817,3.5139989555761053
14.41,3.237453579044035,0.28842041191398043,3.522484815388621
14.42,3.2266326342862244,0.30396465092782116,3.529804864563204
14.43,3.21688987843969,0.31917938157637643,3.536069055449567
14.44,3.2081280581416878,0.33401591513434353,3.541375565879945
14.450000000000001,3.2002595313290523,0.34844283830968786,3.545811149361441
14.46,3.1932058587787777,0.36244078963236653,3.5494520950393054
14.47,3.1868970402540087,0.3759988213701275,3.55236539092587
14.48,3.181270635195375,0.38911185497242734,3.554609891100007
14.49,3.176270887900132,0.4017788929273501,3.5562373975994515
14.5,3.171847914243587,0.4140017528796117,3.557293622378159
14.51,3.1679569703433033,0.4257841693802692,3.5578190252123836
14.52,3.164557808532028,0.4371311523748932,3.5578495338529854
14.530000000000001,3.1616141166726774,0.44804852631182074,3.557417158723983
14.540000000000001,3.1590930321922825,0.4585426008329355,3.5565505169212517
14.55,3.1569647228429787,0.46861993344097946,3.555275277781388
14.56,3.15520202505189,0.47828715915760994,3.553614542326654
14.57,3.1537801317194636,0.4875508694177048,3.5515891670645896
14.58,3.1526763224639143,0.4964175259454499,3.5492180407780225
14.59,3.1518697299820526,0.5048934007791556,3.5465183219059186
14.6,3.151341137203493,0.5129845348695439,3.5435056427068834
14.61,3.1510728006938153,0.5206967109599562,3.5401942854783996
14.620000000000001,3.151048296451237,0.5280354362900337,3.5365973351353883
14.63,3.1512523848680756,0.5350059329175336,3.5327268117909156
14.64,3.151670892029278,0.5416131330113286,3.528593786390385
14.65,3.152290605134298,0.5478616784675517,3.524208481897432
14.66,3.153099179969707,0.5537559228121626,3.5195803621786044
14.67,3.1540850588437355,0.5592999352516614,3.5147182103533665
14.68,3.1552373975221024,0.5644975057941238,3.509630198116748
14.69,3.1565459999156373,0.5693521510367476,3.504323947348524
14.700000000000001,3.1580012596248666,0.573867120699413,3.498806585000392
14.71,3.1595941072937035,0.5780454039458576,3.4930847922710684
14.72,3.1613159631083136,0.5818897358514968,3.487164848813891
14.73,3.1631586937936773,0.585402603734422,3.4810526726333073
14.74,3.1651145734261585,0.588586252893688,3.4747538563258966
14.75,3.16717624768562,0.5914426922473145,3.4682737001123556
14.76,3.1693367010926603,0.5939736995398311,3.4616172420982387
14.77,3.1715892267736443,0.5961808258881252,3.454789286204227
14.780000000000001,3.1739273984801013,0.5980653999579992,3.4477944280785677
14.790000000000001,3.1763450445631127,0.599628531688494,3.4406370792914345
14.8,3.1788362236008867,0.6008711153778084,3.433321490101239
14.81,3.18139520139832,0.6017938320511806,3.4258517710716685
14.82,3.1840164292572752,0.6023971517640356,3.4182319137151467
14.83,3.1866945231730233,0.6026813349739235,3.410465810430272
14.84,3.1894242438344382,0.6026464334349484,3.402557273911321
14.85,3.192200477214846,0.6022922905930933,3.3945100562513337
14.86,3.1950182155690428,0.6016185414789618,3.3863278679374726
14.870000000000001,3.197872538672557,0.6006246119773474,3.378014396910048
14.88,3.2007585951355324,0.5993097173717595,3.3695733278642703
14.89,3.203671583544142,0.5976728606419888,3.361008362103358
14.9,3.2066067332854717,0.595712830117084,3.3523232380824606
14.91,3.2095592848658954,0.5934281964205255,3.3435217528595995
14.92,3.212524469478433,0.5908173089773187,3.334607784756396
14.93,3.2154974875312257,0.5878782920195215,3.3255853175510666
14.94,3.218473485932885,0.5846090400019422,3.3164584664514045
14.950000000000001,3.221447533927972,0.5810072123598409,3.3072315061060853
14.96,3.2244145968900964,0.5770702280174214,3.2979089013368696
14.97,3.2273695078410505,0.572795259351889,3.2884953408770907
14.98,3.230306936320374,0.5681792256573595,3.27899577458021
14.99,3.233221353899116,0.5632187864070728,3.2694154549211683
15.0,3.236106995781182,0.5579103342815495,3.259759983456499
15.01,3.2389578179388794,0.5522499879939342,3.2500353629262038
15.02,3.24176744855469,0.5462335854616894,3.2402480564113
15.030000000000001,3.2445291330329833,0.5398566772439347,3.2304050544452276
15.040000000000001,3.2472356712215107,0.5331145207917521,3.2205139516717876
15.05,3.249879345236309,0.5260020760409952,3.210583034916502
15.06,3.252451836308138,0.5185140027999833,3.20062138453531
15.07,3.2549441280114655,0.5106446612115252,3.1906389920677825
15.08,3.2573463934615674,0.5023881161296748,3.1806468969929234
15.09,3.259647862787665,0.49373814736603644,3.170657346799872
15.1,3.2618366668510315,0.4846882677478826,3.160683984957614
15.11,3.263899651639621,0.4752317523384621,3.1507420730671023
15.120000000000001,3.2658221568394294,0.4653616826848131,3.1408487544758135
15.13,3.2675877499925274,0.4550710119223086,3.1310233689073645
15.14,3.2691779055938195,0.4443526584002738,3.1212878298450897
15.15,3.270571615269384,0.43319963874554746,3.1116670798182633
15.16,3.271744911382878,0.4216052555371983,3.102189642711104
15.17,3.2726702814741704,0.40956336025159074,3.0928882972692544
15.18,3.273315943691762,0.3970687221382546,3.083800903442582
15.19,3.273644945076005,0.3841175457515764,3.07497142140695
15.200000000000001,3.2736140330136667,0.3707081974171328,3.066451174275218
15.21,3.273172235113664,0.3568422317249209,3.05830041997585
15.22,3.272259065217232,0.34252584760996657,3.050590313253587
15.23,3.2708022514119253,0.3277719637008121,3.0434053568823916
15.24,3.268714860815721,0.31260319910025236,3.036846455492351
15.25,3.2658916814926044,0.29705617328694445,3.031034686322257
15.26,3.262204735832549,0.28118773706262756,3.026115863673115
15.27,3.2574978880347096,0.26508400929590603,3.0222658430952567
15.280000000000001,3.2515807742408938,0.24887341418830608,3.019696172525183
15.290000000000001,3.244222939941661,0.23274517687849064,3.0186589225461256
15.3,3.2351505186672083,0.21697456758665673,3.0194479047573055
15.31,3.224050646787864,0.20195457056727653,3.0223904347879373
15.32,3.210593572992368,0.1882284296370709,3.02781901503689
15.33,3.1944877092882766,0.17650548205387748,3.0360077266535126
15.34,3.175581101971671,0.16762386872541998,3.0470622522234243
15.35,3.153997068040004,0.1624147088757648,3.0607823421343596
15.36,3.130234428957094,0.16146569270703007,3.07657476268011
15.370000000000001,3.1051271047031164,0.16489260145160703,3.093522021864941
15.38,3.079638378452881,0.17228836024615538,3.1106153578984985
15.39,3.0546143681808946,0.18289357118788271,3.1270086600699973
15.4,3.03064410226646,0.19584975630915677,3.1421454659553474
15.41,3.0080537473959885,0.21038336788359716,3.1557456877919514
15.42,2.9869716152848973,0.22588039098079254,3.1677266202583962
15.43,2.96740220382188,0.24188761034837125,3.1781221996061193
15.44,2.949282694151405,0.25808401599445696,3.1870247983427196
15.450000000000001,2.932518982723456,0.2742475397282653,3.1945498802382257
15.46,2.9170063775897286,0.29022681669011857,3.200816783577726
15.47,2.90264057965463,0.30591990692345544,3.2059392653026597
15.48,2.889323015206724,0.32125910385119005,3.210021471173518
15.49,2.8769630548920824,0.3362003500119908,3.21315674386699
15.5,2.8654785914618826,0.3507159312636276,3.2154278242076915
15.51,2.8547957981579204,0.3647894407914501,3.2169076723152497
15.52,2.844848514669694,0.3784122970910872,3.2176605088862544
15.530000000000001,2.8355774966538316,0.3915813250425787,3.2177428795068836
15.540000000000001,2.8269296501445353,0.40429706478886324,3.2172046506014724
15.55,2.818857308262657,0.41656258339040514,3.216089901923608
15.56,2.811317574899272,0.42838263519789793,3.2144377072780803
15.57,2.8042717424725874,0.43976306554400746,3.2122828082748853
15.58,2.797684781553201,0.450710386942742,3.2096561920161673
15.59,2.7915248969938733,0.46123147682417875,3.2065855843751776
15.6,2.7857631431802052,0.4713333622938701,3.203095870868409
15.610000000000001,2.7803730909533706,0.48102306756834734,3.1992094559671913
15.620000000000001,2.7753305393042873,0.4903075063639657,3.194946570236164
15.63,2.770613265496368,0.49919340713316357,3.1903255335112175
15.64,2.7662008081468836,0.507687261689842,3.1853629809341593
15.65,2.762074278449905,0.5157952914367898,3.18007405774136
15.66,2.758216195507693,0.5235234258848983,3.1744725875777156
15.67,2.7546103422853934,0.5308772903435539,3.1685712184330246
15.68,2.751241639210708,0.5378621999730852,3.1623815495988326
15.69,2.748096032968869,0.5444831587556364,3.155914242477763
15.700000000000001,2.7451603983212918,0.5507448615004639,3.1491791176278596
15.71,2.742422451208029,0.5566516983395148,3.142185240030107
15.72,2.739870671516712,0.5622077603680447,3.1349409942867514
15.73,2.737494234308255,0.5674168465841504,3.127454151154278
15.74,2.7352829483304357,0.5722824710978085,3.1197319266095804
15.75,2.733227200863932,0.5768078705811719,3.1117810345002392
15.76,2.7313179081375463,0.5809960118141877,3.103607733612352
15.77,2.72954647052806,0.5848495988206839,3.095217869941839
15.780000000000001,2.727904731968057,0.5883710797691845,3.086616914811723
15.790000000000001,2.726384943093822,0.5915626536172273,3.077809999344472
15.8,2.7249797275638037,0.5944262760492186,3.0688019458302467
15.81,2.723682051210982,0.5969636650301504,3.05959729638906
15.82,2.7224851936821715,0.599176305874018,3.0502003392832235
15.83,2.721382722206896,0.6010654556156786,3.0406151332270017
15.84,2.7203684672020496,0.6026321467402382,3.03084553000462
15.85,2.71943649957147,0.603877190681845,3.020895195603328
15.860000000000001,2.7185811093309478,0.6048011803762802,3.0107676301564226
15.870000000000001,2.717796785437249,0.6054044923482513,3.000466186887651
15.88,2.7170781965966255,0.6056872882497023,2.9899940902830893
15.89,2.7164201728832524,0.6056495158134564,2.979354453672543
15.9,2.7158176879945604,0.605290909096252,2.968550296397017
15.91,2.715265841964384,0.604610988112741,2.957584560768978
15.92,2.714759844182583,0.6036090581567297,2.94646012902951
15.93,2.714294996545135,0.6022842081973568,2.9351798404401266
15.94,2.7138666766047055,0.6006353087775006,2.923746508713979
15.950000000000001,2.713470320487994,0.5986610093436172,2.912162940040712
15.96,2.7131014054002756,0.5963597349866305,2.900431951921784
15.97,2.7127554315797857,0.5937296824851522,2.888556392991211
15.98,2.7124279035379,0.5907688156145428,2.8765391640352864
15.99,2.7121143100654432,0.5874748601752489,2.8643832408169523
16.0,2.7118101030243933,0.5838452981815739,2.8520916987179175
16.01,2.7115106745497015,0.5798773614469679,2.8396677396701024
16.02,2.7112113322039533,0.5755680246895036,2.8271147219314847
16.03,2.710907271723681,0.5709139980842041,2.814436193169468
16.04,2.710593547013674,0.5659117192463256,2.801635927321437
16.05,2.7102650365449508,0.5605573449680614,2.788717966238309
16.06,2.70991640568942,0.5548467425982326,2.7756866667417954
16.07,2.7095420641515844,0.548775481319906,2.7625467541490503
16.080000000000002,2.7091361174045763,0.5423388236182664,2.74930338360626
16.09,2.708692311174818,0.5355317170983975,2.7359622104675902
16.1,2.7082039672836826,0.5283487873194709,2.7225294717732598
16.11,2.7076639092834354,0.5207843320592749,2.7090120807878475
16.12,2.707064375629561,0.512832317958099,2.6954177373596506
16.13,2.7063969177882887,0.504486380570428,2.6817550572842497
16.14,2.705652279878557,0.49573982946404005,2.6680337247919756
16.15,2.704820255737885,0.486585660363374,2.6542646731149944
16.16,2.7038895180472724,0.4770165773736585,2.6404602995468682
16.17,2.7028474130610554,0.46702502894463227,2.6266347226660667
16.18,2.7016797121655145,0.45660326341004825,2.612804092049042
16.19,2.700370309526393,0.44574341135499024,2.598986963009777
16.2,2.6989008514390993,0.43443760580806196,2.5852047530106144
16.21,2.697250279408974,0.422678154451475,2.571482300312335
16.22,2.695394262215364,0.41045778589100973,2.557848552918211
16.23,2.693304485621809,0.39776999960251824,2.5443374228848916
16.240000000000002,2.6909477575246594,0.3846095627735004,2.5309888526078597
16.25,2.6882848725172765,0.3709732177669449,2.517850154105034
16.26,2.6852691614428763,0.35686069237797935,2.50497770087446
16.27,2.6818446270449696,0.3422761498068106,2.49243907589057
16.28,2.6779435357179207,0.32723028144892247,2.4803158081788172
16.29,2.6734832972565408,0.311743349681951,2.4687068631669775
16.3,2.668362425227861,0.295849636912731,2.4577330786938263
16.31,2.66245534460509,0.2796039903012008,2.447542739574619
16.32,2.655605842771395,0.2630914706114941,2.438318403723955
16.330000000000002,2.64761915026142,0.24644153832719404,2.4302848072867302
16.34,2.638253223550834,0.22984862116428173,2.4237169162072965
16.35,2.627211283773476,0.21360090862789513,2.418945417750457
16.36,2.6141409346284057,0.19811759990965824,2.4163532612332634
16.37,2.598651296627115,0.18398876797235628,2.416350400378776
16.38,2.5803678050376204,0.17199690727160025,2.419306196809874
16.39,2.559045848997834,0.16307414951843704,2.425420568431113
16.4,2.534735501954322,0.15813620366640924,2.434550971509214
16.41,2.507913910604728,0.15779367868497035,2.446093480740826
16.42,2.4794486870898305,0.16209074652646918,2.4590584237542648
16.43,2.4503596709912068,0.17048413482151542,2.4723500574977035
16.44,2.421538497476578,0.18208190524216286,2.4850610491447056
16.45,2.3936004723196573,0.195941130478778,2.4966052893835986
16.46,2.3668871602581576,0.21125403951909472,2.5066908419005816
16.47,2.341539663590864,0.22740477733453995,2.5152285214753802
16.48,2.317575887929594,0.24395340161874765,2.5222457007007195
16.490000000000002,2.2949471097496232,0.26059674653608805,2.527827064560492
16.5,2.2735731641168226,0.2771301612559535,2.532079768833626
16.51,2.253362397586859,0.2934174249451778,2.535114903610047
16.52,2.234222236013079,0.30936909917424166,2.537038499790975
16.53,2.216064378182557,0.32492755286540886,2.5379477254883422
16.54,2.1988070452534303,0.3400567684541505,2.537929757810623
16.55,2.182375674710661,0.35473543207039343,2.5370619560267667
16.56,2.166702828558928,0.36895224023039863,2.535412610591048
16.57,2.151727732825375,0.3827026969588628,2.533041897342513
16.580000000000002,2.1373956714949442,0.3959869128955926,2.5300028533945933
16.59,2.1236573486623422,0.4088080848092301,2.5263422921601753
16.6,2.110468276140222,0.4211714383844167,2.522101623968036
16.61,2.0977882119744606,0.4330834888080675,2.51731757443876
16.62,2.085580657620907,0.4445515235898842,2.5120228059352505
16.63,2.0738124149035806,0.4555832388537627,2.5062464505474633
16.64,2.0624531984156507,0.4661864845744478,2.5000145660627795
16.65,2.05147529804411,0.4763690866727065,2.4933505254932355
16.66,2.0408532857174255,0.48613872372034606,2.4862753499625745
16.67,2.0305637606206073,0.4955028428461787,2.4788079936433327
16.68,2.020585127709795,0.5044686035735968,2.470965588101382
16.69,2.0108974048777575,0.5130428417347865,2.462763652361558
16.7,2.0014820547284464,0.5212320477380404,2.454216273995635
16.71,1.9923218374908513,0.5290423551066309,2.445336265672862
16.72,1.9834006820905652,0.5364795363203195,2.4361353008989495
16.73,1.974703572838182,0.5435490036068817,2.426624032036102
16.740000000000002,1.966216449560397,0.5502558133712523,2.4168121932523694
16.75,1.9579261193469635,0.5566046728533047,2.4067086905470947
16.76,1.9498201783306721,0.56259994831382,2.3963216807207766
16.77,1.9418869421831466,0.5682456740683323,2.38565864081536
16.78,1.9341153841341396,0.5735455617984899,2.3747264293592916
16.79,1.9264950796158125,0.578503010133704,2.36353134050382
16.8,1.9190161566176782,0.5831211138606375,2.3520791520022444
16.81,1.9116692510795144,0.587402672903632,2.34037516783735
16.82,1.9044454666988204,0.5913502008178928,2.3284242561670077
16.830000000000002,1.8973363385519069,0.594965932574092,2.3162308832094767
16.84,1.8903338001779508,0.5982518319909838,2.303799143539494
16.85,1.883430153617649,0.6012095982998794,2.2911327872502487
16.86,1.8766180420940897,0.6038406720951881,2.2782352443662512
16.87,1.8698904250377355,0.606146240637172,2.2651096468259344
16.88,1.8632405551655191,0.6081272424058235,2.2517588483237487
16.89,1.8566619573374914,0.6097843708424668,2.2381854422862446
16.9,1.8501484090659372,0.6111180776151893,2.2243917781849274
16.91,1.8436939223945663,0.6121285749781749,2.210379976396877
16.92,1.8372927270181345,0.6128158374613007,2.196151941794318
16.93,1.8309392544713106,0.6131796028739916,2.1817093762364843
16.94,1.82462812324743,0.6132193726001297,2.1670537901080937
16.95,1.8183541247095096,0.6129344110973574,2.152186513036778
16.96,1.8121122096564797,0.6123237446179116,2.137108703935915
16.97,1.8058974754302013,0.6113861593977258,2.121821360535343
16.98,1.7997051534396415,0.6101201988541417,2.10632532846704
16.990000000000002,1.7935305969966593,0.6085241600891522,2.0906213100730615
17.0,1.7873692693100232,0.6065960896017784,2.0747098730862725
17.01,1.7812167315179999,0.6043337781726709,2.0585914593222476
17.02,1.7750686306770682,0.601734754852955,2.0422663934914507
17.03,1.7689206875368597,0.5987962800854819,2.02573489233354
17.04,1.7627686838269698,0.5955153379922016,2.0089970743750794
17.05,1.7566084490910687,0.5918886276084594,1.9920529703306167
17.06,1.7504358467064491,0.5879125532018341,1.9749025345628735
17.07,1.7442467588794721,0.5835832135787372,1.9575456578783914
17.080000000000002,1.738037070429127,0.5788963903402516,1.9399821819460967
17.09,1.7318026509247608,0.5738475351190664,1.922211915873644
17.1,1.7255393348416113,0.568431755748336,1.9042346554179577
17.11,1.7192428992961057,0.5626438013961602,1.8860502054465764
17.12,1.7129090387423707,0.5564780467090398,1.867658406477089
17.13,1.7065333360170714,0.5499284750425938,1.8490591661862208
17.14,1.7001112287892428,0.5429886609404015,1.8302524971629803
17.150000000000002,1.6936379704730171,0.5356517520699929,1.8112385622842548
17.16,1.6871085841663132,0.527910450993638,1.7920177296812287
17.17,1.6805178081742065,0.5197569972427749,1.7725906394310622
17.18,1.6738600307750158,0.5111831505294033,1.752958285172942
17.19,1.6671292118422238,0.5021801760985976,1.7331221141489297
17.2,1.660318787637871,0.49273883390112433,1.7130841507678354
17.21,1.6534215547958795,0.48284937365233027,1.6928471494903814
17.22,1.6464295272906797,0.47250153921885785,1.6724147856001228
17.23,1.6393337592633064,0.4616845867189431,1.6517918940279255
17.240000000000002,1.6321241234537627,0.4503873231107474,1.6309847704750637
17.25,1.6247890322879104,0.4385981746138933,1.610001552983886
17.26,1.6173150832052412,0.4263052990578501,1.588852709272766
17.27,1.6096866040088176,0.41349676235877453,1.5675516631591795
17.28,1.6018850646774212,0.4001608088969749,1.546115605723868
17.29,1.5938883083459505,0.38628627088515466,1.5245665547772231
17.3,1.5856695358897648,0.37186318385431266,1.502932749875089
17.31,1.5771959507013598,0.35688371075149944,1.4812505053703398
17.32,1.5684269292848103,0.3413435338799882,1.4595666948651196
17.330000000000002,1.559311524608269,0.3252439618236187,1.437942111414334
17.34,1.5497850214868234,0.30859514373869107,1.4164560505847736
17.35,1.5397641375154762,0.291421020571318,1.3952126045312028
17.36,1.5291402896507058,0.2737670196254489,1.3743493353427356
17.37,1.5177701276731526,0.25571213010090743,1.3540491948465199
17.38,1.5054623392448563,0.23738794269257757,1.3345566485248184
17.39,1.4919598049495495,0.21900857779640942,1.3161985722057614
17.400000000000002,1.4769173161164197,0.20091671255693885,1.2994085445583432
17.41,1.4598793579388079,0.18365004974319238,1.2847470446444904
17.42,1.4402743806484313,0.16802259551698484,1.2728947778996376
17.43,1.4174664491064286,0.15518020429256313,1.2645682634157784
17.44,1.390929340931291,0.14651794600021256,1.2602873769866878
17.45,1.3605584623501772,0.14330786541036822,1.2600050145793642
17.46,1.326929226729971,0.14610102565513994,1.2628599889444732
17.47,1.291179017139771,0.15439467920657843,1.2674095035168027
17.48,1.2545434587823854,0.1669377659716938,1.2722166432141018
17.490000000000002,1.2179693923501687,0.18233135224229025,1.2762669601125178
17.5,1.1820224552218057,0.199417745545956,1.2790159873549376
17.51,1.146972962096389,0.2173738583099496,1.2802507547989699
17.52,1.1129097539075268,0.2356582895125178,1.2799441319895088
17.53,1.079823662090414,0.2539291617041984,1.2781579000955736
17.54,1.047657496042269,0.27197615536921416,1.2749891146180363
17.55,1.0163332845697943,0.2896733039707499,1.2705432705750122
17.56,0.9857663087283285,0.30694831080977825,1.2649219400747342
17.57,0.955871954208726,0.32376307444301233,1.2582177186216685
17.580000000000002,0.9265687799859536,0.3401013889867887,1.2505126980651367
17.59,0.8977796312455476,0.3559611494514916,1.2418785532716352
17.6,0.8694317600410503,0.37134938323933037,1.232377299497043
17.61,0.8414564579446594,0.3862790652212593,1.222062264069491
17.62,0.8137884579797814,0.40076707523692084,1.2109790616180571
17.63,0.7863652357510712,0.41483289620707214,1.1991664793144934
17.64,0.7591262685412316,0.42849780327379167,1.1866572376112918
17.650000000000002,0.732012273419477,0.4417843866193485,1.1734786179310166
17.66,0.7049644238722278,0.4547163088165365,1.1596529591367468
17.67,0.677923529684539,0.4673182370849126,1.145198027860641
17.68,0.6508291545278942,0.4796159156915554,1.1301272653660317
17.69,0.6236186345435425,0.4916363633205526,1.1144499094716551
17.7,0.5962259471483544,0.5034081964379398,1.0981709830751607
17.71,0.5685803603468779,0.5149620945989739,1.0812911307300357
17.72,0.540604764377554,0.5263314416299104,1.0638062709171539
17.73,0.5122135408893813,0.537553201855182,1.0457070095803827
17.740000000000002,0.4833097542228674,0.5486691256979511,1.026977727495262
17.75,0.4537813264389106,0.5597274391252673,1.0075951977463482
17.76,0.4234956499009521,0.5707852711861516,0.9875264941869832
17.77,0.39229171125394147,0.5819122563183976,0.9667257770158417
17.78,0.3599680781726039,0.5931960952705893,0.9451292072686056
17.79,0.3262636231955201,0.6047515710171071,0.922646553289746
17.8,0.29082459119284754,0.616736099701378,0.899146515427472
17.81,0.2531435728657853,0.6293788168066872,0.8744289763571521
17.82,0.21243314552173492,0.6430413830697246,0.8481664470025386
17.830000000000002,0.16731772143455814,0.6583678690213911,0.8197585172432129
17.84,0.11484388781648854,0.676772748841155,0.7878541475819404
17.85,0.04436102357278264,0.70353865953801,0.7472916628593584
17.86,0.07332390542555299,0.6910944620854443,0.746611006055483
17.87,0.13464326990698636,0.6600389284645038,0.7650767129962053
17.88,0.18390875850637742,0.6346428809682566,0.7780128980821597
17.89,0.22714379967886972,0.612461614355587,0.7878732149059259
17.900000000000002,0.2665153168705734,0.592624153796207,0.7955598768565987
17.91,0.30312052157241404,0.5747106062508652,0.8015327889006602
17.92,0.3376120201752135,0.5584926421069198,0.8060653948346757
17.93,0.3704165364743381,0.5438405264570204,0.8093360131615301
17.94,0.40183055314323085,0.5306812630078065,0.8114685815659124
17.95,0.43206841061074464,0.5189765845022617,0.8125536241236959
17.96,0.4612889900692698,0.5087098678539446,0.8126601997603762
17.97,0.48961167079532547,0.4998775007572712,0.8118432518620894
17.98,0.5171264933234236,0.49248267390343353,0.8101483905763918
17.990000000000002,0.543901018139985,0.4865306343952964,0.8076151196444966
18.0,0.5699852242818586,0.482024944967999,0.8042790429066013
18.01,0.5954152077291653,0.47896455224144757,0.8001733492741018
18.02,0.6202161187672962,0.4773415962609356,0.7953297551837382
18.03,0.6444045894075302,0.4771399462688112,0.7897790237655361
18.04,0.6679907889027593,0.47833445201359126,0.7835511524821018
18.05,0.6909801761971224,0.480890875041891,0.7766753092126149
18.06,0.713374979885475,0.4847664262771946,0.76917959135003
18.07,0.7351754179727346,0.4899107985222341,0.7610906772720016
18.080000000000002,0.7563806657603441,0.49626755569249326,0.7524334315243631
18.09,0.7769895839710449,0.503775730394389,0.7432305142488586
18.1,0.7970012269369172,0.5123714882999748,0.733502031185706
18.11,0.8164151576581412,0.5219897388905118,0.7232652467870024
18.12,0.8352316015292011,0.5325656024511491,0.7125343699094272
18.13,0.8534514725691367,0.5440356744775363,0.701320409945151
18.14,0.8710763043141001,0.5563390598228913,0.6896310943191067
18.150000000000002,0.8881081143695317,0.5694181741777459,0.6774708330508511
18.16,0.9045492262927144,0.5832193269157827,0.6648407133691603
18.17,0.9204020670967488,0.597693112818789,0.6517385074969105
18.18,0.9356689535994964,0.612794645669202,0.6381586767640277
18.19,0.9503518752735985,0.6284836669737756,0.6240923563689008
18.2,0.9644522779484948,0.644724563944522,0.6095273059482407
18.21,0.9779708487641768,0.6614863265198591,0.5944478113926538
18.22,0.9909073001373646,0.6787424703833842,0.5788345227340647
18.23,1.003260148083541,0.6964709495145488,0.5626642110724763
18.240000000000002,1.015026477969072,0.7146540790460738,0.5459094240626946
18.25,1.0262016883518785,0.7332784874897962,0.5285380136143768
18.26,1.0367792007837646,0.7523351169922053,0.5105125007763315
18.27,1.0467501196524194,0.7718192915301294,0.49178922928957525
18.28,1.0561028209072072,0.7917308764216924,0.4723172391869961
18.29,1.064822440808136,0.8120745589948636,0.45203676087232364
18.3,1.0728902242965555,0.8328602911407571,0.43087718194002617
18.31,1.0802826747783443,0.8541039521413297,0.4087542614835306
18.32,1.0869704191148308,0.87582831880205,0.38556623853123223
18.330000000000002,1.0929166563431312,0.8980644769671133,0.36118826047418917
18.34,1.0980749836747314,0.9208538876091406,0.3354641603639612
18.35,1.1023862660615347,0.9442514572700982,0.30819385908594576
18.36,1.1057739963834041,0.9683302039459606,0.27911314733398135
18.37,1.108137222985113,0.9931885368532332,0.2478592826831242
18.38,1.1093395938915014,1.0189618616319547,0.2139078590411803
18.39,1.1091931624310343,1.0458406960455955,0.17644473650825185
18.400000000000002,1.107445080549186,1.0740905068835533,0.13406822352250988
18.41,1.1039154115451266,1.1039454310065338,0.08397386283522944
18.42,1.1048687704714135,1.1296579657693067,0.024896823804536852
18.43,1.1594821289705797,1.1034055642735017,0.07128738975300725
18.44,1.2035203426074372,1.0869271872503392,0.12377113027176473
18.45,1.24080472518048,1.0768146623363046,0.167577899122044
18.46,1.2744156221650975,1.070071343792386,0.206049710340839
18.47,1.3055875302904594,1.0654809682293291,0.24080225270902222
18.48,1.3349604895954128,1.0624070978236306,0.27274758765248464
18.490000000000002,1.362917442924955,1.0604662301849976,0.3024621098855917
18.5,1.3897094641555754,1.0594056082391163,0.330339240854267
18.51,1.4155120199364104,1.059047986929807,0.356662753795461
18.52,1.4404536709697042,1.0592632935431907,0.3816459806302033
18.53,1.46463211123067,1.0599527013420424,0.4054545333463595
18.54,1.4881237700628918,1.0610390420202647,0.4282203175101685
18.55,1.5109898792515184,1.0624607144090532,0.45005061405518143
18.56,1.5332804768450197,1.0641676426597708,0.4710342072061361
18.57,1.5550371457672763,1.0661184966440198,0.49124566010267595
18.580000000000002,1.5762949441757852,1.0682787222102719,0.5107483834714109
18.59,1.5970838013775785,1.0706191092906874,0.5295968918723212
18.6,1.6174295498053834,1.0731147278837982,0.5478384976268179
18.61,1.6373547027495017,1.0757441221707476,0.5655146059525502
18.62,1.656879050503616,1.0784886898156307,0.5826617212472939
18.63,1.6760201242219397,1.0813321967764782,0.5993122401355214
18.64,1.6947935617466348,1.0842603929799042,0.6154950845205128
18.650000000000002,1.713213399598752,1.0872607043029172,0.6312362126773382
18.66,1.7312923086331085,1.090321983031029,0.6465590362419628
18.67,1.7490417860957432,1.0934343037664171,0.6614847635703018
18.68,1.7664723135881568,1.0965887950295283,0.6760326849174783
18.69,1.783593488105351,1.099777499168344,0.6902204112105959
18.7,1.8004141315307705,1.1029932550083812,0.7040640753212335
18.71,1.8169423828161697,1.1062295988529067,0.7175785029225371
18.72,1.833185776095926,1.1094806804460033,0.7307773584155551
18.73,1.8491513072739327,1.1127411912440763,0.7436732702419173
18.740000000000002,1.8648454911306909,1.1160063028442175,0.756277939106315
18.75,1.8802744105346167,1.1192716139010084,0.7686022318435127
18.76,1.895443759114887,1.1225331040941362,0.7806562633134067
18.77,1.910358878373952,1.1257870941096542,0.7924494680283872
18.78,1.9250247901674071,1.1290302106450512,0.8039906631724534
18.79,1.939446225201896,1.1322593557433143,0.8152881041632349
18.8,1.9536276481846253,1.135471679774956,0.826349533907401
18.81,1.9675732800618635,1.1386645575981682,0.8371822265331863
18.82,1.9812871177725533,1.1418355674359422,0.8477930263822052
18.830000000000002,1.9947729518581192,1.1449824721011037,0.8581883828870445
18.84,2.0080343821870463,1.1481032022881918,0.8683743818090205
18.85,2.0210748320881984,1.1511958416111594,0.8783567733910996
18.86,2.0338975610289833,1.154258613239147,0.8881409976708879
18.87,2.0465056760653733,1.1572898678805845,0.8977322073886662
18.88,2.058902142197958,1.1602880729687692,0.9071352887424353
18.89,2.07108979174616,1.1632518029256753,0.9163548802015774
18.900000000000002,2.0830713328782133,1.1661797303512702,0.9253953896464457
18.91,2.094849357391162,1.1690706180349721,0.9342610100143753
18.92,2.106426347782255,1.1719233117434102,0.9429557335286471
18.93,2.1178046837451405,1.1747367336355863,0.9514833647756411
18.94,2.1289866481164808,1.1775098762781055,0.9598475326764729
18.95,2.139974432329827,1.1802417971967858,0.9680517014652044
18.96,2.1507701414388936,1.1829316138951351,0.9760991807974259
18.97,2.1613757987650604,1.1855784992786154,0.9839931350984027
18.98,2.171793350156448,1.1881816774999985,0.9917365921220495
18.990000000000002,2.1820246679487125,1.1907404201234038,0.999332450904842
19.0,2.1920715546316125,1.1932540426034954,1.0067834891210057
19.01,2.201935746247492,1.1957219010508924,1.0140923698912228
19.02,2.2116189155445523,1.1981433892578448,1.021261648091468
19.03,2.2211226749148705,1.200517935950522,1.0282937762230624
19.04,2.230448579143444,1.202845002238454,1.035191109897542
19.05,2.2395981279498898,1.205124079283255,1.0419559128970406
19.06,2.2485727683735433,1.2073546861280324,1.0485903619159398
19.07,2.257373897006187,1.209536367683448,1.0550965509918968
19.080000000000002,2.2660028620797865,1.2116686928627003,1.0614764956409313
19.09,2.2744609654200905,1.2137512528532888,1.0677321367190078
19.1,2.282749464278405,1.2157836595116105,1.073865344035798
19.11,2.290869573055321,1.217765543864824,1.0798779197493307
19.12,2.2988224649280866,1.2196965547071685,1.0857716015655232
19.13,2.306609273363667,1.2215763573122638,1.091548065704479
19.14,2.3142310935531394,1.223404632219825,1.0972089297088636
19.150000000000002,2.3216889837648393,1.2251810741002191,1.1027557550888105
19.16,2.328983966618684,1.2269053906949272,1.1081900498078543
19.17,2.3361170302874776,1.2285773018263542,1.113513270622151
19.18,2.3430891296300307,1.2301965384715565,1.1187268252832812
19.19,2.3499011872625144,1.2317628418927746,1.1238320746181005
19.2,2.3565540945743835,1.233275962817623,1.1288303344990387
19.21,2.3630487126931405,1.234735660664483,1.1337228777135977
19.22,2.3693858733825777,1.2361417028317265,1.1385109357000704
19.23,2.3755663799053868,1.2374938640140662,1.1431957002157926
19.240000000000002,2.381591007838241,1.2387919255605864,1.1477783249123035
19.25,2.387460505843945,1.2400356748696129,1.1522599268268594
19.26,2.3931755964029464,1.2412249048178818,1.1566415877952014
19.27,2.3987369765061626,1.2423594132218274,1.1609243557898632
19.28,2.404145318312183,1.2434390023276758,1.1651092461904564
19.29,2.409401269771795,1.2444634783270012,1.1691972429922854
19.3,2.4145054552229186,1.2454326508944353,1.1731892999597586
19.31,2.4194584759559445,1.2463463327477686,1.177086341724499
19.32,2.4242609107390205,1.2472043392433318,1.1808892648053793
19.330000000000002,2.428913316329779,1.2480064879745834,1.1845989386082247
19.34,2.4334162279555507,1.2487525983959935,1.1882162063659705
19.35,2.4377701597702752,1.2494424914626514,1.191741886036873
19.36,2.441975605287584,1.2500759892862328,1.1951767711597883
19.37,2.4460330377911315,1.250652914806204,1.1985216316688008
19.38,2.4499429107235566,1.2511730914746693,1.201777214670272
19.39,2.4537056580555636,1.2516363429532538,1.2049442451854868
19.400000000000002,2.457321694636533,1.252042492820427,1.2080234268619714
19.41,2.46079141652816,1.2523913642876559,1.211015442656657
19.42,2.4641152013181356,1.2526827799280122,1.213920955484464
19.43,2.467293408410969,1.2529165614207272,1.2167406088260673
19.44,2.4703263793131103,1.2530925292910418,1.2194750273323582
19.45,2.473214437895989,1.2532105026652187,1.2221248173898231
19.46,2.4759578906457214,1.253270299030382,1.2246905676658053
19.47,2.478557026897673,1.2532717340011457,1.2271728496299892
19.48,2.481012119056538,1.2532146210922754,1.2295722180536117
19.490000000000002,2.4833234228026018,1.2530987714965596,1.231889211487929
19.5,2.4854911772848873,1.2529239938670742,1.2341243527235413
19.51,2.487515605301881,1.252690094103015,1.2362781492321362
19.52,2.489396913470521,1.2523968751382784,1.238351093592218
19.53,2.4911352923840924,1.2520441367320383,1.2403436639002752
19.54,2.492730916753326,1.251631675267356,1.2422563241557647
19.55,2.4941839455381873,1.2511592835496763,1.2440895246355292
19.56,2.4954945220714193,1.250626750603312,1.2458437022606548
19.57,2.496662774168221,1.2500338614727906,1.2475192809433797
19.580000000000002,2.497688814226145,1.2493803970240838,1.2491166719231392
19.59,2.4985727393140618,1.2486661337466416,1.2506362740897212
19.6,2.49931463125048,1.2478908435557572,1.2520784742943598
19.61,2.4999145566715217,1.2470542935947748,1.253443647649578
19.62,2.500372567088857,1.2461562460366473,1.254732157818639
19.63,2.5006886989378856,1.2451964578843624,1.2559443572954105
19.64,2.5008629736164862,1.2441746807697394,1.2570805876755
19.650000000000002,2.5008953975146246,1.24309066075011,1.258141179919482
19.66,2.5007859620339743,1.241944138103186,1.2591264546071215
19.67,2.5005346435922085,1.2407348471238584,1.2600367221735629
19.68,2.500141403626001,1.239462515911925,1.2608722831525072
19.69,2.4996061885800764,1.2381268661594873,1.2616334284050787
19.7,2.498928929887633,1.2367276129349887,1.2623204393427354
19.71,2.498109543941141,1.2352644644632274,1.262933588143951
19.72,2.497147932053205,1.2337371219011937,1.2634731379645356
19.73,2.496043980407517,1.2321452791093142,1.2639393431420936
19.740000000000002,2.494797559999984,1.230488622417726,1.2643324493950931
19.75,2.493408526570047,1.2287668303871648,1.2646526940170597
19.76,2.491876720522287,1.2269795735640776,1.2649003060663668
19.77,2.4902019668383497,1.225126514229565,1.2650755065521422
19.78,2.488384074979257,1.2232073061417446,1.2651785086167757
19.79,2.4864228387777425,1.2212215942710767,1.2652095177151874
19.8,2.484318036313898,1.2191690145280343,1.2651687317847855
19.81,2.4820694297878574,1.2170491934839636,1.2650563414190608
19.82,2.4796767653779024,1.2148617480805022,1.2648725300378572
19.830000000000002,2.47713977308813,1.2126062853324946,1.2646174740535856
19.84,2.4744581665854763,1.2102824020214278,1.264291343036195
19.85,2.4716316430245326,1.207889684378323,1.2638942998764715
19.86,2.468659882860013,1.2054277077555846,1.2634265009480428
19.87,2.4655425496466514,1.2028960362872823,1.262888096268475
19.88,2.46227928982639,1.2002942225373874,1.2622792296598455
19.89,2.4588697325026625,1.1976218071354368,1.2616000389091868
19.900000000000002,2.455313489201615,1.19487831839915,1.260850655929198
19.91,2.4516101536200807,1.1920632719434847,1.2600312069196318
19.92,2.447759301360156,1.1891761702756558,1.2591418125297578
19.93,2.443760489650215,1.186216502375642,1.2581825880223294
19.94,2.439613257049651,1.1831837432592394,1.2571536434393162
19.95,2.435317123122892,1.1800773535101279,1.2560550837682674
19.96,2.4308715881213376,1.176896778815654,1.2548870091141502
19.97,2.4262761326347935,1.173641449469549,1.2536495148743259
19.98,2.42153021722789,1.1703107798585615,1.252342691915718
19.990000000000002,2.4166332820585996,1.1669041679275003,1.250966626756808
20.0,2.4115847464767053,1.1634209946200957,1.2495214017550063
20.01,2.4063840086016337,1.1598606232946957,1.2480070952999214
20.02,2.401030444879067,1.1562223991138298,1.2464237820130801
20.03,2.3955234096156857,1.1525056484066396,1.244771532954623
20.04,2.3898622344914973,1.1487096780032586,1.2430504158375626
20.05,2.384046228049107,1.1448337745401582,1.2412604952501625
20.06,2.3780746751594006,1.1408772037355983,1.2394018328870422
20.07,2.3719468364629885,1.1368392096342423,1.237474487789603
20.080000000000002,2.3656619477771814,1.1327190138051304,1.235478516601037
20.09,2.3592192194634536,1.1285158144855572,1.2334139738383143
20.1,2.352617835791591,1.1242287857250548,1.231280912165754
20.11,2.3458569542528807,1.1198570764580327,1.2290793826915565
20.12,2.3389357048455883,1.1153998095404385,1.2268094352771335
20.13,2.331853189323429,1.1108560807352374,1.2244711188649728
20.14,2.3246084804051996,1.1062249576440484,1.222064481826301
20.150000000000002,2.3172006209440985,1.1015054785827079,1.219589572329799
20.16,2.309628623055112,1.0966966513984848,1.217046438732611
20.17,2.3018914671989252,1.0917974522267804,1.2144351299949576
20.18,2.2939881012208674,1.0868068241852356,1.2117556961196971
20.19,2.2859174393432675,1.0817236760031628,1.2090081886182045
20.2,2.277678361095394,1.0765468805579992,1.2061926610143185
20.21,2.26926971017816,1.0712752733147881,1.203309169388335
20.22,2.2606902932934054,1.065907650723472,1.200357772940754
20.23,2.2519388788936823,1.0604427684955906,1.1973385346067489
20.240000000000002,2.243014195868614,1.0548793397901264,1.194251521711092
20.25,2.2339149321561513,1.0492160332880325,1.1910968066726015
20.26,2.224639733274926,1.0434514711499536,1.1878744677612958
20.27,2.215187200773906,1.037584226851849,1.1845845899115195
20.28,2.2055558905954573,1.0316128228933306,1.181227265594376
20.29,2.195744311348091,1.0255357283738955,1.1778025957529763
20.3,2.1857509224771796,1.0193513564166612,1.1743106908105234
20.31,2.1755741323013407,1.0130580613780438,1.1707516717783384
20.32,2.1652122959618896,1.0066541359421104,1.1671256714248093
20.330000000000002,2.1546637132326296,1.0001378079980463,1.163432835549501
20.34,2.143926626195047,0.9935072373151055,1.1596733243591013
20.35,2.1329992167625016,0.9867605119864212,1.1558473139597722
20.36,2.121879604043529,0.9798956446274447,1.151954997974748
20.37,2.1105658415349056,0.972910568316721,1.1479965892956419
20.38,2.09905591413529,0.9658031322675259,1.14397232197629
20.39,2.0873477349502783,0.9585710971775484,1.139882453295571
20.400000000000002,2.0754391418580886,0.9512121302013051,1.1357272660169528
20.41,2.063327893861419,0.9437237996111645,1.1315070708227573
20.42,2.0510116671652603,0.9361035690317827,1.1272222089776454
20.43,2.0384880509665284,0.9283487912313446,1.1228730552353707
20.44,2.0257545429264683,0.9204567014243029,1.1184600210153959
20.45,2.0128085443039803,0.9124244100576888,1.113983557870333
20.46,1.9996473547209166,0.9042488950404082,1.109444161271731
20.47,1.986268166485171,0.8959269932772467,1.1048423747830523
20.48,1.9726680584726544,0.8874553915406908,1.1001787946198969
20.490000000000002,1.9588439895009058,0.8788306165654821,1.095454074660818
20.5,1.9447927911344338,0.8700490242718776,1.0906689319652088
20.51,1.9305111598649614,0.8611067880367028,1.0858241528519967
20.52,1.9159956486106229,0.8519998859405321,1.0809205995929536
20.53,1.9012426574261034,0.8427240868088018,1.0759592178218111
20.54,1.8862484233515844,0.833274934956859,1.0709410447280499
20.55,1.871009009297464,0.8236477334903846,1.0658672181328872
20.56,1.8555202918294307,0.8138375259515289,1.0607389865748487
20.57,1.839777947732466,0.8038390761521755,1.0555577205196418
20.580000000000002,1.8237774391876245,0.7936468459513989,1.05032492485082
20.59,1.8075139973627854,0.7832549706841211,1.0450422528265844
20.6,1.7909826042284773,0.7726572320024564,1.0397115216806807
20.61,1.7741779723139621,0.761847027701851,1.034334730131536
20.62,1.7570945221304624,0.7508173381806912,1.0289140780535697
20.63,1.7397263569218473,0.7395606890799081,1.02345198862607
20.64,1.7220672342765093,0.7280691094176471,1.0179511333853162
20.650000000000002,1.7041105341799643,0.7163340847345903,1.012414460568897
20.66,1.6858492228594864,0.7043465043243832,1.006845227339976
20.67,1.6672758117736617,0.6920966017718413,1.001247036481204
20.68,1.6483823108459295,0.679573887575482,0.9956238783671301
20.69,1.6291601749512237,0.6667670726434947,0.9899801791046478
20.7,1.6096002423740245,0.6536639810219189,0.9843208559808841
20.71,1.5896926637327302,0.6402514500448251,0.9786513815521086
20.72,1.5694268194247176,0.6265152154802961,0.9729778580796339
20.73,1.5487912232629018,0.6124397789379572,0.9673071043471096
20.740000000000002,1.5277734093241964,0.5980082540121048,0.9616467574392429
20.75,1.5063597982780903,0.5832021868682908,0.9560053926911349
20.76,1.4845355384307037,0.5680013458803702,0.9503926658742284
20.77,1.4622843153687823,0.5523834735476616,0.9448194827979278
20.78,1.4395881223025369,0.5363239921963439,0.9392982029683059
20.79,1.4164269806983483,0.5197956524509877,0.9338428859765493
20.8,1.3927785974805935,0.5027681104752983,0.928469591960687
20.81,1.3686179404286505,0.4852074158524734,0.923196751204069
20.82,1.3439167067524638,0.4670753861315332,0.9180456231821305
20.830000000000002,1.3186426506099584,0.4483288369785603,0.9130408726220511
20.84,1.2927587216531482,0.42891862633002165,0.9082113007330778
20.85,1.2662219468763292,0.40878845781650724,0.9035907849852374
20.86,1.238981958220748,0.3878733708790785,0.8992195033454743
20.87,1.2109790232805169,0.36609782339695907,0.895145552396875
20.88,1.1821413671445544,0.3433732497043781,0.8914271190084225
20.89,1.1523814664319867,0.31959496567963847,0.8881354401216908
20.900000000000002,1.121590833422183,0.29463833531557015,0.885358892685643
20.91,1.0896325745013662,0.2683543509159858,0.8832086906923645
20.92,1.0563307483348423,0.2405656754617519,0.8818267469325799
20.93,1.0214556573929716,0.21106740304579366,0.8813958361893862
20.94,0.9847069096176814,0.179648790040505,0.8821490444711362
20.95,0.9457140362384217,0.14620221967242875,0.8843577542055364
20.96,0.9041887657222599,0.11123024192946145,0.8881723274947334
20.97,0.8611588928049576,0.07843115096834284,0.8924920583924993
20.98,0.8254227612101,0.0644873563210494,0.8894238453698953
20.990000000000002,0.8098111019277133,0.08506931122522803,0.868240009577236
21.0,0.804482844940083,0.11912797200306027,0.8379101493681596
21.01,0.8008478977590799,0.15388757811136317,0.8058335371489844
21.02,0.7966467593412129,0.18685141431078486,0.7739223946254263
21.03,0.7913319618583192,0.21773586244637472,0.7426429271207838
21.04,0.7847858189617646,0.246681611340208,0.7121059825474637
21.05,0.7770099885521036,0.2738949541701316,0.6823279631387855
21.06,0.7680380051258473,0.2995694759920354,0.6533043839893157
21.07,0.7579076873992976,0.3238711260424978,0.6250338508454361
21.080000000000002,0.7466520897025996,0.3469386293680008,0.597527051984849
21.09,0.7342967830838114,0.36888713797760314,0.5708109452849661
21.1,0.7208594258658655,0.3898119091126464,0.5449315219095646
21.11,0.7063501942880916,0.40979121552455333,0.5199563584039486
21.12,0.6907725672749719,0.4288883690719664,0.4959773745074567
21.13,0.6741243142741018,0.44715291468630003,0.473113847487212
21.14,0.6563986792724309,0.46462108734113605,0.4515154762004774
21.150000000000002,0.6375858068830645,0.48131563593182286,0.43136501386812653
21.16,0.617674451361259,0.49724514872983466,0.4128796496396961
21.17,0.5966539437279459,0.5124030847458707,0.3963099300283684
21.18,0.574516248099233,0.5267668269190148,0.38193467835431016
21.19,0.5512577044417057,0.5402972020462892,0.3700503304168436
21.2,0.526879759309664,0.5529389894708534,0.3609537157078925
21.21,0.5013877287432441,0.5646228504542515,0.35491889276098926
21.22,0.47478659264376316,0.5752687381439794,0.3521711253666737
21.23,0.447073133609718,0.5847901897385315,0.352863621015123
21.240000000000002,0.4182243431505191,0.5930981579538568,0.3570637486224128
21.25,0.3881825088514373,0.6001025557134102,0.3647539163253232
21.26,0.35683711327925904,0.6057096619080858,0.37584850978116785
21.27,0.3240019665537331,0.6098137050941774,0.3902244635212246
21.28,0.28938209482053623,0.6122804638782198,0.40776186697857547
21.29,0.25251657984634795,0.6129180300939083,0.42839448661550183
21.3,0.21266219875734269,0.6114211111762513,0.452181063981168
21.31,0.16851178820041893,0.607245558792405,0.4794402103856287
21.32,0.1173112924862261,0.5992357336352478,0.5111274638371794
21.330000000000002,0.04990155821477993,0.5836576216150394,0.5508056153329539
21.34,0.06538667936511322,0.6124484844167498,0.5472301351612888
21.35,0.12800355691326068,0.6565498660389174,0.528563075991393
21.36,0.17761488141031498,0.6938294118865069,0.5162933401557844
21.37,0.22100232285327417,0.7277773640375185,0.5068454497293794
21.38,0.2605164547590341,0.7595243577524324,0.4990304596686679
21.39,0.2973388703794626,0.7896064698376948,0.4922687234478393
21.400000000000002,0.3321750314083825,0.8183260738802542,0.48622293686820356
21.41,0.3654917581907332,0.8458721377700529,0.48067463312840186
21.42,0.3976200636156394,0.8723710077050845,0.47547154806654557
21.43,0.42880664638408417,0.8979112184710041,0.4705016663033827
21.44,0.4592424101532232,0.9225569015215629,0.46567907052529417
21.45,0.4890794814657969,0.9463555914765676,0.46093563480109156
21.46,0.5184419669699998,0.9693430404110288,0.4562158645559208
21.47,0.5474330726064122,0.9915463265138375,0.4514735451942862
21.48,0.5761399944698542,1.0129859387559006,0.44666948664699996
21.490000000000002,0.6046373839167868,1.0336772204170195,0.441769961921884
21.5,0.6329898658224355,1.0536313972554932,0.43674560232954723
21.51,0.6612539071569948,1.0728563292742175,0.43157060389548535
21.52,0.6894792263202184,1.0913570749868051,0.4262221531088857
21.53,0.7177098685158461,1.109136327285157,0.4206800127734594
21.54,0.745985031092271,1.1261947618111408,0.4149262294228448
21.55,0.7743396961110072,1.142531327664538,0.4089449370903984
21.56,0.8028051086105913,1.1581435033430985,0.4027222418316781
21.57,0.8314091263709363,1.173027537182402,0.3962461780959956
21.580000000000002,0.8601764578985971,1.1871786896368128,0.3895067325457665
21.59,0.8891287966003844,1.2005914948401009,0.382495936645681
21.6,0.9182848539193489,1.2132600604329584,0.37520803225774707
21.61,0.947660288183575,1.2251784269707104,0.3676397178695435
21.62,0.9772675192806458,1.2363410137010453,0.35979048910126177
21.63,1.0071154141019052,1.2467431829987075,0.3516630896409104
21.64,1.0372088205280545,1.2563819644938712,0.34326409444140427
21.650000000000002,1.067547920033959,1.2652569908056062,0.3346046524363029
21.66,1.0981273606213384,1.2733717101355067,0.3257014214427791
21.67,1.12893512304156,1.2807349564644361,0.3165777322185735
21.68,1.1599510645020774,1.287362975588394,0.30726502260598476
21.69,1.1911450789817202,1.293282020310343,0.29780457933894716
21.7,1.2224748145820827,1.2985316370355702,0.28824961458084886
21.71,1.25388290535829,1.3031687559692604,0.2786676739408281
21.72,1.2852937197357255,1.307272650095727,0.26914331412126324
21.73,1.3166097203773317,1.3109507120792,0.2597808808341187
21.740000000000002,1.3477076969666932,1.3143447699076725,0.25070704459466475
21.75,1.3784354010291113,1.3176372701577357,0.24207249526987096
21.76,1.4086094896585468,1.32105607092604,0.23405186936183753
21.77,1.4380161252255768,1.3248758517526957,0.22684065783985172
21.78,1.4664159193236308,1.3294134878317219,0.22064769950872193
21.79,1.4935548313270037,1.335014638502931,0.21568220957495582
21.8,1.5191817189931411,1.3420299566482874,0.21213544719250269
21.81,1.5430712694802187,1.3507822051183993,0.21015913977306283
21.82,1.5650484341272943,1.3615296722996022,0.20984502852749332
21.830000000000002,1.5850085433796082,1.3744346693485086,0.2112110577588438
21.84,1.6029275432896553,1.3895460123988264,0.2141985667153679
21.85,1.618859708661119,1.4068002548225789,0.2186814098759889
21.86,1.6329243631219668,1.426039981690413,0.2244839905540581
21.87,1.645286257913992,1.4470423577833194,0.23140289190865151
21.88,1.656134954075015,1.4695497106974034,0.2392270036877126
21.89,1.6656671736258775,1.4932958738154682,0.24775298526419215
21.900000000000002,1.674073951097075,1.518025292253574,0.2567951379747341
21.91,1.6815326597552953,1.5435046782105257,0.2661903254373451
21.92,1.6882030192879383,1.5695285664282688,0.27579925224207485
21.93,1.694225911768753,1.5959205927379716,0.28550544809725675
21.94,1.6997239448720542,1.622532154336942,0.295213032951882
21.95,1.704802960249622,1.6492397033888275,0.30484399985515165
21.96,1.709553948595354,1.6759415073518005,0.3143354623048706
21.97,1.7140550432507395,1.7025543754656562,0.3236371038102892
21.98,1.7183734117675418,1.72901061766296,0.33270893341875474
21.990000000000002,1.7225669595474244,1.7552553540301248,0.3415193727870117
22.0,1.726685816149928,1.7812442061274243,0.3500436590036598
22.01,1.730773606007015,1.8069413550180866,0.3582625288321291
22.02,1.7348685207648036,1.8323179290564884,0.36616114406405453
22.03,1.739004216772088,1.857350676902705,0.3737282184648059
22.04,1.743210562442099,1.8820208812880983,0.3809553106892412
22.05,1.7475142588668713,1.906313472764423,0.38783625246761466
22.06,1.7519393545818391,1.9302163078097425,0.3943666862756031
22.07,1.756507672452192,1.9537195811777581,0.40054369154154285
22.080000000000002,1.7612391640480358,1.9768153472305825,0.40636548189164995
22.09,1.766152204109218,1.9994971297536497,0.41183115990778146
22.1,1.7712638357452535,2.0217596032789085,0.41694051797581627
22.11,1.7765899749442329,2.043598332360621,0.4216938765602339
22.12,1.7821455817113965,2.065009557515457,0.42609195226308516
22.13,1.7879448033937626,2.085990019204119,0.430135750638705
22.14,1.794001095153438,2.1065368124301123,0.4338264787309693
22.150000000000002,1.8003273216253304,2.126647266007101,0.43716547346328943
22.16,1.8069358426479822,2.146318842131024,0.44015414364197963
22.17,1.813838586034783,2.165549052090959,0.4427939225295839
22.18,1.8210471093907716,2.184335385204656,0.4450862294701358
22.19,1.8285726528341577,2.2026752483911944,0.4470324389140958
22.2,1.8364261840734357,2.2205659143603147,0.4486338556905194
22.21,1.8446184370169543,2.2380044767913128,0.44989169565021947
22.22,1.8531599450402294,2.254987811011117,0.45080707066377534
22.23,1.8620610695751076,2.2715125392232554,0.45138097770087166
22.240000000000002,1.8713320247483058,2.2875749993192427,0.45161429140729903
22.25,1.8809828986028907,2.3031712165409086,0.4515077598406612
22.26,1.8910236711023378,2.3182968776283794,0.45106200357938686
22.27,1.9014642297809854,2.3329473064247117,0.4502775168929613
22.28,1.912314382249633,2.34711744161467,0.44915467300799433
22.29,1.9235838665998803,2.3608018153990282,0.4476937315341975
22.3,1.9352823590338426,2.3739945336653148,0.44589484958105724
22.31,1.9474194785891186,2.386689257654691,0.4437580968267303
22.32,1.9600047894711499,2.3988791864709214,0.4412834732911066
22.330000000000002,1.9730477990649034,2.4105570422517024,0.43847093351614536
22.34,1.986557952385978,2.4217150570866552,0.43532041500802404
22.35,2.0005446216946985,2.432344962836908,0.4318318728306048
22.36,2.015017089076692,2.442437985927715,0.4280053237354249
22.37,2.0299845226614255,2.451984846322177,0.4238408970524692
22.38,2.045455943960925,2.4609757631213753,0.4193388956982354
22.39,2.061440181312825,2.469400471753819,0.41449987473074473
22.400000000000002,2.0779458110108084,2.4772482512085188,0.409324731346698
22.41,2.0949810788001058,2.4845079687660054,0.403814816748168
22.42,2.1125537988530265,2.4911681454124506,0.39797207046021493
22.43,2.1306712229151388,2.497217049767029,0.39179918473249276
22.44,2.1493398728135356,2.502642828194546,0.3852998038331641
22.45,2.1685653259768496,2.507433682778734,0.37847876733148733
22.46,2.188351942096171,2.5115781110147184,0.37134240624799175
22.47,2.2087025144430994,2.5150652266130202,0.36389890565403676
22.48,2.2296178268450544,2.5178851845881196,0.35615874694240085
22.490000000000002,2.2510960911859272,2.5200297416680804,0.3481352480358592
22.5,2.2731322345970444,2.5214929911117703,0.33984522248171395
22.51,2.2957169988347323,2.5222723207874567,0.33130978089862545
22.52,2.318835806301166,2.5223696554737005,0.3225553017042312
22.53,2.342467340161261,2.5217930564481916,0.3136145979056755
22.54,2.3665817800824,2.5205587635466635,0.30452830471572245
22.55,2.391138634948176,2.5186937719187426,0.29534650242558796
22.56,2.4160841239730644,2.516239032245411,0.2861305679668669
22.57,2.441348088059402,2.5132533369040226,0.276955207877378
22.580000000000002,2.466840477608219,2.5098178877047306,0.2679105554542322
22.59,2.492447580416531,2.506041407386833,0.25910410537454326
22.6,2.5180283448781062,2.5020654256104318,0.25066209997731953
22.61,2.5434114328060677,2.4980690151647114,0.24272977907134952
22.62,2.5683939863020293,2.494271782875651,0.23546969354266667
22.63,2.592743434139531,2.4909334184606693,0.22905715277065825
22.64,2.6162038109136594,2.488347797570778,0.2236719831186521
22.650000000000002,2.6385077352737776,2.486829893829024,0.2194863128677515
22.66,2.6593941265582264,2.4866949706320596,0.21664917952823792
22.67,2.678629920517246,2.488231799494113,0.21527018885313973
22.68,2.6960320513006937,2.4916743446430725,0.2154056793999409
22.69,2.7114848092637867,2.497178159851541,0.21705099379434642
22.7,2.724948368243471,2.5048072571838085,0.2201411162630954
22.71,2.7364567594785996,2.5145342658181553,0.22455947769463974
22.72,2.746106713654833,2.5262526438210555,0.23015238424592968
22.73,2.7540410310476107,2.539796588932982,0.23674539428274285
22.740000000000002,2.760430651159255,2.5549633377637755,0.24415833329384842
22.75,2.7654586525766165,2.5715335426374195,0.2522169357535446
22.76,2.769307878304603,2.5892873157571556,0.26076050722223454
22.77,2.7721525355410677,2.6080152928779934,0.26964600741185707
22.78,2.7741532757020915,2.627525221837958,0.278749408539817
22.79,2.7754549260524892,2.647645080024029,0.2879652493904659
22.8,2.7761860320607394,2.6682237863669127,0.2972051528455691
22.81,2.7764595154062897,2.6891304105409155,0.3063958621402342
22.82,2.7763739380994874,2.7102525524515135,0.31547715433961115
22.830000000000002,2.7760150307393965,2.7314943499936595,0.3243998387423795
22.84,2.7754572725736035,2.7527744030595818,0.33312394492532166
22.85,2.774765402193792,2.7740237803307672,0.34161714050192266
22.86,2.7739957975551643,2.795184194637953,0.3498533815562486
22.87,2.773197701068298,2.8162063820848293,0.35781177932495783
22.88,2.772414287067125,2.8370486903528467,0.36547565836487966
22.89,2.771683580591473,2.85767586529917,0.3728317790522691
22.900000000000002,2.7710392418276166,2.8780580172002845,0.37986969862895736
22.91,2.7705112324782215,2.898169745075631,0.38658124729376286
22.92,2.770126380128691,2.917989397584645,0.39296009918418845
22.93,2.7699088554790547,2.937498450474255,0.3990014213064981
22.94,2.769880575876751,2.9566809824551554,0.4047015858134721
22.95,2.7700615465416374,2.975523234044063,0.41005793445432875
22.96,2.77047014953849,2.9940132357698843,0.41506858524073137
22.97,2.7711233888619717,3.012140494390293,0.4197322736876941
22.98,2.7720370987261824,3.029895727500704,0.4240482222345264
22.990000000000002,2.7732261209554987,3.0472706385343513,0.4280160328414134
23.0,2.7747044563900736,3.0642577254815206,0.431635598669981
23.01,2.776485394697174,3.080850117459964,0.4349070309358745
23.02,2.7785816256143505,3.097041434924198,0.43783059914615363
23.03,2.7810053348727575,3.1128256692323486,0.4404066816881715
23.04,2.7837682870006635,3.1281970785446855,0.4426357254281912
23.05,2.786881897080343,3.143150097276672,0.4445182127139331
23.06,2.790357293059716,3.1576792569222047,0.4460546347634193
23.07,2.794205370032471,3.1717791163387123,0.4472454704552282
23.080000000000002,2.7984368376852102,3.185444199876128,0.44809116968815205
23.09,2.8030622617237,3.198668942184391,0.44859214103221107
23.1,2.8080921001922574,3.2114476384713773,0.4487487429523274
23.11,2.813536735125413,3.2237743995055994,0.4485612786947959
23.12,2.8194065002908975,3.235643110355794,0.4480299940648513
23.13,2.825711704975108,3.247047392706245,0.4471550788828804
23.14,2.8324626544727294,3.257980569873764,0.4459366712378773
23.150000000000002,2.8396696669818953,3.268435634641994,0.4443748655469316
23.16,2.8473430869588965,3.278405219673163,0.44246972452971906
23.17,2.855493295553556,3.287881569686801,0.4402212938137141
23.18,2.8641307161344525,3.296856517244793,0.4376296232843776
23.19,2.873265816137977,3.3053214607099446,0.43469479220423746
23.2,2.882909103899922,3.3132673455585873,0.4314169403569584
23.21,2.893071118307038,3.3206846510456316,0.42779630880958647
23.22,2.903762412182096,3.3275633811323075,0.4238332871366849
23.23,2.914993527938833,3.333893061006745,0.4195284686034029
23.240000000000002,2.9267749585400424,3.339662746042391,0.41488272507275886
23.25,2.939117098014949,3.3448610388491495,0.4098972901744235
23.26,2.9520301729688416,3.3494761229770025,0.4045738641449466
23.27,2.965524153003759,3.353495815437094,0.3989147395381732
23.28,2.9796086331468055,3.3569076451744504,0.39292295503303515
23.29,2.9942926818281235,3.3596989644025985,0.38660248179275747
23.3,3.0095846448647348,3.3618571031052813,0.3799584503388873
23.31,3.025491893688918,3.3633695796746843,0.372997427005354
23.32,3.0420205030362397,3.3642243843085606,0.36572775078165964
23.330000000000002,3.059174839383562,3.364410356589397,0.35815994364841924
23.34,3.07695703633582,3.363917684977413,0.35030721062515147
23.35,3.0953663276932946,3.362738563073365,0.34218604783385914
23.36,3.1143982018296286,3.360868046846248,0.3338169801196093
23.37,3.1340433334079707,3.358305167585847,0.3252254519180378
23.38,3.154286240758828,3.3550543668539126,0.31644289548687843
23.39,3.175103610344013,3.3511273313596823,0.30750799891858155
23.400000000000002,3.1964622273238503,3.346545313621115,0.29846818734644054
23.41,3.2183164565264373,3.3413420248826617,0.2893813142963227
23.42,3.240605241154652,3.335567168597554,0.2803175243515504
23.43,3.263248636781512,3.329290634130288,0.2713611926516495
23.44,3.2861439958881076,3.3226072662133825,0.262612752509035
23.45,3.309162080252618,3.3156419426129484,0.25419009107337776
23.46,3.3321436242926272,3.3085544017148414,0.2462290182218743
23.47,3.35489719543063,3.30154286124535,0.2388821253989103
23.48,3.3771995457658814,3.294845009198251,0.2323152129210127
23.490000000000002,3.3987998815420446,3.288734586963662,0.22670050050678572
23.5,3.4194293533369478,3.2835118128741616,0.22220620949901249
23.51,3.4388163218119137,3.2794866656605977,0.21898294549922837
23.52,3.4567064472353444,3.2769557822914646,0.2171485226878165
23.53,3.4728847491871067,3.2761760718236363,0.2167740940273713
23.54,3.487195229579355,3.277340225137547,0.21787489630523346
23.55,3.499553582663873,3.280559704853431,0.22040817903775875
23.56,3.5099501906978547,3.2858590380763806,0.2242789090815102
23.57,3.5184434553987116,3.2931818748227406,0.22935161823091293
23.580000000000002,3.52514609620516,3.3024060275743063,0.23546529945710237
23.59,3.5302082699985093,3.313362988926962,0.24244811985339698
23.6,3.533801057647767,3.3258575806502804,0.25012963370173297
23.61,3.536102629699657,3.339684760704076,0.25834945871820664
23.62,3.537288038638497,3.3546422506871516,0.2669624533991932
23.63,3.5375225592804873,3.3705389290760746,0.2758410300730649
23.64,3.536957965675289,3.3871996417233006,0.2848754415087407
23.650000000000002,3.5357309658122116,3.4044673320672025,0.29397280536976
23.66,3.5339630769034334,3.4222033519795936,0.30305546083141427
23.67,3.531761372332885,3.4402866511541426,0.3120590641460405
23.68,3.529219692432348,3.458612354010851,0.3209306748603315
23.69,3.5264200484328896,3.4770900671731244,0.32962697166834476
23.7,3.5234340523399776,3.4956421329607266,0.3381126625119442
23.71,3.5203242774513313,3.514201954076059,0.3463591082368074
23.72,3.5171455013970174,3.5327124546467257,0.35434315380708625
23.73,3.513945812880887,3.551124704949745,0.36204614845068117
23.740000000000002,3.5107675804507656,3.5693967146190926,0.3694531313416692
23.75,3.507648291018973,3.5874923865218253,0.37655215850899726
23.76,3.504621270262056,3.6053806173233003,0.3833337485557761
23.77,3.501716298630798,3.623034528290645,0.38979042717209517
23.78,3.4989601367384293,3.6404308095247178,0.39591635287398214
23.79,3.496376972776043,3.657549161982177,0.40170700991134956
23.8,3.4939888034531044,3.67437182295926,0.4071589560978053
23.81,3.4918157586910334,3.6908831622419243,0.41226961515300137
23.82,3.489876378467318,3.70706933830745,0.41703710624318285
23.830000000000002,3.488187849380909,3.722918005026874,0.4214601035547808
23.84,3.4867662073859313,3.7384180607312905,0.425537720169326
23.85,3.4856265116089458,3.7535594333184656,0.42926941276222114
23.86,3.4847829940868147,3.76833289531231,0.43265490265408846
23.87,3.4842491889406646,3.782729904341399,0.43569411087578797
23.88,3.484038044319511,3.796742464813753,0.43838710445598555
23.89,3.4841620195271568,3.810363007643108,0.44073405253264203
23.900000000000002,3.484633169717452,3.8235842849998707,0.4427351903501611
23.91,3.485463219993357,3.836399277715713,0.4443907899463564
23.92,3.4866636303380685,3.8488011134567865,0.4457011367888564
23.93,3.488245652804871,3.860782993836605,0.4466665112857863
23.94,3.4902203819358277,3.872338129157168,0.4472871747799376
23.95,3.4925987993924523,3.8834596794889413,0.4475633593507927
23.96,3.4953918133933235,3.894140701229159,0.44749526136176515
23.97,3.4986102936307604,3.9043740982204276,0.44708303832437285
23.98,3.5022651020005338,3.914152576876011,0.4463268092018858
23.990000000000002,3.5063671196633863,3.9234686045810907,0.44522665769750536
24.0,3.5109272701754035,3.9323143714457602,0.4437826396134167
24.01,3.5159565394714445,3.9406817544231982,0.4419947929315475
24.02,3.521465991775159,3.948562284548471,0.4398631527754386
24.03,3.527466781137801,3.9559471174101053,0.4373877718878329
24.04,3.533970160135459,3.9628270051197436,0.4345687431025802
24.05,3.54098748260186,3.969192272752656,0.4314062300449469
24.060000000000002,3.5485301999105734,3.975032799549653,0.4279005062729669
24.07,3.5566098518668716,3.9803380036254197,0.42405199950685624
24.080000000000002,3.565238047763903,3.9850968344757542,0.41986134870426267
24.09,3.5744264376975443,3.9892977730173644,0.41532947165040884
24.1,3.5841866712675143,3.992928841906422,0.41045764626741155
24.11,3.5945303386205896,3.9959776310868045,0.40524761213329547
24.12,3.6054688922233242,3.998431340161257,0.39970169077902856
24.13,3.6170135422531278,4.000276844781877,0.39382293281023384
24.14,3.6291751192668094,4.001500793644701,0.38761529642602677
24.150000000000002,3.6419638953194764,4.002089745392145,0.3810838643650996
24.16,3.655389352407381,4.00203035736379,0.3742351076544624
24.17,3.6694598839930044,4.001309641732094,0.36707720653073195
24.18,3.6841824116145543,3.9999153089965667,0.35962044098198126
24.19,3.6995618940085477,3.9978362243327887,0.35187766554739286
24.2,3.7156007002051115,3.9950630095758255,0.343864886137469
24.21,3.7322978116066596,3.991588831852692,0.33560195860540226
24.22,3.749647810102659,3.987410430232963,0.3271134314531059
24.23,3.767639601337742,3.982529442834264,0.31842955553106184
24.240000000000002,3.7862548147399417,3.976954108300658,0.30958748194148333
24.25,3.805465817545651,3.9707014247302577,0.30063266243603126
24.26,3.825233282866392,3.9637998516293833,0.2916204507595235
24.27,3.8455032684876786,3.9562926288835607,0.28261787460891574
24.28,3.866203805727214,3.9482417470615756,0.27370549498977637
24.29,3.8872410799301673,3.939732518932497,0.264979190987945
24.3,3.9084954286817246,3.9308785447349104,0.2565515860483907
24.310000000000002,3.929817605401204,3.9218266115349847,0.24855267628715666
24.32,3.9510260602348093,3.912760706056962,0.24112904267094887
24.330000000000002,3.9719063378989166,3.903903885611332,0.23444088590176504
24.34,3.992213969988395,3.895516364792123,0.22865611726643836
24.35,4.011682239093189,3.8878880775835487,0.2239410220173382
24.36,4.030035638523948,3.8813245041043922,0.2204477073043289
24.37,4.047008582103791,3.8761259479914,0.21829964589956682
24.38,4.062367091328108,3.8725625936282286,0.21757779684924378
24.39,4.07592950692932,3.870849786713153,0.2183104441124031
24.400000000000002,4.087581695483082,3.871128915733144,0.2204694423586309
24.41,4.097283375584817,3.8734581815230995,0.22397393997496454
24.42,4.10506471190218,3.8778147140413273,0.22870051628887947
24.43,4.11101501984661,3.8841062783930154,0.23449704677708538
24.44,4.1152670674458145,3.8921886940880768,0.2411971587920085
24.45,4.117980603324201,3.9018847165850903,0.24863278916688794
24.46,4.1193277853353205,3.9130011135803033,0.25664353500057946
24.47,4.119481860840553,3.9253421770578747,0.26508257673537033
24.48,4.118609345173747,3.938719231315029,0.2738196582846717
24.490000000000002,4.11686526924959,3.95295653903222,0.282741887356722
24.5,4.114390796104549,3.967894374320107,0.2917531175585748
24.51,4.111312493773438,3.9833900810987197,0.30077252996563353
24.52,4.107742666145177,3.9993178214353655,0.30973285456273475
24.53,4.103780293492428,4.015567551636066,0.3185785146130602
24.54,4.099512272979251,4.032043603615075,0.3272638577301422
24.55,4.095014759493086,4.048663118851989,0.3357515560554855
24.560000000000002,4.090354486773858,4.065354486363407,0.34401120678766245
24.57,4.085590002830404,4.082055870078502,0.35201813456272457
24.580000000000002,4.080772788385263,4.098713867894905,0.3597523816108633
24.59,4.075948248327332,4.115282317910648,0.3671978646543158
24.6,4.0711565783922055,4.131721251586675,0.37434167569299054
24.61,4.066433515784592,4.147995984989019,0.38117350446644993
24.62,4.0618109853159865,4.1640763352408054,0.38768516284990007
24.63,4.057317653627157,4.179935947707469,0.393870193346557
24.64,4.052979403484611,4.195551719839597,0.3997235473483626
24.650000000000002,4.048819739386121,4.210903308321583,0.4052413205617034
24.66,4.044860134608668,4.225972707392146,0.41042053498995223
24.67,4.041120328193612,4.24074388805424,0.4152589597485657
24.68,4.037618579653941,4.255202488751056,0.41975496316005595
24.69,4.034371887753715,4.269335549753014,0.4239073908292099
24.7,4.031396178938413,4.283131284437999,0.42771546486152306
24.71,4.028706469959734,4.296578881868686,0.4311787007875588
24.72,4.02631700866191,4.309668335781905,0.434296839019284
24.73,4.024241396400105,4.322390295731069,0.43706978803384333
24.740000000000002,4.0224926945600155,4.334735937257519,0.4394975779887904
24.75,4.021083517819785,4.346696847859371,0.4415803224827656
24.76,4.02002611594874,4.358264926476817,0.44331818754989155
24.77,4.019332445908243,4.369432294295671,0.4447113665932104
24.78,4.0190142355301575,4.38019121522558,0.44576006066837537
24.79,4.019083040009023,4.390534024487215,0.4464644632951796
24.8,4.019550292176392,4.4004530640512876,0.4468247492834819
24.810000000000002,4.020427347257141,4.409940623973049,0.4468410674070303
24.82,4.021725522866472,4.418988888625246,0.4465135364164579
24.830000000000002,4.023456134534583,4.427589887330924,0.44584224472617356
24.84,4.025630527474345,4.435735448469797,0.44482725298748194
24.85,4.028260104404257,4.443417157061769,0.4434686005685745
24.86,4.031356349792341,4.4506263152694165,0.4417663156003926
24.87,4.034930850783833,4.457353905368195,0.43972042825831636
24.88,4.038995313390746,4.463590556441203,0.43733099047321383
24.89,4.0435615749403535,4.469326513595076,0.4345980997517415
24.900000000000002,4.04864161337115,4.474551608917578,0.43152192549415647
24.91,4.054247547890557,4.479255239519528,0.4281027489384147
24.92,4.060391635529222,4.483426347879483,0.4243410059553209
24.93,4.067086258944947,4.4870534089849,0.42023734119500655
24.94,4.074343903847901,4.490124425709747,0.41579267494459365
24.95,4.082177125666925,4.492626932642056,0.41100828095133446
24.96,4.090598499144872,4.494548014545081,0.4058858846416045
24.97,4.099620549712685,4.495874340513281,0.4004277795410921
24.98,4.1092556599915,4.496592220471955,0.394636969402392
24.990000000000002,4.119515945568792,4.49668768999265,0.3885173400550707
25.0,4.130413091149775,4.496146632623709,0.3820738686048764
25.01,4.141958136838715,4.494954950553699,0.37531287720472695
25.02,4.154161200825098,4.493098798293745,0.3682423414343512
25.03,4.1670311210973665,4.49056489827518,0.36087226531742034
25.04,4.180574994551356,4.48734096230065,0.3532151367268511
25.05,4.194797585970151,4.483416249773875,0.3452864800157767
25.060000000000002,4.209700572856919,4.47878230163605,0.3371055248772056
25.07,4.225281584411118,4.473433898666743,0.328696012535029
25.080000000000002,4.241532984522861,4.467370303926944,0.32008716160386774
25.09,4.258440340967545,4.460596860282316,0.31131481392781984
25.1,4.2759805169569525,4.453127024263279,0.3024227757269285
25.11,4.294119322226044,4.444984921395903,0.293464354103088
25.12,4.312808672754647,4.436208501246806,0.2845040644269508
25.13,4.331983244191902,4.426853338192033,0.2756194361232401
25.14,4.3515566756471635,4.416997052361202,0.26690277213247904
25.150000000000002,4.37141750928994,4.406744188419618,0.2584626075715186
25.16,4.391425254410926,4.396231164362032,0.2504244671685999
25.17,4.411407251361071,4.385630571701131,0.24293035168010987
25.18,4.431157353463055,4.375153694451391,0.2361362358474932
25.19,4.450437752928572,4.365049711242681,0.23020682707270052
25.2,4.4689853594132405,4.355599865950114,0.22530704787221917
25.21,4.4865237430850735,4.347105241310138,0.2215903050618685
25.22,4.502780559444482,4.339867933907452,0.21918459870397197
25.23,4.517508671120989,4.334167365621779,0.21817867900448484
25.240000000000002,4.5305074088951525,4.330235606960336,0.21861122009471404
25.25,4.541639519067304,4.32823683781768,0.2204657819997021
25.26,4.550840050128507,4.328255510101135,0.22367296892603367
25.27,4.558115643958158,4.330295388710088,0.2281191702318751
25.28,4.563535398006121,4.334288527922663,0.23365954299330532
25.29,4.567216397137299,4.340110863830494,0.24013220450693948
25.3,4.569307528858329,4.347600315133375,0.2473710370240856
25.310000000000002,4.569974492913102,4.356573946115479,0.25521557111820864
25.32,4.569387683999392,4.3668421026592155,0.26351752692450175
25.330000000000002,4.567713463340412,4.378218777258099,0.27214435127336367
25.34,4.565108568205762,4.390528383731671,0.28098045526567206
25.35,4.561717039715148,4.403609592861771,0.2899269020554273
25.36,4.557668974567486,4.41731700267353,0.2989001812617829
25.37,4.553080486335552,4.431521347801385,0.30783053818801076
25.38,4.548054398563117,4.446108806650759,0.31666016736166447
25.39,4.542681329415552,4.460979810862166,0.32534145559567784
25.400000000000002,4.537040941766248,4.476047630164782,0.33383537241274536
25.41,4.531203217939974,4.491236905595933,0.3421100494567285
25.42,4.525229677801034,4.506482233210275,0.35013955700717736
25.43,4.51917449811956,4.521726852949411,0.3579028673495622
25.44,4.513085515796091,4.536921467082923,0.36538298624634263
25.45,4.50700511227718,4.552023194183413,0.3725662304828127
25.46,4.500970984642101,4.566994654155331,0.37944163004851383
25.47,4.4950168130625014,4.581803174215851,0.38600043467031664
25.48,4.489172835836007,4.596420103488749,0.3922357073718816
25.490000000000002,4.483466343427749,4.610820223261303,0.39814198999598377
25.5,4.477922102513364,4.624981240254161,0.4037150275364055
25.51,4.472562719656565,4.638883351675609,0.4089515414744055
25.52,4.4674089535332016,4.652508871603101,0.41384904286794105
25.53,4.4624799833518045,4.665841909654175,0.41840567805902157
25.54,4.457793639888126,4.678868094298529,0.42262010153172813
25.55,4.453366604930684,4.691574333907855,0.42649137072149845
25.560000000000002,4.449214583735177,4.703948610002776,0.4300188593477174
25.57,4.445352454834492,4.71597979750368,0.4332021854084415
25.580000000000002,4.441794400247388,4.727657508247721,0.4360411521948477
25.59,4.438554019302026,4.738971953916961,0.4385356994772337
25.6,4.435644428403095,4.7499138255206415,0.4406858634620494
25.61,4.433078348777672,4.760474186931961,0.44249174420126747
25.62,4.430868183981715,4.770644380291329,0.44395347926156764
25.63,4.429026088600663,4.780415941489639,0.44507122283666034
25.64,4.427564029415702,4.78978052414646,0.4458451295124306
25.650000000000002,4.426493839980096,4.798729830863327,0.44627534232736543
25.66,4.425827269498079,4.807255550607862,0.4463619846342608
25.67,4.425576026696829,4.815349301310098,0.4461051554924133
25.68,4.425751819205849,4.823002576946117,0.4455049285067576
25.69,4.4263663888558105,4.830206698498419,0.4445613540807526
25.7,4.427431543279376,4.836952768218214,0.4432744649252518
25.71,4.428959183486552,4.84323162734148,0.44164428608836787
25.72,4.43096132845771,4.849033816014529,0.43967084753439883
25.73,4.4334501356135965,4.85434953640667,0.4373542019580791
25.740000000000002,4.436437916938853,4.859168619044894,0.4346944482792592
25.75,4.439937151509034,4.863480491418743,0.43169175888906974
25.76,4.443960491807063,4.8672741512999735,0.4283464157544433
25.77,4.448520763523844,4.870538144874392,0.42465885508010176
25.78,4.453630960234105,4.87326054808601,0.4206297163261356
25.79,4.459304226219485,4.875428957760238,0.4162599080104417
25.8,4.4655538283244365,4.877030491409423,0.41155068580619314
25.810000000000002,4.472393114248083,4.878051798158885,0.4065037451228562
25.82,4.479835451813531,4.878479086128935,0.40112133505012865
25.830000000000002,4.487894145622183,4.8782981697967776,0.39540639529403876
25.84,4.496582323850471,4.877494544611469,0.3893627232514177
25.85,4.505912788079678,4.876053496153508,0.3829951758205958
25.86,4.515897815484022,4.87396025491722,0.37630991456777146
25.87,4.526548900391434,4.871200210432926,0.36931470352041285
25.88,4.537876418753245,4.867759202396729,0.3620192706706705
25.89,4.549889194418357,4.863623911789576,0.3544357468835256
25.900000000000002,4.562593940816013,4.85878238120559,0.3465791980138852
25.91,4.5759945450388955,4.853224701535468,0.33846826856738554
25.92,4.590091153683102,4.84694391157921,0.33012595735030476
25.93,4.604879011487899,4.839937167873827,0.3215805464584652
25.94,4.620346995308608,4.832207253660386,0.31286670426849383
25.95,4.636475779767413,4.823764506009567,0.3040267770897829
25.96,4.653235568846226,4.814629246849372,0.295112273328451
25.97,4.670583337885176,4.8048347983368185,0.286185517954327
25.98,4.688459558737187,4.7944311389867265,0.27732141588055087
25.990000000000002,4.706784445091101,4.783489194136936,0.26860919276454787
26.0,4.725453869356032,4.772105635124573,0.26015388306699017
26.01,4.744335290063488,4.7604078573248865,0.25207719707773496
26.02,4.76326429808078,4.748558502517037,0.24451723677692436
26.03,4.782042726290773,4.7367584945196874,0.2376263804713151
26.04,4.800439591837754,4.725247147947142,0.23156659923850614
26.05,4.818196289387034,4.714297667400116,0.22650163120581743
26.060000000000002,4.8350371788051945,4.704206567657823,0.22258595426893385
26.07,4.850685778859113,4.695276508063189,0.2199514056615217
26.080000000000002,4.864885193426636,4.687793796217308,0.21869341255554994
26.09,4.877419600201531,4.6820039278527235,0.21885965013881517
26.1,4.888132485317037,4.678090020763943,0.2204439339258099
26.11,4.896937636140929,4.676158867741942,0.2233870238944012
26.12,4.90382080436849,4.6762373502112515,0.22758411266266912
26.13,4.9088325944773255,4.678278975752467,0.23289697498792303
26.14,4.912075274179288,4.682177747732315,0.239167870953709
26.150000000000002,4.913687034483709,4.687785446540303,0.2462325249132172
26.16,4.91382678125544,4.694928754749352,0.25393046804617114
26.17,4.91266140163471,4.703423874564407,0.2621121254944416
26.18,4.910356277451579,4.713087611805913,0.27064286432423035
26.19,4.907068960055649,4.723744908792464,0.27940463433287954
26.2,4.902945477553468,4.73523335761087,0.2882959422055763
26.21,4.898118606030073,4.747405420812007,0.2972308080126627
26.22,4.892707482906134,4.760129058764243,0.3061371969804238
26.23,4.88681806203285,4.773287338401881,0.3149552604138793
26.240000000000002,4.880544044367532,4.786777451124102,0.3236355908070147
26.25,4.873968034827061,4.800509435824489,0.3321376035950241
26.26,4.867162765830413,4.814404799480184,0.34042809701205157
26.27,4.860192292182503,4.828395152661404,0.3484800043893603
26.28,4.853113105168063,4.842420925994011,0.35627133250421905
26.29,4.845975141502094,4.856430200114182,0.3637842690568183
26.3,4.838822679740802,4.870377660862941,0.3710044386395733
26.310000000000002,4.831695126655226,4.884223679063105,0.3779202855992201
26.32,4.824627701201795,4.897933507567985,0.38452256412526464
26.330000000000002,4.817652026152728,4.9114765849264055,0.390803917757394
26.34,4.810796638209957,4.924825933752405,0.39675853265009836
26.35,4.804087426940623,4.937957642184778,0.4023818521674393
26.36,4.797548012256279,4.950850417351436,0.40767034176674605
26.37,4.791200069308315,4.963485200634527,0.41262129473454406
26.38,4.785063608153239,4.975844836183981,0.4172326723414077
26.39,4.779157215024659,4.987913784704361,0.42150297173717377
26.400000000000002,4.773498261019953,4.999677875708245,0.4254311165054605
26.41,4.768103082781327,5.011124092795869,0.4290163666019502
26.42,4.762987139633577,5.02224038670722,0.43225824363734494
26.43,4.758165150493195,5.033015512173023,0.43515646937228586
26.44,4.753651213746183,5.0434388847707,0.43771091475744733
26.45,4.749458912366193,5.053500455017286,0.43992155836902097
26.46,4.745601406632637,5.063190596884622,0.44178845229916974
26.47,4.742091516172082,5.072500008629704,0.44331169455431146
26.48,4.738941792811137,5.0814196241114,0.44449140712184315
26.490000000000002,4.736164585573259,5.089940532956526,0.4453277188702414
26.5,4.73377209888462,5.098053908240314,0.4458207527438097
26.51,4.731776444841441,5.105750940585624,0.4459706169268797
26.52,4.730189690336105,5.113022777658012,0.44577739954294027
26.53,4.729023899463475,5.119860468431742,0.4452411670921328
26.54,4.728291172001406,5.126254911228543,0.4443619658001991
26.55,4.7280036777928975,5.132196805525236,0.44313982703990806
26.560000000000002,4.72817368770793,5.1376766066587285,0.441574775922765
26.57,4.728813601059238,5.142684483376923,0.43966684374220544
26.580000000000002,4.729935968717778,5.147210278818165,0.4374160862092797
26.59,4.731553513267835,5.151243473368992,0.4348226045088775
26.6,4.733679144855576,5.154773150575998,0.4318865719730938
26.61,4.736325970664232,5.157787967997243,0.4286082704351683
26.62,4.739507300279807,5.160276130493251,0.4249881304546603
26.63,4.743236642811684,5.162225369921662,0.4210267832068049
26.64,4.747527695364886,5.163622931418512,0.41672512310768267
26.650000000000002,4.752394322041148,5.164455566887667,0.4120843806922702
26.66,4.75785051696776,5.164709542023017,0.4071062161353076
26.67,4.7639103519504395,5.164370656092168,0.40179282803763655
26.68,4.770587901334013,5.163424281793333,0.3961470872840826
26.69,4.777897139548887,5.161855429671292,0.39017269804683813
26.7,4.78585180274908,5.159648845775845,0.3838743939055572
26.71,4.79446520549708,5.156789151887296,0.37725817506255843
26.72,4.803749999653092,5.1532610417104605,0.37033159633436596
26.73,4.813717859565789,5.1490495499096225,0.36310411672932
26.740000000000002,4.824379073442067,5.144140415666428,0.35558752340593724
26.75,4.83574201527244,5.138520568780082,0.34779644550604255
26.76,4.847812465448582,5.132178773739416,0.339748975370154
26.77,4.860592740535384,5.125106476481518,0.33146741697484167
26.78,4.874080584306116,5.117298909081452,0.3229791824923444
26.79,4.888267763577412,5.108756519052575,0.31431785698502923
26.8,4.903138304867727,5.0994868011012775,0.3055244473484167
26.810000000000002,4.918666305442853,5.089506616019317,0.29664881930276465
26.82,4.934813257838748,5.078845080758996,0.2877513068077007
26.830000000000002,4.951524852554846,5.06754709261871,0.2789044371654495
26.84,4.968727277624005,5.0556774989940525,0.2701946559723983
26.85,4.986323138523573,5.0433258167656385,0.2617238399644635
26.86,5.004187292808372,5.030611221982597,0.2536102588723783
26.87,5.022163148261399,5.017687247152069,0.24598849044364238
26.88,5.0400602989416345,5.004745246135512,0.23900764194958696
26.89,5.057654710020134,4.992015273872148,0.23282715731225362
26.900000000000002,5.07469286120097,4.97976273935662,0.22760960697763097
26.91,5.090901086951934,4.968279290981342,0.2235103005961095
26.92,5.106000569540041,4.957867178455773,0.22066439521489783
26.93,5.119726973605883,4.9488179352223,0.2191732435994909
26.94,5.131851929762311,4.941388278617765,0.219092644285144
26.95,5.142202233816258,4.935777796958382,0.22042580745369755
26.96,5.150672629006274,4.9321132229355005,0.22312293534075148
26.97,5.157229621522304,4.930442498640486,0.2270875315556387
26.98,5.161906320799377,4.930739030535736,0.23218772635570115
26.990000000000002,5.1647905822741444,4.932913863673268,0.23826984865261408
27.0,5.166009844135395,4.936832076856829,0.24517152117102076
27.01,5.165715848874703,4.942329766520884,0.2527324016693703
27.02,5.164071428659651,4.949229035776318,0.26080177800239934
27.03,5.161240358198196,4.957349710619181,0.26924309818283787
27.04,5.157380361731354,4.9665175651495845,0.2779360022361192
27.05,5.152638838767627,4.976569468531202,0.28677657697110137
27.060000000000002,5.147150675257391,4.987356127654752,0.29567649339775737
27.07,5.14103751768256,4.9987431145740535,0.30456154205145247
27.080000000000002,5.134407991698345,5.010610765959103,0.31336992295550437
27.09,5.127358476579853,5.022853402906192,0.3220505146222505
27.1,5.1199741647260755,5.035378188363017,0.3305612488082609
27.11,5.112330229160235,5.0481038330360475,0.338867652272502
27.12,5.1044929902690495,5.060959281754204,0.34694157615443694
27.13,5.096521019924142,5.073882457269459,0.35476011025324483
27.14,5.088466151816509,5.0868191019585725,0.3623046675341049
27.150000000000002,5.080374386005909,5.099721734698538,0.36956021901080455
27.16,5.07228668706393,5.112548726154549,0.3765146582303196
27.17,5.0642396815515,5.125263487644599,0.3831582751950723
27.18,5.056266263592081,5.1378337647107575,0.3894833221623602
27.19,5.04839611859458,5.15023102462004,0.39548365546925557
27.2,5.0406561751275305,5.162429926780828,0.40115444029232694
27.21,5.0330709944354135,5.174407865442707,0.4064919072363191
27.22,5.025663106195753,5.186144574928631,0.41149315161182715
27.23,5.018453298242614,5.197621788561152,0.4161559675672017
27.240000000000002,5.011460866837108,5.208822943692072,0.42047871123548575
27.25,5.004703833278319,5.219732926112073,0.42446018770411353
27.26,4.998199132039676,5.2303378478172275,0.42809955713407916
27.27,4.991962774284362,5.240624853573848,0.43139625762034617
27.28,4.986009990713574,5.250581951664074,0.43434994116221237
27.29,4.98035535664717,5.260197865362276,0.43696042093655374
27.3,4.975012902004044,5.269461901979274,0.43922762788045805
27.310000000000002,4.969996208322655,5.278363836906624,0.4411515752685776
27.32,4.9653184947329825,5.286893810368743,0.442732329984439
27.330000000000002,4.960992694507045,5.295042234920502,0.44396998942910876
27.34,4.957031523385452,5.302799712200383,0.44486466361365284
27.35,4.953447540920712,5.310156957427793,0.44541646157748505
27.36,4.950253205716969,5.317104730525433,0.4456254818169208
27.37,4.947460925323113,5.323633772888547,0.445491806447701
27.38,4.945083101466216,5.329734748906213,0.44501549877067015
27.39,4.943132170974967,5.33539819169349,0.44419660447729314
27.400000000000002,4.941620642829935,5.340614452407936,0.4430351563592336
27.41,4.940561131859888,5.345373652442818,0.441531182006916
27.42,4.939966388365394,5.349665639050363,0.43968471661654074
27.43,4.939849324735723,5.353479943126153,0.4374958188385561
27.44,4.940223038296643,5.356805739741598,0.4349645914311018
27.45,4.941100828778777,5.3596318128587646,0.4320912102081683
27.46,4.942496212091459,5.361946522311204,0.4288759571007827
27.47,4.944422930769048,5.3637377724807775,0.42531925592654085
27.48,4.946894952574458,5.3649929910396175,0.421421728292806
27.490000000000002,4.949926465003657,5.365699109708059,0.41718425112250496
27.5,4.9535318581511225,5.36584255440847,0.4126080299451487
27.51,4.957725694503794,5.365409246024691,0.4076946878983168
27.52,4.9625226632307475,5.364384614010207,0.40244637164083863
27.53,4.967937512663598,5.3627536290006015,0.396865881937418
27.54,4.973984957157795,5.3605008581501865,0.3909568299090646
27.55,4.980679550031276,5.35761055151464,0.38472382685893514
27.560000000000002,4.988035513390997,5.35406676884698,0.37817271445133605
27.57,4.9960665129707795,5.349853559106974,0.3713108437089535
27.580000000000002,5.004785362647364,5.344955208801781,0.3641474133582852
27.59,5.014203639111886,5.339356579990822,0.3566938801536623
27.6,5.024331182180061,5.3330435645336,0.34896445574700435
27.61,5.03517544975732,5.326003688686388,0.34097670734171387
27.62,5.0467406891948965,5.3182269109051585,0.33275228115336664
27.63,5.059026878284791,5.309706666204277,0.3243177691250034
27.64,5.072028380308547,5.30044122192209,0.31570573895635773
27.650000000000002,5.085732249899638,5.290435420829788,0.30695594315334834
27.66,5.100116121724829,5.279702896507357,0.298116714083699
27.67,5.115145618790803,5.268268845892485,0.28924653036606873
27.68,5.1307712360851925,5.256173429797693,0.28041570777020913
27.69,5.146924704827391,5.24347582587121,0.2717081072598499
27.7,5.163514934559482,5.230258865713813,0.26322266842029085
27.71,5.180423788833845,5.216634019987556,0.2550744534653275
27.72,5.1975021876534955,5.20274623407836,0.24739473811300555
27.73,5.214567345280507,5.188777756414643,0.24032953414130823
27.740000000000002,5.231402292473111,5.174949691682729,0.2340358393334798
27.75,5.247759071841252,5.161519684963238,0.22867499187685597
27.76,5.263366913083357,5.148774147473685,0.2244028858845409
27.77,5.277946041823133,5.13701406897218,0.2213575603619498
27.78,5.29122644742578,5.126534886682352,0.21964571227713084
27.79,5.302969171932093,5.1176028787398975,0.21933062650446947
27.8,5.312986220364209,5.110432328156645,0.22042432928506295
27.810000000000002,5.3211548810299645,5.105168271550858,0.22288603587371691
27.82,5.327423526704576,5.101878413121924,0.22662732433120913
27.830000000000002,5.3318083597716575,5.100555188467028,0.23152262345321936
27.84,5.334382947676082,5.101126227457295,0.2374224059669071
27.85,5.335263755061494,5.103469780912494,0.2441663394938417
27.86,5.334594927957637,5.1074314562130825,0.25159438091160147
27.87,5.332534704241068,5.112839487991802,0.2595548422356833
27.88,5.32924468865779,5.119517012726891,0.26790939544667625
27.89,5.324882235372933,5.127290946768416,0.2765354857678098
27.900000000000002,5.319595618050387,5.13599774156357,0.2853268713848064
27.91,5.313521390185048,5.145486637342136,0.29419294576959854
27.92,5.306783320625299,5.155621086886734,0.3030573809966093
27.93,5.299492372209785,5.1662789455105,0.3118564706688583
27.94,5.2917473146014675,5.177351894184299,0.3205374158291842
27.95,5.283635680642906,5.188744433227024,0.32905669495299134
27.96,5.27523487228412,5.200372675361945,0.3373785891985896
27.97,5.266613294203548,5.212163084538938,0.3454738899508406
27.98,5.257831443613564,5.224051248425091,0.3533187898533907
27.990000000000002,5.248942918257113,5.235980732960781,0.3608939448182794
28.0,5.239995325901058,5.247902041866929,0.3681836883388842
28.01,5.231031091581639,5.25977168818903,0.3751753776859668
28.02,5.222088166264609,5.271551375690214,0.381858852044694
28.03,5.213200644393651,5.283207282938864,0.38822598479919956
28.04,5.204399299603236,5.294709440416114,0.39427031381563543
28.05,5.195712048064423,5.3060311904165065,0.3999867366354212
28.060000000000002,5.187164348731854,5.3171487195095235,0.4053712590476283
28.07,5.178779549069282,5.3280406539615806,0.41042078741297594
28.080000000000002,5.170579183718469,5.338687709664088,0.4151329574034584
28.09,5.162583232973632,5.349072388744822,0.41950599231722796
28.1,5.1548103467642505,5.359178716300742,0.42353858610718426
28.11,5.147278039367975,5.368992011230814,0.42722980630598895
28.12,5.140002858912013,5.378498686428972,0.43057901405135046
28.13,5.133000535520944,5.387686073845437,0.43358579786646695
28.14,5.126286111288535,5.3965422706930575,0.43624991882242997
28.150000000000002,5.119874054534635,5.405056003866515,0.43857126566976923
28.16,5.113778360816928,5.413216509671332,0.44054981793044795
28.17,5.108012642516585,5.421013426675529,0.44218561595815004
28.18,5.10259020864587,5.428436699703973,0.443478736929197
28.19,5.097524136256858,5.435476493301131,0.4444292759747598
28.2,5.09282733460888,5.442123113239425,0.44503733185001215
28.21,5.088512603062375,5.448366934864522,0.44530299668973405
28.22,5.0845926835294915,5.454198337224845,0.44522634946814915
28.23,5.081080308041974,5.459607642220601,0.4448074531793332
28.240000000000002,5.077988242101278,5.464585057907502,0.44404635531841774
28.25,5.075329324156235,5.469120625422891,0.4429430917796092
28.26,5.073116501245469,5.473204169317839,0.4414976948370499
28.27,5.071362861571843,5.476825250330881,0.4397102040008264
28.28,5.07008166295273,5.479973121496105,0.4375806825288197
28.29,5.06928635768798,5.482636686838953,0.4351092385342607
28.3,5.06899061478601,5.484804461508719,0.43229604849691744
28.310000000000002,5.0692083355173425,5.486464537228647,0.4291413919550261
28.32,5.069953665191929,5.4876045499004835,0.425645690196569
28.330000000000002,5.071240998338785,5.488211651994366,0.421809554238931
28.34,5.073084975311725,5.488272491474071,0.41763384486515437
28.35,5.075500470643525,5.487773196691148,0.41311974198949136
28.36,5.078502568034993,5.486699372152116,0.4082688314669388
28.37,5.0821065201291615,5.485036106782264,0.4030832094084557
28.38,5.086327688893879,5.482767998678295,0.3975656077611678
28.39,5.091181460938135,5.47987920189198,0.39171954633779876
28.400000000000002,5.096683130583877,5.476353502375412,0.38554951732208254
28.41,5.102847742089998,5.472174431785165,0.3790612084285531
28.42,5.109689879387377,5.467325431095818,0.372261773387412
28.43,5.117223388607999,5.461790079371608,0.36516015989314865
28.44,5.125461014767291,5.455552407443306,0.35776750694208903
28.45,5.134413928824456,5.448597322056027,0.35009762590891785
28.46,5.144091115297132,5.4409111730756115,0.34216758182433304
28.47,5.154498583265687,5.432482505043804,0.333998393456842
28.48,5.165638355254,5.423303044592113,0.3256158721630164
28.490000000000002,5.177507179620867,5.4133689865879955,0.31705161908102775
28.5,5.190094903537393,5.402682653726575,0.30834419748737574
28.51,5.2033824388175,5.391254613165457,0.2995404870372345
28.52,5.217339253769814,5.379106337696988,0.2906972109201208
28.53,5.231920341714672,5.366273486401632,0.281882592025074
28.54,5.2470626574693595,5.352809843033201,0.27317804403042645
28.55,5.262681097641133,5.338791866398124,0.2646797197979699
28.560000000000002,5.278664244207816,5.324323656635049,0.2564996267431554
28.57,5.294870314034768,5.309541898353097,0.24876587428968056
28.580000000000002,5.311124058625142,5.294620000482022,0.2416214684661601
28.59,5.3272157009773915,5.279770246540635,0.23522096855967128
28.6,5.342903265442142,5.265242416456954,0.22972436844160762
28.61,5.357919652009812,5.251317263640335,0.2252878886495424
28.62,5.371985278408448,5.238293722899288,0.22205205227124494
28.63,5.3848259085473895,5.226469995691875,0.22012840295683786
28.64,5.39619359250041,5.216120554255476,0.21958720142770788
28.650000000000002,5.405887064543582,5.207472985236698,0.22044885862587865
28.66,5.413767388287077,5.200689426691251,0.22268132698135013
28.67,5.419765601710018,5.195856488680299,0.2262041652737053
28.68,5.423881334363841,5.192985181961683,0.23089816610079614
28.69,5.426173798421174,5.192019629292243,0.23661811446732303
28.7,5.426748133738546,5.19285142418061,0.24320593618802058
28.71,5.425740375579808,5.195336010514237,0.2505020938599076
28.72,5.4233035981090465,5.19930813633253,0.25835410717369317
28.73,5.419596670231681,5.204594635125734,0.2666220083479183
28.740000000000002,5.4147760596544705,5.211023915710203,0.2751811499665904
28.75,5.40899046011195,5.21843231643966,0.2839230312119458
28.76,5.402377704038273,5.226667868808125,0.29275481375048085
28.77,5.395063355171842,5.235592122751116,0.30159808022746487
28.78,5.387160439787453,5.245080634395848,0.3103872357375393
28.79,5.378769889909255,5.255022599627386,0.31906781472704315
28.8,5.369981389026598,5.2653199901642145,0.3275948490140567
28.810000000000002,5.360874409919786,5.275886438651708,0.3359313783535551
28.82,5.351519309680946,5.286646033676777,0.3440471373110168
28.830000000000002,5.341978400700489,5.297532123710447,0.35191742370728984
28.84,5.332306952648231,5.308486186541382,0.3595221385868276
28.85,5.322554103939308,5.319456792854402,0.36684498009888905
28.86,5.312763675638186,5.330398675096562,0.3738727716034542
28.87,5.302974889336787,5.341271902132994,0.38059490397820583
28.88,5.293222995074876,5.352041154373655,0.3870028743073437
28.89,5.283539817613064,5.362675090990339,0.39308990493830764
28.900000000000002,5.273954230219507,5.373145799508111,0.3988506287056814
28.91,5.264492564719395,5.383428318259712,0.4042808294829007
28.92,5.255178966233986,5.393500222366639,0.40937722798942566
28.93,5.246035700331566,5.403341264597903,0.4141373044504778
28.94,5.2370834189809745,5.412933063860957,0.41855915250128156
28.95,5.228341391437758,5.422258834342858,0.4226413581053265
28.96,5.219827705086997,5.431303149531714,0.426382899310934
28.97,5.211559440529928,5.4400517361559695,0.4297830634223192
28.98,5.203552824766624,5.4484912935770256,0.43284137838904935
28.990000000000002,5.195823365556389,5.456609335022236,0.4355575562946302
29.0,5.188385969886399,5.464394047241897,0.4379314465056242
29.01,5.181255048582219,5.471834166150629,0.43996299758337853
29.02,5.174444609273705,5.478918865854821,0.441652226101101
29.03,5.167968339288118,5.485637659168635,0.44299919158730894
29.04,5.161839679881953,5.491980307910568,0.4440039767918997
29.05,5.156071893040891,5.497936741482835,0.4446666725685956
29.060000000000002,5.1506781218291025,5.503496982509966,0.4449873669517654
29.07,5.145671445158776,5.508651078440414,0.44496613800687385
29.080000000000002,5.141064927628549,5.51338903825436,0.4446030503261194
29.09,5.136871665030912,5.517700773477373,0.44389815494514256
29.1,5.133104825753774,5.5215760430882215,0.4428514931460363
29.11,5.129777688921675,5.525004401274018,0.4414631029808334
29.12,5.126903678607326,5.527975148535353,0.43973303067893077
29.13,5.1244963948230735,5.530477285227478,0.4376613457661878
29.14,5.122569641423001,5.5324994672104,0.4352481597944323
29.150000000000002,5.121137448935207,5.534029965417377,0.432493653224158
29.16,5.120214093442045,5.535056627983766,0.42939810764690545
29.17,5.119814112907011,5.535566843301691,0.42596193971401003
29.18,5.119952313791333,5.53554751100606,0.42218575184513996
29.19,5.12064377199206,5.534985016548387,0.41807038925670215
29.2,5.121903825155604,5.533865212082133,0.41361700789973266
29.21,5.123748052360807,5.532173407429646,0.40882715927811986
29.22,5.126192240380383,5.529894371668169,0.40370289025444595
29.23,5.12925233007409,5.527012351570674,0.39824686659400993
29.240000000000002,5.132944339864688,5.523511109765655,0.392462520314852
29.25,5.137284258427489,5.519373990384645,0.386354228793086
29.26,5.142287898482721,5.514584020325166,0.37992753132576457
29.27,5.147970700459696,5.509124057568909,0.37318939165982773
29.28,5.15434747213187,5.50297700095618,0.3661485158472117
29.29,5.161432046095797,5.496126080475229,0.35881573734710676
29.3,5.169236832331825,5.48855525239081,0.35120448298963236
29.310000000000002,5.177772236987812,5.480249730536419,0.34333133587891046
29.32,5.187045911448119,5.471196693448621,0.3352167132273763
29.330000000000002,5.197061787471086,5.4613862170663126,0.3268856785615478
29.34,5.207818845089723,5.450812494202119,0.3183689079845739
29.35,5.219309551627355,5.439475413485284,0.30970382662957274
29.36,5.231517903292637,5.427382581370627,0.3009359249397708
29.37,5.244417001719776,5.414551874658421,0.2921202461083172
29.38,5.257966109562162,5.4010146043978065,0.2833230090232003
29.39,5.272107166520919,5.386819339249862,0.2746232795715538
29.400000000000002,5.286760820898138,5.372036364482418,0.2661145292930707
29.41,5.301822164213253,5.356762615772834,0.2579058117103163
29.42,5.317156563453606,5.341126703667091,0.2501221494718184
29.43,5.332596274419284,5.325293320921987,0.24290357693681403
29.44,5.347938857969949,5.309465928039479,0.236402173117125
29.45,5.362948714872706,5.293886237735785,0.23077644083102702
29.46,5.377363115099926,5.278828873346058,0.22618265770779936
29.47,5.390903683856116,5.2645899388908175,0.22276344675359763
29.48,5.403293232012398,5.25146935246797,0.22063474569971184
29.490000000000002,5.4142762013310435,5.239748583294028,0.21987334489036578
29.5,5.423639353919499,5.229667357525315,0.220507691311133
29.51,5.43122854376339,5.221403980091034,0.2225142880532941
29.52,5.436958076094843,5.215063398081037,0.2258206699783467
29.53,5.440811169218475,5.210675031005052,0.23031414121404034
29.54,5.442832466758234,5.208199672419458,0.23585403926463167
29.55,5.4431153123203,5.207542668925888,0.24228481552198872
29.560000000000002,5.441787027729861,5.208569820412459,0.24944768925952965
29.57,5.438994883701393,5.211122926816263,0.2571895861140693
29.580000000000002,5.434894411432351,5.215033006219619,0.2653690505666926
29.59,5.429640655224546,5.220130375429584,0.27385944139395146
29.6,5.423382272235247,5.226251593591873,0.2825500593465049
29.61,5.416257995252619,5.233243743040031,0.2913458662777854
29.62,5.408394874125369,5.240966668329406,0.30016636813884806
29.63,5.399907749026012,5.249293775023209,0.3089440821967788
29.64,5.390899513571332,5.258111885730693,0.3176228700716006
29.650000000000002,5.38146184058879,5.267320528515501,0.32615630723574207
29.66,5.37167614403946,5.276830921777937,0.3345061810882587
29.67,5.361614629121141,5.286564831261045,0.3426411584578548
29.68,5.3513413394054155,5.296453409667471,0.35053563222066036
29.69,5.340913148852541,5.3064360839536375,0.35816873952131634
29.7,5.330380672132286,5.316459525073914,0.3655235354250993
29.71,5.319789082762873,5.326476715568257,0.3725863028569278
29.72,5.309178838270041,5.336446118442441,0.3793459790481004
29.73,5.298586316925783,5.346330943982584,0.3857936806411227
29.740000000000002,5.288044373470437,5.356098507348843,0.39192231097764135
29.75,5.277582822225849,5.365719668243428,0.3977262357775111
29.76,5.267228856180154,5.375168343451976,0.40320101536630787
29.77,5.2570074102382165,5.3844210832839625,0.4083431834515291
29.78,5.246941476071146,5.3934567036481935,0.413150064341791
29.79,5.237052375289834,5.402255966207672,0.41761962177316964
29.8,5.22735999673575,5.410801300037863,0.42175033401501605
29.810000000000002,5.217883003236134,5.419076558692802,0.4255410900714662
29.82,5.208639011915697,5.427066807948132,0.42899110419083736
29.830000000000002,5.199644752116084,5.434758139550882,0.43209984492191833
29.84,5.190916204141572,5.442137507228721,0.43486697638496136
29.85,5.18246872147839,5.4491925818424125,0.43729231004227126
29.86,5.174317139010062,5.45591162272853,0.4393757649655279
29.87,5.166475869130403,5.462283362961164,0.44111733555574095
29.88,5.158958987592244,5.468296906353775,0.4425170653631986
29.89,5.1517803104023585,5.473941634596363,0.4435750265078195
29.900000000000002,5.144953463112319,5.47920712290112,0.4442913037654281
29.91,5.138491943516768,5.484083062898394,0.4446659828832368
29.92,5.132409178583328,5.488559191730958,0.444699142866656
29.93,5.126718576423746,5.4926252263194195,0.44439085178202803
29.94,5.121433573699215,5.496270802207734,0.4437411663921252
29.95,5.116567679265356,5.499485415976168,0.4427501347772521
29.96,5.112134513932048,5.502258371166348,0.44141780308967
29.97,5.108147846874609,5.5045787269804585,0.4397442258875291
29.98,5.104621628893858,5.50643524935977,0.43772948005286694
29.990000000000002,5.101570021422047,5.507816365367336,0.43537368517414987
30.0,5.099007422434599,5.50871011947668,0.4326770277682205
30.01,5.096948489299206,5.509104131517893,0.4296397891113741
30.02,5.095408154192732,5.508985560480414,0.42626238620608436
30.03,5.094401636278756,5.508341069656803,0.4225454154339962
30.04,5.093944445786667,5.507156797792206,0.4184897086208794
30.05,5.094052379243562,5.505418336707029,0.41409640121746927
30.060000000000002,5.094741505154341,5.503110715822244,0.40936701169630946
30.07,5.096028133947929,5.500218399521686,0.4043035419926209
30.080000000000002,5.09792877171266,5.496725297553808,0.3989085954120833
30.09,5.100460050674748,5.492614795308814,0.3931855208119237
30.1,5.103638631167675,5.487869809059931,0.3871385860252751
30.11,5.107481066087686,5.4824728751197025,0.380773188564749
30.12,5.112003617942112,5.476406282921023,0.374096110108296
30.13,5.1172220146477745,5.469652266245485,0.3671158248210949
30.14,5.123151126872606,5.462193270583024,0.35984287263275444
30.150000000000002,5.129804544996241,5.454012319909898,0.352290310685087
30.16,5.137194027844867,5.445093512940101,0.3444742585656078
30.17,5.145328788530321,5.435422686936323,0.33641455465865827
30.18,5.1542145743695205,5.424988297205892,0.3281355428396216
30.19,5.163852489130021,5.413782571440526,0.3196670084301944
30.2,5.1742374966591385,5.401803010317547,0.3110452804407167
30.21,5.185356538057837,5.389054316619716,0.30231450990989817
30.22,5.197186193118082,5.375550841362053,0.2935281188448928
30.23,5.209689825932391,5.361319631592417,0.2847503887746831
30.240000000000002,5.222814186661632,5.346404137453442,0.2760581098319436
30.25,5.236485506197549,5.33086857426439,0.26754214445882984
30.26,5.250605242119168,5.314802811065202,0.25930865478470194
30.27,5.265045825445699,5.298327452732904,0.2514796141349108
30.28,5.279647032516051,5.2815984773146285,0.24419207599247464
30.29,5.2942139383425495,5.26481040405186,0.23759555773107463
30.3,5.308517718250174,5.248196578998037,0.23184689285355042
30.310000000000002,5.322300681871829,5.232024959234551,0.22710212879366498
30.32,5.335286612069581,5.2165880243607505,0.2235056026158487
30.330000000000002,5.347196543230045,5.2021863972985765,0.22117720971896654
30.34,5.35776857690058,5.189107435599405,0.22019985726855032
30.35,5.366778674325544,5.177601979574901,0.22060972469000215
30.36,5.374058365336806,5.167863745432228,0.22239173522272693
30.37,5.379505694716664,5.160015658648202,0.22548145878852166
30.38,5.38308750117732,5.154105611436154,0.22977292513278139
30.39,5.38483351780301,5.150111482548607,0.2351303287541826
30.400000000000002,5.38482469823957,5.147953007816233,0.24140097274366848
30.41,5.383178933530327,5.147507067788722,0.24842712550087725
30.42,5.380036960006801,5.148623216291136,0.25605535644693833
30.43,5.375550288642501,5.151137276683322,0.2641428875944441
30.44,5.36987194756557,5.1548819783704705,0.272561192757561
30.45,5.363150061545288,5.159694490765529,0.2811974341726569
30.46,5.355523861361397,5.165421232983884,0.28995439934444134
30.47,5.347121562496216,5.171920545222596,0.2987495198872989
30.48,5.338059566925355,5.179063817627933,0.30751341352042916
30.490000000000002,5.328442533063894,5.186735585867504,0.3161882496177044
30.5,5.318363970170018,5.194832985875751,0.3247261244772872
30.51,5.307907114949434,5.203264849409352,0.33308754962533893
30.52,5.297145929223687,5.211950631184966,0.3412401015256886
30.53,5.286146117339217,5.2208192900760855,0.34915724726436237
30.54,5.274966103667824,5.229808198443617,0.35681734138142573
30.55,5.263657938284226,5.238862120929804,0.36420277947091984
30.560000000000002,5.252268116665638,5.247932282686358,0.37129928976377036
30.57,5.240838310053627,5.256975533754533,0.3780953437228147
30.580000000000002,5.2294060094537995,5.26595360830522,0.3845816672067716
30.59,5.218005089522973,5.274832473113306,0.3907508359870601
30.6,5.206666300089557,5.283581757476141,0.3965969415337365
30.61,5.19541769354688,5.2921742558836655,0.4021153146876392
30.62,5.1842849959234485,5.300585494995125,0.4073022975109672
30.63,5.173291929070745,5.308793356718991,0.4121550545879744
30.64,5.162460490568098,5.316777750025835,0.41667141697292015
30.650000000000002,5.151811197249602,5.324520324828837,0.4208497529397599
30.66,5.14136329744873,5.332004222130636,0.42468886103748504
30.67,5.131134956398771,5.339213855341483,0.4281878816149005
30.68,5.121143418821667,5.34613471812899,0.43134622321384325
30.69,5.111405151684766,5.352753215305918,0.4341635021086029
30.7,5.1019359702305955,5.359056513151859,0.43663949217725884
30.71,5.092751149576979,5.365032406451687,0.43877408372678656
30.72,5.083865523934413,5.370669199821075,0.4405672499264863
30.73,5.075293575239025,5.375955601175512,0.4420190196452058
30.740000000000002,5.067049512682933,5.380880625553054,0.4431294558441702
30.75,5.059147344394989,5.385433507758393,0.44389863886980513
30.76,5.0516009423659645,5.389603622477016,0.44432665406553606
30.77,5.044424101485477,5.393380410756412,0.444413583394297
30.78,5.037630593502257,5.396753311817885,0.4441595006553233
30.79,5.031234216414854,5.39971169948418,0.4435644703962096
30.8,5.025248839934861,5.402244822370795,0.4426285500956651
30.810000000000002,5.019688447001601,5.404341747672542,0.44135179659595675
30.82,5.014567172251175,5.405991307422208,0.4397342753766846
30.830000000000002,5.0098993369633975,5.407182047511842,0.43777607434867727
30.84,5.005699480159307,5.407902179598798,0.4354773232945275
30.85,5.001982387374687,5.4081395341193765,0.4328382155783244
30.86,4.9987631144492415,5.4078815168885725,0.4298590381110621
30.87,4.996057005567387,5.4071150698020585,0.4265402109329144
30.88,4.993879707840863,5.405826633045677,0.42288233040843853
30.89,4.992247182141633,5.404002108850332,0.4188862157967508
30.900000000000002,4.99117569751887,5.401626839285493,0.41455298551719755
30.91,4.990681822461791,5.398685584361396,0.409884131209995
30.92,4.990782400461721,5.395162512803618,0.40488161408307577
30.93,4.991494509146402,5.391041205901641,0.39954798055960633
30.94,4.992835398024022,5.386304679127891,0.3938865019686133
30.95,4.994822398647115,5.380935427499334,0.3879013436077051
30.96,4.997472799613137,5.37491550213824,0.38159776887332264
30.970000000000002,5.000803676174941,5.368226628284649,0.37498238628126934
30.98,5.00483166146618,5.360850378020716,0.3680634485416968
30.990000000000002,5.009572642915483,5.352768414766601,0.3608512142807557
31.0,5.015041362636898,5.343962831942345,0.3533583854692832
31.01,5.02125089514735,5.334416614429665,0.34560063537135677
31.02,5.028211968803274,5.3241142595786455,0.33759724412292624
31.03,5.035932089493276,5.313042603983548,0.32937186029658455
31.04,5.044414416041285,5.301191913576868,0.3209534074459733
31.05,5.053656327742366,5.288557306641506,0.31237715249567455
31.060000000000002,5.063647616920596,5.275140590795566,0.30368594630035234
31.07,5.074368235944475,5.260952603334384,0.2949316343062018
31.080000000000002,5.085785536132846,5.246016141876247,0.2861766083216911
31.09,5.097850960795076,5.230369553050303,0.2774954317111097
31.1,5.110496214812657,5.214070990667711,0.2689764011478459
31.11,5.123629040487845,5.197203246704308,0.26072281598408115
31.12,5.137128908152672,5.17987886911352,0.2528535993433851
31.13,5.150843187632316,5.162244995943133,0.24550277375065918
31.14,5.1645846912448885,5.144486960433947,0.23881717292895008
31.150000000000002,5.1781317987460564,5.126829326182339,0.2329517463717807
31.16,5.191232540222593,5.109532754456822,0.2280619945423299
31.17,5.203613798167589,5.092885244763165,0.22429356656424865
31.18,5.214995976394242,5.077187095957277,0.22176987331456094
31.19,5.2251120588158075,5.062730474792151,0.22057953475289327
31.2,5.233728319087051,5.049776389440721,0.22076618324748934
31.21,5.240662776513151,5.038533341452313,0.22232307111233743
31.220000000000002,5.245797597771043,5.029142054503149,0.2251939162470303
31.23,5.249083162473812,5.021669177114705,0.22927975431882414
31.240000000000002,5.250533819677432,5.016110334694906,0.2344500123711966
31.25,5.250217394731034,5.0124005433118315,0.24055523965108724
31.26,5.248241485332939,5.010428729271933,0.2474391074318543
31.27,5.244739422534893,5.010053116573845,0.2549481089962696
31.28,5.239857896162328,5.011115124233378,0.262938344121006
31.29,5.233747224758525,5.01345052868448,0.2712795273318042
31.3,5.226554426393913,5.016897587397531,0.2798567491585184
31.310000000000002,5.218418768535494,5.021302395251165,0.2885706467430907
31.32,5.209469269826803,5.026522013249583,0.2973365728048863
31.330000000000002,5.199823613563398,5.032425953308325,0.30608322344073974
31.34,5.189588008359165,5.0388965363657094,0.3147510442411182
31.35,5.178857637150234,5.045828532426798,0.32329061675073667
31.36,5.16771743691776,5.053128381608769,0.3316611404591212
31.37,5.156243034725258,5.060713202546228,0.33982906681632474
31.38,5.14450172824681,5.068509723278797,0.34776690505516694
31.39,5.132553443256955,5.076453218381884,0.35545219823154744
31.400000000000002,5.120451630496633,5.084486500769363,0.362866656770722
31.41,5.108244083743632,5.092558993254595,0.36999543180238464
31.42,5.095973673001574,5.10062589012154,0.37682650955791896
31.43,5.083678993932282,5.108647409851371,0.3833502083646418
31.44,5.071394938528434,5.1165881350625755,0.38955876219571084
31.45,5.059153194037715,5.124416432890241,0.3954459761336582
31.46,5.046982677799859,5.132103947903028,0.4010069414494509
31.470000000000002,5.034909915592208,5.139625159448889,0.4062378001165977
31.48,5.022959370645801,5.146956995603831,0.41113555014705466
31.490000000000002,5.011153730005072,5.15407849631567,0.4156978841875521
31.5,4.9995141538846735,5.160970519389002,0.41992305619399783
31.51,4.988060493264156,5.167615483359886,0.42380977095032213
31.52,4.976811480324718,5.173997141999066,0.42735709220709917
31.53,4.96578489531333,5.1801003862840584,0.43056436699696643
31.54,4.95499771344229,5.185911069667819,0.4334311627433792
31.55,4.9444662345428645,5.191415853448461,0.4359572154230641
31.560000000000002,4.934206198005474,5.196602069262478,0.4381423868182896
31.57,4.924232885021313,5.2014575962973755,0.43998662966126406
31.580000000000002,4.914561209983192,5.2059707510065785,0.4414899593564292
31.59,4.9052058025841845,5.210130187467235,0.4426524313477684
31.6,4.896181081837897,5.213924806868772,0.4434741235933314
31.61,4.887501323189139,5.217343674692262,0.443955123431193
31.62,4.879180719635291,5.220375944412306,0.44409551844611783
31.63,4.871233437587623,5.223010786760582,0.4438953911642212
31.64,4.863673668195723,5.225237323601862,0.4433548172002708
31.650000000000002,4.856515674480731,5.22704456586706,0.4424738671922095
31.66,4.849773834810176,5.228421354792869,0.44125261222467016
31.67,4.8434626831057885,5.229356305861075,0.4396911325852183
31.68,4.837596945260966,5.229837755764588,0.4377895317268221
31.69,4.832191572922255,5.2298537109924945,0.4355479531239581
31.7,4.8272617734567635,5.229391799008063,0.43296660296217354
31.71,4.822823035127744,5.228439222763657,0.4300457809517773
31.720000000000002,4.818891149348994,5.2269827163721105,0.4267859145257965
31.73,4.815482229090162,5.225008502608081,0.4231875980181485
31.740000000000002,4.812612716361576,5.222502259105315,0.41925165189730385
31.75,4.8102993865779835,5.219449084991931,0.414979182528063
31.76,4.808559340901145,5.215833476650097,0.41037166041647993
31.77,4.8074099867831785,5.211639312000109,0.40543101315835933
31.78,4.806869002809286,5.2068498468829345,0.40015973746101696
31.79,4.806954282767714,5.201447728293695,0.3945610355210622
31.8,4.80768385405071,5.19541502907603,0.38863897879537807
31.810000000000002,4.809075762481658,5.188733311781062,0.3823987060854967
31.82,4.811147913826689,5.181383731361662,0.375846663384422
31.830000000000002,4.813917859898193,5.173347188944496,0.36899089366996274
31.84,4.81740251324071,5.16460455318123,0.3618413874162417
31.85,4.821617770183652,5.155136970404649,0.35441050617904035
31.86,4.8265780166419345,5.144926290986025,0.3467134936025212
31.87,4.832295484296656,5.133955647151881,0.33876909043267844
31.88,4.8387794171552,5.122210226734205,0.3306002712982605
31.89,4.846034999388387,5.109678298638092,0.32223512202972554
31.900000000000002,4.854061986461014,5.0963525576922155,0.31370787398212385
31.91,4.862852973122556,5.08223186895401,0.3050601068961823
31.92,4.872391227753037,5.067323500601049,0.2963421194355663
31.93,4.88264802746144,5.051645935498447,0.287614443187722
31.94,4.893579449535005,5.035232336496184,0.2789494388361429
31.95,4.905122627090922,5.018134693181133,0.2704328503061306
31.96,4.9171915737649865,5.000428581741256,0.2621651056615371
31.970000000000002,4.929672846229348,4.982218297679448,0.25426203351013665
31.98,4.942421554890164,4.963641856001409,0.24685452674667668
31.990000000000002,4.955258545800589,4.944874994157732,0.24008656141526138
32.0,4.96796990208604,4.926132913851084,0.23411093631484695
32.01,4.98031011716966,4.90766819957069,0.22908224055552517
32.02,4.992010165582039,4.889763390959561,0.22514699264078483
32.03,5.002791003994649,4.872717349804669,0.22243164647597832
32.04,5.01238174808836,4.856825936830216,0.22103012165613836
32.05,5.020540101501224,4.84235941184032,0.22099323217408065
32.06,5.027071362311336,4.829540538501777,0.22232250158859013
32.07,5.0318421373169455,4.818527838492793,0.22496996819631998
32.08,5.034786156019666,4.809407252610116,0.2288440346151302
32.09,5.035901753513636,4.802193120733679,0.23381982985092495
32.1,5.035242698623167,4.796836963042125,0.23975163845642794
32.11,5.032905228361286,4.793241044498785,0.24648497462774258
32.12,5.029014195396112,4.791273472640786,0.25386660518099696
32.13,5.023710481020441,4.790782302546614,0.26175175695964925
32.14,5.01714083989109,4.791607186237173,0.2700085424699088
32.15,5.009450476047016,4.793588086671625,0.2785200631396815
32.160000000000004,5.000778126458455,4.796571204382745,0.28718483341375994
32.17,4.991253168687119,4.8004125968444695,0.29591611760620185
32.18,4.9809942254493835,4.804980053641428,0.3046406576634105
32.19,4.970108795965488,4.810153748194614,0.31329713020613636
32.2,4.958693541964958,4.815826088935994,0.32183455131219846
32.21,4.946834955957561,4.821901086189071,0.33021075681298584
32.22,4.934610224011016,4.8282934572509575,0.3383910234232685
32.230000000000004,4.922088160333832,4.834927618285178,0.3463468562826557
32.24,4.909330137804487,4.841736657327881,0.35405494494803696
32.25,4.896390970740545,4.848661344718489,0.36149627715476723
32.26,4.8833197273597495,4.855649211771543,0.36865539383308166
32.27,4.870160462812679,4.862653711974147,0.37551976699639106
32.28,4.856952871789905,4.869633468713049,0.3820792823959599
32.29,4.84373286431366,4.8765516074886115,0.3883258106640372
32.3,4.830533070823369,4.883375167100708,0.3942528520465832
32.31,4.817383283525793,4.890074582858252,0.3998552426312294
32.32,4.80431084128654,4.896623234172365,0.40512891131472556
32.33,4.791340965075578,4.902997048956158,0.4100706785094574
32.34,4.778497050251251,4.909174157905899,0.4146780897059687
32.35,4.765800921587367,4.915134592055317,0.41894927744196886
32.36,4.753273056058524,4.920860017919952,0.42288284705700735
32.37,4.740932778006945,4.926333504945819,0.42647778171633316
32.38,4.728798430395849,4.931539320973751,0.42973336396349887
32.39,4.716887525637127,4.9364627516643615,0.4326491106802962
32.4,4.705216878942501,4.94108994042981,0.43522471914036903
32.410000000000004,4.693802726496001,4.945407746131815,0.43746002282556323
32.42,4.682660830763129,4.9494036158056165,0.43935495506428895
32.43,4.671806574666154,4.953065470314832,0.44090951955239743
32.44,4.661255046212645,4.95638160100995,0.4421237667314622
32.45,4.651021114895551,4.9593405757639735,0.44299777530128354
32.46,4.64111950097839,4.961931152987917,0.4435316383232554
32.47,4.6315648386895845,4.964142202334107,0.4437254533091684
32.480000000000004,4.622371734007481,4.965962631162088,0.4435793162830334
32.49,4.613554817829972,4.9673813157287166,0.4430933193017934
32.5,4.6051287948573565,4.968387036551029,0.4422675518646283
32.51,4.597108488955727,4.968968416932332,0.4411021053638782
32.52,4.589508884797184,4.969113864645401,0.43959708192758196
32.53,4.582345166368223,4.968811515933791,0.4377526069035294
32.54,4.575632752405877,4.968049181531279,0.43556884527119805
32.55,4.569387327561132,4.966814295679917,0.4330460251665909
32.56,4.563624870591514,4.9650938665321425,0.43018446538575333
32.57,4.558361679610949,4.962874427626152,0.42698460656991816
32.58,4.553614389308356,4.960141995316207,0.4234470575193109
32.59,4.549399985080168,4.956882026755372,0.419572643888248
32.6,4.545735808495168,4.953079383761447,0.4153624708051459
32.61,4.542639553579552,4.948718302680724,0.4108179982874452
32.62,4.540129252223667,4.943782371563018,0.4059411303638977
32.63,4.538223243298089,4.938254519689144,0.40073432578921053
32.64,4.536940123539756,4.932117020982241,0.39520072919818233
32.65,4.5362986733400765,4.925351517825641,0.3893443304266906
32.660000000000004,4.536317750791636,4.917939071631526,0.38317015673695276
32.67,4.537016144670359,4.909860249306945,0.37668450522817576
32.68,4.538412374689342,4.901095257303875,0.369895223561867
32.69,4.5405244237634275,4.891624138856918,0.3628120493010916
32.7,4.543369382993272,4.881427054535746,0.35544701967238984
32.71,4.546962984781921,4.870484672275682,0.34781496566114034
32.72,4.55131899306276,4.8587787005709435,0.33993410635295707
32.730000000000004,4.556448412099672,4.846292607596474,0.3318267607954975
32.74,4.562358466441654,4.833012580105932,0.3235201956340124
32.75,4.56905129573788,4.818928787855307,0.31504762471625825
32.76,4.576522299118876,4.8040370323487,0.30644937298196245
32.77,4.584758059228511,4.788340868497333,0.2977742047151763
32.78,4.593733778057611,4.771854291968169,0.2890807963936831
32.79,4.603410174692474,4.754605073862651,0.28043929878298984
32.8,4.613729840184297,4.736638785332975,0.2719328754281
32.81,4.624613131218252,4.7180234709689435,0.26365902405705366
32.82,4.635953834100075,4.698854774525813,0.2557303732595772
32.83,4.647615054748029,4.67926107610217,0.24827451606019144
32.84,4.659426088864689,4.659407858009627,0.24143231677365143
32.85,4.67118135124626,4.639500119478255,0.2353540712417564
32.86,4.682642677949123,4.619781328121615,0.23019300711549273
32.87,4.693546265882275,4.6005273461170395,0.22609598919437332
32.88,4.7036149467317205,4.582034284718901,0.22319198299343004
32.89,4.712575331655497,4.564600459677781,0.22157975103510333
32.9,4.720177758894507,4.548504431816859,0.2213170153539806
32.910000000000004,4.726215626042119,4.533982788828517,0.22241355217723063
32.92,4.730540254181051,4.521212066899166,0.22482997566441323
32.93,4.733068401111121,4.510298377309235,0.2284825375755556
32.94,4.733781544889849,4.501276182971637,0.2332526828036813
32.95,4.732718193503918,4.494115227437001,0.23899906960841522
32.96,4.729961845163687,4.488732908478461,0.24556963125906403
32.97,4.725627485454302,4.485008894131544,0.25281186978911946
32.980000000000004,4.719848904331166,4.482799310958799,0.2605804734971416
32.99,4.712768174548988,4.4819488307824065,0.26874216366490267
33.0,4.7045277557858,4.482299972012332,0.27717816512112486
33.01,4.695265104438408,4.483699628389063,0.2857849074577317
33.02,4.685109366702692,4.486003223829756,0.29447355317750556
33.03,4.674179648455583,4.489077025385423,0.3031688442619267
33.04,4.6625843916781315,4.4927991319065,0.31180762422638
33.05,4.650421474640971,4.497059572794185,0.32033727110034227
33.06,4.637778749620064,4.50175984973474,0.32871418256791124
33.07,4.624734817044293,4.506812160652269,0.3369023882941433
33.08,4.611359902082276,4.512138469048207,0.3448723215521697
33.09,4.597716748929362,4.517669524723809,0.35259975637468266
33.1,4.583861482414601,4.523343901136346,0.360064902008927
33.11,4.56984440952453,4.529107086813549,0.3672516396228884
33.12,4.555710748278672,4.534910649859603,0.37414688345035857
33.13,4.541501280537788,4.540711482938638,0.3807400486750565
33.14,4.52725293070796,4.546471129019596,0.387022609730044
33.15,4.5129992753353925,4.552155183952294,0.39298773388541064
33.160000000000004,4.498770989800718,4.557732770024917,0.39862997807921036
33.17,4.484596238892229,4.563176073572119,0.4039450379453972
33.18,4.470501018020555,4.568459939435129,0.408929539604286
33.19,4.4565094510717325,4.57356151574105,0.413580867620523
33.2,4.442644050729567,4.578459942498626,0.4178970222313515
33.21,4.428925946349139,4.583136078271811,0.421876500782818
33.22,4.415375083676511,4.587572260007305,0.42551819964577636
33.230000000000004,4.402010400478859,4.591752091321006,0.42882133266547673
33.24,4.388849981326233,4.595660255446408,0.43178536373518406
33.25,4.37591119459448,4.599282349236786,0.43440995076340555
33.26,4.363210814005616,4.602604735443613,0.4366948997065223
33.27,4.350765127013842,4.605614410513071,0.4386401267244925
33.28,4.338590031861252,4.6082988856832126,0.4402456273158213
33.29,4.326701124810899,4.6106460795160675,0.4415114516318517
33.3,4.3151137789958955,4.612644220087453,0.4424376849712839
33.31,4.303843215988594,4.614281755425668,0.44302443296972244
33.32,4.2929045710949305,4.615547270904479,0.44327181095330614
33.33,4.282312953167865,4.616429412525823,0.4431799372011632
33.34,4.272083499611238,4.616916815160262,0.44274892993824505
33.35,4.262231427184706,4.6169980348776,0.4419789078232797
33.36,4.25277207899868,4.616661484729432,0.4408699940486739
33.37,4.243720967922993,4.61589537351163,0.4394223244198182
33.38,4.235093816974426,4.614687646668121,0.4376360587032715
33.39,4.2269065958481375,4.613025929938958,0.4355113978518932
33.4,4.219175554478808,4.610897474548524,0.4330486052215331
33.410000000000004,4.211917253824846,4.608289103436873,0.430248031364894
33.42,4.20514859072928,4.605187161446803,0.4271101499138458
33.43,4.198886819813429,4.601577466058056,0.42363559675356455
33.44,4.193149568867732,4.5974452619171355,0.41982522008216067
33.45,4.187954846999464,4.592775179486046,0.4156801415564203
33.46,4.1833210453693885,4.587551197534121,0.4112018269227895
33.47,4.179266924942514,4.581756614653013,0.4063921759800562
33.480000000000004,4.175811591378389,4.575374029152712,0.40125362763961414
33.49,4.172974451099816,4.568385332856664,0.39578928820123566
33.5,4.170775144277485,4.560771722590006,0.3900030853077184
33.51,4.169233447304386,4.552513736380191,0.3838999545200279
33.52,4.168369136573374,4.543591322244155,0.37748606409687424
33.53,4.168201802104193,4.533983950887261,0.3707690865251638
33.54,4.168750596583161,4.523670786919357,0.3637585264854552
33.55,4.170033901492186,4.512630937553336,0.35646611646262805
33.56,4.172068886788306,4.500843803688773,0.34890629350298435
33.57,4.174870934557287,4.4882895653976504,0.34109677226639096
33.58,4.178452889719148,4.474949842741679,0.33305923102286755
33.59,4.18282409222262,4.4608085837271245,0.32482012825307405
33.6,4.187989136372118,4.445853243104095,0.3164116657221037
33.61,4.193946293754563,4.4300763291046295,0.3078729105016946
33.62,4.2006855308197455,4.413477406104336,0.2992510772448483
33.63,4.208186052306614,4.3960656478273075,0.29060295421529486
33.64,4.216413316241542,4.37786302885736,0.28199642356903026
33.65,4.225315504721036,4.3589082111365105,0.27351197403436905
33.660000000000004,4.234819511363027,4.339261110133569,0.2652440289000528
33.67,4.244826641210404,4.319007987780666,0.25730180617730175
33.68,4.255208425098562,4.298266696068954,0.2498093030265239
33.69,4.265803231427054,4.277191374059338,0.2429038729720007
33.7,4.27641467677497,4.255975511459986,0.2367327972140621
33.71,4.286813093353326,4.234851933964579,0.23144732650592034
33.72,4.2967413303795094,4.21408813422325,0.2271939923209821
33.730000000000004,4.305925720688415,4.193975741498653,0.22410360599145573
33.74,4.314092023099622,4.174813970371672,0.22227923303460181
33.75,4.320984642479613,4.156888579455946,0.22178521016680297
33.76,4.326386022771917,4.140449601127843,0.2226396093198734
33.77,4.330132459309968,4.125692102112948,0.22481202077117632
33.78,4.332123242257586,4.112743776483244,0.2282272418984893
33.79,4.332321822919273,4.101661341389262,0.23277390423558658
33.8,4.330749799360169,4.092435317752889,0.23831594462670277
33.81,4.3274760393092215,4.085000890163102,0.24470453706721468
33.82,4.322603741881844,4.079251770770923,0.2517885855423472
33.83,4.316257813374239,4.075054294950936,0.2594227247802651
33.84,4.308574069559024,4.0722598631868205,0.26747259894352315
33.85,4.299690900113815,4.0707148249820975,0.275817725673444
33.86,4.289743401004161,4.070267650281765,0.2843525095240953
33.87,4.278859627857759,4.070773683565725,0.29298599385876245
33.88,4.267158497646073,4.072097963582038,0.30164085340401975
33.89,4.254748875778775,4.074116613242551,0.31025200208852055
33.9,4.241729459176489,4.076717240878742,0.3187650691038977
33.910000000000004,4.228189156847473,4.079798701146085,0.3271348989779256
33.92,4.214207753773102,4.083270472143851,0.3353241615741978
33.93,4.199856712391484,4.087051827883917,0.3433021117002371
33.94,4.185200017377525,4.091070925417855,0.3510435095376429
33.95,4.17029500594314,4.095263882346291,0.3585276967580314
33.96,4.155193150750111,4.099573890051212,0.36573781513099723
33.97,4.139940778864634,4.103950387508734,0.3726601506967953
33.980000000000004,4.1245797204748635,4.108348307279699,0.3792835864341452
33.99,4.109147887357245,4.112727396896604,0.385599146987398
34.0,4.093679784630911,4.117051613870055,0.3915996206543724
34.01,4.078206961130122,4.121288589799998,0.39727924607406373
34.02,4.062758404520538,4.125409157636425,0.40263345253117544
34.03,4.0473608873728155,4.129386935659744,0.40765864462536133
34.04,4.032039270116418,4.133197961819729,0.41235202380420577
34.05,4.016816766329255,4.136820372407194,0.4167114404421214
34.06,4.0017151754674,4.140234119304853,0.42073527069937966
34.07,3.9867550871895836,4.143420721061392,0.4244223146995976
34.08,3.9719560613081457,4.146363043106395,0.42777171184640833
34.09,3.9573367867457203,4.149045103139288,0.43078287041488567
34.1,3.94291522225786,4.151451898395299,0.43345540947119177
34.11,3.928708721603368,4.153569251578151,0.43578911072640136
34.12,3.914734145238868,4.15538367292292,0.43778387901862886
34.13,3.9010079604586037,4.156882236030124,0.43943970999182685
34.14,3.8875463315292706,4.158052465528028,0.4407566640851637
34.15,3.8743652012123175,4.158882234800096,0.4417348459531242
34.160000000000004,3.8614803648890086,4.159359672216673,0.442374388562262
34.17,3.8489075381826314,4.15947307466106,0.4426754417352824
34.18,3.8366624190034697,4.159210827111193,0.4426381645662083
34.19,3.824760744664307,4.158561327337178,0.44226272161026164
34.2,3.8132183446689343,4.15751291482046,0.4415492826452196
34.21,3.802051189565112,4.156053803219589,0.440498026157751
34.22,3.791275436336784,4.1541720156091655,0.43910914627515096
34.230000000000004,3.7809074700639322,4.151855322491327,0.4373828646186231
34.24,3.7709639428405866,4.149091181234443,0.43531944509093845
34.25,3.761461809089359,4.14586667751707,0.432919214138922
34.26,3.752418356984998,4.14216846871827,0.43018258733557263
34.27,3.7438512366659635,4.137982728161725,0.42711010037769215
34.28,3.7357784830018455,4.133295092105988,0.42370244952742886
34.29,3.7282185329847244,4.128090608939399,0.41996054038534153
34.300000000000004,3.7211902379587354,4.122353689866987,0.4158855431595127
34.31,3.714712864748813,4.116068066627833,0.41147896654694827
34.32,3.7088060882632177,4.109216753000527,0.40674274123053117
34.33,3.703489969639418,4.10178201552489,0.401679323056705
34.34,3.6987849174935175,4.093745355252404,0.3962918163500013
34.35,3.6947116265385787,4.0850875056659826,0.3905841234734069
34.36,3.6912909877829545,4.075788451975528,0.3845611246112705
34.37,3.6885439618046307,4.065827479799786,0.378228894728222
34.38,3.6864914044805777,4.05518326351559,0.3715949653729823
34.39,3.68515383156398,4.043834007820111,0.3646686404393699
34.4,3.684551104736612,4.031757660272349,0.35746137659967303
34.410000000000004,3.684702016747799,4.018932218308533,0.34998724141783344
34.42,3.685623747764247,4.005336160796773,0.34226346321528406
34.43,3.6873311576880434,3.9909490431659282,0.33431108888967587
34.44,3.6898358712997483,3.9757523053629145,0.3261557661008757
34.45,3.693145104027931,3.959730354220401,0.31782866562496287
34.46,3.6972601675671015,3.9428719948914495,0.30936755557865636
34.47,3.70217458805937,3.9251722984720896,0.30081803014297365
34.480000000000004,3.707871768469728,3.906635001563685,0.292234878965887
34.49,3.7143221385329857,3.887275530615666,0.2836835522425859
34.5,3.721479766780201,3.867124721965141,0.2752416319974541
34.51,3.7292784778392014,3.846233246892613,0.26700014688507895
34.52,3.7376276360053082,3.8246766338276297,0.2590644742402537
34.53,3.7464079437765956,3.8025605789059416,0.2515544539004673
34.54,3.755467862453841,3.7800259408426236,0.2446032200459826
34.550000000000004,3.764621567193477,3.7572524406165084,0.23835418297454472
34.56,3.7736496169845757,3.7344597118114757,0.23295564035903005
34.57,3.7823035946506063,3.7119041448016294,0.2285527623883281
34.58,3.7903156518225147,3.6898701824854596,0.22527724818889086
34.59,3.7974130115728104,3.6686555949944517,0.22323573195003812
34.6,3.8033361353398063,3.6485517563872323,0.2224988255833608
34.61,3.8078578139402532,3.629821713394243,0.22309306704154183
34.62,3.810799648198272,3.6126800264055365,0.22499772709324783
34.63,3.8120427133813695,3.5972783271932918,0.22814729570456227
34.64,3.81153070458176,3.583699070936645,0.23243900092310368
34.65,3.80926585732618,3.5719577226938695,0.2377435214869195
34.660000000000004,3.805299564841056,3.562011604907343,0.24391661005973225
34.67,3.7997203163667677,3.553772579644098,0.25080966840548496
34.68,3.7926413692058016,3.5471207572000374,0.2582780876913005
34.69,3.784189817016146,3.541917148666911,0.26618696596919644
34.7,3.7744978763998818,3.5380141074658997,0.27441440749033047
34.71,3.7636965444955854,3.5352631995687522,0.282852900649818
34.72,3.7519113813979073,3.5335206541181576,0.29140934574114546
34.730000000000004,3.739259996853394,3.532650800162381,0.3000042381004288
34.74,3.7258507977230284,3.5325279634899487,0.30857039657188196
34.75,3.7117826070199746,3.533037262553985,0.3170515082714582
34.76,3.697144846735763,3.5340746642058782,0.32540066137849205
34.77,3.6820180579639645,3.535546573415861,0.3335789645694237
34.78,3.6664746005155036,3.5373691539798733,0.3415543019552948
34.79,3.650579427271616,3.539467515298192,0.3493002410090883
34.800000000000004,3.6343908670871277,3.541774853870956,0.3567950925391248
34.81,3.617961376873319,3.5442316049175435,0.3640211118889783
34.82,3.601338241437336,3.5467846366274336,0.3709638261784152
34.83,3.5845642112824727,3.5493865042372836,0.37761147109951815
34.84,3.5676780757955897,3.551994771244117,0.3839545212258774
34.85,3.5507151735176823,3.5545713989364702,0.38998529946230304
34.86,3.533707843621499,3.557082201677885,0.3956976524698471
34.87,3.516685823740219,3.5594963635278494,0.40108668140734477
34.88,3.4996765997661448,3.561786010709314,0.40614851844417954
34.89,3.482705713181584,3.563925834133773,0.410880141082113
34.9,3.4657970310236905,3.56589275646461,0.41527921813178964
34.910000000000004,3.448972983334624,3.5676656382935295,0.41934398160623376
34.92,3.4322547722825107,3.569225018649617,0.4230731203973755
34.93,3.4156625568523036,3.5705528852953856,0.4264656916510628
34.94,3.3992156162617526,3.5716324710689786,0.42952104741027036
34.95,3.3829324951010564,3.572448072665081,0.4322387736676176
34.96,3.366831132730458,3.5729848887650566,0.43461863978010834
34.97,3.350928978964361,3.573228874984111,0.43666055699070927
34.980000000000004,3.335243098040617,3.573166613135921,0.4383645443456814
34.99,3.319790262423318,3.5727851928217897,0.4397307010976091
35.0,3.3045870378056006,3.5720721035552576,0.4407591847569059
35.01,3.2896498605176228,3.5710151358158657,0.44145019403485475
35.02,3.274995108282269,3.569602289715988,0.4418039563147468
35.03,3.2606391652732976,3.5678216899523463,0.44182071896750563
35.04,3.2465984820086957,3.565661506169935,0.44150074471475714
35.050000000000004,3.232889630816583,3.56310987763726,0.4408443104555531
35.06,3.219529357144101,3.5601548416266726,0.43985171002153484
35.07,3.206534627324647,3.55678426450599,0.4385232601717893
35.08,3.1939226725790077,3.552985775430258,0.43685931120700683
35.09,3.181711029872468,3.5487467015904057,0.43486026111816517
35.1,3.1699175791835543,3.544054005081046,0.4325265747331007
35.11,3.15856057648815,3.538894221672538,0.4298588097992836
35.12,3.147658683848491,3.533253399530001,0.4268576461446957
35.13,3.1372309944609165,3.5271170396068623,0.4235239229515893
35.14,3.1272970510544154,3.520470038786026,0.4198586872788838
35.15,3.117876859153556,3.5132966335250884,0.41586324844037165
35.160000000000004,3.1089908909482142,3.5055803477179093,0.4115392468591784
35.17,3.1006600795537147,3.4973039441976574,0.4068887350321909
35.18,3.0929057994524887,3.4884493833589616,0.40191427685363
35.19,3.085749830544119,3.478997790619559,0.39661906627397764
35.2,3.079214300704072,3.4689294369778314,0.391007070458225
35.21,3.0733216009762945,3.458223737680286,0.38508320211457114
35.22,3.0680942655683636,3.446859276019364,0.3788535271757546
35.230000000000004,3.0635548067134017,3.434813861511911,0.3723255149811707
35.24,3.0597254917701515,3.4220646346521497,0.3655083392812285
35.25,3.056628045970712,3.4085882348298435,0.35841324075788095
35.26,3.0542832603621837,3.3943610525801113,0.35105396229596475
35.27,3.0527104785843573,3.3793595943474872,0.3434472707820297
35.28,3.0519269298348415,3.3635609959236064,0.3356135800568556
35.29,3.0519468677155195,3.3469437308589964,0.32757769037264084
35.300000000000004,3.0527804662119573,3.3294885721631555,0.31936965903318276
35.31,3.0544324159713225,3.3111798786832156,0.31102581293037784
35.32,3.0569001570857908,3.2920072912717364,0.3025899064083981
35.33,3.060171683457942,3.2719679337387326,0.2941144112861738
35.34,3.0642228612807814,3.2510692168256345,0.2856619013145922
35.35,3.0690142317862215,3.229332327599585,0.27730644957005557
35.36,3.0744873247423343,3.2067964410547005,0.2691348961421138
35.37,3.080560612098691,3.183523592941089,0.2612477569927475
35.38,3.0871253940312755,3.159603981929102,0.25375943890922353
35.39,3.094042140085661,3.135161206497029,0.24679731540266647
35.4,3.101138087195331,3.110356593901312,0.24049914210187348
35.410000000000004,3.1082071611553665,3.0853914006825214,0.2350083148822282
35.42,3.115013405342554,3.060505398397917,0.2304666808383589
35.43,3.1212988967203494,3.03597041771982,0.22700507848808357
35.44,3.1267964225411986,3.0120780640710487,0.22473246448561335
35.45,3.1312460470629997,2.989122060687777,0.22372526310667307
35.46,3.1344133048056,2.9673773710073448,0.22401899298052
35.47,3.1361058662202823,2.9470795875112787,0.22560412217164383
35.480000000000004,3.136185506246578,2.9284084949436435,0.22842717665131426
35.49,3.1345733467705994,2.911478744709498,0.2323968203419988
35.5,3.13124811315944,2.8963386551641346,0.23739342061147023
35.51,3.126238791925516,2.8829761191290206,0.2432800190312817
35.52,3.119613987716252,2.8713292622554394,0.2499127613223976
35.53,3.111470320615805,2.861299154473485,0.25714947525729925
35.54,3.1019216368352303,2.8527623355808944,0.26485583121259926
35.550000000000004,3.0910900529088514,2.845581713083168,0.2729091508109617
35.56,3.0790991629584594,2.8396152022531664,0.2812002463978903
35.57,3.066069310285341,2.834722037932302,0.2896338288939548
35.58,3.052114584389126,2.8307670329978745,0.29812797199258073
35.59,3.037341143718764,2.827623187417538,0.30661303442047755
35.6,3.0218464883613225,2.825173063956733,0.31503032844934986
35.61,3.0057193723282434,2.8233092945876983,0.32333072479024655
35.62,2.989040118935869,2.8219345078852025,0.331473308280826
35.63,2.971881169260895,2.8209608947387976,0.33942414556088346
35.64,2.954307747213159,2.8203095673925414,0.34715519117018423
35.65,2.936378564977771,2.8199098178909363,0.3546433372701575
35.660000000000004,2.9181465213312716,2.819698345635717,0.3618696003195749
35.67,2.8996593651010167,2.8196184977953416,0.36881843204869563
35.68,2.8809603091977736,2.8196195483535624,0.37547713990056836
35.69,2.862088589102358,2.8196560295244177,0.38183540175157266
35.7,2.843079964911617,2.819687121432287,0.3878848610129294
35.71,2.8239671691615227,2.8196761009348803,0.3936187891957128
35.72,2.804780304239895,2.819589847596963,0.39903180522012816
35.730000000000004,2.7855471940165275,2.8193984030784778,0.40411964195352845
35.74,2.7662936945634775,2.819074579344263,0.4088789518463889
35.75,2.7470439685890566,2.818593610996993,0.4133071454159124
35.76,2.7278207280757023,2.8179328468689713,0.417402256706567
35.77,2.708645449101871,2.8170714764106437,0.4211628313849188
35.78,2.689538562514139,2.8159902866165245,0.424587833449137
35.79,2.6705196235769306,2.814671445771291,0.42767656776818136
35.800000000000004,2.6516074634494515,2.8130983105362417,0.4304286157006181
35.81,2.632820324997098,2.811255253255432,0.4328437815477907
35.82,2.614175984932103,2.809127506927095,0.43492204854935856
35.83,2.595691864238072,2.8067010253032407,0.4366635426419021
35.84,2.57738512842099,2.803962356048434,0.43806850297933464
35.85,2.5592727789156013,2.800898525120962,0.4391372583769163
35.86,2.541371736837815,2.7974969306870716,0.4398702088443968
35.87,2.523698920020622,2.793745245158843,0.44026781176317636
35.88,2.506271314214477,2.7896313239957533,0.4403305720911043
35.89,2.4891060390177335,2.785143120252112,0.44005903661089196
35.9,2.4722204091540645,2.780268603770753,0.43945379180453853
35.910000000000004,2.455631991477784,2.7749956841643435,0.4385154653657991
35.92,2.439358657984728,2.769312136806601,0.4372447314029459
35.93,2.423418634968275,2.763205531170311,0.43564231954723825
35.94,2.4078305483958387,2.7566631608705063,0.4337090280777928
35.95,2.392613465154427,2.7496719751865952,0.43144574216182446
35.96,2.3777869305337176,2.74221851097583,0.42885345587247026
35.97,2.3633710004717936,2.734288825840664,0.42593330163946236
35.980000000000004,2.3493862688821205,2.725868431351081,0.4226865851931167
35.99,2.335853888465735,2.7169422271145804,0.41911482899170527
36.0,2.322795583928959,2.7074944358019466,0.4152198250487616
36.01,2.310233656603546,2.6975085390460802,0.4110036972217545
36.02,2.2981909769261586,2.686967216686258,0.40646897876725757
36.03,2.286690963574429,2.6758522892047116,0.401618703715671
36.04,2.2757575448553418,2.6641446664451283,0.39645651752050726
36.050000000000004,2.2654150982181136,2.6518243052586423,0.39098680984778184
36.06,2.2556883621096797,2.638870180330865,0.38521487422490885
36.07,2.2466023129380566,2.6252602738705613,0.37914709990745044
36.08,2.2381819981300666,2.6109715916831147,0.37279120201461524
36.09,2.2304523133648098,2.5959802162531886,0.36615649808233813
36.1,2.2234377092945152,2.580261410625484,0.3592542397986765
36.11,2.2171618096264702,2.563789791025415,0.3520980093612045
36.12,2.2116469165966253,2.546539593172315,0.3447041935340857
36.13,2.2069133758113617,2.5284850631364906,0.33709254658114324
36.14,2.202978764976644,2.5096010138403333,0.32928685573581257
36.15,2.1998568645076473,2.489863598946601,0.3213157211293862
36.160000000000004,2.1975563613427864,2.4692513684353368,0.3132134585872334
36.17,2.1960792315000637,2.4477466841333966,0.3050211276088884
36.18,2.195418746291652,2.4253375849991663,0.2967876724845418
36.19,2.195557053183064,2.402020199777479,0.2885711440925868
36.2,2.1964623045487635,2.377801798726583,0.2804399340709033
36.21,2.1980853524860047,2.352704548196652,0.27247390333175675
36.22,2.20035610937913,2.3267699636448334,0.26476521713188783
36.230000000000004,2.203179802566388,2.3000639297427754,0.2574186135304154
36.24,2.2064335344136645,2.272681950997459,0.25055074180436926
36.25,2.209963784940656,2.244754008196803,0.24428814008355715
36.26,2.213585720187102,2.216448053405596,0.23876342595120903
36.27,2.2170853014611374,2.187970871785594,0.23410941240126112
36.28,2.2202250980517344,2.1595649310857854,0.23045119857641333
36.29,2.2227542389649892,2.131500148696953,0.22789680666388004
36.300000000000004,2.2244220912402537,2.1040603433341185,0.2265275725157246
36.31,2.2249941308047316,2.077525482452846,0.22638994441033836
36.32,2.2242675631649966,2.0521522025762464,0.22749041798200048
36.33,2.2220839337762768,2.0281559466400734,0.2297947762528885
36.34,2.2183365644606075,2.0056978771259653,0.23323181539701682
36.35,2.2129719408402284,1.9848785159719131,0.23770066602757275
36.36,2.2059856281353887,1.9657383370441193,0.24308010791774456
36.37,2.19741434061191,1.948264014120393,0.2492381403951488
36.38,2.1873261572399616,1.9323981990656047,0.2560404381529932
36.39,2.1758106350669006,1.9180506508914268,0.2633569145157806
36.4,2.1629700183398475,1.9051089969076314,0.2710662011090532
36.410000000000004,2.1489121315579096,1.8934480749612892,0.27905823175039035
36.42,2.1337450850912014,1.8829373950211912,0.28723533388239864
36.43,2.117573625940331,1.8734466922782584,0.2955122578086539
36.44,2.1004968375200086,1.8648497838914948,0.303815530752034
36.45,2.082606865063905,1.8570270436397682,0.3120824355557398
36.46,2.0639883744349725,1.84986681983478,0.3202598263198168
36.47,2.0447185064510704,1.843266086122537,0.328302919131866
36.480000000000004,2.024867145906706,1.8371305615467022,0.33617414015986913
36.49,2.004497374909151,1.831374481614935,0.34384207438309256
36.5,1.983666020494178,1.8259201541186356,0.3512805329137478
36.51,1.9624242368853648,1.8206973945995364,0.3584677413833989
36.52,1.9408180846513463,1.815642906567642,0.36538564312077265
36.53,1.9188890842573476,1.8106996495862187,0.3720193065825442
36.54,1.8966747317707218,1.8058162225895757,0.3783564247370958
36.550000000000004,1.8742089712164376,1.800946278808133,0.3843868942713897
36.56,1.8515226223260985,1.796047981127002,0.3901024628340513
36.57,1.8286437649885219,1.7910835017741225,0.3954964342742475
36.58,1.8055980831580498,1.7860185669719841,0.40056342274745493
36.59,1.7824091717462496,1.7808220451069754,0.4052991475700217
36.6,1.759098810202901,1.7754655759934455,0.40970026283907474
36.61,1.7356872065451467,1.76992323801924,0.4137642159170922
36.62,1.7121932154654287,1.7641712496725321,0.41748912990045045
36.63,1.6886345337058783,1.7581877022160628,0.4208737069209248
36.64,1.6650278758072792,1.7519523200277203,0.42391714847477624
36.65,1.641389132907426,1.745446245546814,0.42661909036700907
36.660000000000004,1.617733516967283,1.7386518459873241,0.42897955018528106
36.67,1.5940756925819268,1.7315525391536233,0.4309988853978047
36.68,1.5704298982274374,1.7241326360155056,0.4326777606839253
36.69,1.5468100585866016,1.7163771979040874,0.43401712326766656
36.7,1.523229889369589,1.7082719064338212,0.4350181853020628
36.71,1.4997029958102663,1.6998029445163603,0.4356824126861649
36.72,1.476242965986371,1.6909568868190892,0.4360115192774142
36.730000000000004,1.4528634596879038,1.6817205985347454,0.4360074665643887
36.74,1.429578293655005,1.672081141128368,0.435672467965552
36.75,1.4064015236209013,1.6620256841661714,0.4350089978633592
36.76,1.3833475236330952,1.6515414221810558,0.4340198047421279
36.77,1.3604310627463818,1.6406154959159571,0.43270792864370256
36.78,1.3376673790704119,1.6292349172868026,0.43107672287960924
36.79,1.3150722511017845,1.617386497287018,0.42912987929154534
36.800000000000004,1.2926620653300238,1.6050567770803905,0.4268714590549579
36.81,1.2704538801436942,1.5922319608848174,0.42430592592781197
36.82,1.2484654844118346,1.5788978511014233,0.4214381838668373
36.83,1.2267154487052543,1.565039786265278,0.4182736208944623
36.84,1.205223168236424,1.550642580501195,0.4148181551768289
36.85,1.1840088940491624,1.5356904659256914,0.4110782866825769
36.86,1.1630937496247364,1.5201670379987953,0.4070611530332143
36.87,1.1424997287308578,1.5040552048484646,0.40277459028228985
36.88,1.1222496697491169,1.4873371415686358,0.398227198382406
36.89,1.1023672007529193,1.4699942509027697,0.3934284112114049
36.9,1.082876648271171,1.452007132506114,0.3883885717939203
36.910000000000004,1.0638029019497763,1.4333555630669967,0.3831190121363449
36.92,1.0451712256455674,1.4140184908004165,0.37763213845543353
36.93,1.0270070050433024,1.393974047854227,0.3719415207478838
36.94,1.009335419709542,1.3731995862969848,0.3660619883519026
36.95,0.9921810275446777,1.3516717434920194,0.36000973084328763
36.96,0.9755672488408719,1.3293665442518963,0.3538024043613595
36.97,0.9595157364325004,1.3062595494092735,0.3474592450075297
36.980000000000004,0.9440456200140639,1.2823260613241876,0.3410011892210727
36.99,0.9291726139669932,1.2575413993029194,0.33445100232029795
37.0,0.9149079813267682,1.2318812597770283,0.32783341613534583
37.01,0.9012573512539492,1.2053221781940064,0.3211752768047757
37.02,0.888219394777273,1.177842110858044,0.31450570275862194
37.03,0.8757843727266647,1.1494211562475964,0.30785625266361283
37.04,0.8639325825628466,1.1200424345504645,0.30126110078633844
37.050000000000004,0.8526327469342617,1.0896931410189292,0.29475721427832835
37.06,0.8418404050135984,1.058365783056313,0.28838452348935806
37.07,0.8314963911380839,1.026059598235259,0.2821860697825496
37.08,0.8215255093491725,0.9927821321811788,0.27620810939338986
37.09,0.8118355381257041,0.9585509269596614,0.27050014339970146
37.1,0.802316723560918,0.9233952314629271,0.2651148375584836
37.11,0.7928419347742975,0.8873575959807741,0.26010778953947805
37.12,0.7832676597561281,0.8504951533336735,0.25553710370112703
37.13,0.7734359975475246,0.8128803290573828,0.251462739380079
37.14,0.7631777540458505,0.7746006678760554,0.2479456245843491
37.15,0.7523166530033975,0.7357574378701822,0.24504655713077556
37.160000000000004,0.7406745461629275,0.6964626843083245,0.24282497191368463
37.17,0.7280773363920009,0.6568344807805773,0.24133770511194322
37.18,0.714361159280496,0.6169902530291478,0.24063795405676158
37.19,0.6993782139596191,0.5770382276568188,0.2407746758036637
37.2,0.6830015485193347,0.5370672215446325,0.24179270885354834
37.21,0.6651280928114158,0.497135077053482,0.2437339196243658
37.22,0.6456792951149813,0.45725595429201915,0.24663972035586526
37.230000000000004,0.6245987780127575,0.41738630564661783,0.25055541138659543
37.24,0.6018463552116411,0.3774084932320202,0.2555371173037167
37.25,0.5773872509394077,0.3371093055926071,0.26166283942524543
37.26,0.5511738234209215,0.2961471291210356,0.26905097624233304
37.27,0.5231127764879169,0.2539934073696175,0.27789430381210406
37.28,0.4929978796307853,0.20981173344878903,0.28853083000775037
37.29,0.4603412743192669,0.16216195009563764,0.3016204978513289
37.300000000000004,0.4237990846580949,0.10805790968140844,0.31873282318110213
37.31,0.377305020523012,0.03758877046565811,0.3461612387004141
37.32,0.3626570245850947,0.0672922668955483,0.3451284575651261
37.33,0.3729263825279721,0.12884308909768966,0.32466418122617446
37.34,0.37781230764892426,0.1788903873768251,0.31355110413029263
37.35,0.3791142771027845,0.22290103904770942,0.31028309114281954
37.36,0.3776628892536524,0.2627982123457067,0.3140100093448898
37.37,0.3739662765468758,0.2994867054488845,0.32388164518317014
37.38,0.36838290571871013,0.33346549879747306,0.33897056583974194
37.39,0.361178742735038,0.3650506312507009,0.35834395633057653
37.4,0.35255174465814637,0.3944693252464738,0.381146634537328
37.410000000000004,0.3426475683389051,0.4219014894531501,0.4066484661829856
37.42,0.3315726373993063,0.4474988023347718,0.43425481290544465
37.43,0.319405593753301,0.4713948065323587,0.46349399554274556
37.44,0.30620734544568545,0.4937120035441287,0.49399493337303235
37.45,0.2920302318727431,0.5145686804377214,0.5254627781227663
37.46,0.27692727745047696,0.5340870139954397,0.5576557510614055
37.47,0.2609629933436953,0.5524038567258888,0.5903635082224357
37.480000000000004,0.24422788522280234,0.5696860739669771,0.6233856833145264
37.49,0.22685998179850517,0.5861532342025801,0.6565080931822725
37.5,0.20907855177853962,0.6021117340866576,0.6894729839730149
37.51,0.19123760519644498,0.6180053708892383,0.7219387416545927
37.52,0.17390783448904565,0.6344849875381531,0.7534253544872278
37.53,0.15798682750045395,0.652484585370894,0.783250861360886
37.54,0.14479411609756704,0.6732422199942214,0.810496587430234
37.550000000000004,0.13599763798566114,0.6981119020235919,0.8341082095520821
37.56,0.13312787577935295,0.7280093428937962,0.8532673355585623
37.57,0.13675345250913146,0.7627440447247702,0.867909123572272
37.58,0.14608900134969305,0.8009929687254956,0.8788502152849683
37.59,0.15953176003166628,0.8410540935889685,0.8873188730170962
37.6,0.17547024781459492,0.8815523224068237,0.8944175178601242
37.61,0.1926863648436658,0.9216316332607588,0.9009155586411645
37.62,0.21037909219036102,0.9608429266349059,0.9072835671821015
37.63,0.22805654620094745,0.998986322348299,0.9137892363906118
37.64,0.2454277299746675,1.0359977183023827,0.920577176373738
37.65,0.26232563681746957,1.0718819013176848,0.927720761542304
37.660000000000004,0.2786584237091778,1.1066761801952698,0.9352529783065641
37.67,0.29437959368671296,1.1404313618103161,0.9431842164225357
37.68,0.3094699540527984,1.1732020641833683,0.9515124500443188
37.69,0.32392666335762904,1.2050419532464127,0.9602290686084772
37.7,0.33775652852954163,1.2360015517333935,0.9693222231788268
37.71,0.35097186804605407,1.2661273792679208,0.9787787439274266
37.72,0.3635879414427009,1.2954617684606997,0.988585228814982
37.730000000000004,0.37562134717478424,1.3240430109354018,0.9987286476244146
37.74,0.3870890264890147,1.3519056508664478,1.009196661078876
37.75,0.3980076501071904,1.3790808304493023,1.0199777727996455
37.76,0.40839324939939436,1.4055966391681565,1.031061383437681
37.77,0.4182610037647452,1.431478443079466,1.0424377891384602
37.78,0.4276251287315278,1.4567491845169391,1.0540981490319783
37.79,0.4364988283393378,1.4814296491391907,1.0660344370053696
37.800000000000004,0.4448942880481863,1.5055387008504713,1.0782393869166258
37.81,0.45282269324029123,1.529093487268834,1.0907064361868708
37.82,0.46029426279134505,1.5521096184976193,1.1034296710716072
37.83,0.4673182909093182,1.5746013222618682,1.1164037753178446
37.84,0.4739031933090524,1.5965815786709767,1.1296239826922763
37.85,0.48005655433141065,1.6180622370003026,1.1430860340084896
37.86,0.48578517361631246,1.6390541171659376,1.1567861383446454
37.87,0.49109511055235106,1.6595670976309187,1.1707209386511317
37.88,0.4959917266016237,1.6796101920095043,1.1848874809849572
37.89,0.5004797243155652,1.6991916154718385,1.1992831875394592
37.9,0.5045631834515476,1.718318842603862,1.2139058328023844
37.910000000000004,0.5082455935414962,1.7369986575333987,1.2287535228634867
37.92,0.5115298835633775,1.7552371976054784,1.2438246772486612
37.93,0.5144184482630838,1.7730399911421912,1.259118013302842
37.94,0.5169131715021582,1.790411990114033,1.2746325327441757
37.95,0.5190154467360995,1.807357598292906,1.2903675101940981
37.96,0.5207261944374658,1.823880695233783,1.306322483641991
37.97,0.5220458771647369,1.839984656778148,1.3224972464113105
37.980000000000004,0.5229745117684146,1.8556723721330173,1.3388918407786958
37.99,0.5235116792125191,1.8709462580038407,1.3555065529444243
38.0,0.5236565320567105,1.8858082700073249,1.3723419092712856
38.01,0.5234077993718041,1.9002599114308911,1.389398673834279
38.02,0.5227637895897765,1.9143022397216998,1.406677846999347
38.03,0.5217223911174275,1.9279358707538052,1.4241806650489426
38.04,0.5202810705288927,1.9411609808796106,1.441908600903989
38.050000000000004,0.5184368687710719,1.9539773070793705,1.4598633656707338
38.06,0.5161863953793517,1.9663841453170774,1.4780469109219088
38.07,0.5135258202282604,1.9783803469252201,1.4964614319056113
38.08,0.5104508626900331,1.9899643129908264,1.515109371721079
38.09,0.50695677989913,2.0011339878436987,1.5339934253210512
38.1,0.5030383518744175,2.011886850480199,1.5531165445099664
38.11,0.49868986481669,2.0222199047742144,1.5724819430512837
38.12,0.4939050925572504,2.0321296686852874,1.5920931016210302
38.13,0.4886772759170437,2.0416121624722083,1.61195377258216
38.14,0.4829991006645441,2.0506628966696976,1.6320679837462035
38.15,0.4768626741024075,2.0592768601930223,1.6524400407278428
38.160000000000004,0.4702595010295391,2.067448509521584,1.6730745268985057
38.17,0.46318045985283224,2.0751717601151194,1.6939762997632557
38.18,0.45561578018699234,2.08243998175054,1.715150482091998
38.19,0.4475550238925211,2.089246000279189,1.736602445353805
38.2,0.43898707233321044,2.095582109153512,1.758337782275606
38.21,0.42990012391297105,2.101440095537863,1.7803622640097267
38.22,0.4202817082204635,2.106811288223068,1.8026817751948963
38.230000000000004,0.41011872562582846,2.1116866372961014,1.825302217838148
38.24,0.39939752571225334,2.1160568402610345,1.8482293707225474
38.25,0.38810404459988035,2.1199125362266633,1.8714686849591768
38.26,0.37622403119771464,2.1232445999871654,1.8950249874043448
38.27,0.3637434076391335,2.1260445831831274,1.91890205036356
38.28,0.3506488343365109,2.1283053747768665,1.9431019641873115
38.29,0.33692858779260715,2.1300221901366463,1.9676242175348428
38.300000000000004,0.322573921762926,2.131194058504167,1.9924643379795834
38.31,0.30758118479495816,2.131826076102215,2.0176118618638426
38.32,0.2919551315342324,2.1319328470845607,2.043047269754258
38.33,0.27571415005176436,2.131543795510456,2.06873730011737
38.34,0.2588985893912408,2.1307114492904677,2.0946276968137063
38.35,0.24158415750361167,2.129524482623251,2.120631859087706
38.36,0.22390360798254783,2.1281283508587068,2.146612965328179
38.37,0.2060817612527828,2.12675776436154,2.1723559261198644
38.38,0.18849081626144082,2.125786361678655,2.197524544995887
38.39,0.17173197592171036,2.1257966963849655,2.221601121374326
38.4,0.15673525088040843,2.1276582561148345,2.243818784405211
38.410000000000004,0.14481774067592101,2.1325522813010243,2.263138741188898
38.42,0.13753837878973885,2.141796337390859,2.278399081973955
38.43,0.1361675891955418,2.1563345904885547,2.2887538675073893
38.44,0.1409774446171754,2.1761390683350497,2.2941978298058947
38.45,0.1510588926233869,2.2001579489085934,2.2956269876621826
38.46,0.1648906880966054,2.226909426983947,2.2943349239495126
38.47,0.1810126607703618,2.255079442602615,2.2914907608008366
38.480000000000004,0.19832682546620042,2.2837416833669795,2.287937259857875
38.49,0.21610138545301102,2.312319158536167,2.284215159277798
38.5,0.2338764775193383,2.3404777256856484,2.2806509890303155
38.51,0.251371764509237,2.3680349265910534,2.2774346845192905
38.52,0.26842004390604624,2.3948987201453167,2.27467275663994
38.53,0.2849243060952325,2.421029794406937,2.2724215633874603
38.54,0.3008309810810836,2.4464191336580834,2.270707471479912
38.550000000000004,0.31611342290212385,2.4710747937083624,2.269538984304398
38.56,0.3307616794946517,2.495014108403452,2.2689140613279597
38.57,0.34477610378972245,2.5182590900590878,2.2688245653785737
38.58,0.3581633211241198,2.5408337149027,2.2692589855046816
38.59,0.3709336646050225,2.5627623340537005,2.2702041095366767
38.6,0.38309952903241296,2.5840687577777914,2.271646053753734
38.61,0.3946743119200758,2.6047757478098186,2.2735708918949813
38.62,0.40567173153522573,2.624904756184964,2.2759650337091397
38.63,0.4161053903181673,2.644475813000903,2.2788154454852023
38.64,0.42598849928651145,2.6635075032355724,2.2821097705618874
38.65,0.43533370827370427,2.682016995312206,2.2858363869376928
38.660000000000004,0.4441530065404571,2.7000200987974803,2.2899844251978463
38.67,0.45245766971177,2.717531336825866,2.29454376213199
38.68,0.4602582370090679,2.734564024383652,2.2995049999810715
38.69,0.46756450855637705,2.751130347465637,2.3048594373281177
38.7,0.4743855551836142,2.7672414396904386,2.3105990360231075
38.71,0.4807297358472724,2.782907454615694,2.3167163867608016
38.72,0.4866047196089964,2.7981376330011414,2.323204674813068
38.730000000000004,0.4920175096147189,2.812940364445788,2.3300576471491388
38.74,0.49697446785758276,2.8273232435323816,2.337269581366313
38.75,0.5014813393161617,2.8412931203819456,2.3448352570158932
38.76,0.5055432752403938,2.8548561461368194,2.352749929205844
38.77,0.509164854814651,2.868017813477081,2.361009304728085
38.78,0.5123501050895745,2.880782992584968,2.369609520588594
38.79,0.5151025189661752,2.8931559628499945,2.3785471248971604
38.800000000000004,0.5174250710542666,2.905140440570712,2.3878190600723253
38.81,0.5193202316350236,2.916739603081502,2.397422648109047
38.82,0.5207899783295707,2.9279561093556365,2.4073555780091875
38.83,0.5218358058456868,2.938792117504386,2.41761589507836
38.84,0.5224587336327006,2.9492492992759622,2.4282019920895626
38.85,0.522659311179755,2.9593288515970766,2.439112602352532
38.86,0.5224376217543696,2.969031505685711,2.450346794232733
38.87,0.5217932837669859,2.9783575334615966,2.4619039674416503
38.88,0.5207254500770405,2.9873067515066603,2.4737838508882417
38.89,0.5192328054859118,2.9958785227944253,2.4859865018989593
38.9,0.517313562201995,3.00407175616197,2.4985123068471395
38.910000000000004,0.5149654528097513,3.0118849033394515,2.511361983382439
38.92,0.512185721364391,3.019315953915636,2.524536583876634
38.93,0.5089711129820027,3.026362428526678,2.538037499776916
38.94,0.5053178604861034,3.03302136953637,2.5518664675784692
38.95,0.5012216694809087,3.0392893300243413,2.5660255755577284
38.96,0.4966777013261931,3.0451623608999965,2.580517271400355
38.97,0.49168055402848854,3.05063599619113,2.5953443706304444
38.980000000000004,0.48622424169396555,3.0557052371203595,2.610510065139139
38.99,0.4803021722777555,3.0603645349070483,2.62601793182311
39.0,0.4739071245280395,3.0646077731544357,2.6418719403751934
39.01,0.4670312245227241,3.0684282503609235,2.658076459616099
39.02,0.45966592311821447,3.071818663873021,2.674636260960391
39.03,0.451801975764288,3.074771096858049,2.6915565173688085
39.04,0.44342942714636707,3.077277010762478,2.7088427952775733
39.050000000000004,0.4345376039810051,3.0793272466153447,2.726501036157932
39.06,0.4251151213707728,3.080912040530034,2.744537522432746
39.07,0.4151499101059161,3.0820210606719822,2.7629588207350557
39.08,0.4046292761814148,3.0826434766622444,2.781771692020325
39.09,0.39354000935436273,3.082768077669075,2.800982953156157
39.1,0.3818685658827946,3.0823834633056513,2.820599267389098
39.11,0.3696013630635245,3.0814783431720163,2.840626830410476
39.12,0.3567252441630102,3.080042000490189,2.861070900785642
39.13,0.3432282028902814,3.0780650036860573,2.881935097872074
39.14,0.3291005077111859,3.075540297049479,2.9032203475593086
39.15,0.3143364490200763,3.0724648774202996,2.924923287838793
39.160000000000004,0.2989370648571345,3.0688423852715636,2.947033837278705
39.17,0.28291442966484204,3.064687144767154,2.9695314444495784
39.18,0.26629846129322315,3.0600305211518632,2.9923792382114796
39.19,0.24914783751907763,3.0549310262332776,3.0155147966651947
39.2,0.23156764173954866,3.0494905021973056,3.0388354517283807
39.21,0.2137379543531298,3.0438800722998094,3.0621748392454196
39.22,0.19595964199709467,3.0383811824714617,3.0852659573910945
39.230000000000004,0.17872458202242922,3.0334474865226118,3.1076856389612155
39.24,0.16281116163676787,3.0297866579374095,3.128781344470618
39.25,0.14937396861393792,3.028431310629294,3.1476079695484027
39.26,0.13991250392435936,3.0306934435724,3.1629693480791063
39.27,0.13591385932576427,3.0378253529843247,3.173723522215315
39.28,0.13814803282183896,3.0503924175366524,3.1793483087946934
39.29,0.1461729853743706,3.0678740854024458,3.1803049502756733
39.300000000000004,0.15862927616966233,3.088978440618362,3.17776056986035
39.31,0.17396546331523913,3.112303179709974,3.1729937506269588
39.32,0.19091443800450386,3.1367408195637787,3.167025118479414
39.33,0.2085967749385174,3.161547021566491,3.160550540346333
39.34,0.226448895074922,3.186261857714085,3.1540086625390766
39.35,0.24412350373892094,3.2106146372061164,3.1476651541061407
39.36,0.26141148958473515,3.234452365820445,3.1416767865020536
39.37,0.27818980014562567,3.257693288882892,3.136133431391416
39.38,0.2943886339072075,3.280298315424597,3.131084132214896
39.39,0.3099711644263282,3.3022537447927185,3.1265530242998345
39.4,0.3249210167838423,3.323560841478494,3.122549056560286
39.410000000000004,0.33923447947909463,3.3442295142588954,3.1190719686649007
39.42,0.352915611676407,3.364274459304831,3.116116000768524
39.43,0.365973142679429,3.3837127981917074,3.113672214007695
39.44,0.37841848826221863,3.4025626291360602,3.111729952828836
39.45,0.39026447585861324,3.4208421441506207,3.110277768468606
39.46,0.40152452326543503,3.4385690990481996,3.109304001187862
39.47,0.41221211081659714,3.455760504886781,3.1087971442809037
39.480000000000004,0.42234044576037555,3.472432459284184,3.1087460670012783
39.49,0.4319222526179639,3.488600065423051,3.109140146400397
39.5,0.44096964707985004,3.504277406045084,3.109969339835284
39.51,0.44949406505172973,3.5194775511827086,3.1112242191407815
39.52,0.4575062279668579,3.5342125859119413,3.112895980294212
39.53,0.4650161320083543,3.54849364948621,3.1149764374969315
39.54,0.47203305249690514,3.5623309800037406,3.1174580078896352
39.550000000000004,0.4785655579930003,3.5757339611810273,3.1203336907069015
39.56,0.484621529708273,3.588711168571196,3.1235970439187355
39.57,0.4902081842819672,3.6012704143144028,3.1272421595992355
39.58,0.4953320974687789,3.6134187891044767,3.1312636396678495
39.59,0.4999992280528544,3.6251627012666483,3.1356565723733483
39.6,0.5042149406079321,3.636507912338831,3.1404165103844526
39.61,0.5079840273371595,3.6474595695801746,3.1455394502603666
39.62,0.5113107279190082,3.6580222349681684,3.1510218139365254
39.63,0.5141987476832669,3.668199911096168,3.156860431963274
39.64,0.5166512736405543,3.6779960638779365,3.1630525287297586
39.65,0.5186709885128369,3.6874136423074964,3.169595709537633
39.660000000000004,0.5202600827476244,3.696455095409346,3.176487949485777
39.67,0.5214202642994369,3.7051223863868223,3.183727584240675
39.68,0.5221527665076391,3.7134170042529635,3.191313302473524
39.69,0.5224583537925003,3.7213399728918204,3.1992441400705927
39.7,0.5223373251698765,3.7288918576347196,3.207519476073979
39.71,0.5217895160762768,3.736072769657951,3.2161390300791246
39.72,0.5208142978335117,3.742882367923418,3.225102861388132
39.730000000000004,0.5194105751015933,3.749319858871886,3.23441136972261
39.74,0.5175767815334378,3.755383994016264,3.244065297351083
39.75,0.5153108732759709,3.7610730652808595,3.2540657327789946
39.76,0.5126103199061474,3.7663848978689396,3.264414116207439
39.77,0.5094720938973716,3.7713168412501847,3.275112246142803
39.78,0.5058926580229111,3.7758657579897643,3.286162287400982
39.79,0.5018679501917659,3.780028010121483,3.297566780768261
39.800000000000004,0.4973933666651028,3.783799443623148,3.309328653700712
39.81,0.4924637431722051,3.787175370743457,3.321451232255299
39.82,0.4870733342727503,3.790150550399974,3.3339382539614233
39.83,0.4812157913507177,3.792719167003978,3.346793881183818
39.84,0.47488413942199187,3.794874807861299,3.360022714745619
39.85,0.46807075369211537,3.7966104399549385,3.3736298068897344
39.86,0.46076733660799357,3.797918386730115,3.3876206728620724
39.87,0.4529648972677061,3.7987903065293462,3.402001299338048
39.88,0.4446537351412849,3.7992171743679144,3.4167781479109443
39.89,0.43582343158351944,3.799189270126412,3.4319581504703986
39.9,0.42646285398805284,3.7986961774095773,3.447548692185423
39.910000000000004,0.4165601798637443,3.797726799554762,3.4635575756435957
39.92,0.4061029514609996,3.796269402201977,3.4799929569275783
39.93,0.39507817688995556,3.7943116966083155,3.4968632398837465
39.94,0.38347250164611985,3.7918409850265626,3.514176908120907
39.95,0.37127248638057203,3.7888444001306496,3.5319422643217546
39.96,0.3584650460886094,3.785309287735858,3.550167030343029
39.97,0.3450381354442258,3.7812238085532637,3.56885773703165
39.980000000000004,0.33098181247680425,3.776577877142968,3.5880187935051646
39.99,0.31628989091440396,3.7713646259761817,3.60765106136775
40.0,0.30096251628182064,3.7655826942026698,3.6277496569326013
40.01,0.28501021418675054,3.759239830443926,3.648300530726735
40.02,0.26846030814893634,3.7523586104339866,3.6692750893758856
40.03,0.2513671985220699,3.7449855970288812,3.6906216453024814
40.04,0.23382896298374203,3.7372061290935554,3.7122516998792667
40.050000000000004,0.21601425931258245,3.7291682620144853,3.7340178565837894
40.06,0.19820552031884778,3.7211211297860185,3.7556785897354943
40.07,0.18086573929316338,3.7134740539026225,3.776844178799822
40.08,0.1647313457262548,3.706878217134077,3.79690231353382
40.09,0.15090651734819108,3.702308185422811,3.814944368856002
40.1,0.14085742156161046,3.7010521870719546,3.8297757822678444
40.11,0.13610606985297807,3.7044344120670902,3.8401719525498463
40.12,0.13755207395034183,3.7132125154032813,3.8454312819548178
40.13,0.1449075871790923,3.727088648003206,3.845824565160247
40.14,0.15689086548310327,3.744899131043346,3.8424231653876904
40.15,0.17194049842558748,3.7652547646203565,3.836512537351002
40.160000000000004,0.1887422327722337,3.7870019882300823,3.829167172868199
40.17,0.20637009162197645,3.8093390012562205,3.8211409580412186
40.18,0.22422623127993155,3.8317563430144843,3.8129193353071096
40.19,0.24194077155202656,3.8539452087143458,3.8048022069215794
40.2,0.2592903230746625,3.875724255436367,3.7969706679394686
40.21,0.2761429121879441,3.896990690691388,3.789531872556911
40.22,0.292423154319946,3.9176896437063187,3.78254729989874
40.230000000000004,0.3080907051574834,3.9377953942752906,3.776050193077387
40.24,0.3231269560691392,3.9572998999964115,3.770056300558632
40.25,0.3375267677085558,3.976205747748147,3.764570536189743
40.26,0.3512932843182516,3.994521788980837,3.759591149298508
40.27,0.36443464929765895,4.0122604170955,3.7551123615084463
40.28,0.3769619069397825,4.029435860095132,3.7511260485511304
40.29,0.3888876536240007,4.04606310813069,3.7476228197572135
40.300000000000004,0.4002251691354234,4.0621572429921775,3.7445927123414933
40.31,0.4109878576368499,4.077733023443026,3.7420256375659817
40.32,0.42118889153112327,4.092804635452846,3.7399116646355726
40.33,0.4308409882812408,4.107385548481774,3.738241198367067
40.34,0.4399562749901042,4.121488440097003,3.737005086875788
40.35,0.4485462113664739,4.135125164715151,3.736194682765633
40.36,0.45662155103729196,4.148306750195744,3.735801873828522
40.37,0.46419232775300695,4.161043411525079,3.7358190939954694
40.38,0.4712678581065131,4.173344575018535,3.7362393212058667
40.39,0.4778567542874167,4.185218908063434,3.7370560673560225
40.4,0.4839669428004026,4.1966743513860125,3.73826336354175
40.410000000000004,0.4896056866225501,4.207718152007941,3.739855742629535
40.42,0.49477960864564985,4.218356895425637,3.7418282208216334
40.43,0.49949471534828555,4.228596536320985,3.7441762790856874
40.44,0.5037564196496013,4.238442427180152,3.746895845237681
40.45,0.507569562466419,4.247899344569694,3.7499832770754895
40.46,0.5109384328067111,4.256971513055523,3.7534353467005226
40.47,0.513866785814368,4.265662626462234,3.757249226449244
40.480000000000004,0.516357859030964,4.273975866720481,3.761422476277039
40.49,0.5184143863429105,4.281913920059566,3.7659530329250064
40.5,0.5200386101189344,4.2894789909006645,3.7708392005796227
40.51,0.5212322911105027,4.296672813269493,3.776079643267755
40.52,0.5219967162678223,4.303496659865658,3.7816733788967145
40.53,0.5223327046220151,4.309951348909791,3.7876197748561315
40.54,0.5222406109208073,4.316037248642372,3.7939185453374047
40.550000000000004,0.5217203272562939,4.321754279623723,3.800569750241361
40.56,0.5207712828521388,4.327101914932452,3.807573795589973
40.57,0.5193924415189642,4.332079178024768,3.8149314356842248
40.58,0.5175822971656237,4.3366846384430655,3.822643776817274
40.59,0.5153388674701733,4.34091640542681,3.8307122824781494
40.6,0.5126596852751528,4.344772119185777,3.8391387802673873
40.61,0.5095417874445688,4.348248939642152,3.8479254706956656
40.62,0.5059817025964454,4.351343533391654,3.8570749370719413
40.63,0.5019754361693844,4.354052058027587,3.866590157297765
40.64,0.49751845346226536,4.356370144109063,3.876474517232965
40.65,0.4926056609646178,4.358292874954589,3.8867318253808962
40.660000000000004,0.48723138570764546,4.359814764040219,3.897366329045584
40.67,0.48138935331639954,4.360929730420739,3.9083827314463018
40.68,0.47507266490658145,4.361631072255641,3.919786209611464
40.69,0.46827377365446915,4.361911438981142,3.9315824323959934
40.7,0.4609844619453628,4.361762802783652,3.9437775778430026
40.71,0.45319582069888215,4.361176430527521,3.9563783486044475
40.72,0.4448982330871424,4.3601428578708505,3.969391983545806
40.730000000000004,0.4360813659575012,4.3586518681357775,3.9828262628394775
40.74,0.42673417368927963,4.356692479698655,3.996689502675911
40.75,0.41684492189063765,4.3542529479375975,4.010990533488383
40.76,0.40640124134569805,4.35132079028046,4.025738653196581
40.77,0.3953902279849226,4.347882847465825,4.040943542577481
40.78,0.38379861260675413,4.343925400956439,4.0566151233568135
40.79,0.37161303596353135,4.339434376662992,4.072763329941084
40.800000000000004,0.3588204833852525,4.334395681156904,4.089397750608659
40.81,0.34540896327763354,4.328795742796508,4.10652706927559
40.82,0.33136855980315205,4.3226223702864885,4.124158201514437
40.83,0.31669306727219054,4.315866108725698,4.142294955473624
40.84,0.3013825386590769,4.308522382943467,4.160935946377154
40.85,0.28544728625459154,4.300594899591882,4.180071325057586
40.86,0.2689142239402391,4.292101089768623,4.199677594144478
40.87,0.2518370171334656,4.283080887568766,4.21970931263851
40.88,0.23431246971072395,4.273610998840348,4.240085700768394
40.89,0.21650707057125804,4.2638281578414725,4.260668928449337
40.9,0.19869962168370978,4.253966688329742,4.281229218833157
40.910000000000004,0.18134721554103583,4.24441698965802,4.301390752584989
40.92,0.16517731770733846,4.235807788897404,4.320555953754611
40.93,0.1512825091498248,4.229092101419392,4.337827016828484
40.94,0.1411193398482715,4.225550320826697,4.3520049664163905
40.95,0.1362131111790291,4.226534100729694,4.361828949296415
40.96,0.13748799444221163,4.232875418814353,4.366524523265224
40.97,0.14469029810963382,4.244370890176947,4.36628106629879
40.980000000000004,0.1565591159484272,4.259924467794319,4.362119557425728
40.99,0.17153444350238073,4.278170223298556,4.355315609014984
41.0,0.18829352594551374,4.297947823454951,4.34695773035992
41.01,0.20590072695730202,4.318437006745862,4.337820781153903
41.02,0.22375065656818094,4.339108405327628,4.328409935271885
41.03,0.24146826287926856,4.35963563169303,4.3190412428676455
41.04,0.25882677984484237,4.379822863344007,4.30990838107257
41.050000000000004,0.2756920567671531,4.399555668568753,4.301128178192949
41.06,0.29198729981669885,4.418769866318741,4.292769568837734
41.07,0.3076712414458547,4.43743226183777,4.284871594911517
41.08,0.32272465899301167,4.4555287677392315,4.277454569560174
41.09,0.3371419969124883,4.473057038389413,4.270527047090766
41.1,0.3509261140229074,4.490021864665341,4.264090216940919
41.11,0.36408495242821165,4.506432265884556,4.258140706459779
41.12,0.3766294133810986,4.522299643544627,4.2526723825538815
41.13,0.38857198928307896,4.537636600753942,4.24767752180418
41.14,0.39992588304322163,4.552456188459228,4.243147572593749
41.15,0.4107044412488626,4.566771425924623,4.2390736527649535
41.160000000000004,0.42092079230662743,4.58059499948931,4.235446873537719
41.17,0.43058761963360154,4.593939078143583,4.232258548114891
41.18,0.43971702373163607,4.606815205498949,4.229500323691002
41.19,0.44832044328093607,4.6192342420059065,4.227164262081896
41.2,0.4564086151064206,4.63120633991065,4.225242886021114
41.21,0.46399155970466444,4.642740939391357,4.223729202492177
41.22,0.47107858308009326,4.653846777901561,4.222616711043888
41.230000000000004,0.477678289085306,4.664531907740882,4.22189940211678
41.24,0.48379859793964647,4.6748037181657836,4.221571749175537
41.25,0.4894467679379808,4.684668959561314,4.22162869725123
41.26,0.49462941883984435,4.694133768356052,4.222065649333246
41.27,0.499352555286878,4.703203691384686,4.222878452035795
41.28,0.5036215896284442,4.7118837091547805,4.22406338119739
41.29,0.5074413634654138,4.72017825750659,4.225617128031376
41.300000000000004,0.5108161674345388,4.728091247305495,4.227536786286951
41.31,0.5137497594575469,4.73562608230739,4.2298198403565515
41.32,0.5162453807226043,4.742785674721981,4.232464154887546
41.33,0.5183057698452765,4.749572458758209,4.235467965670499
41.34,0.5199331747789679,4.7559884019069525,4.238829872106265
41.35,0.5211293626951904,4.762035014096325,4.242548831159622
41.36,0.521895627898169,4.767713354764617,4.246624152790244
41.37,0.5222327974769182,4.773024037694033,4.251055497047827
41.38,0.5221412350751755,4.777967233809643,4.255842872646676
41.39,0.5216208425861661,4.782542671836808,4.260986637140851
41.4,0.5206710595424356,4.786749636691706,4.266487498831977
41.410000000000004,0.5192908609086775,4.7905869659396,4.272346520075283
41.42,0.5174787525032435,4.794053043905225,4.27856512239237
41.43,0.5152327644015351,4.797145793572222,4.285145093240404
41.44,0.5125504424289419,4.799862666287373,4.292088594399711
41.45,0.5094288374661036,4.802200629076028,4.299398172144462
41.46,0.5058644924248453,4.804156149405294,4.307076769325498
41.47,0.5018534277238528,4.805725177803684,4.315127738903815
41.480000000000004,0.49739112427516385,4.806903127704854,4.323554859517109
41.49,0.49247250474299126,4.80768485285307,4.332362352671578
41.5,0.4870919130704601,4.808064622209547,4.341554901539747
41.51,0.48124309238115925,4.808036092286102,4.351137671353129
41.52,0.4749191620884995,4.807592277399245,4.361116330780205
41.53,0.4681125944614061,4.806725517867693,4.371497074158271
41.54,0.46081519201667703,4.805427447020534,4.382286643568559
41.550000000000004,0.4530180669492507,4.803688957715288,4.393492349918157
41.56,0.4447116252115912,4.8015001701904465,4.405122091035006
41.57,0.43588555828612635,4.798850403350549,4.417184364526365
41.58,0.4265288476881516,4.795728153184179,4.4296882715432755
41.59,0.4166297894059249,4.792121083703597,4.442643505944618
41.6,0.4061760490085377,4.7880160386904524,4.456060320523352
41.61,0.3951547632577306,4.783399086649894,4.469949457983884
41.62,0.38355271210503455,4.778255618037507,4.484322027943746
41.63,0.3713565971509968,4.772570523995686,4.499189301505479
41.64,0.3585534810893026,4.766328501313129,4.514562380247843
41.65,0.345131473261183,4.759514554295451,4.530451671832153
41.660000000000004,0.3310807931703439,4.752114804153461,4.546866066815984
41.67,0.3163954205935242,4.7441177826681615,4.563811649089908
41.68,0.3010756688729398,4.735516497666052,4.581289668515651
41.69,0.2851322230744037,4.726311737936103,4.599293336360596
41.7,0.2685925419294845,4.716517398624593,4.6178027121270775
41.71,0.25151110093965623,4.706169124844273,4.636776471166417
41.72,0.2339859265090759,4.695338444075325,4.656138534960703
41.730000000000004,0.21618536850370534,4.684155929759514,4.675756282855773
41.74,0.19839105183026542,4.672848821109095,4.695405343593572
41.75,0.1810642319618376,4.661799947267199,4.714714707797772
41.76,0.16493801963703572,4.651631192250718,4.733089385316168
41.77,0.15111109994900748,4.643291897934177,4.749629236322438
41.78,0.14104265968831958,4.638065565656998,4.763124955937726
41.79,0.13625026196168713,4.637317142046048,4.772296240378322
41.800000000000004,0.13763763167359117,4.641903149422801,4.776342844531925
41.81,0.14492935141355084,4.651652834497437,4.775427246616613
41.82,0.1568556850181205,4.665502106105974,4.77054837185304
41.83,0.17186066403554925,4.682106670431689,4.762969300070356
41.84,0.1886300472639426,4.700314754979648,4.75377572230263
41.85,0.2062356768204772,4.71930514370414,4.743746025005599
41.86,0.22407727650768347,4.738542683122691,4.73339169126292
41.87,0.2417829453630562,4.757693566427962,4.723035635840063
41.88,0.25912776993813913,4.776554556221537,4.71287792208923
41.89,0.2759786617783587,4.795004486194122,4.703040935862088
41.9,0.2922594225782456,4.812973315674255,4.693598306076362
41.910000000000004,0.30792910714045596,4.8304228498723845,4.684592992376373
41.92,0.3229686552079229,4.847334767682647,4.676048568485652
41.93,0.33737258060745556,4.863703144452227,4.667976307953243
41.94,0.3511437557391143,4.879529739048652,4.660379680002962
41.95,0.36429010640002657,4.894820994233557,4.653257234126232
41.96,0.37682249901218146,4.9095861107256935,4.64660447054836
41.97,0.3887533824100265,4.9238358031021505,4.640415063385026
41.980000000000004,0.4000959115432991,4.937581492950573,4.6346816662449815
41.99,0.41086338396014,4.950834786658669,4.6293964440779485
42.0,0.42106887969649504,4.963607139184323,4.6245514246760235
42.01,0.43072503542044555,4.975909640960191,4.6201387295639345
42.02,0.43984390719913585,4.987752886476278,4.616150723907423
42.03,0.4484368917144416,4.999146897013487,4.6125801119253165
42.04,0.4565146864354243,5.010101079613498,4.609419995141369
42.050000000000004,0.46408727504499,5.020624209752408,4.606663905723888
42.06,0.4711639293220469,5.030724429567686,4.604305822943817
42.07,0.47775322123509745,5.040409255856035,4.602340178521277
42.08,0.4838630413225295,5.049685594178798,4.600761854557535
42.09,0.4895006204235721,5.058559756317148,4.5995661768848946
42.1,0.49467255276231564,5.0670374792340604,4.598748905761332
42.11,0.4993848192778078,5.075123944424791,4.598306225115309
42.12,0.5036428103137129,5.082823796831317,4.598234731248833
42.13,0.5074513469769599,5.090141162654783,4.598531421750117
42.14,0.5108147010454309,5.0970796658793,4.599193684870687
42.15,0.5137366127038062,5.103642442939499,4.6002192900083925
42.160000000000004,0.516220306764671,5.109832155887168,4.601606378988472
42.17,0.5182685064988556,5.115651003460996,4.603353458798198
42.18,0.5198834455646353,5.121100730320821,4.605459395551162
42.19,0.5210668778654225,5.126182634316127,4.607923409847946
42.2,0.5218200851209547,5.130897571645194,4.610745073706394
42.21,0.5221438827087632,5.135245960185207,4.6139243088003115
42.22,0.5220386231862892,5.139227780647404,4.617461386370354
42.230000000000004,0.5215041978425268,5.142842575716422,4.62135692865555
42.24,0.5205400363424983,5.146089447166122,4.625611911856504
42.25,0.5191451041446746,5.148967050750537,4.630227670828098
42.26,0.5173178977851098,5.151473588865508,4.635205905496344
42.27,0.515056438538221,5.153606801177727,4.640548688786384
42.28,0.5123582635488142,5.15536395269753,4.6462584765615835
42.29,0.5092204151114195,5.1567418195528045,4.652338119285763
42.300000000000004,0.5056394279184475,5.157736672296313,4.658790875535647
42.31,0.5016113140156906,5.1583442564853685,4.665620427579403
42.32,0.4971315460056525,5.158559770723673,4.672830898770489
42.33,0.4921950382658294,5.1583778419252955,4.680426872928121
42.34,0.4867961263806475,5.157792497755418,4.6884134156708175
42.35,0.48092854525019213,5.156797136408204,4.696796097443138
42.36,0.47458540602470894,5.155384493604907,4.705581018250943
42.37,0.4677591729818035,5.153546607406543,4.714774833374489
42.38,0.460441640979172,5.15127478102465,4.724384779743518
42.39,0.4526239153625497,5.148559544730556,4.73441870170675
42.4,0.44429639633966866,5.14539061798033,4.744885074913928
42.410000000000004,0.43544877154990064,5.141756874216436,4.755793025654451
42.42,0.4260700215807638,5.137646311483095,4.767152342338946
42.43,0.41614844585125654,5.133046034059711,4.7789734737500975
42.44,0.4056717198728785,5.127942253089145,4.791267505967802
42.45,0.3946270000256534,5.122320318220405,4.8040461059427715
42.46,0.38300110007465094,5.116164798725938,4.817321413461583
42.47,0.3707807762752384,5.109459642808186,4.831105853368901
42.480000000000004,0.35795317694321677,5.1021884594134,4.8454118249947715
42.49,0.3445065426649379,5.094334992013034,4.860251201787972
42.5,0.33043129252686804,5.085883895146195,4.875634534909357
42.51,0.31572170872714594,5.076821989976155,4.891569792751762
42.52,0.3003785629124756,5.067140287375021,4.908060362529822
42.53,0.28441323999300255,5.056837251668598,4.925101866870056
42.54,0.2678542727424212,5.045924092589596,4.942677054145056
42.550000000000004,0.2507578014883561,5.03443340805402,4.960747522194001
42.56,0.23322445330932753,5.022433389727568,4.9792402087381715
42.57,0.2154266590402803,5.010051220617148,4.998025270834523
42.58,0.1976524140805349,4.997511238357947,5.01688019220678
42.59,0.18037264490630153,4.985194914202298,5.035433651882416
42.6,0.16433403830071142,4.973725954822936,5.053086326143255
42.61,0.1506508201439743,4.964060178919197,5.068928089341613
42.62,0.1407909258575871,4.957490914253241,5.08173546530321
42.63,0.13625736404085792,4.955389697267386,5.090217363686344
42.64,0.13790868144867421,4.958611331505489,5.093573359707326
42.65,0.14541826996795942,4.966984023000623,5.091969392603448
42.660000000000004,0.157492643430869,4.979455097882028,5.086398933826852
42.67,0.17258180879680168,4.994699452247519,5.078112213982931
42.68,0.1893891913057231,5.011581035674873,5.068183635012411
42.69,0.20700315492758456,5.0292866040678454,5.057385839983981
42.7,0.22483518366973282,5.0472827219620395,5.0462292617424644
42.71,0.24252089322039752,5.065233730986148,5.035038457586788
42.72,0.25983996781805596,5.082932949458705,5.024016310685259
42.730000000000004,0.27666208373637735,5.1002552956713085,5.013288343591993
42.74,0.2929126931394689,5.117126892974105,5.002931222380124
42.75,0.30855182918577734,5.13350602424186,4.99299067319017
42.76,0.32356100319831455,5.149371234331919,4.98349271679724
42.77,0.33793505336545243,5.164713853351776,4.974450761051603
42.78,0.3516770245558993,5.179533252202131,4.965870126515918
42.79,0.36479492219556076,5.193833801632487,4.957750966775742
42.800000000000004,0.37729963480244005,5.207622903384245,4.950090174864189
42.81,0.38920359866162707,5.220909707152353,4.942882638294787
42.82,0.400519935505114,5.233704269185798,4.936122072591219
42.83,0.4112618977083098,5.246017000286374,4.929801576972013
42.84,0.4214425140624561,5.2578583046173355,4.923914005574114
42.85,0.43107436722541015,5.269238345217659,4.918452215183782
42.86,0.4401694588035563,5.280166894811358,4.9134092289910685
42.87,0.4487391321168192,5.290653243683545,4.908778343477817
42.88,0.4567940328924989,5.300706145779485,4.904553196641298
42.89,0.46434409533033905,5.310333790844072,4.900727809370718
42.9,0.47139854419581845,5.319543793580211,4.897296608828076
42.910000000000004,0.4779659069231492,5.3283431939069965,4.894254439684523
42.92,0.4840540320398301,5.336738464519284,4.891596567001326
42.93,0.48967011068345423,5.344735522602511,4.889318673940088
42.94,0.49482069975923393,5.352339744050061,4.887416856001778
42.95,0.4995117449691528,5.359555978480493,4.885887613565799
42.96,0.5037486034036455,5.366388564490817,4.8847278433492445
42.97,0.507536064763951,5.372841344259353,4.883934829738492
42.980000000000004,0.5108783709900081,5.378917677130836,4.883506236418378
42.99,0.513779234174784,5.38462045196638,4.883440098566094
43.0,0.5162418521872826,5.38995209776447,4.883734816156562
43.01,0.5182689227178076,5.3949145929089415,4.884389148054909
43.02,0.5198626549034823,5.399509472452116,4.885402207530451
43.03,0.5210247790355593,5.403737833671994,4.886773458977324
43.04,0.5217565542344842,5.407600339780838,4.8885027159879275
43.050000000000004,0.5220587738324073,5.411097221594855,4.890590140987111
43.06,0.5219317690238193,5.414228277416847,4.893036246184485
43.07,0.5213754102668764,5.416992870804014,4.895841896179688
43.08,0.5203891066542439,5.419389926283934,4.899008312156326
43.09,0.518971803402103,5.421417923027898,4.9025370776496855
43.1,0.5171219771886103,5.423074886279493,4.906430146077718
43.11,0.5148376291911017,5.424358376379041,4.910689850176525
43.12,0.5121162766229433,5.425265475697764,4.915318913000716
43.13,0.5089549417184077,5.425792772849582,4.920320461087919
43.14,0.5053501388246906,5.4259363443917605,4.925698039535517
43.15,0.5012978595231349,5.425691733859655,4.931455629092845
43.160000000000004,0.4967935555463479,5.425053927844377,4.937597665502662
43.17,0.49183212001197957,5.424017329244569,4.9441290608865165
43.18,0.486407866890799,5.422575727479002,4.951055227303414
43.19,0.48051450903324705,5.4207222656255425,4.9583821024196455
43.2,0.4741451353388812,5.418449404646887,4.966116177011135
43.21,0.46729218755989355,5.415748884708745,4.974264524167744
43.22,0.4599474381618593,5.412611684290301,4.982834829339032
43.230000000000004,0.45210197050222295,5.409027977553742,4.991835420593725
43.24,0.4437461639201409,5.404987091415295,5.001275297454502
43.25,0.43486968706184664,5.40047746417243,5.011164156254928
43.26,0.42546150474982164,5.395486609053131,5.021512408431539
43.27,0.4155099058348548,5.39000108751387,5.032331186722868
43.28,0.40500256315226846,5.384006499877749,5.043632331513726
43.29,0.3939266424200598,5.377487505303458,5.055428345244126
43.300000000000004,0.38226898479580684,5.3704278891319985,5.067732296934922
43.31,0.3700164007597079,5.362810705910171,5.080557648961862
43.32,0.357156132952175,5.354618542430543,5.093917962783887
43.33,0.34367657616305136,5.345833970035412,5.107826416534156
43.34,0.32956839350825406,5.336440297462118,5.122295027301155
43.35,0.3148262477914687,5.326422802648167,5.137333407265054
43.36,0.2994514995819923,5.3157707347272565,5.1529467762049075
43.37,0.28345644517892055,5.304480568626309,5.169132772730491
43.38,0.2668710330615311,5.292561315941426,5.185876305035958
43.39,0.24975361666574267,5.280043247968868,5.203141165129409
43.4,0.23220830486836533,5.266992305359783,5.220856274339758
43.410000000000004,0.21441302353267444,5.253533936220275,5.238893066839306
43.42,0.1966643830850884,5.239892113108743,5.2570286718194525
43.43,0.17944642446691345,5.226450766480957,5.274888243648788
43.44,0.16352424461006862,5.213840797679983,5.291863767781768
43.45,0.1500330170229001,5.203030787296849,5.307030362353356
43.46,0.1404520507088962,5.19532791027601,5.319148197854348
43.47,0.13626391346248984,5.192105906883258,5.326921216330077
43.480000000000004,0.13826618587477987,5.194201966513584,5.329564699289445
43.49,0.14606479854366666,5.201423752808574,5.327265876015326
43.5,0.1583358785078693,5.212718408056847,5.321022052932123
43.51,0.17353776870477747,5.226778456652574,5.312070325724672
43.52,0.19039708772111053,5.242487283990033,5.301469049025311
43.53,0.2080237604683356,5.259044430620658,5.289979891879434
43.54,0.22584463406250618,5.275922349676635,5.278108012611665
43.550000000000004,0.24350518439468063,5.29278671717108,5.26617654946365
43.56,0.2607911632940363,5.309429741193895,5.254389068678508
43.57,0.27757592378360374,5.3257241223647,5.242872748798171
43.58,0.29378713434724635,5.3415933929366135,5.231706259872154
43.59,0.3093861587288977,5.356993239599609,5.2209373641488686
43.6,0.32435529965459026,5.371899773837438,5.210594005031566
43.61,0.3386898567696529,5.386302119645488,5.200691342000827
43.62,0.35239313193438315,5.400197681378781,5.191236263408363
43.63,0.3654732611869539,5.41358909200886,5.182230313748931
43.64,0.377941185177616,5.426482223363266,5.173671615904584
43.65,0.38980934349974883,5.438884879071944,5.165556144912456
43.660000000000004,0.40109083166368825,5.450805930110305,5.157878579556119
43.67,0.41179885817286543,5.46225474131523,5.150632875012936
43.68,0.4219463980367537,5.47324079128454,5.143812648999644
43.69,0.431545975238779,5.483773421498404,5.137411442424029
43.7,0.4406095308797228,5.493861672884174,5.131422894386699
43.71,0.4491483478936194,5.503514181519693,5.1258408586630235
43.72,0.4571730130373953,5.512739114413617,5.12065948002738
43.730000000000004,0.46469340360971967,5.521544132700786,5.115873242671248
43.74,0.47171868983871823,5.529936373120392,5.1114769996283504
43.75,0.47825734741105136,5.53792244193373,5.1074659889372285
43.76,0.4843171755908303,5.545508416595234,5.103835841199606
43.77,0.4899053189606021,5.552699852812323,5.10058258088913
43.78,0.49502829021981026,5.55950179435543,5.097702624090361
43.79,0.4996919933715025,5.56591878460922,5.095192773707408
43.800000000000004,0.503901745809847,5.571954878359974,5.093050213705157
43.81,0.5076622996243809,5.577613653724931,5.0912725025106464
43.82,0.510977860923919,5.582898223134449,5.089857566721699
43.83,0.5138521075564239,5.5878112434150005,5.088803695109624
43.84,0.5162882047954326,5.592354924537553,5.08810953339212
43.85,0.5182888188408961,5.5965310367986945,5.087774080043967
43.86,0.5198561286121579,5.600340916627464,5.087796682974973
43.87,0.5209918351384467,5.603785470502984,5.088177037619518
43.88,0.5216971690790237,5.6068651772188405,5.088915186215644
43.89,0.5219728961625322,5.609580088300513,5.090011518481337
43.9,0.5218193203913208,5.611929826425033,5.091466773846894
43.910000000000004,0.5212362855435801,5.613913582054137,5.093282045033085
43.92,0.5202231743798594,5.615530107893511,5.095458783360952
43.93,0.5187789058488758,5.616777711256033,5.097998805705857
43.94,0.5169019304400821,5.617654244308392,5.100904303102561
43.95,0.514590223370026,5.6181570919518755,5.104177851229224
43.96,0.5118412753554223,5.618283157092758,5.107822422988308
43.97,0.5086520820227032,5.618028843711028,5.111841402740169
43.980000000000004,0.5050191307677612,5.617390036989531,5.11623860288417
43.99,0.5009383856607041,5.616362080636832,5.121018282602353
44.0,0.49640527051145455,5.614939751304166,5.126185168800799
44.01,0.4914146498609338,5.613117229749754,5.131744479523892
44.02,0.4859608084841646,5.6108880688615015,5.137701949639876
44.03,0.4800374294564316,5.608245158325582,5.14406385890793
44.04,0.47363757134399237,5.6051806859709785,5.1508370622778745
44.050000000000004,0.4667536452797726,5.601686095956182,5.158029022114967
44.06,0.4593773929414314,5.597752044027782,5.165647841964947
44.07,0.45149986728425573,5.593368350691023,5.173702300829535
44.08,0.4431114182772377,5.588523953258604,5.182201886787621
44.09,0.43420168726228286,5.583206858698733,5.191156827813175
44.1,0.42475961532714296,5.577404100383582,5.200578116446246
44.11,0.4147734733608927,5.571101703437275,5.2104775233752605
44.12,0.4042309253144482,5.564284666140557,5.220867592252056
44.13,0.3931191418060204,5.556936968995095,5.231761603984556
44.14,0.3814249897409434,5.549041629514976,5.243173492439983
44.15,0.36913533653656216,5.540580830745457,5.255117683867628
44.160000000000004,0.356237528336121,5.531536167901748,5.267608816520848
44.17,0.342720133511229,5.521889083101816,5.280661272421798
44.18,0.3285740939152171,5.51162159989789,5.294288413355672
44.19,0.3137945111846216,5.500717539679628,5.308501346166668
44.2,0.29838342956247776,5.489164515653822,5.323306934832131
44.21,0.28235420862437244,5.476957198836111,5.3387045889312
44.22,0.26573845497847576,5.464102680895122,5.354681047334405
44.230000000000004,0.2485971216625889,5.450629330863639,5.371201839222624
44.24,0.23103841627494712,5.436601496329566,5.388197214042949
44.25,0.21324674301724078,5.422143923017268,5.405538916932955
44.26,0.1955288705800148,5.407481839567115,5.423002279765312
44.27,0.17838427238297677,5.393004120543585,5.440206813256378
44.28,0.1625995642083446,5.379352381396388,5.4565329470053765
44.29,0.14933394004186148,5.3675119976600465,5.47103803176231
44.300000000000004,0.14007851088342213,5.358806233759658,5.482464937822462
44.31,0.13628971047165847,5.3546075232421595,5.489517252336542
44.32,0.1386933109166666,5.355725137466977,5.4914364834935325
44.33,0.14681920270109552,5.361934926943096,5.488441524668636
44.34,0.15931143455726196,5.372177800576236,5.481538103901838
44.35,0.17463939740803505,5.385163261251444,5.471949517176309
44.36,0.19155640007075453,5.399796105996625,5.460715249315786
44.37,0.2091966929680896,5.415291210479185,5.448583028095266
44.38,0.2270043528172623,5.431129192358968,5.436050325027289
44.39,0.2446359022528701,5.446978864181633,5.4234370741031555
44.4,0.26188389916377536,5.4626326903567675,5.410946248682251
44.410000000000004,0.2786258308599335,5.477962178586373,5.398705778840097
44.42,0.294791866159261,5.492889041336246,5.386795694728736
44.43,0.3103448760919313,5.507366955753164,5.375265331700734
44.44,0.32526806523928153,5.521370052361412,5.364144218381429
44.45,0.3395572621405095,5.534885602175641,5.3534490173668035
44.46,0.35321606802418687,5.54790932358271,5.3431879982833825
44.47,0.366252774009694,5.560442336632239,5.3333639556718575
44.480000000000004,0.37867838687110733,5.572489166183683,5.323976134077614
44.49,0.39050535634775585,5.584056420037644,5.315021512254104
44.5,0.40174675409038146,5.595151908566878,5.306495666563779
44.51,0.41241574426410454,5.605784055062741,5.298393356100405
44.52,0.42252524579709644,5.615961500669768,5.290708920557831
44.53,0.43208772070069495,5.625692840295472,5.28343655128066
44.54,0.44111504552876735,5.634986447169418,5.27657047585476
44.550000000000004,0.4496184384856427,5.6438503583613,5.270105082700271
44.56,0.45760842295097387,5.652292201761105,5.264035004417911
44.57,0.4650948147849191,5.660319151392935,5.258355172569832
44.58,0.47208672538464486,5.667937902403057,5.25306085228794
44.59,0.4785925741990698,5.675154659048504,5.248147663248682
44.6,0.4846201072611563,5.681975131672209,5.243611590955757
44.61,0.49017641844984017,5.688404539095272,5.239448991891528
44.62,0.49526797250598403,5.694447614903168,5.235656594053921
44.63,0.49990062777367034,5.700108615469534,5.232231495072806
44.64,0.5040796585145182,5.705391329118315,5.229171158526894
44.65,0.5078097755830842,5.710299085169229,5.226473409761597
44.660000000000004,0.5110951458608413,5.714834762823247,5.224136431277101
44.67,0.5139394096463222,5.719000799104574,5.222158758510404
44.68,0.5163456961364816,5.722799195735675,5.220539276163876
44.69,0.5183166370101377,5.7262315247940885,5.219277215256916
44.7,0.5198543776427997,5.729298932724831,5.218372151354128
44.71,0.5209605866334392,5.7320021429977075,5.217824003693885
44.72,0.521636463047424,5.73434145695942,5.217633035685397
44.730000000000004,0.5218827416405558,5.736316752939078,5.217799856723613
44.74,0.521699696155948,5.737927483565648,5.218325425367921
44.75,0.5210871404109433,5.739172671061888,5.219211054120261
44.76,0.5200444274467889,5.7400509005638485,5.220458415747817
44.77,0.5185704467436048,5.740560311368567,5.222069551237061
44.78,0.5166636191928994,5.74069858584938,5.224046879623091
44.79,0.5143218901907205,5.74046293610196,5.226393209608682
44.800000000000004,0.511542720732259,5.73985008813505,5.229111753129015
44.81,0.5083230761274864,5.738856263262956,5.232206141168424
44.82,0.504659412926577,5.737477156825739,5.23568044165812
44.83,0.5005476639238282,5.735707914002311,5.239539179633011
44.84,0.4959832208938343,5.733543102307727,5.243787359992951
44.85,0.49096091574444706,5.730976680913966,5.248430492648282
44.86,0.48547499985168563,5.72800196639007,5.253474620364159
44.87,0.47951912216718284,5.724611594883836,5.25892634917227
44.88,0.47308630653262584,5.720797480678883,5.2647928812877245
44.89,0.46616892890187744,5.716550771123926,5.2710820503900715
44.9,0.45875869570084105,5.711861798266062,5.2778023587632
44.910000000000004,0.45084662494661104,5.706720027651706,5.284963015639118
44.92,0.4424230327922058,5.701114005477047,5.292573975335423
44.93,0.4334775290831834,5.6950313057353075,5.300645973295581
44.94,0.4239990273053979,5.688458480194928,5.3091905569283036
44.95,0.41397577715960393,5.681381015992892,5.318220106175715
44.96,0.4033954314521961,5.673783307984609,5.32774783640149
44.97,0.392245164928411,5.66564865724344,5.337787771989113
44.980000000000004,0.38051187166094014,5.656959313744491,5.348354672528363
44.99,0.3681824808476477,5.64769659123325,5.359463883784979
45.0,0.3552444520564216,5.637841098630064,5.371131069831157
45.01,0.3416865446308931,5.627373158914292,5.383371757113899
45.02,0.32750000824126013,5.616273528551488,5.396200580948391
45.03,0.31268042938506946,5.604524602658399,5.409630056089577
45.04,0.2972306096719234,5.592112409493443,5.423668580650161
45.050000000000004,0.28116508697758585,5.579029899552773,5.438317191836445
45.06,0.26451730726855005,5.565282381943493,5.453564264454227
45.07,0.24735110864416096,5.550896549919853,5.469376790029539
45.08,0.22977924908713646,5.535935533547241,5.48568594313674
45.09,0.2119933214649889,5.5205239989479,5.502363171805395
45.1,0.19431134774693062,5.504889453004867,5.519181082369987
45.11,0.17724982251311433,5.48942732807522,5.535752161916811
45.12,0.16161885074657725,5.47479225397861,5.551443442012157
45.13,0.14860314560292961,5.461988925159657,5.565292738312482
45.14,0.1397045361274236,5.4523576913751945,5.5760256263095975
45.15,0.13634776210376767,5.447266660058635,5.582349273177198
45.160000000000004,0.1391793348437751,5.447490544414328,5.5835383800518645
45.17,0.14764961938807317,5.452767531957478,5.579848874040757
45.18,0.16037198224779245,5.462029892440591,5.572296321666992
45.19,0.17582967193239277,5.4740041084945865,5.562089215446606
45.2,0.19280483815853752,5.487617323586442,5.550246515021372
45.21,0.21045737449151242,5.502100899975973,5.537500447908648
45.22,0.22824936208025062,5.516944703431811,5.524339534408712
45.230000000000004,0.24584883143612907,5.531821599809284,5.511079542055624
45.24,0.2630554258907397,5.546525047562958,5.497922140428632
45.25,0.2797509384189615,5.560925942450863,5.484995491892697
45.26,0.2958681439624402,5.574944632021163,5.472380607893613
45.27,0.31137148618597876,5.588533141031648,5.460128119279538
45.28,0.32624511146512675,5.601663901488522,5.448268935001469
45.29,0.34048540172009656,5.6143225571993804,5.436821067965522
45.300000000000004,0.35409627110747255,5.626503322322184,5.425794054664332
45.31,0.3670861737441887,5.638205952553223,5.415191852591982
45.32,0.37946618560551404,5.649433747647078,5.4050147618707545
45.33,0.3912487677541063,5.660192221261619,5.395260713731792
45.34,0.4024469671109627,5.670488208145247,5.385926142685975
45.35,0.4130739018627771,5.68032926197365,5.3770065809134575
45.36,0.4231424326540002,5.689723247687553,5.368497065916673
45.37,0.43266495679241007,5.698678065929248,5.360392420634427
45.38,0.4416532837425882,5.707201467555264,5.352687446019085
45.39,0.45011856430302644,5.715300929850248,5.345377053185834
45.4,0.45807125570634205,5.7229835756531,5.338456353124068
45.410000000000004,0.4655211099055031,5.730256121845408,5.331920717034521
45.42,0.47247717698701025,5.737124848246011,5.325765815950636
45.43,0.47894781793818697,5.743595580386471,5.3199876460028195
45.44,0.484940723132966,5.749673681864177,5.314582543532549
45.45,0.4904629338035279,5.755364052963364,5.309547193329732
45.46,0.4955208646699861,5.760671133269762,5.304878632257529
45.47,0.5001203266257795,5.765598906707687,5.300574249846553
45.480000000000004,0.5042665487851293,5.770150907953882,5.296631786919497
45.49,0.5079641990972459,5.774330229172815,5.293049333333588
45.5,0.5112174035601483,5.7781395267543605,5.289825325179994
45.51,0.5140297632269003,5.781581027204378,5.286958542324957
45.52,0.5164043697279236,5.784656532431007,5.284448106064215
45.53,0.5183438184451071,5.787367423673742,5.28229347767392
45.54,0.51985021975835,5.789714664174348,5.280494457773603
45.550000000000004,0.5209252083222206,5.791698800423131,5.279051186682444
45.56,0.5215699500206604,5.793319961655653,5.277964146106486
45.57,0.5217851471845816,5.794577857815964,5.277234161944458
45.58,0.5215710416297868,5.795471775633597,5.276862408568601
45.59,0.5209274156264359,5.796000572771953,5.276850414619729
45.6,0.5198535909960011,5.796162670038316,5.277200070318569
45.61,0.518348426076647,5.795956041412239,5.277913636523469
45.62,0.5164103105081763,5.795378201744112,5.278993755664079
45.63,0.5140371583752741,5.794426192255117,5.2804434643951454
45.64,0.5112263989248717,5.793096563299636,5.282266208476986
45.65,0.5079749653997007,5.791385354488309,5.284465859745282
45.660000000000004,0.5042792818928399,5.789288071941326,5.287046735351644
45.67,0.5001352479556191,5.786799662311044,5.29001361957873
45.68,0.49553822149517834,5.783914483609815,5.2933717881237214
45.69,0.49048299979631055,5.780626272493541,5.297127035116573
45.7,0.4849637988652706,5.776928107776733,5.301285703001481
45.71,0.4789742316298638,5.772812370143704,5.305854715199097
45.72,0.4725072852044521,5.7682706977267,5.310841611749539
45.730000000000004,0.4655552984504377,5.763293937854195,5.316254587468406
45.74,0.4581099405999259,5.757872094853,5.322102532556396
45.75,0.45016219303526994,5.751994274609433,5.32839507474005
45.76,0.44170233652081337,5.745648626567463,5.335142622031159
45.77,0.4327199480549699,5.738822285082553,5.342356403904381
45.78,0.42320391270644536,5.731501312660717,5.350048508067968
45.79,0.4131424587433259,5.723670649559559,5.358231908027169
45.800000000000004,0.4025232284386253,5.715314076968416,5.366920473897727
45.81,0.3913334026570502,5.706414204946039,5.376128955008441
45.82,0.3795599064925797,5.696952502849492,5.38587291639022
45.83,0.3671897374405948,5.686909400514494,5.396168600971827
45.84,0.35421047911506415,5.676264504743187,5.407032673519264
45.85,0.34061109804965245,5.664997002476304,5.41848177649843
45.86,0.32638317690444973,5.6530863664381235,5.430531785419757
45.87,0.31152282532681913,5.640513550760603,5.443196582812442
45.88,0.29603365987386326,5.627262989045381,5.456486051064166
45.89,0.2799314854019025,5.61332591382036,5.470402788959994
45.9,0.26325172306818057,5.598705877658383,5.484936715829389
45.910000000000004,0.2460613062221857,5.583427969239891,5.500056151501906
45.92,0.22847786944273193,5.567554255725488,5.515692989675542
45.93,0.21070069645861755,5.551209627402291,5.531718054645925
45.94,0.19305981101745243,5.534624425846443,5.547900707771268
45.95,0.17608974868436345,5.518201578095325,5.56384562605576
45.96,0.1606251811074267,5.5026100819614046,5.578905431628254
45.97,0.14787661468647642,5.488875309823651,5.592097655168828
45.980000000000004,0.1393544054678667,5.478354768401086,5.602131355130066
45.99,0.13644635816951559,5.472409715492494,5.607720637697297
46.0,0.13971509362901757,5.471776578701011,5.608177541840187
46.01,0.14853172605273787,5.4761540485124325,5.603796638271909
46.02,0.16148231123667342,5.484465874172081,5.595602499959754
46.03,0.17706661189191802,5.495455907200235,5.5847876001691095
46.04,0.19409673791574084,5.508073827214825,5.572349528640044
46.050000000000004,0.21175851870299417,5.521567663663674,5.559004420253521
46.06,0.2295320607284608,5.5354367831742195,5.545231374259445
46.07,0.247096865906546,5.549358397048174,5.531341608035231
46.08,0.26425962701607714,5.563127245256738,5.517535181108712
46.09,0.28090641655413257,5.576613870148638,5.503940250233816
46.1,0.2969725976041596,5.589737476243505,5.490638626839735
46.11,0.3124241738942309,5.602448622121557,5.477682100584465
46.12,0.3272462239462101,5.614718195886024,5.465102858521071
46.13,0.34143567611698,5.626530342740514,5.452920187261641
46.14,0.354996751330729,5.637877879324093,5.441144833345467
46.15,0.3679380619516082,5.648759286396151,5.429781874792773
46.160000000000004,0.38027074903761676,5.6591767137757545,5.418832635899509
46.17,0.3920072812493805,5.6691346444486,5.408295977410943
46.18,0.40316067778196163,5.678638991759464,5.3981691751203
46.19,0.4137440080369478,5.6876964860867085,5.388448522356519
46.2,0.4237700721199491,5.696314256237481,5.379129745976409
46.21,0.433251200676804,5.704499543344023,5.370208294824694
46.22,0.4421991341590938,5.712259506006479,5.361679539835713
46.230000000000004,0.4506249545514219,5.719601088315362,5.3535389128194
46.24,0.4585390516279558,5.726530931385712,5.345782002461736
46.25,0.46595111222513796,5.733055315518861,5.3384046198857025
46.26,0.4728701241554094,5.739180123500879,5.331402842937246
46.27,0.47930438904852596,5.74491081838422,5.324773045654324
46.28,0.48526154099114016,5.75025243163607,5.318511916912674
46.29,0.490748567775324,5.755209557902564,5.312616471947121
46.300000000000004,0.4957718335896712,5.759786354472934,5.3070840586317125
46.31,0.500337101360624,5.763986543304365,5.301912360662772
46.32,0.5044495546720047,5.767813414905871,5.29709939834612
46.33,0.5081138181801638,5.771269832806638,5.292643528285393
46.34,0.5113339764871294,5.774358238152931,5.288543442444809
46.35,0.5141135912777675,5.777080653983279,5.284798167054828
46.36,0.5164557161859018,5.779438688545821,5.281407062022268
46.37,0.5183629101219547,5.78143353791278,5.278369820597604
46.38,0.5198372481898356,5.783065987147215,5.275686470067346
46.39,0.5208803307187901,5.784336410184793,5.273357373315464
46.4,0.5214932902993951,5.785244768218348,5.271383231474343
46.410000000000004,0.5216767965330793,5.78579060629291,5.269765087962617
46.42,0.5214310590754498,5.785973048305336,5.2685043337129756
46.43,0.5207558284794073,5.785790790016117,5.267602713978945
46.44,0.5196503949828082,5.78524209003297,5.267062336750083
46.45,0.518113585453974,5.784324758735693,5.266885682791544
46.46,0.5161437582494669,5.7830361448838845,5.267075617544689
46.47,0.5137387957084985,5.7813731196166955,5.267635405152082
46.480000000000004,0.5108960951766705,5.779332058110256,5.268568724307798
46.49,0.5076125576193068,5.776908818243475,5.2698796865384585
46.5,0.5038845742357684,5.774098716254645,5.271572856881676
46.51,0.49970801122675795,5.77089649922923,5.273653277058767
46.52,0.49507819244188184,5.767296313997229,5.276126491490024
46.53,0.48998988035981966,5.763291672356075,5.278998576148521
46.54,0.48443725553311967,5.758875412349444,5.282276170416552
46.550000000000004,0.4784138947150406,5.754039655287659,5.285966512138846
46.56,0.4719127484401314,5.748775758495934,5.290077475738595
46.57,0.4649261185922906,5.743074263507982,5.294617613515242
46.58,0.4574456375889901,5.736924840089241,5.299596199534652
46.59,0.4494622506370176,5.730316226191052,5.305023275787729
46.6,0.4409662040004634,5.723236164837035,5.31090969934606
46.61,0.43194704303833,5.715671339273464,5.317267188886452
46.62,0.4223936260311496,5.707607309168473,5.3241083674542296
46.63,0.4122941622038665,5.699028452016975,5.331446796944422
46.64,0.4016362865236406,5.689917916624112,5.3392969970477555
46.65,0.3904071903277863,5.680257599966579,5.347674436998773
46.660000000000004,0.3785938357680126,5.6700281648923525,5.356595482408564
46.67,0.3661832968452837,5.659209126830727,5.366077268977885
46.68,0.35316329249621237,5.647779054579164,5.376137458474502
46.69,0.33952301226899223,5.635715957054846,5.386793806487745
46.7,0.32525439340534085,5.622997973746959,5.398063427399195
46.71,0.3103540999352981,5.609604560790069,5.409961571161742
46.72,0.2948266076022618,5.5955184916018395,5.422499605618804
46.730000000000004,0.2786890529194144,5.580729207968808,5.435681692577943
46.74,0.2619789268776486,5.56523842883498,5.449499295631762
46.75,0.24476639931235564,5.54906956575374,5.4639220550735645
46.76,0.22717419096838315,5.532283572685194,5.478882557562062
46.77,0.20940958262015208,5.515005571121396,5.494250938798233
46.78,0.19181502075294637,5.497468859685521,5.5097931824169875
46.79,0.1749435634351876,5.480084165754889,5.52510593845169
46.800000000000004,0.15965469368490126,5.463535333026345,5.53952720929458
46.81,0.14718389566128937,5.448868728548621,5.55205445458239
46.82,0.1390470285359445,5.4374583689478415,5.561381654950438
46.83,0.13659036454366502,5.4306568364865475,5.566232528081394
46.84,0.14029075307407898,5.429161304744822,5.565957955645138
46.85,0.1494433979574005,5.432632483714847,5.56088960036342
46.86,0.1626116882548087,5.439987589878556,5.552058503130219
46.87,0.17831418991351192,5.449988405910416,5.540639811376313
46.88,0.19539318925327953,5.461606706816133,5.527609542003783
46.89,0.21305993013118454,5.474106602308056,5.513667883643744
46.9,0.23081198390910077,5.486996560163913,5.4992846532519515
46.910000000000004,0.24833990642494597,5.499957934069165,5.484766584274937
46.92,0.2654571617208652,5.512786671021441,5.470312140998429
46.93,0.282053922786134,5.525352955579647,5.456049464793874
46.94,0.2980680260429614,5.5375748786709025,5.44206114945022
46.95,0.3134669609447108,5.549401576063462,5.428400126139437
46.96,0.3282366891726656,5.560802438998674,5.415099846382576
46.97,0.3423746530915671,5.571760160170315,5.402180861091352
46.980000000000004,0.35588535808261323,5.582266201370171,5.3896551217638535
46.99,0.36877755935325646,5.59231780704241,5.37752882545213
47.0,0.3810624525507055,5.601916011812264,5.365804321795367
47.01,0.39275250636824965,5.611064298747076,5.354481404593574
47.02,0.40386070718929323,5.619767687271604,5.343558195939262
47.03,0.4144000720382746,5.628032108837483,5.333031756593435
47.04,0.4243833379061709,5.6358639776996045,5.322898510020528
47.050000000000004,0.4338227671772049,5.643269894830511,5.31315453870192
47.06,0.4427300303494038,5.650256443912385,5.303795791632902
47.07,0.45111613991467864,5.656830051224058,5.294818229792659
47.08,0.4589914180641666,5.662996890150345,5.2862179279629204
47.09,0.46636548663158395,5.668762817004913,5.2779911456276825
47.1,0.47324727129973054,5.674133328794805,5.270134375957673
47.11,0.4796450149176638,5.679113536488966,5.26264437908589
47.12,0.48556629573675125,5.683708148690631,5.255518204643432
47.13,0.49101804888143585,5.6879214629963135,5.248753206181025
47.14,0.49600658859200936,5.691757362040737,5.242347050446095
47.15,0.5005376307216051,5.695219312949516,5.236297722768025
47.160000000000004,0.5046163141242319,5.698310368496171,5.2306035302612806
47.17,0.5082472210111046,5.701033169440378,5.22526310336976
47.18,0.5114343955931961,5.703389947128254,5.220275396686166
47.19,0.5141813608668732,5.705382525863103,5.215639689553488
47.2,0.5164911336281055,5.7070123248127915,5.211355586692445
47.21,0.5183662371542557,5.7082803588329964,5.20742301949428
47.22,0.5198087122324516,5.709187238418152,5.203842247771032
47.230000000000004,0.5208201259249094,5.709733168222969,5.200613862532898
47.24,0.5214015783328522,5.709917944145034,5.197738789805288
47.25,0.5215537074377021,5.709740948862689,5.19521829559178
47.26,0.5212766917325902,5.709201145531179,5.193053992277639
47.27,0.5205702509818302,5.708297069678338,5.191247846424329
47.28,0.5194336450099686,5.707026819101787,5.18980218814108
47.29,0.5178656702734981,5.7053880415018865,5.188719722280811
47.300000000000004,0.5158646545966737,5.70337791987627,5.1880035414118355
47.31,0.5134284500075184,5.700993155472105,5.18765714073861
47.32,0.5105544232004396,5.698229947880319,5.187684435348237
47.33,0.5072394438072066,5.69508397212942,5.18808977988095
47.34,0.50347987159412,5.691550353102713,5.188877990244461
47.35,0.49927154065799284,5.687623636048005,5.190054368535111
47.36,0.49460974222042287,5.68329775365927,5.191624730607762
47.37,0.48948920560226367,5.6785659891793,5.193595436749454
47.38,0.48390407751619186,5.673420935160518,5.195973425710169
47.39,0.4778479004595836,5.6678544478673665,5.198766251970458
47.4,0.47131359030216785,5.6618575968030145,5.20198212661147
47.410000000000004,0.46429341431923626,5.655420609463118,5.205629961496534
47.42,0.45677897059302475,5.648532811082145,5.20971941678857
47.43,0.4487611710656783,5.6411825599119645,5.214260951005188
47.44,0.4402302306868507,5.6333571784823855,5.219265872874767
47.45,0.43117566696693294,5.625042882372586,5.224746393123237
47.46,0.42158631573016325,5.616224708740716,5.230715673567929
47.47,0.4114503721220743,5.606886448908939,5.2371878687915885
47.480000000000004,0.4007554697564659,5.59701059158487,5.244178153370973
47.49,0.38948881741830205,5.586578287588164,5.251702723348782
47.5,0.37763742263682076,5.575569353725728,5.259778753934335
47.51,0.36518844600102623,5.563962343663917,5.26842428543133
47.52,0.3521297538589595,5.551734731038797,5.277657992450487
47.53,0.33845077383473593,5.538863277785707,5.287498764654308
47.54,0.32414381636682993,5.525324706341447,5.297964983400574
47.550000000000004,0.30920612330096486,5.511096872603946,5.309073303799763
47.56,0.29364305938530366,5.496160764731784,5.320836629857398
47.57,0.2774731309036594,5.480503880359786,5.333260754763105
47.58,0.2607359482083033,5.464125917221248,5.346338778155709
47.59,0.2435049808215749,5.447048381564421,5.360041784120784
47.6,0.22590811333768537,5.429330840891396,5.37430321716991
47.61,0.2081607071387026,5.4110983293933,5.388992744390226
47.62,0.1906176791253815,5.392586744960151,5.40387326909452
47.63,0.17385048463673813,5.374214221282463,5.418533840097463
47.64,0.15874275323714662,5.356678967075809,5.432298532781435
47.65,0.14655303251526106,5.341047576796658,5.444145998686506
47.660000000000004,0.1387990420469418,5.328709341060687,5.452757187613377
47.67,0.13678202890947547,5.321007392261783,5.456867156687168
47.68,0.14089420493706406,5.3186016976618395,5.455864303971877
47.69,0.15036098160052708,5.321119685340737,5.450112830151327
47.7,0.16372855307875253,5.327475564822391,5.44064626313423
47.71,0.1795360135400452,5.336449627136423,5.428621110103609
47.72,0.19665514967995004,5.347034679052334,5.4149921892831285
47.730000000000004,0.21432135573778613,5.358509617997685,5.40044452989012
47.74,0.2320485900386927,5.370391018330803,5.38543933515714
47.75,0.24953770659804703,5.38236371809786,5.37027931910997
47.76,0.2666084460153108,5.394224460255956,5.355161655852762
47.77,0.28315476450465565,5.405842819735957,5.340214672379083
47.78,0.2991167683431058,5.417135620248658,5.325521881694004
47.79,0.31446330094107516,5.428050481019365,5.311137454208302
47.800000000000004,0.3291811216011925,5.43855523984577,5.297096178963226
47.81,0.3432681285664244,5.44863110223665,5.283419929571789
47.82,0.35672907458790276,5.458268155847599,5.270121909585414
47.83,0.3695728317801451,5.467462397881943,5.257209475807242
47.84,0.3818106334596892,5.476213743022315,5.244686038505168
47.85,0.3934549369522694,5.484524673307012,5.232552356118563
47.86,0.40451868828762116,5.492399315458862,5.2208074257504276
47.870000000000005,0.41501484750958717,5.49984280490276,5.209449101788905
47.88,0.42495608576279076,5.506860845152228,5.198474528595045
47.89,0.43435459588580616,5.513459401449593,5.187880444884328
47.9,0.44322197807827224,5.5196444872755395,5.17766339892435
47.910000000000004,0.4515691757798238,5.525422016018083,5.167819900778398
47.92,0.45940644450645063,5.530797698224316,5.158346530205646
47.93,0.4667433424147677,5.535776971110522,5.149240012910243
47.94,0.47358873477842245,5.540364950779799,5.140497274283305
47.95,0.47995080727023504,5.544566400606258,5.13211547691086
47.96,0.48583708444435203,5.548385710952084,5.124092046517668
47.97,0.49125445072984514,5.551826886609952,5.116424689855554
47.980000000000004,0.4962091727020412,5.554893539786908,5.10911140665714
47.99,0.5007069211881331,5.557588886603807,5.1021504976518255
48.0,0.5047527926076739,5.559915745863083,5.095540569878859
48.01,0.5083513290772722,5.561876539148874,5.089280540228645
48.02,0.5115065366232004,5.563473291268809,5.083369638214652
48.03,0.5142219020224438,5.564707631008682,5.077807408000553
48.04,0.5165004073373017,5.565580791212905,5.072593710690036
48.050000000000004,0.5183445426845008,5.56609360826988,5.0677287268014
48.06,0.5197563169172722,5.566246520561455,5.0632129593768305
48.07,0.5207372661231686,5.566039565604806,5.059047238003906
48.08,0.5212884604290273,5.5654723760002796,5.055232723633087
48.09,0.5214105084785734,5.56454417364207,5.051770914736688
48.1,0.52110356004562,5.5632537622978315,5.048663654694896
48.11,0.5203673067164966,5.561599518357896,5.045913140598476
48.120000000000005,0.5192009803040384,5.559579379427039,5.04352193377979
48.13,0.517603349481837,5.557190830837938,5.041492971972697
48.14,0.5155727144335946,5.5544308898057455,5.039829583354915
48.15,0.513106899277903,5.551296086913907,5.038535502748681
48.160000000000004,0.5102032426719506,5.547782444912703,5.037614889957503
48.17,0.5068585863689232,5.543885454485586,5.037072350532571
48.18,0.5030692614952069,5.5396000465938595,5.036912959297524
48.19,0.49883107331135734,5.534920561468792,5.037142286490424
48.2,0.49413928379859534,5.529840713580964,5.037766427105127
48.21,0.48898859259427,5.524353552440534,5.038792033476091
48.22,0.4833731165191318,5.5184514189074285,5.040226351303803
48.230000000000004,0.47728636782369244,5.51212589651748,5.042077259473283
48.24,0.4707212321946179,5.505367757804893,5.044353313509057
48.25,0.4636699469460025,5.498166905106665,5.0470637929837565
48.26,0.4561240810921843,5.490512305998192,5.050218752488234
48.27,0.4480745189153568,5.482391923267271,5.053829075982116
48.28,0.43951145028247485,5.473792640248113,5.057906533368779
48.29,0.4304243716182175,5.464700182484615,5.062463837951541
48.300000000000004,0.42080210383738037,5.455099038036008,5.067514702020073
48.31,0.4106328363458782,5.444972380281472,5.073073886222021
48.32,0.39990421056791786,5.434301999710524,5.079157235699329
48.33,0.38860346295710607,5.423068255241231,5.085781691904071
48.34,0.37671765760121545,5.411250062332439,5.09296526233333
48.35,0.3642340540498862,5.3988249458632245,5.100726919897693
48.36,0.3511406794560877,5.385769202469193,5.109086387365496
48.370000000000005,0.3374272135330902,5.372058246332373,5.118063733910916
48.38,0.3230863547418771,5.357667258386158,5.127678666647982
48.39,0.30811593591800884,5.3425723381147305,5.137949324272937
48.4,0.29252222235707337,5.326752492276291,5.148890251381974
48.410000000000004,0.27632509396526306,5.310193023752216,5.160509015622828
48.42,0.2595662706407794,5.292891286836301,5.172800550261893
48.43,0.2423224826005141,5.274866463110419,5.18573766102786
48.44,0.22472668219566447,5.256176183096045,5.199255046540182
48.45,0.20700210031622102,5.2369446651025395,5.213222479278769
48.46,0.18951568067399419,5.217409437459072,5.227400625502503
48.47,0.1728563645959527,5.1979947511202935,5.241372185223995
48.480000000000004,0.15793012833981945,5.179411484923483,5.2544491586228705
48.49,0.1460154169472109,5.162744386643889,5.265593952228949
48.5,0.13862773458534716,5.1493962500765615,5.273477161462115
48.51,0.137021566814484,5.140701561184071,5.276845564070776
48.52,0.14150926960076876,5.137288827883692,5.2751203544910705
48.53,0.1512554449619926,5.138760394301868,5.268690443876595
48.54,0.16479515324614333,5.144032502317993,5.258586412040755
48.550000000000004,0.1806889730544812,5.151904443579083,5.245944829456874
48.56,0.1978365167108677,5.161388289399184,5.231700274663304
48.57,0.21549526673775413,5.17177566472554,5.21652404974994
48.58,0.23319393860903356,5.182589609849199,5.200869953615317
48.59,0.2506425661738105,5.193517291505867,5.185037559371025
48.6,0.2676664372558562,5.204355466167799,5.169223363481743
48.61,0.28416282230218637,5.21497257206775,5.15355630696783
48.620000000000005,0.30007379527334227,5.225283807146607,5.13812112842394
48.63,0.31536935735524846,5.23523502635656,5.122973463215311
48.64,0.3300369362670849,5.244792339631027,5.108149609828671
48.65,0.3440748018261249,5.253935341215892,5.093672898783253
48.660000000000004,0.3574878965948119,5.262652653755638,5.079557894716145
48.67,0.3702851724864684,5.270938961135418,5.065813203502424
48.68,0.3824778749934478,5.278793008368032,5.052443372072313
48.69,0.39407843410649795,5.286216239640474,5.039450188392568
48.7,0.40509974516069513,5.293211861019901,5.026833581458156
48.71,0.4155547050928194,5.299784190740909,5.014592249654303
48.72,0.42545591623410706,5.305938205723813,5.002724103182918
48.730000000000004,0.434815500727054,5.311679223340017,4.991226577861189
48.74,0.4436449889952298,5.317012677885755,4.980096858411934
48.75,0.45195525707791734,5.3219439632916,4.969332038123303
48.76,0.459756496095844,5.3264783224410355,4.958929233454737
48.77,0.4670582033868812,5.330620770088966,4.9488856658902165
48.78,0.4738691871261718,5.334376039278374,4.93919872068479
48.79,0.4801975795149708,5.337748544638318,4.929865988814077
48.800000000000004,0.48605085503353257,5.340742357644576,4.920885296850107
48.81,0.49143585139371576,5.343361190374455,4.912254728101586
48.82,0.49635879150726697,5.345608385100798,4.903972637599073
48.83,0.5008253053953866,5.347486907895401,4.896037662705285
48.84,0.5048404511281158,5.348999344689017,4.888448730883822
48.85,0.5084087347945626,5.350147899147575,4.8812050652437255
48.86,0.5115341285538269,5.350934391102122,4.874306189130495
48.870000000000005,0.5142200871552483,5.351360255369536,4.867751929918344
48.88,0.5164695622768236,5.351426540149761,4.861542422827586
48.89,0.5182850150547805,5.351133904923519,4.855678114842861
48.9,0.5196684266273704,5.350482617483321,4.850159769101876
48.910000000000004,0.5206213065268771,5.3494725497513285,4.844988470104718
48.92,0.5211446992222948,5.348103172365494,4.840165629757541
48.93,0.5212391884947121,5.346373547663703,4.835692994617313
48.94,0.5209048998666832,5.344282321008187,4.831572654385861
48.95,0.5201415011552122,5.341827710311979,4.82780705177777
48.96,0.5189482008169604,5.339007493418427,4.824398994092902
48.97,0.5173237444542395,5.335818993335629,4.821351666467784
48.980000000000004,0.5152664094194002,5.332259061093137,4.818668647008225
48.99,0.5127739970859031,5.328324055805692,4.816353924178588
49.0,0.5098438231993785,5.324009821896196,4.814411916451185
49.01,0.5064727066488282,5.319311663377729,4.812847494260347
49.02,0.5026569556732494,5.314224314421875,4.811666004963839
49.03,0.49839235247526575,5.308741906336017,4.810873300610922
49.04,0.4936741359116036,5.302857930404238,4.810475768964916
49.050000000000004,0.48849698236491396,5.296565196177948,4.810480368081681
49.06,0.48285498545690003,5.28985578504972,4.810894664472901
49.07,0.4767416344888943,5.282720998433186,4.811726875372873
49.08,0.47014979266264256,5.275151300419548,4.8129859150450685
49.09,0.4630716756295111,5.267136254362923,4.8146814454541405
49.1,0.4554988321217764,5.25866445342791,4.816823930998582
49.11,0.44742212836553297,5.249723444912661,4.819424697178613
49.120000000000005,0.43883173948040466,5.240299648888663,4.82249599228333
49.13,0.42971715193421334,5.230378271942872,4.826051050882619
49.14,0.42006718374931534,5.2199432182580345,4.830104156377041
49.15,0.40987003159183505,5.208977001431479,4.834670698636504
49.160000000000004,0.39911335856280417,5.197460663136439,4.839767219986377
49.17,0.3877844435108283,5.185373709021506,4.845411438465314
49.18,0.3758704225503555,5.172694078480557,4.851622231073552
49.19,0.36335866960749713,5.159398175753704,4.858419549047412
49.2,0.35023738777931057,5.14546100730789,4.865824220108165
49.21,0.33649652189825235,5.130856498537843,4.873857565438532
49.22,0.3221291666498539,5.115558111261775,4.882540712509331
49.230000000000004,0.3071337461433454,5.099539963368661,4.891893408572997
49.24,0.2915174089627161,5.082778789231907,4.901932009267479
49.25,0.2753013635820249,5.065257317823544,4.912666091644695
49.26,0.2585293417033312,5.046970056104178,4.92409275544589
49.27,0.24128114499644465,5.027933180993623,4.936187008359726
49.28,0.22369444041906805,5.008201451775623,4.9488855111243435
49.29,0.2059996826739991,4.987896967065553,4.962059203932798
49.300000000000004,0.18857467849918014,4.96725704850317,4.975468127605403
49.31,0.1720238079721953,4.946709492937681,4.988691064938661
49.32,0.15727200668088295,4.926974419569378,5.0010314489211325
49.33,0.14561283217325405,4.909150838416852,5.011439827131828
49.34,0.13855522065407827,4.894652658144277,5.018579918859724
49.35,0.13730788362636187,4.884808868616646,5.021208676292682
49.36,0.1421129652862826,4.880227282152394,5.018770882345817
49.370000000000005,0.15208673231916728,4.880497881737566,5.01166816730047
49.38,0.1657597621034263,4.88454589828886,5.000920867552638
49.39,0.18171405351444161,4.891190012578038,4.987644267608852
49.4,0.19887409339381215,4.899458899311189,4.972754329037077
49.410000000000004,0.21651636618306924,4.908653862550003,4.956910826920435
49.42,0.23418199832052689,4.918301927686281,4.940562024682297
49.43,0.2515886085652834,4.928090782528463,4.924005746778138
49.44,0.26856599066503983,4.937815925527867,4.907438811462111
49.45,0.28501405632158255,4.947343767428148,4.890991491560228
49.46,0.30087641096783846,4.956587250534937,4.874750275366584
49.47,0.3161239285805195,4.965490013633205,4.858772654769646
49.480000000000004,0.330744517365888,4.974016109239626,4.84309673764506
49.49,0.34473669422331543,4.982143276353942,4.82774754662481
49.5,0.35810550845345546,4.989858489179236,4.812741196220628
49.51,0.37085993620164687,4.997154978328183,4.798087696289857
49.52,0.383011199175214,5.0040302117679225,4.783792859247251
49.53,0.394571676228063,5.010484511831774,4.769859612360675
49.54,0.40555419771029755,5.016520098340217,4.756288910723307
49.550000000000004,0.4159715892133364,5.022140420403102,4.743080379063501
49.56,0.42583638029611615,5.0273496869596945,4.730232766297731
49.57,0.43516062195902266,5.032152534779235,4.717744270125334
49.58,0.4439557764592309,5.03655379270452,4.705612770255105
49.59,0.45223265550505976,5.040558314073447,4.693835996569596
49.6,0.46000139041353744,5.044170857508648,4.682411650860544
49.61,0.4672714229109613,5.047396001963907,4.671337495463207
49.620000000000005,0.4740515098723703,5.050238086874155,4.6606114174012125
49.63,0.4803497362705028,5.052701169866754,4.650231475236566
49.64,0.48617353320965967,5.054788997295035,4.640195933120234
49.65,0.49152969845479305,5.05650498372181,4.630503285765019
49.660000000000004,0.49642441821209415,5.057852198009932,4.621152276571073
49.67,0.5008632886437183,5.058833353676838,4.6121419111920785
49.68,0.50485133680115,5.059450802396073,4.603471467609117
49.69,0.5083930399034962,5.059706529091745,4.595140504254314
49.7,0.5114923435210551,5.059602148445178,4.587148866336339
49.71,0.5141526775892035,5.0591389015510915,4.579496691636914
49.72,0.5163769707376064,5.058317652645717,4.572184415844869
49.730000000000004,0.5181676626021885,5.05713888534763,4.56521277798709
49.74,0.5195267139999975,5.055602698031385,4.55858282633631
49.75,0.5204556154073077,5.0537087983592635,4.5522959247614
49.76,0.5209553931482078,5.05145649637671,4.546353760114236
49.77,0.5210266137392123,5.048844696224555,4.540758350588188
49.78,0.5206693863175196,5.045871886223409,4.535512055280606
49.79,0.5198833627889365,5.042536126946878,4.530617585325555
49.800000000000004,0.518667736285203,5.038835037389774,4.526078016468297
49.81,0.5170212376127378,5.034765778860684,4.521896803423572
49.82,0.5149421295153775,5.030325036295741,4.518077796284747
49.83,0.5124281991564172,5.025508996947945,4.514625258987662
49.84,0.5094767486203308,5.020313326091698,4.511543890135945
49.85,0.5060845830809986,5.014733139283997,4.508838846581235
49.86,0.5022479974077607,5.008762971199645,4.506515769668847
49.870000000000005,0.4979627607778327,5.002396740463046,4.504580814632895
49.88,0.4932240993039657,4.99562771003617,4.50304068347361
49.89,0.48802667724120546,4.988448442934032,4.5019026614172715
49.9,0.48236457660345117,4.980850752590221,4.501174657483818
49.910000000000004,0.4762312760220445,4.972825647615114,4.500865249236903
49.92,0.4696196291975502,4.964363270333073,4.500983732114092
49.93,0.4625218440528161,4.9554528287456785,4.501540173432699
49.94,0.4549294638790325,4.94608252151442,4.502545471172818
49.95,0.44683335268423435,4.93623945587594,4.504011417261091
49.96,0.43822368771597714,4.925909558637934,4.505950764776102
49.97,0.42908996367672736,4.915077481030498,4.50837729779292
49.980000000000004,0.41942101497696305,4.903726498946664,4.511305901742954
49.99,0.4092050659219361,4.89183841199634,4.514752630170852
50.0,0.39842982278802835,4.879393446871991,4.51873476161667
50.01,0.3870826288699896,4.866370174665618,4.523270836134057
50.02,0.37515071433096153,4.852745458429417,4.528380654279382
50.03,0.3626215884986475,4.838494457461453,4.5340852113312
50.04,0.3494836479290283,4.823590732316785,4.540406522329548
50.050000000000004,0.3357271138908326,4.808006523345311,4.547367265575294
50.06,0.32134547622486986,4.791713322717071,4.554990126897012
50.07,0.30633772723021263,4.7746829427770905,4.563296647765126
50.08,0.29071183831371283,4.756889421086642,4.572305250057018
50.09,0.2744902199529469,4.738312346020428,4.582027880806005
50.1,0.25771837699160866,4.7189426071535125,4.592464327008471
50.11,0.2404787494883615,4.698792307826698,4.603592569334519
50.120000000000005,0.2229129496434404,4.6779118207525565,4.61535239771051
50.13,0.20525730829886055,4.656418936501869,4.627617718307047
50.14,0.18789817391246172,4.634547578191689,4.640150739100724
50.15,0.17145151124508193,4.612724492020866,4.652530597260508
50.160000000000004,0.15685535423079372,4.591672845183485,4.664058276477798
50.17,0.14541117361997452,4.572499111255778,4.6736797435486634
50.18,0.13861676425841596,4.55662488184064,4.68005666327326
50.19,0.13764032168597914,4.545380283409856,4.681951875822629
50.2,0.1426706531574486,4.5393707119432385,4.678818002844281
50.21,0.15279334415714604,4.53819343585223,4.671051168584101
50.22,0.16654217153898093,4.540792787301954,4.659651143664698
50.230000000000004,0.18251910652399975,4.546007284948372,4.645710235389821
50.24,0.1996686838020357,4.55287828240911,4.630128247805135
50.25,0.21728173827375363,4.560712228428987,4.6135567067200505
50.26,0.23490834042952988,4.569036361709681,4.596441167331854
50.27,0.2522713423855464,4.577536072815055,4.579079856238915
50.28,0.26920350217254035,4.586003569833252,4.561671488699326
50.29,0.2856063700747134,4.594301779112999,4.544348819517789
50.300000000000004,0.30142442867737973,4.602340335623259,4.527200936709449
50.31,0.3166289943094524,4.610059893259421,4.510287828633214
50.32,0.33120817121067697,4.617421877743898,4.493649903832148
50.33,0.3451605321419783,4.624401743997408,4.477314263087207
50.34,0.3584911069352004,4.630984491895309,4.46129887869704
50.35,0.37120881128381494,4.6371616471418715,4.445615415594722
50.36,0.3833247872633844,4.642929204372197,4.430271159757654
50.370000000000005,0.39485132717079674,4.64828620988569,4.4152703524576475
50.38,0.40580117431720414,4.65323377455456,4.400615124277386
50.39,0.4161870711173263,4.657774380581065,4.3863061551120985
50.4,0.4260214694449865,4.661911390364999,4.372343145232007
50.410000000000004,0.43531634899808586,4.665648696498659,4.358725153980148
50.42,0.4440831074864213,4.668990471051925,4.345450844986075
50.43,0.45233249857569735,4.6719409852520934,4.332518664801972
50.44,0.4600746016257548,4.674504479547908,4.319926973624033
50.45,0.46731881223666377,4.676685069839995,4.307674141397148
50.46,0.4740738464779916,4.678486680002392,4.295758618548656
50.47,0.48034775316464795,4.6799129929741845,4.28417898865312
50.480000000000004,0.4861479316234132,4.6809674159191905,4.272934007223557
50.49,0.4914811517533755,4.681653054950197,4.262022630946534
50.5,0.49635357546108816,4.681972697160263,4.25144403947229
50.51,0.5007707776276139,4.681928797285922,4.241197652358721
50.52,0.5047377668182538,4.681523468171061,4.2312831419237575
50.53,0.508259004372444,4.680758473207792,4.22170044380406
50.54,0.5113384221525057,4.6796352202851255,4.212449765655627
50.550000000000004,0.5139794384639002,4.678154756369488,4.203531594857607
50.56,0.5161849719727204,4.676317762126247,4.194946705801597
50.57,0.5179574539904614,4.674124546463832,4.18669616686752
50.58,0.519298838486633,4.6715750402427245,4.178781347844379
50.59,0.5202106103196226,4.668668789176076,4.171203927754574
50.6,0.5206937914359616,4.6654049455172775,4.163965903477059
50.61,0.5207489449096385,4.661782258222675,4.1570695994685956
50.620000000000005,0.5203761773681644,4.6577990616777285,4.150517678474239
50.63,0.5195751391642792,4.6534532624057,4.144313153788835
50.64,0.5183450226113755,4.648742323727852,4.13845940306997
50.65,0.5166845584855192,4.643663248221561,4.132960183825017
50.660000000000004,0.5145920104428435,4.6382125575733575,4.127819650930232
50.67,0.5120651670061341,4.6323862693986815,4.123042376557857
50.68,0.5091013323599486,4.626179871304903,4.118633372180315
50.69,0.5056973147910512,4.619588291326154,4.114598113442972
50.7,0.5018494130943765,4.612605864502712,4.110942568046591
50.71,0.49755340135558873,4.605226295364783,4.107673226776834
50.72,0.49280451176610013,4.597442615667505,4.104797138206762
50.730000000000004,0.48759741593152695,4.5892471370171,4.102321947285767
50.74,0.48192620495083055,4.5806313978663455,4.100255938158446
50.75,0.4757843684978939,4.571586104209878,4.098608081672132
50.76,0.4691647738316907,4.5621010635459225,4.0973880877532585
50.77,0.4620596454016278,4.552165111347827,4.096606463111362
50.78,0.45446054691360677,4.541766029791366,4.096274574160178
50.79,0.44635836760416625,4.530890458142491,4.096404715326053
50.800000000000004,0.4377433160757257,4.519523794876438,4.097010182156704
50.81,0.4286049260776698,4.507650091818924,4.098105348333879
50.82,0.4189320810659469,4.495251941713211,4.09970574445888
50.83,0.4087130671882763,4.482310361796492,4.1018281351842525
50.84,0.3979356690708859,4.468804678347566,4.104490588753228
50.85,0.3865873300402474,4.45471242118251,4.10771252886582
50.86,0.37465540868478736,4.4400092429940745,4.111514752803362
50.870000000000005,0.36212758038659004,4.424668888872303,4.115919389328912
50.88,0.3489924583409101,4.408663258441389,4.120949753058969
50.89,0.3352405482292574,4.391962630543322,4.1266300253010195
50.9,0.32086571737230773,4.374536169133368,4.132984644378573
50.910000000000004,0.3058674634148844,4.3563529090317346,4.140037212250203
50.92,0.2902544408695148,4.337383559654293,4.14780859231067
50.93,0.2740499925421551,4.317603708946318,4.1563136441579935
50.94,0.25730090537067574,4.296999432857548,4.165555647405318
50.95,0.24009138982271883,4.2755770589317965,4.17551678044539
50.96,0.22256549366798842,4.253380095161373,4.186141866135643
50.97,0.2049628287119009,4.230518343883987,4.197310785681148
50.980000000000004,0.1876739135790829,4.207216814081443,4.208792691210383
50.99,0.17131925927996466,4.183893070033689,4.220174497565778
51.0,0.15683979792471037,4.1612622114145355,4.230765420500654
51.01,0.1455334701048742,4.140425988101932,4.2395193648716125
51.02,0.13888178420209962,4.122807752731675,4.245103682601766
51.03,0.1380246350669213,4.109750515845773,4.246279045099837
51.04,0.14312661665344084,4.101888083563189,4.242479569964967
51.050000000000004,0.1532697538790491,4.098857210769756,4.234066632610776
51.06,0.16700131769090218,4.099637936477977,4.222003055762557
51.07,0.18293986790636713,4.103089853992617,4.207355230258235
51.08,0.20004196360539078,4.1082611124687505,4.191010403045532
51.09,0.21760530703871186,4.114456185794963,4.1736168980910024
51.1,0.23518335957294068,4.12119643288292,4.155622035704836
51.11,0.2525004255442814,4.128160288942777,4.137327918574453
51.120000000000005,0.2693897321820831,4.135133248899574,4.1189377428698855
51.13,0.2857528339424532,4.1419722630175215,4.1005886522785335
51.14,0.3015340165652764,4.148581837599098,4.082373752670572
51.15,0.31670432839364077,4.154898297144183,4.064356598725362
51.160000000000004,0.3312515951588962,4.160879435223854,4.046580721278224
51.17,0.34517412968212785,4.166497662815174,4.029075940077724
51.18,0.35847672858504365,4.171735422316586,4.011862595448279
51.19,0.37116810542621537,4.176582083222988,3.9949544190530637
51.2,0.38325922933942197,4.181031813588675,3.9783605080862845
51.21,0.394762246084775,4.185082104417288,3.9620866990075054
51.22,0.4056897762135035,4.188732735725538,3.9461365345491397
51.230000000000004,0.4160544595368477,4.191985044684661,3.9305119520819516
51.24,0.42586866299977516,4.194841403718661,3.91521377782966
51.25,0.43514429655572145,4.197304845306977,3.9002420850579127
51.26,0.44389270102435613,4.199378790515081,3.8855964557629905
51.27,0.45212458433854064,4.201066851872372,3.8712761728821183
51.28,0.4598499898014205,4.202372689566805,3.8572803624394605
51.29,0.46707828511597094,4.203299905932168,3.843608099544404
51.300000000000004,0.47381816555056205,4.203851968356603,3.8302584873310117
51.31,0.48007766543466185,4.204032152406782,3.8172307165160735
51.32,0.48586417498524387,4.203843500046524,3.8045241103148206
51.33,0.4911844596541935,4.203288788517014,3.792138158896995
51.34,0.4960446809897206,4.202370507416519,3.780072545647725
51.35,0.5004504172558204,4.201090841200324,3.7683271679004133
51.36,0.5044066836371667,4.1994516558894315,3.75690215325167
51.370000000000005,0.50791795085662,4.197454488192809,3.745797873205931
51.38,0.5109881627767362,4.195100536732313,3.735014954400278
51.39,0.5136207519299208,4.1923906540041,3.7245542887577936
51.4,0.5158186534036074,4.189325338862411,3.7144170427526446
51.410000000000004,0.5175843167543295,4.1859047288841715,3.704604666411306
51.42,0.518919715929702,4.18212859222375,3.695118902424926
51.43,0.5198263574071195,4.177996318774337,3.6859617955357273
51.44,0.5203052861685893,4.173506910113848,3.6771357027051246
51.45,0.5203570898823713,4.168658968181658,3.6686433040947506
51.46,0.5199819012043654,4.163450682386543,3.6604876151352763
51.47,0.5191793977661071,4.157879814674242,3.652672000124951
51.480000000000004,0.5179488006029516,4.151943682692807,3.6452001871853104
51.49,0.5162888706152453,4.145639140587214,3.6380762849986796
51.5,0.5141979028344528,4.13896255703799,3.6313048016601726
51.51,0.5116737189928972,4.131909790481585,3.6248906656474116
51.52,0.5087136581707624,4.124476161067357,3.6188392492779853
51.53,0.5053145651682982,4.116656418828112,3.613156395085251
51.54,0.5014727773916245,4.1084447079817545,3.6078484450974155
51.550000000000004,0.4971841098297524,4.099834526692096,3.602922273561579
51.56,0.49244383815299864,4.090818681742021,3.5983853235091736
51.57,0.48724668051456016,4.081389237732666,3.59424564737333
51.58,0.48158677789918936,4.071537459975191,3.5905119522761413
51.59,0.4754576739083592,4.061253750608342,3.5871936501989317
51.6,0.4688522943438502,4.050527577071179,3.5843009135994053
51.61,0.46176292777360955,4.039347392278549,3.58184473676121
51.620000000000005,0.45418120841020915,4.027700545695103,3.579837003240459
51.63,0.44609810362722435,4.015573184757985,3.5782905594286487
51.64,0.43750390915430465,4.002950146163899,3.577219294078924
51.65,0.4283882566268043,3.9898148370394364,3.576638223011084
51.660000000000004,0.41874014001364585,3.9761491065551704,3.5765635775225575
51.67,0.4085479710283708,3.961933110112139,3.5770128932793965
51.68,0.39779967777690717,3.947145169971214,3.5780050945365645
51.69,0.3864828681284958,3.931761639840426,3.5795605646868287
51.7,0.3745850900762453,3.9157567868462517,3.581701188044868
51.71,0.36209423738766,3.899102713689611,3.5844503383185202
51.72,0.34899917454669166,3.881769359967724,3.587832773170998
51.730000000000004,0.33529069561229086,3.8637246489178345,3.5918743676260174
51.74,0.3209629945059163,3.8449348905086387,3.5966015760644914
51.75,0.3060159309703259,3.825365631974853,3.602040436073291
51.76,0.2904585439787012,3.804983280470768,3.6082148016603677
51.77,0.27431454813293776,3.7837580613042525,3.615143270466585
51.78,0.257631011468139,3.761669291324085,3.6228338853729545
51.79,0.2404921697453092,3.7387146784948433,3.6312750224267036
51.800000000000004,0.22304150387103333,3.7149266111310615,3.6404197464833667
51.81,0.20551680514192466,3.690400411076059,3.6501591315572086
51.82,0.18830427856900128,3.6653421815294216,3.6602777661316517
51.83,0.17201554301231292,3.6401451966988145,3.6703838216378455
51.84,0.15757540221748295,3.6154953109452332,3.6798144961840658
51.85,0.14625774775823303,3.5924655429726444,3.6875552556863562
51.86,0.13952000679866045,3.572467597075606,3.692294759789801
51.870000000000005,0.13849791653694962,3.556875950609686,3.692779140126978
51.88,0.14338529753561824,3.546407309108496,3.6883784221564095
51.89,0.15330924558839146,3.540797450594581,3.6793667210242322
51.9,0.16684893731532877,3.539095214439181,3.6666387308255812
51.910000000000004,0.18263355282469174,3.5401862985004944,3.651227593353198
51.92,0.19961724114741716,3.543116552625588,3.6340131175495465
51.93,0.2170909277975885,3.547176110063529,3.6156488745654074
51.94,0.23460121752333543,3.551869393003866,3.59659179852577
51.95,0.25186681564337676,3.556859210882626,3.577154110371763
51.96,0.2687167233530079,3.5619178674150866,3.5575481904366755
51.97,0.285049399610918,3.566891567093359,3.537919062672293
51.980000000000004,0.30080688271183886,3.5716761737610745,3.5183664488507262
51.99,0.3159585877750297,3.576201074330482,3.498959423297818
52.0,0.33049114847383776,3.580418474529942,3.4797461271826746
52.01,0.3444020010623217,3.584296256875342,3.46076025070975
52.02,0.3576952962794344,3.587813168645947,3.4420254043696783
52.03,0.3703792680454298,3.590955540271946,3.423558104842591
52.04,0.3824645303769455,3.5937150222734986,3.4053698390343303
52.050000000000004,0.3939629665812766,3.596087004744607,3.387468510247982
52.06,0.40488700493951446,3.5980695022993303,3.3698594626273177
52.07,0.4152491471807113,3.5996623592681947,3.352546215071048
52.08,0.4250616638128114,3.6008666777585696,3.335530992628138
52.09,0.43433640116084643,3.6016844032182385,3.3188151143907487
52.1,0.44308466264089225,3.602118021760733,3.3023992792789096
52.11,0.45131713955412567,3.6021703375805116,3.2862837784066183
52.120000000000005,0.45904387542851677,3.601844308765651,3.270468653642081
52.13,0.4662742522866193,3.601142925401918,3.2549538170168093
52.14,0.4730169910090084,3.6000691184946314,3.239739141441002
52.15,0.4792801612264202,3.5986256920334947,3.2248245296705065
52.160000000000004,0.48507119644150404,3.5968152716499704,3.2102099675692366
52.17,0.4903969125472369,3.5946402659399097,3.19589556521989
52.18,0.495263527297565,3.5921028365709193,3.1818815895144708
52.19,0.49967668051492586,3.5892048754399437,3.168168489753964
52.2,0.5036414533977107,3.585947986373482,3.1547569186415596
52.21,0.5071623869869958,3.58233347037206,3.141647749560545
52.22,0.5102434990998419,3.5783623130667475,3.128842091398619
52.230000000000004,0.5128882996155537,3.574035173588051,3.116341301664771
52.24,0.5150998041765704,3.569352374332777,3.104146998361827
52.25,0.5168805458141805,3.5643138907851935,3.092261071431652
52.26,0.5182325849118563,3.5589193412453914,3.0806856938819145
52.27,0.5191575171178191,3.553167975856941,3.069423333174908
52.28,0.5196564792357816,3.5470586646110727,3.0584767631729823
52.29,0.5197301535722616,3.540589884312674,3.0478490766170143
52.300000000000004,0.5193787700114058,3.5337597037917114,3.03754369882366
52.31,0.518602106289665,3.526565767354818,3.0275644025615116
52.32,0.5173994866143307,3.519005276238993,3.017915324299547
52.33,0.5157697781910271,3.5110749675723705,3.0086009822608215
52.34,0.5137113853690338,3.5027710903916187,2.99962629666225
52.35,0.5112222429273295,3.494089379078481,2.9909966117115547
52.36,0.5082998067584302,3.48502502302301,2.982717720442557
52.370000000000005,0.5049410427866009,3.4755726324787295,2.9747958923177573
52.38,0.5011424142716847,3.4657262001786364,2.967237903897366
52.39,0.4968998671600549,3.4554790580104173,2.960051073109804
52.4,0.4922088138692917,3.4448238282696244,2.953243297418024
52.410000000000004,0.48706411580355014,3.433752368865868,2.9468230962793136
52.42,0.48146006453802537,3.4222557115809447,2.9407996585209517
52.43,0.47539036254908645,3.410323992737004,2.935182894948906
52.44,0.4688481037512698,3.397946375163593,2.9299834969031995
52.45,0.46182575533752396,3.385110960723795,2.9252130010231707
52.46,0.45431514196381206,3.3718046921558082,2.9208838608889485
52.47,0.44630743475091406,3.358013243380067,2.9170095256882864
52.480000000000004,0.43779314791090146,3.3437208971604733,2.9136045261757872
52.49,0.4287621478693768,3.328910409643898,2.9106845673649624
52.5,0.4192036811976491,3.3135628614458503,2.9082666270387305
52.51,0.40910643098519284,3.2976574960630063,2.9063690577854397
52.52,0.3984586158472445,3.281171548132669,2.905011688216629
52.53,0.3872481523986266,3.2640800669055565,2.9042159158304335
52.54,0.37546291182698466,3.246355744939388,2.9040047789869745
52.550000000000004,0.3630911177941903,3.227968771059392,2.9044029860721494
52.56,0.3501219560622575,3.20888674002282,2.9054368663930243
52.57,0.336546504656588,3.1890746755712702,2.9071341833512867
52.58,0.322359154678013,3.16849526518391,2.9095237100289815
52.59,0.3075597872631703,3.147109474303528,2.9126344011708323
52.6,0.2921571338917739,3.1248778333421443,2.916493877529616
52.61,0.27617400392004826,3.101762905591837,2.9211257399426045
52.620000000000005,0.25965549278267513,3.0777338296079755,2.9265448787047674
52.63,0.24268197129594715,3.052774504598759,2.932749337174899
52.64,0.2253897247920936,3.026898159453508,2.939706252283993
52.65,0.20800355854599112,3.0001729577340956,2.9473277424400943
52.660000000000004,0.19088694244390128,2.972765954709805,2.9554304054200116
52.67,0.17461358422625176,2.945014639501325,2.963670811800854
52.68,0.1600510029369925,2.9175295444760976,2.971455413186873
52.69,0.14840353761005975,2.891298577161817,2.977853795427521
52.7,0.1410831343787476,2.8676803215826503,2.9816182139409193
52.71,0.13926572152986444,2.848101536127646,2.9814699987165296
52.72,0.1432864792978094,2.8334666649558526,2.9766307706132498
52.730000000000004,0.1524299653210169,2.8237448154367244,2.967173788188881
52.74,0.1653581681834949,2.8181418019799236,2.9538475339981125
52.75,0.18070448312009343,2.8155940002065942,2.937625776077228
52.76,0.19739066939813124,2.8151317791021837,2.9193863515564504
52.77,0.2146700703901259,2.8160057537562073,2.8998042753186986
52.78,0.23205841452436918,2.817678898358906,2.8793626665625407
52.79,0.2492519234642434,2.819778417878646,2.8583975391214365
52.800000000000004,0.2660639744533168,2.8220481882469945,2.837140911031226
52.81,0.28238233384561795,2.824312321524456,2.815753464824955
52.82,0.2981417295849094,2.8264496284169773,2.794347293346995
52.83,0.31330655375642513,2.8283762967443855,2.773001265542589
52.84,0.32785996487222374,2.830034242607378,2.751771334079952
52.85,0.3417969813510184,2.831383254167267,2.730697477611995
52.86,0.35512006505715543,2.832395648408698,2.709808420667931
52.870000000000005,0.367836273197157,2.8330525985956303,2.6891248794892695
52.88,0.37995540495852076,2.8333415795079424,2.6686618232047263
52.89,0.39148879055507035,2.833254570864447,2.6484300676182486
52.9,0.4024484959300053,2.8327867788476886,2.628437413106013
52.910000000000004,0.4128468016908528,2.8319357173359254,2.6086894658655484
52.92,0.4226958636448777,2.8307005412922623,2.589190236983191
52.93,0.4320074941486546,2.8290815585558327,2.5699425841114705
52.94,0.4407930251314095,2.827079869875723,2.550948539727581
52.95,0.44906322565933854,2.8246971013700177,2.532209557451268
52.96,0.45682825599160193,2.82193520423383,2.513726698558499
52.97,0.4640976465297848,2.818796304249123,2.495500773976635
52.980000000000004,0.47088029272416493,2.815282587703455,2.4775324536093533
52.99,0.4771844607126254,2.8113962146997995,2.4598223508949006
53.0,0.4830177991697159,2.80713925244667,2.4423710892157104
53.01,0.4883873554448623,2.8025136240747006,2.4251793540105377
53.02,0.49329959334914353,2.797521068507667,2.4082479346472003
53.03,0.49776041189871434,2.7921631089922654,2.3915777581206408
53.04,0.5017751634686957,2.7864410275562865,2.3751699170884537
53.050000000000004,0.5053486716488729,2.7803558443979934,2.3590256930417954
53.06,0.5084852475084009,2.7739083002326237,2.3431465764690786
53.07,0.5111887046609516,2.767098841037076,2.327534284454639
53.08,0.5134623725663072,2.7599276041162795,2.3121907767084595
53.09,0.5153091080304051,2.7523944048565983,2.297118270594886
53.1,0.51673130520187,2.744498723874605,2.282319255380287
53.11,0.5177309034066779,2.736239693691963,2.26779650652265
53.120000000000005,0.5183093933637678,2.727616084871082,2.253553100009402
53.13,0.5184678216648051,2.718626291184111,2.239592427113256
53.14,0.5182067929576758,2.7092683131696207,2.225918210152471
53.15,0.5175264706664646,2.6995397401893366,2.2125345190790457
53.160000000000004,0.5164265760154807,2.689437730532279,2.1994457892692423
53.17,0.514906384790414,2.6789589889305043,2.1866568410647758
53.18,0.5129647225673905,2.6680997414940575,2.1741729009603032
53.19,0.5105999582907396,2.656855707584465,2.161999624804324
53.2,0.5078099957053804,2.6452220679922953,2.1501431234946367
53.21,0.5045922628621049,2.6331934290195913,2.1386099914092442
53.22,0.5009437008637101,2.620763782384956,2.1274073374868037
53.230000000000004,0.4968607499755204,2.607926459521266,2.1165428201104963
53.24,0.4923393347568525,2.594674080210948,2.1060246856085083
53.25,0.4873748478344248,2.5809984945156432,2.095861811071097
53.26,0.48196213251980297,2.566890717058851,2.0860637520250678
53.27,0.47609546520181956,2.5523408528256106,2.076640795333663
53.28,0.469768537612331,2.5373380130782937,2.0676040181303317
53.29,0.46297444037444824,2.5218702202688976,2.058965353209166
53.300000000000004,0.45570564881577674,2.5059243002974863,2.0507376616602015
53.31,0.44795401345604785,2.4894857607162075,2.042934813102424
53.32,0.4397107576601206,2.472538652995649,2.0355717741076416
53.33,0.4309664867048602,2.455065417188687,2.0286647048965123
53.34,0.4217112141161504,2.4370467073496616,2.022231063994467
53.35,0.4119344137495311,2.418461196445747,2.016289719698271
53.36,0.4016251100366803,2.3992853604118376,2.0108610657204533
53.370000000000005,0.39077202419375046,2.379493242432532,2.0059671362696765
53.38,0.3793638032482824,2.359056201936519,2.001631711584045
53.39,0.3673893715833066,2.337942658183871,1.997880398605345
53.4,0.3548384631547068,2.3161178469445263,1.9947406619156514
53.410000000000004,0.34170242599577905,2.293543627344689,1.9922417605429528
53.42,0.32797543637257226,2.270178403380074,1.9904145186158704
53.43,0.313656335339927,2.2459772747551385,1.989290808917456
53.44,0.29875142752580897,2.22089262427094,1.9889025405278087
53.45,0.2832787717164158,2.194875501962353,1.989279801419917
53.46,0.26727481816104565,2.16787845150071,1.9904475504974963
53.47,0.25080474956888205,2.13986091959314,1.99241982160055
53.480000000000004,0.2339786704596527,2.110799269094791,1.9951896547438985
53.49,0.21697687983935254,2.0807049010253325,1.9987117536416237
53.5,0.2000885988265462,2.049656281360491,2.002873089615127
53.51,0.1837682670587057,2.0178533113809367,2.0074448915203096
53.52,0.16870706507875644,1.9857022359006724,2.0120107315514275
53.53,0.1558931384267518,1.9539249053950298,2.0158794537774893
53.54,0.14657902777853585,1.923635023420877,2.018036395206671
53.550000000000004,0.1420229207853261,1.8962361745695626,2.01725616333373
53.56,0.14298171622763242,1.8730075520848344,2.012475010495895
53.57,0.14929065787420354,1.8545588463487084,2.003243746059749
53.58,0.15996190549617906,1.8406359082884185,1.9898551400911142
53.59,0.17369159608834708,1.8304175411109889,1.9730614772604758
53.6,0.1893001916395503,1.8229410771021057,1.953707991160566
53.61,0.2059013367004033,1.8173590005969025,1.9325238482413722
53.620000000000005,0.22288993859956768,1.8130148991706967,1.9100671600011316
53.63,0.23987267934703255,1.8094294549585273,1.8867426708195674
53.64,0.2566005574965804,1.8062611496969152,1.8628378130629795
53.65,0.272918864837064,1.8032684267213148,1.8385558069592045
53.660000000000004,0.2887335533737434,1.800280275520257,1.8140408288717151
53.67,0.30398946657134995,1.7971750936481803,1.789395852662757
53.68,0.3186564144113895,1.7938659497874188,1.764694972135711
53.69,0.3327202611926238,1.7902903986265803,1.7399918601027553
53.7,0.3461771860021202,1.7864034290178672,1.7153255965559302
53.71,0.3590299576636393,1.7821725482337907,1.6907247174022448
53.72,0.37128549378780035,1.7775743214479405,1.666210058163091
53.730000000000004,0.38295325349090353,1.772591912007463,1.641796772699399
53.74,0.3940441704199107,1.7672133128608083,1.6174957841148612
53.75,0.4045699446088339,1.7614300627067276,1.5933148383224327
53.76,0.4145425723682191,1.7552363043247161,1.5692592774945324
53.77,0.42397403617101137,1.748628087331955,1.545332613513053
53.78,0.4328761032556295,1.7416028476600358,1.52153695668527
53.79,0.44126019789926935,1.7341590155584938,1.4978733390311512
53.800000000000004,0.4491373239722128,1.726295718006498,1.47434195991577
53.81,0.4565180221469863,1.7180125513048503,1.4509423736611797
53.82,0.46341235074593895,1.7093094060037581,1.4276736336194689
53.83,0.46982988222685834,1.7001863308001781,1.404534403610722
53.84,0.4757797109825115,1.690643426475209,1.381523043816272
53.85,0.4812704679504737,1.6806807620453257,1.3586376775771833
53.86,0.48631034022834735,1.6702983082811764,1.3358762428848554
53.870000000000005,0.49090709313711633,1.659495883906838,1.313236532470005
53.88,0.49506809459443507,1.648273112146122,1.2907162241524466
53.89,0.49880033994278206,1.6366293844840243,1.2683129041109076
53.9,0.5021104775147851,1.6245638303388927,1.2460240839291135
53.910000000000004,0.5050048339911553,1.6120752908260654,1.2238472129074904
53.92,0.5074894395706042,1.59916229558198,1.2017796863630104
53.93,0.5095700532252169,1.5858230420014472,1.1798188502338105
53.94,0.5112521871872847,1.5720553756569917,1.1579620030215845
53.95,0.5125411315378828,1.55785677177148,1.1362063948602523
53.96,0.5134419786379003,1.543224317094743,1.114549224092549
53.97,0.5139596467268192,1.528154691405852,1.0929876319480754
53.980000000000004,0.5140989043902039,1.5126441490493663,1.071518694431262
53.99,0.5138643949047851,1.4966884996409409,1.0501394119820797
54.0,0.5132606603452023,1.480283087662268,1.0288466969430325
54.01,0.5122921665048541,1.4634227710162249,1.0076373581502904
54.02,0.5109633289199312,1.4461018983113854,0.9865080822356764
54.03,0.50927853910586,1.4283142843634333,0.9654554118394011
54.04,0.5072421902438855,1.4100531834887353,0.9444757208220417
54.050000000000004,0.5048587064811562,1.391311261557176,0.9235651836410349
54.06,0.5021325726073494,1.3720805655838388,0.9027197399453002
54.07,0.4990683641749506,1.352352490744187,0.8819350536421775
54.08,0.49567078022492833,1.3321177451765325,0.8612064641297695
54.09,0.49194467727395835,1.3113663120415904,0.8405289291968207
54.1,0.48789510510229883,1.2900874088516214,0.8198969577151206
54.11,0.48352734484042226,1.268269444017922,0.7993045297829846
54.120000000000005,0.47884694844545267,1.2458999704280438,0.7787450025230311
54.13,0.47385978073546653,1.2229656362541075,0.7582109976435286
54.14,0.4685720627095081,1.199452132885092,0.7376942678651742
54.15,0.4629904162100474,1.1753441403194749,0.7171855374999216
54.160000000000004,0.4571219105475874,1.1506252704130517,0.6966743105781911
54.17,0.4509741086294425,1.1252780084166059,0.6761486410067783
54.18,0.4445551133440539,1.0992836537999224,0.6555948545101425
54.19,0.4378736111506083,1.0726222615950458,0.634997212910297
54.2,0.4309389129986063,1.0452725861459273,0.614337504947854
54.21,0.423760988406749,1.0172120298675678,0.5935945474969204
54.22,0.4163504906789967,0.9884166007386772,0.5727435731062596
54.230000000000004,0.40871876813676805,0.9588608839922151,0.5517554752054967
54.24,0.40087785729546527,0.9285180353812742,0.5305958703402642
54.25,0.3928404508297415,0.8973598069926163,0.5092239256534974
54.26,0.38461983281073375,0.8653566215103246,0.4875908798841841
54.27,0.376229773604972,0.8324777177372328,0.46563815661721114
54.28,0.367684375751364,0.7986914020358286,0.4432949273296525
54.29,0.35899786608836837,0.7639654575575671,0.42047491250976443
54.300000000000004,0.3501843379114951,0.7282677910205317,0.3970720990165775
54.31,0.3412574690623973,0.691567441593977,0.37295486452716
54.32,0.33223029484475974,0.6538361479603204,0.34795766584351634
54.33,0.32311523899684297,0.6150507837179907,0.321868822745546
54.34,0.3139249095531194,0.5751971413968483,0.29441167858515493
54.35,0.30467494866214584,0.5342757492186763,0.2652137185705703
54.36,0.29539242134979576,0.49231039243760844,0.23375179209354477
54.370000000000005,0.28614019313257916,0.44935831484944244,0.1992441323081425
54.38,0.2770942221498071,0.4055090711888564,0.1604031165063683
54.39,0.26884603757007963,0.3607732891399938,0.11471866387516891
54.4,0.2644043799501647,0.3137328276646966,0.05515680243036304
54.410000000000004,0.28324791669231714,0.2501131861794187,0.047611419908548495
54.42,0.2798492320256659,0.22011447134218445,0.10933074303128179
54.43,0.28417993508133194,0.18970822189406922,0.1551456212515432
54.44,0.2967603218435926,0.15650756590192447,0.19319947813295993
54.45,0.31578393640014857,0.12044128515480425,0.22694230247184177
54.46,0.337773278979863,0.08337650143081772,0.2605753580261245
54.47,0.35398564533993815,0.05807261205532654,0.3043562504047345
54.480000000000004,0.3562463564393757,0.0728301407383885,0.36420855864023427
54.49,0.3579804246754642,0.10801475244322017,0.4218440060402914
54.5,0.3634163625364049,0.14410981065744305,0.47365906309327865
54.51,0.3713156269790134,0.1781305013616435,0.5214315034115156
54.52,0.38064136292127726,0.2100233095245505,0.566315912075121
54.53,0.3907552964284892,0.24011041974041689,0.6089667423118449
54.54,0.4012604092817968,0.268709921195445,0.6497838300264739
54.550000000000004,0.4119005490968426,0.2960827749301178,0.6890324182410439
54.56,0.4225048220341499,0.32243587554445713,0.7269009670307487
54.57,0.4329560790266338,0.34793324774308954,0.7635308215387347
54.58,0.4431722713628268,0.3727062351459724,0.7990325222875221
54.59,0.45309495328966076,0.3968613737116351,0.8334953545122771
54.6,0.4626819312369345,0.4204862316689548,0.8669932586561208
54.61,0.4719024173877657,0.4436537124310089,0.8995886708856212
54.620000000000005,0.4807337496765624,0.4664252429125835,0.9313351265391755
54.63,0.4891591215975562,0.4888531605867595,0.9622790911093753
54.64,0.49716598016861957,0.5109825221784421,0.9924612895714394
54.65,0.5047448760010382,0.5328524913496877,1.0219176984121394
54.660000000000004,0.5118886253531697,0.5544974162623173,1.050680303578422
54.67,0.5185916910962207,0.5759476763395829,1.0787776914849525
54.68,0.524849719615397,0.5972303550009512,1.1062355178471068
54.69,0.5306591901698902,0.6183697799330491,1.1330768851534128
54.7,0.5360171462490051,0.6393879614070881,1.1593226504048217
54.71,0.5409209872629873,0.6603049513303987,1.184991678630492
54.72,0.5453683049161366,0.6811391402240738,1.2101010535833538
54.730000000000004,0.5493567528431277,0.7019075051065204,1.2346662540543167
54.74,0.5528839410416473,0.7226258183368538,1.2587013022137699
54.75,0.5559473487541348,0.7433088252219604,1.2822188888834332
54.76,0.5585442509752575,0.7639703964891958,1.3052304795136482
54.77,0.5606716548604405,0.7846236605056773,1.327746403833818
54.78,0.5623262431129137,0.8052811190981516,1.3497759314597526
54.79,0.563504322000314,0.825954750242709,1.3713273353489408
54.800000000000004,0.5642017720801127,0.8466561000850168,1.3924079444255832
54.81,0.5644139999948118,0.8673963665944221,1.4130241865681359
54.82,0.564135889896529,0.8881864766153892,1.4331816227278549
54.83,0.563361753210391,0.9090371579975199,1.4528849728649134
54.84,0.5620852754329368,0.9299590081394663,1.4721381340005026
54.85,0.5602994587571408,0.9509625603349021,1.4909441907118013
54.86,0.5579965591175484,0.9720583491081095,1.5093054180028995
54.870000000000005,0.5551680163889592,0.9932569757563173,1.5272232765545606
54.88,0.5518043758960012,1.0145691753310846,1.5446983998339234
54.89,0.5478951996369437,1.0360058863207002,1.561730572709608
54.9,0.5434289647778235,1.0575783245031232,1.5783187006276695
54.910000000000004,0.5383929470340261,1.0792980624739004,1.5944607684090168
54.92,0.5327730858255183,1.1011771166622417,1.6101537872930372
54.93,0.5265538268651432,1.123228044152173,1.6253937281829574
54.94,0.5197179379207485,1.1454640517166572,1.6401754390327545
54.95,0.5122462911120276,1.1678991204830627,1.654492543081003
54.96,0.5041176045863556,1.1905481500308452,1.668337314276931
54.97,0.495308132784917,1.2134271273637227,1.6817005244420986
54.980000000000004,0.4857912929232313,1.236553327124895,1.6945712557514887
54.99,0.47553721035386676,1.2599455517935387,1.7069366695952066
55.0,0.4645121597147028,1.2836244234411425,1.718781719899361
55.01,0.4526778710191435,1.307612742490641,1.730088794938106
55.02,0.43999065801332016,1.3319359347366457,1.7408372655883049
55.03,0.42640030877178126,1.3566226163745818,1.7510029091071762
55.04,0.41184865340514154,1.3817053191472703,1.760557164635734
55.050000000000004,0.39626768407086355,1.4072214370256824,1.769466156499716
55.06,0.37957704112915897,1.4332144857225362,1.7776893902772917
55.07,0.3616805787867721,1.4597358149229174,1.7851779760368602
55.08,0.34246155540658874,1.4868469940892184,1.791872148948052
55.09,0.32177569829795744,1.5146232338282857,1.7976977107692984
55.1,0.2994408513267255,1.5431584616161949,1.802560748959359
55.11,0.275220860449458,1.5725731649965535,1.8063394769681071
55.120000000000005,0.24879916135952038,1.6030271301119654,1.8088709864565315
55.13,0.2197325777011544,1.6347414567012852,1.8099283659958718
55.14,0.18736339935341295,1.6680397286461754,1.8091779446464398
55.15,0.15063231254237008,1.7034331257179527,1.8060909870626984
55.160000000000004,0.10761948117492694,1.7418164399992493,1.7997405350633966
55.17,0.05449419097581301,1.7847568115652734,1.78850156592331
55.18,0.038770313298012025,1.8046316360040615,1.8007180180851334
55.19,0.09492616327638512,1.7885786023130295,1.8494440202105904
55.2,0.14010894891557604,1.7795024437564575,1.890781829363736
55.21,0.1782456632597744,1.7744944416185107,1.927779303005947
55.22,0.2116332548769183,1.7721421344133683,1.9619059925716535
55.230000000000004,0.2414926652238797,1.7717192977554423,1.993916929296539
55.24,0.26856158228918126,1.7727944723665716,2.0242606791754305
55.25,0.2933275588019898,1.775085664245051,2.05323052142593
55.26,0.3161338439707672,1.778396024478787,2.081031326319644
55.27,0.3372335634072739,1.7825814122029795,2.1078132689842235
55.28,0.3568200836156801,1.7875324020799637,2.1336905241784616
55.29,0.3750452526083062,1.793163558300057,2.1587524073030013
55.300000000000004,0.39203097313540963,1.799406669913766,2.1830703982272293
55.31,0.40787687656458416,1.8062062871874924,2.2067027739663643
55.32,0.42266559909890056,1.8135166650612788,2.2296977794098587
55.33,0.436466521081365,1.821299604438046,2.252095865417518
55.34,0.4493384859869745,1.8295228871982478,2.2739313103291416
55.35,0.4613318214178891,1.838159116011275,2.295233421212352
55.36,0.4724898699976769,1.8471848375286113,2.3160274410018493
55.370000000000005,0.482850168269221,1.856579868571133,2.336335245041846
55.38,0.49244536755796153,1.8663267707620492,2.3561758836917
55.39,0.5013039623273209,1.8764104356739937,2.3755660103861236
55.4,0.509450872432618,1.8868177536729127,2.394520222993919
55.410000000000004,0.5169079129445942,1.8975373470567245,2.4130513386142387
55.42,0.5236941761336517,1.9085593533311338,2.4311706165023925
55.43,0.5298263439844021,1.9198752480727028,2.448887940069762
55.44,0.5353189450726403,1.931477699445696,2.4662119661845057
55.45,0.5401845662825363,1.9433604483668843,2.4831502479999337
55.46,0.5444340274264784,1.9555182097041213,2.4997093360920886
55.47,0.5480765250852974,1.9679465909030354,2.5158948616403016
55.480000000000004,0.5511197503736259,1.9806420253424264,2.531711604447492
55.49,0.5535699844685535,1.9936017182325516,2.5471635480613983
55.5,0.5554321748059424,2.0068236033959455,2.5622539237144553
55.51,0.5567099941319917,2.0203063096763088,2.5769852443798835
55.52,0.5574058840820805,2.0340491360171256,2.59135932993483
55.53,0.5575210844810397,2.048052034521484,2.6053773241419855
55.54,0.5570556490914587,2.062315601065042,2.619039703893444
55.550000000000004,0.5560084484838669,2.076841073082435,2.632346281104102
55.56,0.554377159568665,2.091630334737311,2.6452961970482276
55.57,0.5521582421635345,2.1066859292876376,2.6578879093226244
55.58,0.5493469013456072,2.1220110792905356,2.6701191707838876
55.59,0.5459370346381706,2.13760971516034,2.6819869999295807
55.6,0.5419211636361613,2.153486512350533,2.6934876424295284
55.61,0.5372903459219195,2.1696469393103364,2.704616521627534
55.620000000000005,0.5320340666301487,2.1860973166734414,2.715368177513529
55.63,0.5261401051649697,2.202844890082935,2.72573619171089
55.64,0.5195943730504451,2.2198979188812262,2.735713096183404
55.65,0.5123807169725807,2.237265783909443,2.7452902623305837
55.660000000000004,0.5044806797873903,2.2549591183949804,2.754457766382421
55.67,0.4958732098109606,2.272989967241447,2.7632042256352842
55.68,0.48653430599294556,2.2913719815534757,2.7715165985106505
55.69,0.47643658208081846,2.3101206576665536,2.779379938917524
55.7,0.46554872773805556,2.3292536328317217,2.78677709244105
55.71,0.4538348363643701,2.348791054212308,2.7936883172546283
55.72,0.4412535579607621,2.368756044138398,2.800090806198315
55.730000000000004,0.42775701908477975,2.389175293603535,2.805958077189173
55.74,0.4132894266557053,2.410079829910641,2.811259184842828
55.75,0.3977852348469505,2.431506025182897,2.8159576848337413
55.76,0.3811666945022646,2.4534969455500715,2.820010248566701
55.77,0.36334050789641703,2.4761041943693023,2.823364770797643
55.78,0.34419315002535095,2.499390492590832,2.825957720776883
55.79,0.3235841349585609,2.5234333964942297,2.8277103263387233
55.800000000000004,0.3013359888822065,2.5483308408877208,2.8285228851274526
55.81,0.27721869181359227,2.5742097539025695,2.8282659248796533
55.82,0.25092428112716564,2.6012401476521476,2.8267657470633543
55.83,0.22202266392709252,2.6296597004053988,2.823779210322999
55.84,0.1898781279396487,2.659820380107743,2.818945908949849
55.85,0.15347343034526018,2.6922872827797186,2.8116867947403312
55.86,0.11098350177628558,2.728081162663862,2.8009553160774274
55.870000000000005,0.058752178314272034,2.769294942626015,2.7846024393193303
55.88,0.03462447377740118,2.7961063350026762,2.782729731075072
55.89,0.09127921740951517,2.7786520087634847,2.8257080179976617
55.9,0.1371303979921748,2.7666345938029426,2.8630273148727965
55.910000000000004,0.17571004289390874,2.7583978144027417,2.896401536903708
55.92,0.20942707787393702,2.752694453733157,2.9271125290777675
55.93,0.239549970823318,2.7488607249719417,2.955843105519163
55.94,0.26683921475088057,2.74649683757266,2.9830049847995457
55.95,0.2917946574626989,2.74533936415257,3.008869776726921
55.96,0.3147667660031989,2.7452033347253666,3.033628430007988
55.97,0.33601317925432683,2.7459526627196045,3.057421607896803
55.980000000000004,0.3557302259580936,2.7474836098548048,3.080356679890294
55.99,0.3740717748610086,2.749714873893347,3.102517912629443
56.0,0.3911611518291091,2.7525813109321144,3.1239729271175833
56.01,0.40709901818537336,2.7560297793797903,3.144776975499499
56.02,0.42196877376551273,2.760016286430968,3.164975878746227
56.03,0.4358403777248902,2.764503968259213,3.184608106865968
56.04,0.4487731214122821,2.769461623020027,3.203706290343612
56.050000000000004,0.46081768586486016,2.774862621609798,3.2222983427790437
56.06,0.47201769790917725,2.7806840834105726,3.2404083106992556
56.07,0.48241092674150915,2.786906242193081,3.258057027523371
56.08,0.4920302173554814,2.7935119513006113,3.275262624036459
56.09,0.500904227883359,2.800486292690163,3.2920409318369668
56.1,0.5090580183151966,2.807816264735787,3.308405805597771
56.11,0.5165135249777422,2.815490530619678,3.324369382860666
56.120000000000005,0.5232899458176059,2.823499214050972,3.339942295025946
56.13,0.5294040552238835,2.831833732402358,3.355133839750439
56.14,0.534870462472095,2.8404866598117273,3.3699521224370943
56.15,0.5397018243923705,2.8494516146295727,3.3844041726111755
56.160000000000004,0.5439090205103778,2.858723166851465,3.3984960396815707
56.17,0.5475012969778295,2.868296762192904,3.4122328715366566
56.18,0.5504863841557275,2.8781686602340097,3.4256189786314386
56.19,0.5528705916281436,2.8883358846400284,3.438657885626029
56.2,0.5546588836772379,2.8987961838667102,3.451352372219269
56.21,0.555854937277796,2.909548001263808,3.4637045043046633
56.22,0.556461184450322,2.920590453626301,3.4757156564317473
56.230000000000004,0.556478839936679,2.9319233176927835,3.4873865260973282
56.24,0.5559079152812878,2.9435470240525916,3.498717140423329
56.25,0.5547472192797218,2.9554626584960353,3.5097068551991266
56.26,0.55299434518499,2.967671970649277,3.520354346453652
56.27,0.5506456441062356,2.9801773902296027,3.5306575942238503
56.28,0.5476961836409625,2.9929820514764955,3.540613857961131
56.29,0.5441396915713913,3.0060898259414204,3.550219643383892
56.300000000000004,0.5399684815397018,3.019505365313012,3.559470659086551
56.31,0.5351733596514828,3.0332341549679196,3.5683617621928376
56.32,0.5297435086648072,3.047282580134732,3.5768868911377685
56.33,0.5236663461639908,3.0616580067459997,3.585038983464162
56.34,0.5169273518165673,3.0763688797818545,3.5928098757795466
56.35,0.5095098575279565,3.0914248426524815,3.600190182259043
56.36,0.5013947924441327,3.1068368822354415,3.607169146990911
56.370000000000005,0.492560372369484,3.1226175055607492,3.613734464056632
56.38,0.48298171965883324,3.1387809561405775,3.619872057196391
56.39,0.4726303952155219,3.155343480504317,3.6255658082958973
56.4,0.4614738182589682,3.1723236589900474,3.6307972203699466
56.410000000000004,0.44947453973185136,3.1897428204340295,3.6355449950248317
56.42,0.436589323026041,3.2076255675535266,3.6397844970833226
56.43,0.4227679668363106,3.226000450834753,3.643487067827021
56.44,0.40795177509606495,3.244900846014734,3.6466191307021507
56.45,0.3920715364731041,3.264366115330912,3.6491410077569513
56.46,0.375044804397934,3.284443174541007,3.651005322442726
56.47,0.356772154723397,3.3051886550019183,3.652154795815332
56.480000000000004,0.337131902567126,3.326671965858491,3.6525191251624576
56.49,0.3159724148141566,3.348979766984521,3.6520104244908485
56.5,0.29310051084999417,3.3722227492205565,3.6505163128832536
56.51,0.26826317254866716,3.396546386823934,3.647888953340152
56.52,0.24111708434139437,3.422148975820724,3.643926663546083
56.53,0.21117426357110183,3.4493141508125746,3.638340764245739
56.54,0.17769584676831288,3.478475331928363,3.6306898651895403
56.550000000000004,0.13945832166516525,3.5103610695953273,3.620231616926149
56.56,0.09416265907860358,3.546383924707297,3.605525687633203
56.57,0.038064217598230636,3.5893314094487834,3.58371820058957
56.58,0.055245139232037915,3.5950264592464274,3.599509538861122
56.59,0.10812609042876502,3.578607134865805,3.637619577947085
56.6,0.15104751118947474,3.566793950828878,3.67098128321283
56.61,0.1877451002827879,3.5580262227130826,3.7011885631842043
56.620000000000005,0.220108477643671,3.5514138985195287,3.729150907396145
56.63,0.24918407150066121,3.5464489404460817,3.7553881542712046
56.64,0.2756225176983014,3.5428106315866836,3.7802289222699845
56.65,0.2998623555687507,3.540280762885425,3.8038971011085847
56.660000000000004,0.3222166927691704,3.5387025358760336,3.8265537895435666
56.67,0.342918853586018,3.53795856694007,3.848319755342682
56.68,0.3621485155655443,3.537958154939053,3.869288444394809
56.69,0.380047672758485,3.5386294417695674,3.889533995300135
56.7,0.3967308981937824,3.5399143408440654,3.909116427158681
56.71,0.41229222161550083,3.541765121070651,3.928085135835013
56.72,0.42680990004540714,3.544142027556435,3.9464813304484685
56.730000000000004,0.4403498236257913,3.5470115770321797,3.964339779830297
56.74,0.452968007442646,3.5503453070358795,3.981690094722474
56.75,0.4647124533884285,3.5541188389603335,3.9985576887155085
56.76,0.4756245667819371,3.558311163625033,4.014964511324346
56.77,0.48574025134924625,3.5629040880514204,4.0309296159297645
56.78,0.4950907672496768,3.5678818013008247,4.046469605707499
56.79,0.5037034114626414,3.573230529783299,4.061598987837313
56.800000000000004,0.5116020628184542,3.5789382608906393,4.0763304576463435
56.81,0.5188076224561732,3.5849945195361923,4.090675128480281
56.82,0.5253383722466418,3.591390186281849,4.1046427189020465
56.83,0.5312102681282224,3.5981173485399687,4.1182417059438565
56.84,0.5364371811010632,3.6051691784363653,4.131479450990258
56.85,0.5410310955749846,3.612539832451382,4.144362303301513
56.86,0.5450022725485728,3.6202243690751463,4.15689568504078
56.870000000000005,0.5483593834331509,3.628218681553449,4.169084160806769
56.88,0.5511096189217095,3.6365194435099277,4.180931493947591
56.89,0.5532587763934566,3.645124065699254,4.192440691450651
56.9,0.5548113285657604,3.6540306625418877,4.203614038796887
56.910000000000004,0.5557704752858168,3.663238027505273,4.214453125744917
56.92,0.5561381800630428,3.672745616558103,4.224958863842933
56.93,0.5559151921881476,3.682553539305668,4.23513149607845
56.94,0.5551010553313388,3.692662557408955,4.244970599076971
56.95,0.5536941024492258,3.7030740904277186,4.254475077717962
56.96,0.5516914372821207,3.713790229025151,4.26364315223586
56.97,0.5490889015633952,3.72481375606687,4.272472337274296
56.980000000000004,0.5458810271577282,3.7361481761242428,4.280959412380185
56.99,0.5420609723121846,3.7477977539356195,4.289100383376177
57.0,0.5376204389078053,3.7597675635729066,4.296890432852527
57.01,0.5325495695914139,3.7720635490994563,4.304323858972733
57.02,0.5268368206215505,3.7846925991008282,4.311394000186922
57.03,0.5204688068021142,3.797662637271482,4.318093143635116
57.04,0.5134301126353409,3.8109827324721888,4.324412413781056
57.050000000000004,0.505703063038112,3.824663232200525,4.330341637273964
57.06,0.49726744440750964,3.8387159248868876,4.33586917854747
57.07,0.48810016411341983,3.8531542380372468,4.340981739030445
57.08,0.4781748327196589,3.867993481485819,4.345664110567271
57.09,0.4674612480107334,3.8832511481323784,4.3498988704858546
57.1,0.45592475233780166,3.8989472890310206,4.353666001191031
57.11,0.4435254243045074,3.915104985978683,4.356942410781972
57.120000000000005,0.4302170506170977,3.931750953893246,4.359701321907628
57.13,0.4159458005425588,3.948916319287554,4.361911481842798
57.14,0.4006484911337878,3.966637641937712,4.36353612564827
57.15,0.3842502766599438,3.984958280031264,4.364531590573589
57.160000000000004,0.36666150813479376,4.0039302525057225,4.364845425597827
57.17,0.34777336332905096,4.023616841640221,4.364413749242732
57.18,0.32745159536788504,4.0440963348794865,4.363157450410016
57.19,0.3055272914214987,4.065467589418542,4.360976537918535
57.2,0.28178266057071166,4.087858652320086,4.357741386382922
57.21,0.2559280912399558,4.111440803062893,4.353278473647543
57.22,0.22756279766183277,4.136452928703153,4.347345620208608
57.230000000000004,0.19610184990971297,4.163247473622266,4.339585304240671
57.24,0.16062630710707965,4.192387244307787,4.329426279881668
57.25,0.1195319023746115,4.224883429235985,4.315841545502805
57.26,0.06964442599064272,4.262896156497108,4.296634630390228
57.27,0.026003182499011807,4.301172488175605,4.277057986004156
57.28,0.08117652493968293,4.28501657335667,4.3124289835168055
57.29,0.12881536738694646,4.270278255011302,4.346306488810993
57.300000000000004,0.16852945103553887,4.259125221454975,4.37650042188783
57.31,0.20305289409739086,4.250432556322617,4.404155062630504
57.32,0.23379627459556432,4.243567172443499,4.429915352870006
57.33,0.26158850281089485,4.238144336437175,4.454173803344607
57.34,0.2869666697022794,4.233910003069559,4.47718996074233
57.35,0.31030346470527054,4.230685692228192,4.499146422609425
57.36,0.3318707268930612,4.228340072096928,4.520177735363551
57.370000000000005,0.3518743492672458,4.226773020571961,4.540386613737672
57.38,0.3704749158377571,4.225906060753252,4.559853679996274
57.39,0.38780062884258554,4.225676302245317,4.5786436370199315
57.4,0.4039557906874207,4.226032430654936,4.596809356885905
57.410000000000004,0.4190265845800458,4.2269319546933755,4.614394688929592
57.42,0.43308514070304455,4.228339258193127,4.631436447842659
57.43,0.4461924738240106,4.230224185706963,4.647965857969354
57.44,0.458400654490525,4.232560992643181,4.6640096259233115
57.45,0.46975444553023205,4.235327551047078,4.679590752439132
57.46,0.48029255670044163,4.2385047387993895,4.694729157058626
57.47,0.49004862083799505,4.242075963138038,4.709442165694865
57.480000000000004,0.4990519631687151,4.246026784325629,4.723744895925408
57.49,0.507328214299166,4.250344615262662,4.7376505647002976
57.5,0.5148998033652226,4.255018479529345,4.751170736340365
57.51,0.5217863578766544,4.260038815061314,4.764315523886043
57.52,0.5280050299878015,4.265397313930644,4.777093753527399
57.53,0.5335707640794676,4.271086791032276,4.789513099470189
57.54,0.538496516748043,4.277101076288178,4.8015801947439245
57.550000000000004,0.5427934378793685,4.283434926166478,4.813300722248751
57.56,0.5464710194654484,4.290083951286165,4.824679489344246
57.57,0.549537217167547,4.297044557678311,4.83572048846654
57.58,0.5519985487025104,4.304313899740004,4.846426945784594
57.59,0.5538601720703115,4.311889843429768,4.856801359383525
57.6,0.5551259459579659,4.319770938595412,4.866845528113346
57.61,0.5557984740917675,4.32795639960739,4.876560571953535
57.620000000000005,0.5558791347047393,4.336446093775167,4.885946944433625
57.63,0.5553680960829094,4.345240537135526,4.89500443753512
57.64,0.5542643184525089,4.3543408975569875,4.9037321791401185
57.65,0.5525655423479598,4.3637490051823935,4.912128623010985
57.660000000000004,0.5502682631969222,4.373467370447998,4.92019153106585
57.67,0.5473676910227282,4.383499210359455,4.92791794726915
57.68,0.5438576950663354,4.393848483274588,4.935304162883301
57.69,0.5397307306336585,4.404519933737955,4.942345671528907
57.7,0.5349777466318647,4.4155191483682446,4.949037113040222
57.71,0.5295880709057749,4.426852624539526,4.955372204357192
57.72,0.5235492695945407,4.438527854118306,4.961343655168273
57.730000000000004,0.5168469756966527,4.450553425136936,4.966943065391166
57.74,0.5094646807732032,4.462939145044811,4.972160800807206
57.75,0.5013834817147002,4.475696190363364,4.976985841967014
57.76,0.49258177231303407,4.488837288905609,4.981405600131046
57.77,0.48303486577329213,4.502376942865183,4.985405691840289
57.78,0.472714529969814,4.516331703713395,4.988969661043273
57.79,0.46158841141263457,4.530720513434523,4.992078634065885
57.800000000000004,0.44961931399296934,4.5455651325451685,4.994710886724971
57.81,0.43676428694319086,4.56089068258544,4.996841295544073
57.82,0.42297345711506945,4.576726342584741,4.9984406330650275
57.83,0.40818851219014984,4.593106256548576,4.99947464947691
57.84,0.3923406986617151,4.610070735648482,4.999902855794739
57.85,0.37534812849797355,4.627667882290715,4.999676879756101
57.86,0.35711207643127313,4.645955833691954,4.998738194210418
57.870000000000005,0.337511757518615,4.665005944150781,4.99701489458953
57.88,0.31639673655122497,4.684907441216036,4.994416983118162
57.89,0.29357549081591233,4.7057744976941285,4.990829205144628
57.9,0.2687974066637063,4.727757473806278,4.986099659424642
57.910000000000004,0.24172286364791487,4.751061833967722,4.980020629636888
57.92,0.21186999505358553,4.775982383673595,4.972293884681184
57.93,0.1785111178586875,4.802971521231319,4.962461485425675
57.94,0.1404462248193588,4.832794710093723,4.949748101102321
57.95,0.09543628634158996,4.866956993142967,4.932628035776795
57.96,0.0397666313472814,4.908770595178062,4.907733661515337
57.97,0.053540351573904625,4.917710709767605,4.915918928891293
57.980000000000004,0.10665171531122775,4.900470090297993,4.9505014836799255
57.99,0.1497614231950116,4.887170600428312,4.9810547666661815
58.0,0.18659083158088788,4.876687116642329,5.0087190838191304
58.01,0.2190543312615011,4.868236274749166,5.034289806838864
58.02,0.24821055235102044,4.861355618643721,5.058237214245998
58.03,0.27471656866929445,4.855748827142074,5.080863074890432
58.04,0.2990146357651265,4.851212518643553,5.102374797223215
58.050000000000004,0.32142016487441044,4.847599685080318,5.122922504846356
58.06,0.34216798882348953,4.8447997974175045,5.142619223194041
58.07,0.3614388163206561,4.842727168203573,5.161552695765209
58.08,0.37937537069698024,4.841313733097209,5.179792718028141
58.09,0.39609275517144704,4.840504355045091,5.197395911130537
58.1,0.41168539376433094,4.840253647488096,5.214408953201192
58.11,0.42623184228172983,4.840523753854068,5.230870839186729
58.120000000000005,0.43979822091019277,4.841282752080306,5.246814505450843
58.13,0.4524407242655488,4.842503480967808,5.26226802546608
58.14,0.4642074959811112,4.844162659198946,5.277255507809099
58.15,0.47514005440839285,4.846240212391544,5.291797782455783
58.160000000000004,0.4852743941938248,4.8487187512132275,5.305912933296016
58.17,0.4946418491805272,4.851583161297526,5.319616716790771
58.18,0.503269776440665,4.854820277340012,5.332922894870507
58.19,0.511182104073406,4.858418621590524,5.345843502207217
58.2,0.5183997737736741,4.862368192301826,5.3583890625598505
58.21,0.5249411008862506,4.866660291509694,5.370568765012411
58.22,0.530822069007345,4.87128738415003,5.382390608249048
58.230000000000004,0.536056571954567,4.876242982486596,5.393861519007221
58.24,0.5406566128817474,4.881521551248017,5.404987449400049
58.25,0.5446324680380018,4.8871184299425,5.415773456709926
58.26,0.5479928210499652,4.893029769586934,5.426223768473044
58.27,0.5507448721154582,4.899252481786022,5.436341834962911
58.28,0.5528944256474505,4.9057841985129755,5.446130370757421
58.29,0.5544459590811909,4.912623241336383,5.455591386673539
58.300000000000004,0.5554026747462871,4.919768599229284,5.464726212955402
58.31,0.5557665364087573,4.927219914251806,5.473535514443156
58.32,0.5555382913582945,4.934977474754613,5.482019298088662
58.33,0.5547174788656762,4.94304221578932,5.490176913142762
58.34,0.5533024249324131,4.951415726862353,5.498007043884216
58.35,0.5512902235487582,4.960100267045007,5.505507694882497
58.36,0.5486767035634359,4.969098788021738,5.512676168213638
58.370000000000005,0.5454563803957737,4.978414965621471,5.519509032082858
58.38,0.5416223918557818,4.988053240387408,5.526002080293772
58.39,0.5371664146908204,4.998018869120465,5.532150280621388
58.4,0.532078560981064,5.008317988114374,5.5379477113579405
58.410000000000004,0.5263472500648217,5.018957690611677,5.543387483485494
58.42,0.5199590522737892,5.029946120792535,5.54846164613934
58.43,0.5128984986974146,5.041292587774497,5.553161071852913
58.44,0.5051478501054871,5.05300770380734,5.557475317357563
58.45,0.49668681576831236,5.065103552274875,5.561392454269444
58.46,0.4874922102138065,5.077593892777481,5.564898862314854
58.47,0.47753753189855824,5.090494413038188,5.567978975250891
58.480000000000004,0.46679244245704465,5.103823040643714,5.570614966333192
58.49,0.4552221183688005,5.117600331925461,5.572786355838053
58.5,0.4427864345773513,5.131849962733814,5.574469515624695
58.51,0.4294389257264761,5.146599354706973,5.575637036765612
58.52,0.41512544632257314,5.161880485755064,5.576256910990541
58.53,0.39978241577163043,5.1777309557449485,5.5762914541709385
58.54,0.38333447937642295,5.194195413208005,5.575695864834383
58.550000000000004,0.3656913262006344,5.211327506285462,5.574416252647481
58.56,0.3467432567781824,5.229192616406647,5.572386875412443
58.57,0.3263548347922008,5.2478718011011924,5.569526153246345
58.58,0.3043554894339658,5.267467679388781,5.565730717918103
58.59,0.2805250382321535,5.288113590289477,5.560866151037769
58.6,0.2545702686007931,5.309988596261227,5.554751808379234
58.61,0.22608466599032997,5.333343713653888,5.547134282418953
58.620000000000005,0.19447350548208225,5.358551836774939,5.537636880518878
58.63,0.15879941991107466,5.386214373363443,5.525651673944846
58.64,0.11741926526272704,5.4174293053556575,5.510067966557082
58.65,0.06709232624242577,5.45461602397248,5.488435313307666
58.660000000000004,0.027683866142143177,5.491357877152816,5.467168385573058
58.67,0.08342578940866986,5.474829034117221,5.499579509312383
58.68,0.13058343725832763,5.459450719981555,5.530795561406931
58.69,0.17000884601739968,5.447288424081284,5.558726649828625
58.7,0.2043337757490397,5.437403242310555,5.584323364660852
58.71,0.23492805936498712,5.429236160152486,5.608152697950029
58.72,0.2626017136802041,5.422439170151286,5.630568153035341
58.730000000000004,0.2878817430610461,5.41677922510951,5.651806788278479
58.74,0.3111348795624081,5.412091054158747,5.6720369468082925
58.75,0.33262917208831144,5.408252220369365,5.691383508767717
58.76,0.35256796135155394,5.405168903847002,5.709942295076793
58.77,0.3711100338948267,5.402767272455505,5.727788815719175
58.78,0.38838227927423624,5.4009879683220845,5.744983862595923
58.79,0.40448801198992695,5.399782433471913,5.7615772388769555
58.800000000000004,0.41951265263784554,5.399110373828113,5.777610334343873
58.81,0.43352772974718495,5.3989379565577025,5.79311795697116
58.82,0.44659377433333936,5.39923649620085,5.808129668567031
58.83,0.45876246140338334,5.399981476273057,5.822670779887213
58.84,0.47007822550911865,5.401151807047363,5.836763105915051
58.85,0.48057950022335705,5.402729253400033,5.850425548380346
58.86,0.49029968312995637,5.404697987566007,5.863674551340144
58.870000000000005,0.4992678967164051,5.407044235306672,5.876524461796368
58.88,0.5075095949891014,5.40975599306907,5.8889878181192055
58.89,0.5150470516050889,5.412822799939674,5.9010755827296215
58.9,0.5218997558423591,5.416235552439464,5.912797331188247
58.910000000000004,0.5280847357492695,5.419986353329682,5.9241614066668005
58.92,0.533616823128774,5.424068387728215,5.935175046615651
58.93,0.5385088715203142,5.428475821420698,5.9458444868321765
58.94,0.5427719355123479,5.433203717531586,5.9561750468318255
58.95,0.5464154180347455,5.438247968509825,5.966171199623268
58.96,0.5494471907103692,5.4436052410994895,5.975836628260558
58.97,0.5518736910781079,5.449272932553944,5.98517427094788
58.980000000000004,0.5536999998203169,5.455249136678454,5.994186356140501
58.99,0.5549299002107178,5.4615326187136555,6.002874428651343
59.0,0.5555659216036576,5.4681227982690395,6.011239367572474
59.01,0.5556093680564482,5.475019739864011,6.019281396467085
59.02,0.5550603329974523,5.482224150735043,6.027000086184959
59.03,0.5539177001928267,5.489737385892877,6.034394350324769
59.04,0.5521791313148212,5.497561460407,6.041462433372002
59.050000000000004,0.5498410393553873,5.5056990694301815,6.048201891001509
59.06,0.5468985475918546,5.514153616275447,6.054609562233362
59.07,0.5433454325341806,5.522929249521227,6.060681532463673
59.08,0.5391740496827072,5.532030909956272,6.066413086553276
59.09,0.5343752394470672,5.541464388974435,6.0717986503558485
59.1,0.5289382105707652,5.551236400091614,6.076831719000337
59.11,0.522850397213864,5.561354665945544,6.081504769549643
59.120000000000005,0.516097284927405,5.571828023711363,6.085809155078428
59.13,0.5086621990437182,5.582666552882554,6.0897349761888515
59.14,0.5005260474788504,5.59388173033462,6.093270925004114
59.15,0.491667007267665,5.605486619217074,6.096404095037002
59.160000000000004,0.48206014083384785,5.617496100275231,6.09911974825547
59.17,0.47167692334088757,5.629927157088224,6.101401027754707
59.18,0.4604846561403403,5.642799230666842,6.10322860044977
59.19,0.44844573220309464,5.6561346645718835,6.1045802084300025
59.2,0.4355167060552297,5.669959270098392,6.10543009915126
59.21,0.42164710178561765,5.684303053118365,6.105748292473009
59.22,0.40677786291157847,5.699201163049107,6.105499623487773
59.230000000000004,0.39083930326429633,5.7146951530619905,6.104642471150898
59.24,0.37374834608260316,5.730834687036371,6.103127035857731
59.25,0.35540472095560866,5.747679905231296,6.1008929518593025
59.26,0.33568558823183947,5.765304792028791,6.097865887656104
59.27,0.3144377053253652,5.783802125074392,6.093952549046916
59.28,0.29146558611462736,5.803291031829541,6.089033048038739
59.29,0.266512791515138,5.823929079475693,6.082948691111015
59.300000000000004,0.23923069289367688,5.8459327837849235,6.075481258939187
59.31,0.20912254818861484,5.8696151223122035,6.066315096635078
59.32,0.1754338715006274,5.895461410412199,6.054960410803901
59.33,0.1369104175009322,5.924305870470208,6.040574692664262
59.34,0.09119090544353663,5.957832926511307,6.021455251319962
59.35,0.035064601289985696,5.999751032132655,5.993840922683419
59.36,0.05839179800979743,6.004178189596465,6.0039223383603515
59.370000000000005,0.1104480198437531,5.986866672942946,6.035899955890302
59.38,0.15290806777177474,5.973039518700431,6.064329891704807
59.39,0.1893104195617829,5.961782058884158,6.090135197776063
59.4,0.22146199126960653,5.9524182260666,6.114000047178456
59.410000000000004,0.25037444717701773,5.944535819384065,6.1363422603453515
59.42,0.27668106067912834,5.937865768210839,6.157434964267967
59.43,0.300810573982038,5.932221133051348,6.177468172454334
59.44,0.3230700602950595,5.92746561878466,6.196580604106988
59.45,0.34368887489702243,5.923496087864395,6.214877369385624
59.46,0.3628439481780793,5.920232182922105,6.23244047162921
59.47,0.38067529344073997,5.917609820254265,6.249335396136195
59.480000000000004,0.39729600687485433,5.915576921471589,6.265615434934193
59.49,0.4127989857665042,5.914090506324771,6.281324633969039
59.5,0.42726159777742095,5.913114649318964,6.296499865691998
59.51,0.44074902002640504,5.912619004654354,6.311172325955564
59.52,0.45331668554521914,5.912577716856286,6.3253686400599
59.53,0.4650121134091777,5.912968600292049,6.339111696207075
59.54,0.47587630262962793,5.913772510618988,6.352421284304686
59.550000000000004,0.4859448105221357,5.914972856105209,6.365314592863479
59.56,0.49524859830828166,5.9165552128338295,6.377806600463695
59.57,0.5038147020875534,5.918507018341472,6.389910387592583
59.58,0.5116667705929183,5.920817325437408,6.401637387364687
59.59,0.5188254998919,5.9234766028457875,6.4129975886767365
59.6,0.5253089872848689,5.926476572769327,6.423999701845767
59.61,0.5311330209317398,5.929810077984037,6.434651294232908
59.620000000000005,0.5363113177744833,5.933470972836177,6.444958901569232
59.63,0.540855719366834,5.937454033827354,6.45492811936672
59.64,0.5447763528759066,5.941754886518463,6.464563677736878
59.65,0.5480817629583342,5.9463699461958655,6.473869502216914
59.660000000000004,0.5507790190170279,5.9512963702850055,6.482848762653548
59.67,0.5528738010427139,5.956532021084979,6.491503911596965
59.68,0.5543704668237263,5.962075437606762,6.4998367134459665
59.69,0.555272102389185,5.967925815716637,6.507848265159612
59.7,0.5555805571944322,5.974082995965108,6.515539009169851
59.71,0.5552964649435858,5.9805474587745575,6.522908738832396
59.72,0.5544192506900644,5.987320326795101,6.52995659661535
59.730000000000004,0.5529471243187619,5.994403374505865,6.536681064953856
59.74,0.5508770604592031,6.0017990451844,6.54307994965235
59.75,0.5482047638888171,6.00951047587296,6.5491503552066
59.76,0.5449246198886449,6.017541530802453,6.554888651584468
59.77,0.5410296277464418,6.025896844399967,6.560290431336205
59.78,0.5365113159364928,6.0345818748804305,6.565350456027501
59.79,0.5313596358353743,6.04360297033124,6.57006259007777
59.800000000000004,0.5255628311043304,6.05296744912975,6.574419720150085
59.81,0.5191072780620687,6.062683697555395,6.578413657213178
59.82,0.5119772917035076,6.072761287925336,6.58203501792187
59.83,0.5041548898365885,6.083211121876199,6.585273080660494
59.84,0.495619506019299,6.094045604562146,6.588115610434968
59.85,0.4863476390408009,6.105278857367878,6.590548644955053
59.86,0.47631242228752685,6.116926979445133,6.592556231518365
59.870000000000005,0.46548309128377185,6.129008371605641,6.5941201010525115
59.88,0.4538243196710533,6.141544141141887,6.595219260591778
59.89,0.44129538271268065,6.154558613232899,6.595829478317319
59.9,0.4278490911233272,6.168079984975607,6.59592262481478
59.910000000000004,0.41343041404767483,6.1821411735057055,6.595465818641357
59.92,0.39797467221126953,6.196780933977926,6.59442029977247
59.93,0.3814051250026301,6.21204536055882,6.592739916769708
59.94,0.36362968035078314,6.22798994569381,6.5903690508325585
59.95,0.34453629971883426,6.244682476717017,6.587239695114176
59.96,0.323986396070394,6.262207232603664,6.583267222205995
59.97,0.3018050239427554,6.28067128240987,6.578344030679476
59.980000000000004,0.27776569843656096,6.300214351258098,6.572329590738396
59.99,0.25156570027812825,6.3210251157990776,6.565033998986277
60.0,0.2227833083956831,6.343369994761441,6.556188915804395
60.01,0.1907975257061629,6.3676487215024,6.5453914507237325
60.02,0.15462064866912786,6.394515425875442,6.5319818512933345
60.03,0.11249970755565372,6.425192321503192,6.51472642935272
60.04,0.06099603892797967,6.462472968868709,6.490801571835293
60.050000000000004,0.03266539185451127,6.494353896099125,6.47223920150705
60.06,0.08886454866774789,6.47686531472936,6.503378013891395
60.07,0.1349858720410003,6.461338156774713,6.5325161870396595
60.08,0.17376629187757472,6.448712051196183,6.558700234611949
60.09,0.20763822452032119,6.438190139142588,6.582734812264143
60.1,0.23788731698815888,6.429280461521411,6.605117655861455
60.11,0.2652834152518103,6.421669672358907,6.626166261978483
60.120000000000005,0.2903317238330628,6.41514480360455,6.646096712189551
60.13,0.31338597000306606,6.409553253169346,6.665064041768526
60.14,0.33470587852809836,6.404781104024714,6.683184133608753
60.15,0.35448916584008383,6.400740553595525,6.700546421511868
60.160000000000004,0.372890652252678,6.397362186950213,6.717221703483297
60.17,0.39003433154908074,6.394589991572941,6.733267185666184
60.18,0.4060213422821228,6.392378009092877,6.748729871873933
60.19,0.4209354297780506,6.390688009582723,6.763648919167724
60.2,0.4348468055809827,6.389487829590561,6.778057322015358
60.21,0.4478149463883314,6.388750155361141,6.791983145918718
60.22,0.45989066949824065,6.388451613264235,6.805450450024796
60.230000000000004,0.47111770158820765,6.388572077516177,6.8184799896661055
60.24,0.4815338843327809,6.3890941350141786,6.83108975972203
60.25,0.49117211442317793,6.390002665985969,6.843295420601267
60.26,0.5000610856882565,6.391284511550679,6.855110636109869
60.27,0.5082258814111813,6.3929282075172855,6.866547344144275
60.28,0.515688451386365,6.394923769463573,6.877615975362065
60.29,0.5224679991617946,6.39726251802975,6.888325631045973
60.300000000000004,0.5285812982901377,6.399936936194318,6.8986842285066565
60.31,0.534042951751672,6.402940552316596,6.9086986203277885
60.32,0.5388656053334304,6.406267844201064,6.918374692267193
60.33,0.5430601232147051,6.4099141605473795,6.927717443504255
60.34,0.5466357321132996,6.4138756569849775,6.936731052077739
60.35,0.5496001388709588,6.418149244548116,6.945418927692221
60.36,0.551959625439677,6.42273254886168,6.95378375365174
60.370000000000005,0.5537191239844921,6.427623878862223,6.961827519116637
60.38,0.5548822745267773,6.432822204028175,6.96955154272914
60.39,0.5554514666791035,6.438327139487796,6.976956488252736
60.4,0.5554278667178469,6.444138938527968,6.984042372713985
60.410000000000004,0.5548114306516115,6.450258492308213,6.990808567250865
60.42,0.5536009037288233,6.456687336702484,6.997253790752045
60.43,0.5517938062342493,6.463427666489235,7.003376096070831
60.44,0.5493864055110852,6.470482357088216,7.009172848618238
60.45,0.5463736729182279,6.477854994670934,7.01464069650814
60.46,0.5427492250344542,6.485549915209187,7.019775531689104
60.47,0.5385052470064601,6.493572253771867,7.024572440748629
60.480000000000004,0.5336323961425828,6.501928005329474,7.029025644123504
60.49,0.528119682331305,6.510624099171307,7.033128421601784
60.5,0.5219543217626996,6.519668489176112,7.0368730218615685
60.51,0.5151215586799115,6.529070263192209,7.040250552771563
60.52,0.5076044489117156,6.538839775436162,7.04325084851852
60.53,0.4993835965257252,6.548988807270983,7.045862308166179
60.54,0.49043683268144556,6.559530763170373,7.048071698792643
60.550000000000004,0.48073882247708816,6.570480910762408,7.049863914249072
60.56,0.4702605800465897,6.581856677260878,7.051221677146039
60.57,0.4589688662962376,6.5936780184095065,7.0521251678228625
60.58,0.4468254337407401,6.605967882350828,7.052551557721647
60.59,0.4337860690789747,6.618752799689652,7.052474415659904
60.6,0.4197993639519688,6.632063644072956,7.051862942337861
60.61,0.4048051137676105,6.64593662748828,7.050680968374081
60.620000000000005,0.38873219623075494,6.660414625965479,7.048885619422577
60.63,0.37149570622736217,6.675548981008403,7.046425501863098
60.64,0.3529929976886571,6.691402005897874,7.043238178032519
60.65,0.33309807022213334,6.708050569589156,7.039246555138351
60.660000000000004,0.3116533560936069,6.72559139177641,7.0343535488560205
60.67,0.2884572468582216,6.744149179776024,7.028433881080136
60.68,0.26324426800593465,6.7638897507812965,7.021320849146667
60.69,0.23565173588746532,6.785042516898787,7.012783649091461
60.7,0.2051595015088959,6.8079421587479265,7.0024853346946765
60.71,0.17097038627868258,6.833114457295715,6.989896198680127
60.72,0.13174225128489445,6.861481391845972,6.974086691559979
60.730000000000004,0.08491386284867554,6.894967166597458,6.95311493124476
60.74,0.02904332403036868,6.937335537077385,6.923164347558577
60.75,0.06533636278235117,6.9347382814084,6.938412783846485
60.76,0.1159458410935581,6.91754621002481,6.968351775297593
60.77,0.1575166238132466,6.903512305934359,6.995082832891521
60.78,0.19332349549899394,6.891834051497384,7.019413980027163
60.79,0.2250350202749227,6.8819233362486685,7.041939196299091
60.800000000000004,0.2536008382801902,6.8734120342637,7.063030886372498
60.81,0.27962223791208946,6.866055601594217,7.082936779434162
60.82,0.3035095859551179,6.859682073125304,7.101831307331891
60.83,0.3255585237433412,6.854164964339599,7.119842932203021
60.84,0.34599085198799423,6.849407922284271,7.137069637868186
60.85,0.3649782676696183,6.845335484831588,7.153588262510154
60.86,0.3826570187689026,6.841887222686387,7.169460418463495
60.870000000000005,0.39913740684368215,6.839013862804646,7.184736411836331
60.88,0.41451020026262475,6.836674629262692,7.199457932554458
60.89,0.42885110848594593,6.834835363200315,7.2136599572178906
60.9,0.44222399201119955,6.833467158928956,7.227372130197888
60.910000000000004,0.4546832206742618,6.832545352413387,7.2406197884003225
60.92,0.4662754419866893,6.832048756675483,7.253424736237254
60.93,0.47704093075288295,6.831959074224636,7.265805841450293
60.94,0.48701463500019604,6.832260439032157,7.2777794997916745
60.95,0.49622699745517734,6.832939055033916,7.289360001954332
60.96,0.5047046081727425,6.833982907787551,7.300559826396975
60.97,0.5124707282491875,6.835381532385191,7.311389875166714
60.980000000000004,0.5195457135313779,6.837125825294421,7.321859665197339
60.99,0.525947359811841,6.839207890926197,7.33197748440125
61.0,0.5316911855170952,6.841620916037767,7.341750519536249
61.01,0.5367906640021967,6.8443590667380105,7.351184961149114
61.02,0.5412574146929886,6.847417404094322,7.360286089651628
61.03,0.5451013602727861,6.850791815226007,7.369058345688225
61.04,0.5483308553078995,6.854478957545648,7.377505387167567
61.050000000000004,0.5509527906196153,6.858476214297506,7.3856301348373785
61.06,0.5529726767818699,6.8627816599489035,7.393434807869575
61.07,0.5543947090920348,6.867394034451852,7.400920950455551
61.08,0.5552218160795651,6.872312725530896,7.4080894502712615
61.09,0.5554556927909113,6.8775377585297734,7.414940549290569
61.1,0.555096819931572,6.8830697934340215,7.4214738473395725
61.11,0.554144469185362,6.888910129050992,7.427688298416875
61.120000000000005,0.5525966950940389,6.895060714315693,7.433582199817117
61.13,0.550450312947342,6.901524167158428,7.439153173624538
61.14,0.5477008625268566,6.908303801198091,7.444398140314912
61.15,0.5443425563156832,6.915403661165111,7.4493132835609135
61.160000000000004,0.5403682107765142,6.922828568000858,7.453894005292013
61.17,0.5357691588173318,6.930584174873329,7.458134869764595
61.18,0.5305351406859434,6.938677035851567,7.4620295348923795
61.19,0.5246541697847718,6.947114689448588,7.465570668616801
61.2,0.5181123690019971,6.955905759804034,7.46874984753135
61.21,0.5108937715611432,6.965060079238316,7.471557434008087
61.22,0.5029800792832612,6.974588836662416,7.473982427314444
61.230000000000004,0.4943503679358131,6.98450475825009,7.476012282277301
61.24,0.4849807272606187,6.99482232819638,7.477632687619895
61.25,0.47484381850911955,7.005558060342177,7.478827293124001
61.26,0.4639083267183429,7.016730835032497,7.479577371155588
61.27,0.45213827674339124,7.028362320834279,7.479861392797392
61.28,0.439492170537919,7.040477508189529,7.479654491327131
61.29,0.42592188574505285,7.053105393343055,7.478927774436126
61.300000000000004,0.4113712502229701,7.0662798675131,7.477647429829321
61.31,0.39577416799664566,7.080040892029877,7.475773542896769
61.32,0.3790521098018588,7.094436081413499,7.473258503586313
61.33,0.36111068182705486,7.1095228831346775,7.470044812311983
61.34,0.3418348168417796,7.125371657317392,7.466061979312779
61.35,0.3210818374059808,7.142070161642034,7.4612220082444685
61.36,0.2986710986949239,7.159730324035084,7.455412574356786
61.370000000000005,0.27436786664238255,7.178498931935242,7.44848625513353
61.38,0.24785690212175449,7.198575455067127,7.440242569464529
61.39,0.21869629213820904,7.2202439206299,7.430395846677278
61.4,0.186229759463241,7.24393545613129,7.41851216150941
61.410000000000004,0.14940095269334858,7.270367763471794,7.4038686367710715
61.42,0.10630459252062777,7.300919336117042,7.385075689853938
61.43,0.05329602205416861,7.338861142217152,7.358831002387401
61.44,0.04003064000350168,7.363695880562947,7.34570376058106
61.45,0.09544357477437591,7.3457085900338885,7.3756630362419395
61.46,0.14037261392906336,7.330203415289315,7.403103624896455
61.47,0.17839620163166647,7.3173403256649285,7.427858809876548
61.480000000000004,0.2117291661068709,7.3064302064268665,7.450623319308543
61.49,0.24156385162393826,7.297037344099766,7.4718372777344735
61.5,0.2686246508402275,7.288878582033933,7.491787124833175
61.51,0.2933917399188679,7.2817587705499305,7.510670532264684
61.52,0.3162037596793303,7.275536666871219,7.528630748642351
61.53,0.3373107042137342,7.270106039344507,7.545775648744837
61.54,0.3569036771813006,7.265384532586362,7.562188966919034
61.550000000000004,0.375132814710572,7.261306738547571,7.577937291683063
61.56,0.3921186786707191,7.2578196826909185,7.593074624881472
61.57,0.40795982171645817,7.2548797686181,7.607645469353862
61.58,0.42273799398475725,7.252450642138445,7.621686988512858
61.59,0.4365218358897264,7.250501656678931,7.635230558665053
61.6,0.4493695647016982,7.249006744628794,7.648302911239862
61.61,0.46133097214645363,7.247943570334169,7.660926990376289
61.620000000000005,0.4724489378602092,7.247292883283009,7.673122608119296
61.63,0.4827605949067933,7.2470380166262,7.68490695263252
61.64,0.49229824010046036,7.247164493262313,7.696294987591992
61.65,0.5010900538428742,7.247659712885736,7.707299769646204
61.660000000000004,0.5091606753335673,7.248512700977458,7.717932703172334
61.67,0.5165316664423513,7.249713905841371,7.728203746383755
61.68,0.5232218885410098,7.251255033466233,7.738121579126966
61.690000000000005,0.529247810446527,7.253128912544964,7.747693740128089
61.7,0.5346237612188437,7.255329383821755,7.756926739590424
61.71,0.5393621380536827,7.257851209399368,7.765826151565116
61.72,0.5434735773430146,7.260689998571321,7.774396689575503
61.730000000000004,0.5469670950530207,7.263842147555426,7.782642268153943
61.74,0.5498502011020204,7.267304791138595,7.790566052308884
61.75,0.5521289915116511,7.271075764642517,7.798170496536262
61.76,0.5538082210545912,7.275153575079047,7.805457374523984
61.77,0.5548913587329795,7.2795373805437364,7.812427800517299
61.78,0.5553806274383395,7.284226977336461,7.819082242866617
61.79,0.5552770291130366,7.289222794327846,7.8254205302500655
61.800000000000004,0.5545803559577976,7.294525894450044,7.831441850698854
61.81,0.5532891881314618,7.300137983253209,7.837144743490374
61.82,0.5514008777045113,7.306061424809702,7.842527083630476
61.83,0.5489115186401832,7.312299265264634,7.847586058629024
61.84,0.5458159016443613,7.31885526481724,7.852318136784636
61.85,0.5421074531654793,7.325733938727729,7.856719026383104
61.86,0.5377781561174526,7.332940608851073,7.8607836243048625
61.870000000000005,0.5328184504356654,7.340481466982251,7.864505952751716
61.88,0.5272171101078499,7.348363652118501,7.867879081979275
61.89,0.5209610928581516,7.356595344074352,7.87089503658782
61.9,0.5140353570286741,7.365185876854905,7.873544681950274
61.910000000000004,0.5064226391955338,7.374145875875585,7.875817586667383
61.92,0.49810318347396604,7.3834874246805,7.877701855368852
61.93,0.4890544116529417,7.393224268053891,7.879183924925539
61.940000000000005,0.4792505183840802,7.403372061405088,7.880248314138824
61.95,0.4686619718892805,7.413948678855235,7.880877314403434
61.96,0.457254893073707,7.424974597263199,7.881050604002619
61.97,0.4449902756329453,7.4364733800503995,7.880744762029747
61.980000000000004,0.43182299583181366,7.448472293813534,7.879932648737588
61.99,0.4177005389127065,7.461003104916785,7.878582604818336
62.0,0.40256133609749967,7.474103124969244,7.876657400254897
62.01,0.386332556289738,7.487816607396286,7.874112829842478
62.02,0.36892711445705173,7.5021966523154004,7.870895797087654
62.03,0.35023952537455644,7.517307867584691,7.866941636867426
62.04,0.33013999969736696,7.533230192986786,7.8621702669542
62.050000000000004,0.30846576537880227,7.5500645833997115,7.856480467422713
62.06,0.28500781205033127,7.567941804459229,7.849741024966635
62.07,0.2594896747866516,7.587036742690878,7.841776321525462
62.08,0.23153143820691152,7.6075932023116,7.832341355339897
62.09,0.20058395213750901,7.629970547939366,7.821074741389439
62.1,0.16579637957478865,7.654741756353762,7.807399872972764
62.11,0.12571407395644543,7.682934868102442,7.7902814057323795
62.120000000000005,0.07752332397193772,7.716778194965316,7.767472868827641
62.13,0.025048948562932667,7.758708801853437,7.736487978786224
62.14,0.07306248483284383,7.748922302338332,7.757482865274162
62.15,0.12211386385801068,7.731924868886017,7.785731137655869
62.160000000000004,0.16272906531515383,7.7178225201216994,7.811043011182603
62.17,0.1978849695527389,7.705893489727266,7.834144302111084
62.18,0.22911014202051197,7.695620909600336,7.85555635356864
62.190000000000005,0.2572900238131687,7.686674179321215,7.8756131624062675
62.2,0.2829922076010302,7.678830169967621,7.89454045377201
62.21,0.30660745624044244,7.671930182501613,7.91249897579732
62.22,0.328419101242669,7.665856502622244,7.929608109641878
62.230000000000004,0.3486407510604249,7.66051887812496,7.945959498284634
62.24,0.36743839625196156,7.655846265938806,7.961625369778417
62.25,0.3849441611743369,7.651781544430761,7.97666387308049
62.26,0.40126527599876105,7.648277984306084,7.9911226411704055
62.27,0.41649016257529603,7.645296810892358,8.005041253491571
62.28,0.43069269832406526,7.642805470577612,8.018452987931642
62.29,0.4439352862084523,7.640776367005728,8.031386098645356
62.300000000000004,0.45627111711811547,7.6391859198529986,8.04386476815013
62.31,0.46774587079086943,7.638013850796733,8.055909829930883
62.32,0.47839901691652625,7.637242633110517,8.067539325705404
62.33,0.4882648255192123,7.636857061451414,8.078768941200115
62.34,0.4973731618303592,7.636843911556983,8.08961235101631
62.35,0.5057501187858229,7.637191668267843,8.100081494391324
62.36,0.5134185251630403,7.637890306292271,8.110186797600809
62.370000000000005,0.5203983571401577,7.638931112248787,8.119937354589585
62.38,0.526707073908088,7.6403065394232526,8.129341074490084
62.39,0.5323598926186566,7.642010088853469,8.138404802487296
62.4,0.537370014385883,7.644036211837199,8.147134418992211
62.410000000000004,0.5417488103518429,7.646380230080461,8.155534920953057
62.42,0.5455059744988138,7.6490382706707445,8.163610488154003
62.43,0.5486496486545371,7.652007213597766,8.171364536809115
62.440000000000005,0.551186523793295,7.655284650107284,8.178799762189012
62.45,0.553121920732471,7.658868850611551,8.185918171575189
62.46,0.5544598527356961,7.66275874114045,8.192721108573783
62.47,0.5552030717436894,7.666953887669725,8.199209269464342
62.480000000000004,0.5553530996973867,7.671454487783588,8.205382712137014
62.49,0.5549102456117446,7.676261369502696,8.211240857794118
62.5,0.5538736090700014,7.6813759971181765,8.216782485582549
62.51,0.5522410700282374,7.68680048425166,8.222005719940777
62.52,0.5500092648903863,7.692537614346363,8.226908010459054
62.53,0.5471735479956545,7.698590869217297,8.231486103625723
62.54,0.5437279375138542,7.704964466392893,8.235736005727558
62.550000000000004,0.5396650442073921,7.711663406289594,8.239652935860763
62.56,0.5349759809941718,7.71869353057328,8.243231267695014
62.57,0.5296502504514667,7.726061593534861,8.246464458157318
62.58,0.5236756067432777,7.733775348728188,8.249344960778501
62.59,0.5170378871448917,7.741843653906269,8.251864120654202
62.6,0.509720807486071,7.750276597876366,8.25401204738205
62.61,0.5017057132636671,7.759085654433051,8.25577746079324
62.620000000000005,0.49297127662514423,7.768283869598689,8.257147503216519
62.63,0.4834931256138754,7.777886090761699,8.258107509641077
62.64,0.47324338823900275,7.787909248819991,8.258640724610784
62.65,0.4621901272369609,7.798372708680111,8.25872795041655
62.660000000000004,0.4502966333958697,7.809298708719361,8.258347105862672
62.67,0.4375205327581888,7.820712917987305,8.25747266666453
62.68,0.42381264458369333,7.832645151989851,8.256074946394017
62.690000000000005,0.4091155004039455,7.845130305562529,8.25411915910981
62.7,0.39336139190886704,7.858209589641244,8.251564176327038
62.71,0.37646974996161975,7.871932202905742,8.248360846517741
62.72,0.3583435487089136,7.886357642881772,8.244449671225732
62.730000000000004,0.33886424693938194,7.901558986342451,8.239757505757012
62.74,0.31788445749736877,7.917627693172986,8.234192726497838
62.75,0.2952169424726371,7.934680909204145,8.227637882521355
62.76,0.27061736913150997,7.952873086877992,8.219937999529447
62.77,0.24375582103206758,7.9724155614132295,8.210880871498675
62.78,0.21416648100640892,7.993612032504827,8.200161329050378
62.79,0.1811507533385363,8.016929453611072,8.187309826733589
62.800000000000004,0.143568485315942,8.043160262536727,8.171528943004695
62.81,0.09932569548846061,8.073874960913729,8.151236931339591
62.82,0.044729964919235955,8.112909745002217,8.122563134641407
62.83,0.048570182721412086,8.12926736870859,8.116627568317382
62.84,0.10246040478362932,8.111187187501706,8.145331511143224
62.85,0.14617491840601923,8.095774226822389,8.171334437648143
62.86,0.18341239045598517,8.082787060435463,8.194874785870587
62.870000000000005,0.21617785955793406,8.071621509494799,8.216561007081928
62.88,0.2455723261873845,8.061888838835669,8.236785339114867
62.89,0.2722747525694193,8.053331921985755,8.255807593811614
62.9,0.2967399195256226,8.045771261683448,8.273809374554444
62.910000000000004,0.3192909909594195,8.039075712189865,8.29092352838359
62.92,0.34016789532355096,8.033145927392955,8.307250812240438
62.93,0.3595548516637319,8.027904459051099,8.32286987033215
62.940000000000005,0.37759709429618804,8.023289522906992,8.3378435194593
62.95,0.3944115787506985,8.019250899801508,8.352222883985888
62.96,0.41009413101347536,8.015747140137066,8.36605021741303
62.97,0.4247243913648781,8.012743597318945,8.379360888204113
62.980000000000004,0.43836933475562323,8.01021100739005,8.392184814726514
62.99,0.45108584064626805,8.008124439698715,8.404547525828754
63.0,0.46292260939585517,8.006462506391314,8.416470960174012
63.01,0.47392161786412673,8.005206756741464,8.427974078944498
63.02,0.48411924282785607,8.004341206233727,8.43907334244002
63.03,0.49354714009863326,8.003851965749408,8.449783085538565
63.04,0.5022329408255298,8.00372694635897,8.460115816745642
63.050000000000004,0.510200808680942,8.003955622140865,8.470082458582745
63.06,0.5174718897437497,8.00452883813469,8.479692542336965
63.07,0.524064678300273,8.005438653939,8.488954366758557
63.08,0.5299953159952605,8.006678215799065,8.497875127937359
63.09,0.5352778375327442,8.008241651740411,8.50646102586234
63.1,0.5399243727578964,8.010123985670042,8.51471735178733
63.11,0.5439453128913323,8.012321067230628,8.522648559656021
63.120000000000005,0.5473494468801269,8.014829514934771,8.53025832408886
63.13,0.5501440723074313,8.017646670745362,8.537549586788744
63.14,0.5523350845588682,8.020770564591567,8.544524592896659
63.15,0.5539270468253885,8.024199887785363,8.551184918346873
63.160000000000004,0.5549232432090627,8.027933974448288,8.557531489126346
63.17,0.5553257161849771,8.03197279050355,8.563564592891789
63.18,0.5551352896991547,8.036316929793555,8.569283883394222
63.190000000000005,0.5543515783680677,8.040967617255328,8.574688377784119
63.2,0.552972983197609,8.045926719126442,8.579776446830186
63.21,0.550996673493521,8.051196760521831,8.584545797714384
63.22,0.548418554704266,8.056780950713815,8.588993449073543
63.230000000000004,0.5452332209945083,8.06268321693702,8.593115697466262
63.24,0.5414338917083048,8.068908247393423,8.596908074589466
63.25,0.5370123292409767,8.075461545007752,8.600365293691755
63.26,0.5319587363772561,8.082349493269708,8.60348118384275
63.27,0.5262616295130605,8.089579436414668,8.606248609800202
63.28,0.5199076838910137,8.097159776441556,8.608659374966074
63.29,0.5128815451047312,8.105100090573451,8.610704103812852
63.300000000000004,0.5051656002163561,8.113411273412378,8.612372099509411
63.31,0.49673969901818754,8.122105709747789,8.613651170761884
63.32,0.48758081423128197,8.131197485207583,8.614527420644752
63.33,0.47766262405497445,8.14070264521731,8.614984986909452
63.34,0.4669549967900828,8.150639515303528,8.615005720666973
63.35,0.4554233490751458,8.161029101000274,8.614568785092123
63.36,0.44302783853950806,8.171895592614362,8.613650148761517
63.370000000000005,0.4297223368817115,8.183267009918673,8.612221938364394
63.38,0.4154531063409854,8.195176037094377,8.610251600184403
63.39,0.4001570673979765,8.207661121663321,8.607700796190265
63.4,0.3837594921405182,8.220767947296272,8.604523924201969
63.410000000000004,0.36617086952553063,8.234551450310171,8.600666091297724
63.42,0.3472825446714692,8.249078649158482,8.596060269490083
63.43,0.32696048251111814,8.26443273196521,8.590623185796638
63.440000000000005,0.30503605288176583,8.28071916911171,8.584249174692559
63.45,0.28129186705983134,8.298075245635193,8.576800588830082
63.46,0.2554389324355393,8.316685717208887,8.5680920455608
63.47,0.2270775133185591,8.336810269080035,8.557862789277818
63.480000000000004,0.19562469990947182,8.358836002456684,8.54572384675032
63.49,0.16016617660890337,8.383390271829866,8.531044375789824
63.5,0.11911157529882538,8.4116279356788,8.512662182725585
63.51,0.06935765981776379,8.44615882447557,8.487947910722593
63.52,0.026504887619058927,8.484864165042444,8.45898876171423
63.53,0.08104849306466624,8.470008461955736,8.483859239091826
63.54,0.1285509960799392,8.45323545644368,8.510653750953407
63.550000000000004,0.16820838047913478,8.439132304680752,8.534742861178161
63.56,0.2027007383883649,8.427046096960291,8.556782670933924
63.57,0.23342478389996194,8.416518454858728,8.577235105656658
63.58,0.26120410864004767,8.407250762955906,8.59640156199507
63.59,0.28657326134335676,8.399038566830608,8.614488669559695
63.6,0.30990353055952485,8.391734905863833,8.631645134798383
63.61,0.3314659010884601,8.385229902955734,8.64798227351221
63.620000000000005,0.3514657034330916,8.379438795669335,8.663586061166594
63.63,0.370063128111525,8.374294537610018,8.67852458674353
63.64,0.3873860882586608,8.369743009984695,8.692852879678002
63.65,0.4035386651078819,8.365739799496124,8.706616159549169
63.660000000000004,0.41860686683871495,8.362247957640049,8.719852097060677
63.67,0.43266268114566286,8.359236398231854,8.73259243176248
63.68,0.4457670039559843,8.356678723572832,8.744864157584004
63.690000000000005,0.4579718046390435,8.354552346648628,8.75669040977378
63.7,0.46932175835823536,8.352837822867986,8.768091140411657
63.71,0.47985549772322095,8.351518333373463,8.779083640933257
63.72,0.4896065867831576,8.350579280130658,8.789682951796426
63.730000000000004,0.4986042886684687,8.350007964922497,8.799902187406767
63.74,0.506874177342529,8.34979333232503,8.809752796406286
63.75,0.5144386297477174,8.349925762204457,8.81924477192056
63.76,0.5213172248301681,8.350396901096358,8.828386822505536
63.77,0.5275270692065304,8.351199524481846,8.83718651185926
63.78,0.5330830641248554,8.352327423996961,8.845650373322412
63.79,0.5379981249844054,8.353775314982235,8.853784003809846
63.800000000000004,0.5422833620181545,8.355538760851045,8.861592140732927
63.81,0.5459482286489057,8.357614111609506,8.869078724609766
63.82,0.5490006427306937,8.359998454402838,8.87624694951406
63.83,0.551447084514146,8.36268957453168,8.883099302938017
63.84,0.5532926745819822,8.36568592563886,8.889637596386567
63.85,0.5545412338240494,8.368986608265123,8.895862987515725
63.86,0.5551953274164368,8.372591356033965,8.901775994567421
63.870000000000005,0.5552562938800008,8.376500529113796,8.907376503460172
63.88,0.5547242601906656,8.380715114666778,8.912663767834038
63.89,0.5535981431264987,8.385236734362179,8.917636401976624
63.9,0.5518756371403375,8.390067659004309,8.922292366584939
63.910000000000004,0.5495531881155008,8.395210830785837,8.926628946854324
63.92,0.5466259527662186,8.400669893505565,8.930642722557623
63.93,0.5430877419363223,8.406449231867777,8.934329528996848
63.940000000000005,0.5389309466827004,8.412554020710141,8.93768440797948
63.95,0.5341464446132133,8.418990285773035,8.94070154720342
63.96,0.5287234838683043,8.425764977734744,8.943374206320966
63.97,0.5226495406996532,8.432886062068706,8.94569462711827
63.980000000000004,0.5159101460854564,8.440362627661258,8.947653924860775
63.99,0.5084886747746148,8.448205018352532,8.949241956627452
64.0,0.5003660892082071,8.456424992261885,8.950447161751114
64.01,0.4915206270093387,8.465035916020112,8.951256367215134
64.02,0.4819274186735961,8.474053002501684,8.95165454937373
64.03,0.47155801675431586,8.483493604015523,8.951624539983788
64.04,0.46037981159481506,8.493377576994455,8.951146660432599
64.05,0.44835529967374776,8.503727740117244,8.95019826212135
64.06,0.4354411576923797,8.51457045634524,8.948753142369092
64.07000000000001,0.42158705587820283,8.525936382351636,8.946780792136124
64.08,0.4067341154169846,8.537861447998115,8.94424541257942
64.09,0.3908128700366708,8.550388158802734,8.941104606989622
64.1,0.37374052051400153,8.563567362890485,8.937307605825946
64.11,0.3554171548678187,8.577460703986656,8.932792802012376
64.12,0.3357204086582816,8.592144120494872,8.927484234321545
64.13,0.3144976891702978,8.607712999514101,8.921286406282531
64.14,0.2915544328521961,8.624290067509596,8.914076352111024
64.15,0.266635571765447,8.642038055943829,8.905690898163874
64.16,0.2393946370323245,8.661181273390614,8.895904960738882
64.17,0.20933855834239232,8.682045269764572,8.88439163070164
64.18,0.17571978345737146,8.705137648615457,8.870640821013113
64.19,0.13729933460900162,8.731338314442493,8.853767659944026
64.2,0.0917584818436612,8.762453296046989,8.831954275867654
64.21000000000001,0.0359481635754501,8.802867097591427,8.80077702153685
64.22,0.05751384590386723,8.809857759914312,8.80313692858797
64.23,0.10961847311518512,8.791901662495773,8.830585980487365
64.24,0.1521481695269719,8.776610755347294,8.855338782477865
64.25,0.18860360978578974,8.763561644074572,8.877817655869688
64.26,0.220797011205585,8.752219343089642,8.898560974537059
64.27,0.24974384686261789,8.742234705731331,8.91792075084053
64.28,0.27607965846095583,8.733373138778228,8.936133831075503
64.29,0.3002345869103095,8.725468933610042,8.95336772353796
64.3,0.32251661178917745,8.718399945393942,8.969746047134205
64.31,0.3431557022558573,8.712073017869171,8.985363194051446
64.32000000000001,0.3623292200954661,8.706415141408334,9.000293231135291
64.33,0.38017749114859206,8.70136782481988,9.014595569335471
64.34,0.39681384383964313,8.696883361851803,9.028318726578371
64.35,0.41233135172247926,8.692922266336213,9.041502914078544
64.36,0.4268075186635204,8.689451456974115,9.054181867591112
64.37,0.44030762866650497,8.68644293957803,9.066384177405784
64.38,0.4528871997504545,8.683872829298616,9.07813427562995
64.39,0.46459381935185134,8.681720611270709,9.08945318305506
64.4,0.47546854203147504,8.679968572310468,9.100359083480635
64.41,0.48554697065037206,8.678601357823958,9.110867771695743
64.42,0.4948601040761799,8.677605622077762,9.120993007226064
64.43,0.5034350097582289,8.67696974921339,9.130746796656418
64.44,0.5112953627012385,8.676683628729599,9.140139620946087
64.45,0.5184618811480147,8.676738473461953,9.149180619816375
64.46000000000001,0.5249526812098991,8.677126671200892,9.157877742150887
64.47,0.5307835670873363,8.677841663281841,9.166237869139488
64.48,0.5359682695083894,8.678877845065008,9.174266915298801
64.49,0.5405186418984615,8.680230484458678,9.181969911254434
64.5,0.5444448217209163,8.681895655479424,9.189351071324115
64.51,0.5477553626034497,8.683870184579288,9.196413848196185
64.52,0.5504573418006782,8.686151607913214,9.203160976552326
64.53,0.5525564462114839,8.688738138265586,9.209594506930657
64.54,0.5540570397129092,8.691628640561941,9.2157158309181
64.55,0.5549622137354187,8.69482261524192,9.221525698406776
64.56,0.5552738225302375,8.698320188987537,9.227024227429517
64.57000000000001,0.5549925040656871,8.702122112531965,9.23221090685623
64.58,0.5541176871672757,8.70622976543557,9.23708459207085
64.59,0.552647585105251,8.710645167912663,9.241643493549596
64.6,0.5505791754304917,8.715371000004527,9.245885158048152
64.61,0.5479081654970253,8.720410628590392,9.249806441908385
64.62,0.5446289427256604,8.725768142948173,9.253403475773382
64.63,0.5407345082040901,8.731448399840497,9.256671619735064
64.64,0.5362163917332939,8.73745707939609,9.259605407642246
64.65,0.5310645455837111,8.743800753551607,9.262198478800304
64.66,0.5252672137768839,8.750486969130588,9.264443494980197
64.67,0.5188107723548591,8.757524348442171,9.266332039845771
64.68,0.5116795354048628,8.764922710781528,9.26785449740488
64.69,0.5038555189415758,8.772693219798407,9.2689999045023
64.7,0.49531815374356974,8.780848562476557,9.269755771588096
64.71000000000001,0.48604393459614575,8.789403167730107,9.27010786372388
64.72,0.47600598938959426,8.798373475218451,9.27003993118224
64.73,0.46517354629084723,8.807778268426585,9.269533375531186
64.74,0.4535112692850596,8.817639091237032,9.26856683189142
64.75,0.4409784210644208,8.827980774671508,9.26711564056585
64.76,0.42752779607406405,8.838832111244292,9.265151170420532
64.77,0.413104342447631,8.850226730534958,9.26263994014522
64.78,0.3976433537349941,8.862204255040453,9.259542457934543
64.79,0.3810680540590255,8.874811854584346,9.25581166069263
64.8,0.3632863052993229,8.888106382942787,9.251390768116089
64.81,0.3441860083077937,8.902157389841614,9.246210256876202
64.82000000000001,0.3236284954679963,8.917051495977178,9.240183464466195
64.83,0.30143871299873426,8.93289897857973,9.233199970207497
64.84,0.27739002887456893,8.949844123969436,9.225115187509225
64.85,0.2511795231271862,8.968082401565301,9.21573309371767
64.86,0.2223852061873876,8.987890975733219,9.204775538624396
64.87,0.190385762664496,9.009688041477409,9.191822539959688
64.88,0.15419337853351647,9.034163522383743,9.176180720344764
64.89,0.11205740992486302,9.062624101568252,9.15653578917795
64.9,0.06057732653500665,9.098155885282367,9.129779816431501
64.91,0.033109274560232424,9.130410850888138,9.10626390034495
64.92,0.08905830807048572,9.11318396448978,9.132475137227749
64.93,0.13507374085275412,9.096642591147246,9.157990344728221
64.94,0.1737973766188646,9.082573700729995,9.181001701127071
64.95,0.20763229925464768,9.07038616381472,9.20210296027178
64.96000000000001,0.2378546186073335,9.059670394514846,9.221706604870029
64.97,0.26523005415189643,9.050155249716306,9.240086111051228
64.98,0.2902616903893825,9.041652646151586,9.257431423573653
64.99,0.3133020335564892,9.034026058520746,9.273880584336082
65.0,0.33461004512929277,9.02717264622873,9.2895376984301
65.01,0.3543829339399154,9.02101261170916,9.304483639715665
65.02,0.3727751659159301,9.015482543042937,9.318782752517498
65.03,0.38991047747998486,9.010531063814724,9.332487233178943
65.04,0.4058898140738808,9.006115882999529,9.345640102982985
65.05,0.42079677205618776,9.002201730086961,9.3582772899748
65.06,0.4347014452949715,8.998758870296314,9.370429126605947
65.07000000000001,0.4476632155600346,8.995762011908072,9.382121452345341
65.08,0.4597328221676976,8.993189485913629,9.39337644184784
65.09,0.47095392666667407,8.991022619355448,9.404213237854856
65.1,0.48136431552404346,8.989245249375958,9.414648442194533
65.11,0.49099683799393623,8.987843341430944,9.42469650170372
65.12,0.4998801466445424,8.986804685963552,9.434370014977793
65.13,0.5080392884240378,8.986118655101922,9.443679978536613
65.14,0.5154961808048034,8.985776005949292,9.452635985951495
65.15,0.5222699982575928,8.985768720561895,9.461246389923993
65.16,0.5283774879274294,8.986089875166403,9.469518434832926
65.17,0.5338332285698302,8.986733533028351,9.477458365389733
65.18,0.5386498435321634,8.987694656673053,9.485071515742415
65.19,0.5428381760044161,8.988969036169939,9.492362382350287
65.2,0.5464074328785921,8.990553230946608,9.499334683189527
65.21000000000001,0.5493653021347866,8.992444523172304,9.505991405271113
65.22,0.5517180474956547,8.994640881235584,9.512334841963694
65.23,0.5534705834512119,8.997140932106259,9.518366621346487
65.24,0.5546265326320114,8.999943941844611,9.524087726339019
65.25,0.555188267416794,9.003049803571976,9.52949850730497
65.26,0.5551569367410109,9.00645903261796,9.534598687421111
65.27,0.5545324790823056,9.010172768567003,9.539387361096164
65.28,0.5533136216846745,9.014192784353169,9.543862985294332
65.29,0.5514978662964822,9.018521502473416,9.5480233636979
65.3,0.549081460733882,9.023162018865728,9.551865623164561
65.31,0.5460593557574672,9.028118134940474,9.555386181992896
65.32000000000001,0.5424251460050467,9.033394398654803,9.558580709106291
65.33,0.5381709929648547,9.038996155945071,9.56144407283914
65.34,0.5332875281461427,9.04492961380753,9.56397027803301
65.35,0.5277637331011367,9.051201917151685,9.566152389313606
65.36,0.5215867926359365,9.057821241815398,9.567982438153205
65.37,0.5147419159207426,9.064796907101833,9.569451310348787
65.38,0.5072121191419792,9.072139511922147,9.570548609818845
65.39,0.4989779612286735,9.079861099957713,9.571262493286492
65.4,0.4900172216520591,9.087975360895333,9.57157946876971
65.41,0.48030450552700127,9.096497877201308,9.571484148377957
65.42,0.4698107568380039,9.105446428824024,9.570958942975677
65.43,0.4585026537968542,9.114841372677898,9.56998368179019
65.44,0.44634185025042367,9.124706120359129,9.568535133414965
65.45,0.43328401394423716,9.135067746366431,9.566586395791191
65.46000000000001,0.4192775915036794,9.145957773075335,9.564106108708122
65.47,0.4042621989649567,9.157413199675418,9.561057421296388
65.48,0.38816648919261254,9.169477874763352,9.55739661433436
65.49,0.3709052701628362,9.182204365483061,9.553071223708987
65.5,0.35237552288251794,9.19565656364037,9.548017423354782
65.51,0.33245075103259647,9.20991342236122,9.54215627199529
65.52,0.31097270976622976,9.225074493718399,9.535388149553729
65.53,0.2877388361665244,9.241268469644927,9.527584174041934
65.54,0.262482256694792,9.258667017319667,9.518572294179275
65.55,0.2348381349471503,9.277508619041477,9.508113318771366
65.56,0.20428279978517974,9.298143081195809,9.495856149825453
65.57000000000001,0.17001285104195693,9.321124145559237,9.481244600788747
65.58,0.13067425236147104,9.347434320529658,9.463291071609913
65.59,0.08368690951143684,9.379170069444625,9.439886216000149
65.6,0.028316310224980632,9.420766373628378,9.406551044767733
65.61,0.06648517629393624,9.41817432530522,9.417571310044867
65.62,0.11677733582884331,9.40044088674945,9.443819629825567
65.63,0.15817247710482069,9.385283123182809,9.467463695145684
65.64,0.19386455715517345,9.372208247374994,9.488996200431046
65.65,0.22549242570917052,9.360738978998695,9.508897198090041
65.66,0.25399301733972734,9.350559897881046,9.52748450864699
65.67,0.2799611919916271,9.341456055652227,9.544975009003082
65.68,0.30380366161512334,9.333273960993465,9.561523756169384
65.69,0.32581380834118884,9.325899536383282,9.577246126249602
65.7,0.34621194598587557,9.319245220329467,9.592230780465833
65.71000000000001,0.36516874399998994,9.313242040736379,9.60654763941426
65.72,0.38281971196419573,9.307834516751964,9.620253014896267
65.73,0.39927460349059984,9.302977248312644,9.633393044708786
65.74,0.4146237692294734,9.298632556894667,9.646006069874986
65.75,0.4289425927997866,9.294768806081347,9.658124327647501
65.76,0.4422946754081368,9.291359176364011,9.66977518714647
65.77,0.454734176905627,9.2883807522104,9.680982070461308
65.78,0.46630757207729134,9.285813829244326,9.691765151965056
65.79,0.4770549916242258,9.283641380041331,9.702141897752735
65.8,0.4870112617962068,9.2818486365093,9.712127487532545
65.81,0.49620672116872855,9.280422759495277,9.721735148545399
65.82000000000001,0.5046678697259285,9.279352574731504,9.730976422559662
65.83,0.5124178898345073,9.278628359975894,9.739861381207088
65.84,0.5194770678221587,9.278241672251587,9.748398800845957
65.85,0.5258631374943696,9.27818520688507,9.756596305323187
65.86,0.5315915614606113,9.278452682120227,9.764460482912762
65.87,0.5366757623266565,9.279038744560946,9.771996982221019
65.88,0.5411273129452943,9.27993889180945,9.779210590726219
65.89,0.5449560928233129,9.28114940949354,9.786105298786866
65.9,0.5481704161206362,9.282667320534447,9.792684351288893
65.91,0.5507771354476058,9.284490345008361,9.798950288596767
65.92,0.5527817248884184,9.286616869270391,9.804904978155538
65.93,0.5541883445147335,9.289045923492056,9.81054963760289
65.94,0.554999888500504,9.291777166838552,9.815884850176756
65.95,0.5552180179997986,9.294810879919169,9.820910572791854
65.96000000000001,0.5548431799434907,9.298147964156984,9.82562613714671
65.97,0.5538746119696152,9.301789948154784,9.830030243788379
65.98,0.5523103339091616,9.305739001058852,9.83412094913838
65.99,0.5501471253242808,9.309997953371147,9.837895645031429
66.0,0.5473804887825204,9.314570325596103,9.841351030383573
66.01,0.5440045975790224,9.319460365615281,9.844483074096658
66.02,0.5400122265378038,9.32467309576563,9.847286968223546
66.03,0.535394663830511,9.330214370998757,9.849757070015107
66.04,0.5301416011758634,9.336090949855437,9.851886831111404
66.05,0.5242409988437948,9.342310580562808,9.85366871156493
66.06,0.5176789209778991,9.34888210514602,9.855094075796503
66.07000000000001,0.5104393352673903,9.355815585369703,9.856153066657908
66.08,0.5025038697074011,9.363122455198212,9.856834452897282
66.09,0.4938515162006911,9.370815706308926,9.857125443472558
66.1,0.48445826830270183,9.378910114855225,9.857011460487227
66.11,0.47429667581850177,9.387422520626338,9.856475859561513
66.12,0.4633352934998712,9.396372173383497,9.855499582802402
66.13,0.45153799222777485,9.405781166929083,9.854060723736385
66.14,0.4388630899206566,9.415674988972848,9.852133976024575
66.15,0.42526224167641147,9.426083226694228,9.849689925891923
66.16,0.41067900261675894,9.437040485485282,9.846694130533741
66.17,0.3950469376313224,9.448587605226475,9.843105897761896
66.18,0.378287088721824,9.460773302065547,9.838876638319132
66.19,0.36030450981603634,9.473656434130131,9.833947591463035
66.2,0.3409834066365058,9.48730921113327,9.828246602250937
66.21000000000001,0.3201801198057544,9.501821882841497,9.821683412769236
66.22,0.2977126371120112,9.5173098450539,9.81414252360087
66.23,0.2733442481552366,9.533924904389469,9.805471874507782
66.24,0.2467567221083197,9.551874163501283,9.795463862625802
66.25,0.2175033432160334,9.571454034019643,9.783821145447686
66.26,0.18491951544056268,9.59311760901492,9.77008888096092
66.27,0.14793301627514624,9.617627002504785,9.753501448206723
66.28,0.10460570357147486,9.646471727079495,9.732561224229823
66.29,0.05131169219075393,9.683322387472545,9.703572362071895
66.3,0.04200949005374945,9.70710076972653,9.68766182364005
66.31,0.09697910438973875,9.68904194247642,9.713794734254808
66.32000000000001,0.14158964301250349,9.672727705947414,9.738165622308852
66.33,0.17941444810652663,9.658711322946246,9.760210449645744
66.34,0.21260668751316952,9.646457472577582,9.78046675640526
66.35,0.24233360750041802,9.635597852654724,9.799305267214606
66.36,0.26930750482018795,9.625885121729388,9.816975318597057
66.37,0.2940019210090172,9.61714564378985,9.833652166743082
66.38,0.3167515046225535,9.609252224728788,9.849464343689917
66.39,0.337803676700952,9.602108376992296,9.864509464451984
66.4,0.3573477925970367,9.595638818403815,9.878863779207322
66.41,0.3755327496919509,9.589783461178094,9.892588220430317
66.42,0.3924782017084863,9.584493448348786,9.905732392500505
66.43,0.40828201637609873,9.579728445709682,9.918337298907733
66.44,0.4230254147100251,9.575454734549249,9.930437263891987
66.45,0.43677661981650007,9.571643832996736,9.942061322098986
66.46000000000001,0.4495935138490338,9.568271476907556,9.953234246264742
66.47,0.46152561506882916,9.565316851799887,9.96397732206139
66.48,0.4726155767285274,9.562762004195873,9.974308942200949
66.49,0.48290034201816207,9.560591383828264,9.984245068656996
66.5,0.4924120465691363,9.558791483106997,9.993799596841638
66.51,0.5011787324044451,9.557350550072375,10.002984645682627
66.52,0.509224918676937,9.55625835775586,10.01181079080725
66.53,0.5165720620074908,9.555506017466572,10.020287253411741
66.54,0.5232389306213779,9.555085826721147,10.02842205417376
66.55,0.529241910109954,9.55499114491621,10.036222139165407
66.56,0.5345952543912601,9.55521629146992,10.043693483086313
66.57000000000001,0.5393112922466786,9.55575646238068,10.050841173905182
66.58,0.5434005971509277,9.556607662175402,10.057669481964876
66.59,0.54687212660408,9.557766648825364,10.064181915997139
66.6,0.5497333357108158,9.559230889777922,10.070381267917567
66.61,0.551990268524396,9.560998527750003,10.076269647769424
66.62,0.5536476301077995,9.56306835516417,10.081848509948994
66.63,0.5547088412866782,9.565439796514621,10.08711867143454
66.64,0.5551760778848646,9.568112898033045,10.092080322658704
66.65,0.5550502952630622,9.571088324448507,10.096733031235475
66.66,0.5543312390855529,9.574367362604054,10.101075738786156
66.67,0.5530174423965881,9.577951932082467,10.105106750715416
66.68,0.5511062091626878,9.581844602976998,10.108823718805603
66.69,0.5485935835671053,9.58604862137795,10.112223616060444
66.7,0.5454743044382405,9.5905679431309,10.115302703244124
66.71000000000001,0.5417417433247916,9.595407276885886,10.118056486096583
66.72,0.5373878246514686,9.600572137543185,10.120479662118834
66.73,0.5324029253238958,9.606068911804078,10.122566055217757
66.74,0.5267757508190882,9.611904937783736,10.124308536249382
66.75,0.5204931835063875,9.618088601414128,10.125698926727381
66.76,0.5135400982513653,9.624629452855872,10.126727882468847
66.77,0.5058991381544922,9.631538347472333,10.127384752612683
66.78,0.4975504418615745,9.638827616900231,10.127657408459209
66.79,0.4884713107034894,9.646511277757472,10.127532034567073
66.8,0.4786358007944773,9.654605287636704,10.12699287242602
66.81,0.46801421931437853,9.66312786180871,10.126021903236007
66.82000000000001,0.4565724978547614,9.672099868350879,10.124598452011751
66.83,0.4442714053834041,9.681545326264802,10.122698688355115
66.84,0.4310655480978814,9.691492041316543,10.12029498902578
66.85,0.4169020824400135,9.701972428645368,10.11735511306141
66.86,0.4017190337842996,9.713024594112817,10.113841117169727
66.87,0.3854430618674101,9.724693781810336,10.109707903499574
66.88,0.36798643150335786,9.737034352637243,10.104901234124318
66.89,0.3492428097328061,9.750112555693008,10.099354949253447
66.9,0.3290812749697351,9.764010522925068,10.092986956617294
66.91,0.3073374989511361,9.778832226890934,10.085693248401615
66.92,0.28380025691037886,9.794712740927586,10.077338599369238
66.93,0.2581897956136569,9.811833384180344,10.067741349547386
66.94,0.23012104641626988,9.83044813989779,10.056646852252852
66.95,0.19903620150060622,9.850933785124779,10.043677074745855
66.96000000000001,0.1640684924291708,9.873896576130678,10.028223298620837
66.97,0.12373054357577962,9.900440022833418,10.009176667209493
66.98,0.07514683539535091,9.933021347083963,9.984065524204686
66.99,0.024982602187225696,9.974061854495146,9.950425827852445
67.0,0.07531482047534588,9.963285310307052,9.968811943966477
67.01,0.12386624705567063,9.945812079873594,9.993934173392276
67.02,0.16418409561787922,9.93078906139352,10.016579769946656
67.03,0.19913784755761565,9.917710040597665,10.037255357705854
67.04,0.23021210499813002,9.90614666477978,10.056391612786546
67.05,0.25827233335451893,9.895812543052578,10.074276975167539
67.06,0.2838756447753058,9.886509980728896,10.09111081718114
67.07000000000001,0.3074066983864048,9.878096378493224,10.107037120164568
67.08,0.32914498818138355,9.870464930416636,10.12216384942753
67.09,0.3493015654713185,9.863533159743133,10.136574472611004
67.1,0.36804063735325454,9.857235787301933,10.150335130014401
67.11,0.3854930377574015,9.851520099555987,10.163499294443605
67.12,0.4017650344441363,9.846342825095471,10.17611091515787
67.13,0.4169443129720134,9.84166795948267,10.18820660829893
67.14,0.43110417505324794,9.837465208192036,10.199817225584813
67.15,0.4443065649146971,9.833708845278885,10.21096900466101
67.16,0.4566043017728552,9.830376859477715,10.22168443010968
67.17,0.46804275970831277,9.827450303906476,10.231982889428487
67.18,0.4786611536604136,9.824912793132032,10.24188118057026
67.19,0.48849353866836226,9.822750108978562,10.251393909911078
67.2,0.49756959647937166,9.820949887971114,10.260533807938362
67.21000000000001,0.5059152617183952,9.81950137107004,10.269311982138857
67.22,0.5135532251537952,9.818395201635301,10.277738121250993
67.23,0.5205033415031777,9.817623261240012,10.28582066134134
67.24,0.5267829619803124,9.817178535622006,10.293566921476504
67.25,0.5324072068327517,9.817055004920695,10.30098321489159
67.26,0.5373891894295321,9.81724755373721,10.308074940155047
67.27,0.5417402006420495,9.817751897628103,10.314846655749225
67.28,0.5454698603025592,9.818564523406453,10.321302140716979
67.29,0.5485862411376405,9.819682641164079,10.327444443481376
67.3,0.551095968994469,9.821104146549485,10.33327592031799
67.31,0.553004302722558,9.82282759203182,10.338798264764316
67.32000000000001,0.5543151959391992,9.82485216633653,10.34401252879012
67.33,0.5550313426639607,9.827177681349974,10.348919136441712
67.34,0.5551542078544781,9.829804566195143,10.353517890263669
67.35,0.5546840439303736,9.83273386817464,10.35780797080918
67.36,0.5536198935397311,9.835967260650204,10.361787929173772
67.37,0.5519595788797196,9.839507057921846,10.36545567249377
67.38,0.5496996769644396,9.843356237616943,10.368808441901164
67.39,0.5468354804743712,9.847518471016857,10.371842782510079
67.4,0.5433609428102498,9.851998162269963,10.374554504486278
67.41,0.539268606121783,9.856800497411532,10.376938634279652
67.42,0.5345495097528226,9.861931504837335,10.378989354371303
67.43,0.5291930767175348,9.867398128861764,10.380699929901839
67.44,0.5231869741026931,9.873208318969185,10.382062619568028
67.45,0.5165169433087878,9.879371137474546,10.383068568064779
67.46000000000001,0.5091665932660083,9.885896889926176,10.38370767573034
67.47,0.5011171493737934,9.892797282995982,10.38396844063576
67.48,0.4923471474228482,9.900085616733541,10.383837766223367
67.49,0.48283205938326473,9.907777019714347,10.383300725936946
67.5,0.4725438326364884,9.915888738988738,10.382340272900372
67.51,0.46145031878687404,9.924440500425382,10.38093687899728
67.52,0.44951455933413387,9.933454960918596,10.379068081806537
67.53,0.43669388234131307,9.942958282660916,10.37670790908226
67.54,0.4229387466000855,9.952980871711999,10.373826138383931
67.55,0.408191241497333,9.9635583422963,10.370387330179831
67.56,0.39238310811212224,9.974732797623885,10.366349543253278
67.57000000000001,0.3754330798124524,9.986554564859755,10.36166259419317
67.58,0.35724322965585525,9.999084599881927,10.356265644366639
67.59,0.3376938255618081,10.01239791062226,10.350083763962367
67.6,0.31663586389243625,10.026588587509567,10.343022881754628
67.61,0.29387984088410435,10.041777482261216,10.334962074139735
67.62,0.269178120600928,10.058124487911837,10.325741230407866
67.63,0.24219572897021502,10.07584935515363,10.31514013785525
67.64,0.21245860255393775,10.095269727694156,10.302840254770906
67.65,0.1792535461416989,10.116877974110537,10.288347464641353
67.66,0.141411640185801,10.141519889845467,10.270812333042928
67.67,0.09677674266299688,10.1709069560008,10.248514514156794
67.68,0.04180137508200243,10.20937951639175,10.217083614202588
67.69,0.051524854102971876,10.223557942708565,10.210000973078616
67.7,0.1047565792748314,10.205324693047798,10.235491019435782
67.71000000000001,0.14804943136130524,10.18922714489967,10.258825451705025
67.72,0.1850141924454037,10.175272131632841,10.279991607165615
67.73,0.21758246234578704,10.16297454748943,10.299476505286291
67.74,0.24682380840507012,10.152001438504831,10.317615164869245
67.75,0.2734015324957846,10.14212625463805,10.334635869135743
67.76,0.297761633816025,10.133188192529042,10.350700851231329
67.77,0.32022190904673864,10.125068449837812,10.365930108759029
67.78,0.3410187874491829,10.117676305884794,10.380415379513046
67.79,0.36033408967165,10.110940606718318,10.394228697710059
67.8,0.37831133918830856,10.104804320852333,10.407427868130029
67.81,0.39506623067752306,10.09922091830977,10.420060108930626
67.82000000000001,0.4106936352803961,10.094151878967757,10.432164559573149
67.83,0.425272453272149,10.089564927211386,10.443774058506717
67.84,0.4388690745533877,10.085432749400942,10.454916435223733
67.85,0.4515399078979786,10.081732041719459,10.465615469883106
67.86,0.46333326907225286,10.078442789905672,10.475891619527196
67.87,0.47429081628362285,10.075547715458447,10.48576257668045
67.88,0.4844486589099358,10.07303184377135,10.495243705140574
67.89,0.49383822573415936,10.070882163207935,10.504348384148265
67.9,0.5024869530226657,10.069087353126154,10.513088283072966
67.91,0.5104188354123093,10.067637564996797,10.521473582579091
67.92,0.5176548709000691,10.066524244952832,10.529513154020552
67.93,0.5242134227813302,10.065739989163607,10.537214705732685
67.94,0.5301105157251078,10.065278425521804,10.544584902784914
67.95,0.5353600789749582,10.0651341166887,10.551629465188746
67.96000000000001,0.5399741464014866,10.065302480765428,10.558353248323616
67.97,0.5439630210260196,10.065779726671199,10.564760308525846
67.98,0.547335409966871,10.066562801945276,10.570853956145028
67.99,0.5500985341128268,10.067649351330143,10.576636797725314
68.0,0.5522582162348191,10.069037684738788,10.582110768724263
68.01,0.5538189500496983,10.070726753683568,10.587277157701434
68.02,0.5547839524822675,10.072716135362715,10.592136622791658
68.03,0.5551552003347555,10.07500602403357,10.596689200839643
68.04,0.5549334526503727,10.077597229285072,10.600934309591304
68.05,0.554118259165149,10.080491181214619,10.604870742940802
68.06,0.5527079553396513,10.083689942488526,10.60849665925921
68.07000000000001,0.5506996434951941,10.087196227727063,10.611809562365728
68.08,0.548089159873318,10.091013430546717,10.614806274812365
68.09,0.5448710264022656,10.095145659116579,10.617482902625925
68.1,0.5410383861656488,10.099597781022368,10.619834790714528
68.11,0.5365829202557638,10.104375478940606,10.621856467435641
68.12,0.5314947439196631,10.10948531857694,10.623541576869787
68.13,0.5257622783047707,10.114934831226742,10.624882796438813
68.14,0.519372094075835,10.120732613440191,10.625871737381189
68.15,0.5123087209090346,10.126888447602788,10.626498824265926
68.16,0.5045544161172666,10.133413447824166,10.626753149141443
68.17,0.4960888829830724,10.14032023719634,10.626622294242951
68.18,0.48688892708663517,10.147623164040835,10.62609211561686
68.19,0.47692803420964947,10.155338567753432,10.625146477023675
68.2,0.46617584884324365,10.163485107963297,10.623766920359012
68.21000000000001,0.4545975245584263,10.172084175860128,10.621932253677116
68.22,0.44215290629431675,10.181160413989552,10.619618030427858
68.23,0.4287954895622625,10.190742381068375,10.616795883223796
68.24,0.41447107803695965,10.200863414363505,10.613432659396965
68.25,0.39911602501196863,10.211562766841421,10.609489280839526
68.26,0.3826548894940554,10.222887134425667,10.604919212321876
68.27,0.36499724715315635,10.234892752149657,10.59966635874992
68.28,0.34603324812347647,10.247648343739712,10.59366210557929
68.29,0.3256272541427994,10.261239396735723,10.586821028131704
68.3,0.30360841917411635,10.275774580684375,10.57903444840806
68.31,0.2797561791739502,10.291395803533387,10.57016033690245
68.32000000000001,0.25377678321653085,10.30829482491916,10.560006625722004
68.33,0.22526294884133743,10.326742611730838,10.548301714355365
68.34,0.19361887985448598,10.347146008123392,10.53463751338617
68.35000000000001,0.1579060036950712,10.370171288369516,10.518345219084562
68.36,0.11648261362066918,10.397065665546323,10.498171880514311
68.37,0.06615725790578783,10.43073710857349,10.471192891827583
68.38,0.028588434084561645,10.467510937006116,10.441057984251202
68.39,0.08393111838280143,10.451926691683498,10.46350096993868
68.4,0.13084877996523378,10.434721091186228,10.487574826329249
68.41,0.17014741297220232,10.419829376870279,10.509310222428333
68.42,0.20439030274936865,10.40675908911572,10.529200279667458
68.43,0.23492544824874934,10.39512386651611,10.547633344566897
68.44,0.2625535441034273,10.384662533359599,10.564872369644387
68.45,0.2877968451745609,10.375192653579084,10.581101270030759
68.46000000000001,0.3110193631475117,10.366581395052336,10.596454112464812
68.47,0.3324874529534124,10.358728540994397,10.611032160327017
68.48,0.35240333194115964,10.351556259225317,10.624914147890507
68.49,0.37092500402354056,10.3450026650801,10.638162749315415
68.5,0.38817879134143335,10.339017601558345,10.650828821879603
68.51,0.4042675832022535,10.333559771888575,10.662954290777765
68.52,0.4192764725858308,10.328594729929657,10.67457417183612
68.53,0.43327672946585843,10.32409343387088,10.68571802789232
68.54,0.44632867649669,10.320031181221145,10.696411041681134
68.55,0.4584838176697009,10.316386808868444,10.706674822021268
68.56,0.4697864448305518,10.313142081814593,10.716528020104017
68.57000000000001,0.4802748707044186,10.310281219040986,10.72598680771927
68.58,0.4899823891263191,10.307790520956601,10.735065253178806
68.59,0.4989380324214258,10.305658073363759,10.743775620158377
68.60000000000001,0.507167175292038,10.303873510006328,10.752128607510103
68.61,0.5146920209152616,10.302427820586844,10.760133543248855
68.62,0.5215319952394362,10.301313194599912,10.767798542432867
68.63,0.5277040688227671,10.300522893742619,10.775130636231104
68.64,0.5332230208259132,10.300051147396383,10.782135877725848
68.65,0.5381016560416807,10.299893067049771,10.7888194286125
68.66,0.5423509835108675,10.300044576418998,10.795185630067882
68.67,0.5459803632094317,10.300502354797622,10.801238060276432
68.68,0.5489976258149766,10.301263791739474,10.806979580527685
68.69,0.5514091694852966,10.302326951597323,10.812412371376999
68.7,0.5532200365764394,10.303690546842834,10.817537959955363
68.71000000000001,0.5544339727690193,10.305353919277188,10.822357239329515
68.72,0.5550534700601196,10.307317028663356,10.826870480388127
68.73,0.5550797950610936,10.3095804483275,10.831077336714475
68.74,0.5545130031779418,10.312145367656095,10.834976842523446
68.75,0.5533519392913983,10.31501360140883,10.838567403748293
68.76,0.55159422471175,10.318187606167925,10.84184678195904
68.77,0.5492362302408604,10.321670504241128,10.844812070798728
68.78,0.5462730344622848,10.32546611570239,10.847459664254997
68.79,0.5426983662134245,10.329578999370376,10.849785215967957
68.8,0.5385045295267219,10.334014503903205,10.851783588396174
68.81,0.5336823087465952,10.338778830540098,10.853448790308938
68.82000000000001,0.5282208509931492,10.343879109370413,10.854773900722217
68.83,0.5221075220220166,10.34932349168629,10.855750976718292
68.84,0.5153277309218146,10.355121261417228,10.856370942144727
68.85000000000001,0.5078647166628129,10.361282970090448,10.856623452740244
68.86,0.4996992888290385,10.367820600344325,10.85649673264794
68.87,0.49080951156852404,10.374747765072497,10.855977375220473
68.88,0.48117031650410125,10.382079951452814,10.855050098838422
68.89,0.4707530258960755,10.389834822080704,10.853697445487086
68.9,0.45952476067200604,10.39803258984384,10.85189940540431
68.91,0.4474476987354508,10.40669648934387,10.84963294492118
68.92,0.4344781354830823,10.415853376749235,10.846871405505249
68.93,0.4205652791098596,10.425534503177229,10.843583728749627
68.94,0.40564968298445475,10.43577652741141,10.839733441262734
68.95,0.3896611720372586,10.44662286529202,10.835277301749093
68.96000000000001,0.37251604664732374,10.458125524563311,10.830163460906734
68.97,0.3541132276798023,10.470347659113404,10.824328899237674
68.98,0.3343288019122951,10.483367223940819,10.817695759794285
68.99,0.31300806376710066,10.497282378859829,10.810165924940772
69.0,0.2899534696243512,10.512219798456586,10.801612674204238
69.01,0.2649055730192941,10.528348083642756,10.79186721714941
69.02,0.2375111329684622,10.545900761477222,10.780695591683221
69.03,0.20726588873452897,10.565218954809698,10.767755792081157
69.04,0.17340211155240456,10.58683939484243,10.75250930739898
69.05,0.13464008100658675,10.611705450686253,10.73400891829108
69.06,0.08857216131225759,10.641800650459265,10.710261176096598
69.07000000000001,0.032740076888103466,10.682024073926891,10.676330791721172
69.08,0.06102876249508015,10.686023675936898,10.678730345238408
69.09,0.11236589347423301,10.667886613667704,10.70337989813511
69.10000000000001,0.15442617801862807,10.651992460104442,10.725765998234666
69.11,0.1905702236799437,10.638102144031059,10.746124486175557
69.12,0.22253485180914886,10.625775530487065,10.764897171424739
69.13,0.2513021852245699,10.614710233768385,10.782388227633804
69.14,0.277490725250943,10.604698000730778,10.798807433549023
69.15,0.3015208866322455,10.59558949506589,10.814305401921743
69.16,0.32369462739030624,10.587273501198885,10.82899442742861
69.17,0.3442379525347025,10.579664558900395,10.84296089687896
69.18,0.36332548613805443,10.57269530628685,10.856272980037676
69.19,0.3810955893717586,10.566311534979842,10.868985599433891
69.2,0.3976601356740671,10.56046887421679,10.881143764792514
69.21000000000001,0.41311109232113963,10.55513049351066,10.892784884341866
69.22,0.4275251029698218,10.550265465619747,10.903940412538077
69.23,0.44096676965440534,10.545847571436811,10.914637053497042
69.24,0.45349106045842713,10.541854409030881,10.924897658526504
69.25,0.46514511258433744,10.538266717252537,10.934741907788155
69.26,0.47596960693813506,10.5350678540546,10.944186836252184
69.27,0.48599983237223354,10.53224338859004,10.953247245110635
69.28,0.4952665208377922,10.529780778462744,10.961936027442206
69.29,0.5037965104131569,10.52766911176134,10.970264428623306
69.3,0.5116132769670242,10.525898899120007,10.978242256336543
69.31,0.5187373641551021,10.524461904937489,10.98587805111871
69.32000000000001,0.5251867335328313,10.523351009699136,10.993179225558926
69.33,0.5309770511813802,10.522560097299461,11.000152178294297
69.34,0.5361219232287863,10.522083962725356,11.006802387478162
69.35000000000001,0.5406330896385644,10.52191823657035,11.013134487277798
69.36,0.5445205835035086,10.522059323655256,11.019152330148957
69.37,0.5477928616025651,10.522504353589435,11.024859037072433
69.38,0.5504569103100018,10.523251141743275,11.03025703729487
69.39,0.5525183304316241,10.52429815931638,11.03534809890371
69.4,0.5539814033879691,10.525644511635425,11.04013335111093
69.41,0.5548491408435412,10.527289923956387,11.044613298980767
69.42,0.555123318968711,10.52923473442328,11.048787830954607
69.43,0.554804498500821,10.531479893861064,11.05265621950261
69.44,0.5538920309751956,10.534026972428949,11.056217114879654
69.45,0.552384051528803,10.536878173165205,11.059468531959272
69.46000000000001,0.5502774577499592,10.540036352898769,11.062407829672111
69.47,0.5475678743332987,10.54350505090068,11.065031682679304
69.48,0.5442496022463543,10.54728852618204,11.067336044374793
69.49,0.5403155513399417,10.551391804277472,11.069316100378614
69.5,0.5357571539584411,10.555820735097047,11.070966210937689
69.51,0.5305642573814854,10.56058206335996,11.07227984071946
69.52,0.5247249912195451,10.56568351408847,11.0732494735173
69.53,0.5182256059316303,10.57113389572906,11.07386650929587
69.54,0.5110502760917671,10.576943224952673,11.074121139518025
69.55,0.5031808615312237,10.583122877647536,11.074002196229777
69.56,0.49459661637883545,10.589685772531872,11.073496968461939
69.57000000000001,0.48527383380517747,10.596646595361333,11.07259097795302
69.58,0.47518540926745695,10.604022074896642,11.071267702999902
69.59,0.46430030021768726,10.6118313251136,11.069508235912762
69.60000000000001,0.4525828520603656,10.620096273580796,11.06729085408956
69.61,0.4399919481831632,10.628842203921614,11.064590476707952
69.62,0.4264799259373271,10.638098451220799,11.06137796804614
69.63,0.41199117511457906,10.647899306546487,11.057619231069303
69.64,0.3964602970647825,10.658285213303802,11.053274008269836
69.65,0.3798096433155281,10.669304379741169,11.048294264973059
69.66,0.36194595456938067,10.68101500120325,11.042621960758858
69.67,0.34275565908260897,10.693488402248308,11.036185897614544
69.68,0.32209810452807963,10.706813616799549,11.028897124444363
69.69,0.29979547853201843,10.721104311509727,11.020641988733958
69.7,0.27561716839572525,10.73650972494632,11.011271154999198
69.71000000000001,0.24925423601500657,10.753232930000651,11.000581266545447
69.72,0.22027503634180137,10.771563544268586,10.988282089421794
69.73,0.18804151050665366,10.791942039062667,10.973931895333912
69.74,0.15153366154815961,10.815103623270842,10.956792829846853
69.75,0.10893118355154155,10.842467586913,10.935439319285802
69.76,0.056750995088843154,10.877504150494758,10.906381425496324
69.77,0.036704183570669846,10.906813018682563,10.883028677834448
69.78,0.09230802328294796,10.889253591675441,10.906746697404541
69.79,0.13770655205835497,10.872308419915996,10.929845580754082
69.8,0.1760420220123424,10.857541830718501,10.950742877999707
69.81,0.20960198169867852,10.844487627514013,10.969905564698456
69.82000000000001,0.2396136199935707,10.832795825440085,10.987685348433905
69.83,0.2668190167893833,10.822227326326528,11.00432288841594
69.84,0.2917083104790249,10.812613273026036,11.019988360588425
69.85000000000001,0.3146262344028473,10.803829638556875,11.034806906088875
69.86,0.33582675162007297,10.795782205559963,11.048873695900921
69.87,0.3555036822383709,10.78839740358227,11.06226312892548
69.88,0.3738090964584111,10.781616481857355,11.075034685743706
69.89,0.39086497832918843,10.775391655436753,11.087236802271716
69.9,0.4067709547568255,10.769683467248234,11.098909522590281
69.91,0.42160960600955066,10.764458927991429,11.110086370414301
69.92,0.43545022668144845,10.759690170476762,11.120795703564783
69.93,0.44835155846659025,10.755353454331807,11.131061716197028
69.94,0.4603638199110071,10.751428415579214,11.140905194758526
69.95,0.4715302427910827,10.747897491327127,11.150344097775829
69.96000000000001,0.481888254314377,10.744745472260394,11.1593940070288
69.97,0.49147039980925483,10.741959150154708,11.168068483070426
69.98,0.5003050718940046,10.739527037208267,11.176379348432809
69.99,0.5084170928273898,10.737439140529602,11.184336915281282
70.0,0.5158281839256419,10.735686779558705,11.191950169818124
70.01,0.5225573467603112,10.734262437402826,11.199226922513505
70.02,0.5286211745802624,10.733159639304766,11.206173930992959
70.03,0.5340341079106223,10.73237285307672,11.212797000786054
70.04,0.5388086447373018,10.731897407618076,11.219101067845823
70.05,0.5429555134713464,10.731729426462813,11.225090265918347
70.06,0.5464838148865507,10.731865774041584,11.230767981095934
70.07000000000001,0.549401137876905,10.732304012859064,11.236136895369269
70.08,0.551713652746509,10.733042370220275,11.241199020557433
70.09,0.5534261848859672,10.734079713483542,11.245955723648802
70.10000000000001,0.5545422711488686,10.735415533028922,11.250407744373364
70.11,0.5550642003552786,10.737049932501266,11.254555205453727
70.12,0.5549930392294066,10.738983625943563,11.25839761592607
70.13,0.5543286443371569,10.741217941764502,11.261933867591562
70.14,0.5530696605046268,10.743754833531563,11.265162224611696
70.15,0.5512135055559653,10.746596897892159,11.268080305947846
70.16,0.5487563409755992,10.749747400056622,11.270685060214042
70.17,0.5456930277202073,10.753210307490285,11.272972732297665
70.18,0.542017065877591,10.756990332753762,11.27493882080984
70.19,0.5377205165987042,10.761092986614804,11.276578025242657
70.2,0.5327939036377612,10.765524643169714,11.277884181094283
70.21000000000001,0.5272260918043844,10.77029261880917,11.278850181125362
70.22,0.5210041379639295,10.775405267827841,11.279467879944093
70.23,0.5141131100511122,10.780872097698797,11.279727978893371
70.24,0.5065358666439294,10.78670390875123,11.279619886493972
70.25,0.49825278920429594,10.792912963460576,11.279131549223141
70.26,0.4892414553909966,10.799513192849764,11.278249245113418
70.27,0.47947623869930617,10.806520449634577,11.276957330515598
70.28,0.4689278146193889,10.813952821088014,11.275237927017507
70.29,0.4575625467018804,10.821831019158264,11.273070530935785
70.3,0.44534171612220136,10.830178871974923,11.270431521176077
70.31,0.4322205438490655,10.839023950672662,11.267293531429164
70.32000000000001,0.41814693398257946,10.848398379598864,11.263624638481158
70.33,0.403059834342328,10.85833990032708,11.25938729597948
70.34,0.3868870614477144,10.868893294166305,11.254536908593966
70.35000000000001,0.36954235764705834,10.88011232391587,11.249019885229277
70.36,0.35092131764083145,10.89206244913984,11.24277091603197
70.37,0.33089559770701804,10.904824732240446,11.235709054226955
70.38,0.3093044197741291,10.918501650136395,11.227731884959184
70.39,0.28594162537058593,10.93322610063988,11.218706486354838
70.4,0.26053501623079145,10.949176077432774,11.20845469745901
70.41,0.23271143643077505,10.966600144717505,11.1967275370492
70.42,0.20193328219071155,10.985865464112653,11.183156960488514
70.43,0.16737157499644995,11.00755908799557,11.167154072549627
70.44,0.1276194304396674,11.032738935164701,11.147656806585939
70.45,0.0799834533478457,11.063725298701097,11.122333506605731
70.46000000000001,0.02619401542870084,11.10498889558563,11.08667206779327
70.47,0.07030746110253304,11.099198253082015,11.098222435562137
70.48,0.11979758432828035,11.081267426738528,11.121979382518756
70.49,0.16070524631358732,11.065562215310687,11.14349032024763
70.5,0.19606683886676451,11.051736521333595,11.163099563156946
70.51,0.22744853491962863,11.039390357566539,11.181208580573017
70.52,0.25575419282214895,11.028247995668654,11.198094669558134
70.53,0.2815613910299894,11.018117390780876,11.213951232933498
70.54,0.3052668187906409,11.008859509086548,11.22891845533575
70.55,0.32715757938861545,11.000370026708602,11.243101643636871
70.56,0.3474498156192167,10.992568302999944,11.256582289638231
70.57000000000001,0.36631129581259736,10.98539047394499,11.26942500463309
70.58,0.3838754356610663,10.97878494951563,11.28168204310455
70.59,0.400250430789921,10.972709370575616,11.293396361687735
70.60000000000001,0.41552544260477475,10.967128486711664,11.304603753429442
70.61,0.4297749269301369,10.962012635662196,11.315334377704547
70.62,0.4430617473384275,10.95733662800128,11.32561388286137
70.63,0.45543946739397456,10.95307891231079,11.33546424687935
70.64,0.4669540726597356,10.949220939194715,11.344904418053813
70.65,0.477645287051751,10.945746669293031,11.353950810816361
70.66,0.48754759440296336,10.942642187602795,11.362617694577798
70.67,0.49669104176378304,10.939895397640074,11.370917502205113
70.68,0.5051018782750807,10.937495776536366,11.37886107714686
70.69,0.512803068223032,10.93543417733486,11.386457873024613
70.7,0.5198147065198785,10.933702668329095,11.39371611591235
70.71000000000001,0.5261543573226765,10.932294401912303,11.400642936883955
70.72,0.5318373314401217,10.93120350721203,11.407244480594118
70.73,0.5368769144035203,10.930425002135427,11.413525994298876
70.74,0.5412845540964495,10.929954721529516,11.419491900635059
70.75,0.5450700149466319,10.929789258868919,11.425145856767182
70.76,0.5482415041565692,10.929925919445852,11.43049080194403
70.77,0.5508057739142322,10.930362683619656,11.435528994919498
70.78,0.5527682030114984,10.931098178889005,11.440262042487394
70.79,0.5541328601345,10.93213166000308,11.44469091992172
70.8,0.5549025509184498,10.933462996403186,11.448815984040321
70.81,0.5550788497736199,10.935092666735637,11.452636979155532
70.82000000000001,0.5546621176726984,10.937021760114426,11.456153036240362
70.83,0.553651506113382,10.93925198424108,11.459362665206077
70.84,0.5520449476877508,10.941785680408652,11.462263740269018
70.85000000000001,0.5498391326093053,10.944625845933498,11.464853477864485
70.86,0.547029470917095,10.947776164417228,11.467128406708833
70.87,0.5436100389979426,10.951241044790118,11.469084329059136
70.88,0.5395735092024352,10.955025670066847,11.470716272240674
70.89,0.534911060201319,10.95913605736864,11.472018428887983
70.9,0.5296122655189582,10.963579130946272,11.472984084163752
70.91,0.5236649565410251,10.968362810618254,11.473605527539144
70.92,0.5170550555186414,10.973496118561492,11.473873946194075
70.93,0.5097663726370502,10.97898930831419,11.473779296171406
70.94,0.5017803591463681,10.984854021158034,11.473310146109297
70.95,0.4930758067898141,10.991103476269283,11.472453487148634
70.96000000000001,0.4836284803826158,10.997752703223,11.471194500412352
70.97,0.47341066569602674,11.004818828503849,11.469516270376339
70.98,0.4623906094236399,11.012321431345226,11.46739942877088
70.99,0.4505318193505617,11.02028299001343,11.464821707838746
71.0,0.43779218036545753,11.02872944806989,11.461757373333526
71.01,0.4241228245713963,11.03769094209144,11.458176495652756
71.02,0.4094666669975063,11.047202750785154,11.454043998979138
71.03,0.39375647682248666,11.057306554334204,11.44931839929862
71.04,0.37691229017988265,11.068052137984347,11.443950096816122
71.05,0.35883786410864443,11.079499749767947,11.437879012105146
71.06,0.33941569428026186,11.09172345074542,11.431031226312896
71.07000000000001,0.3184998055668249,11.10481602736081,11.423314053539315
71.08,0.2959049484401281,11.118896469827618,11.414608537254034
71.09,0.27138970759396724,11.134121891740405,11.404757487294802
71.10000000000001,0.24462867446206957,11.150707648978521,11.393545281988542
71.11,0.21516348091650894,11.168963893458145,11.380661159645506
71.12,0.1823090041154178,11.189368842994861,11.365625613021777
71.13,0.1449527327331746,11.212737330359424,11.347620996332314
71.14,0.10106782606140427,11.240696616127169,11.325013031683747
71.15,0.047038133559816064,11.27739979447656,11.29362461879954
71.16,0.046273518254381585,11.297515817925413,11.27884093791655
71.17,0.10044094983769583,11.279299650180912,11.302560065500538
71.18,0.14443112031886846,11.262600843278879,11.324750450236095
71.19,0.1818562209010628,11.247951719194182,11.344869482771538
71.2,0.21476064239869294,11.234917310612145,11.363352952793493
71.21000000000001,0.2442646789721162,11.223179384220881,11.380520608029983
71.22,0.2710573656906414,11.212518307632182,11.396593467735602
71.23,0.2955992724050756,11.202777375899803,11.411729424185188
71.24,0.31821715582413374,11.19384053800179,11.426045542622967
71.25,0.3391533111426471,11.185619062649252,11.439631430226436
71.26,0.358593591436523,11.17804330561198,11.45255749775402
71.27,0.37668440261128405,11.171057420645294,11.464880270888198
71.28,0.3935435666805817,11.164615832035434,11.476645934570326
71.29,0.409267567301062,11.158680803140271,11.487892777325369
71.3,0.42393655506871,11.153220711768629,11.498652925805349
71.31,0.43761790851180343,11.148208796286918,11.508953606441395
71.32000000000001,0.45036883163051605,11.14362222422741,11.518818082986321
71.33,0.46223828965434116,11.139441387458756,11.528266366285276
71.34,0.4732684785109116,11.135649360111701,11.53731576036858
71.35000000000001,0.4834959583833239,11.132231475765797,11.54598128857135
71.36,0.4929525403587001,11.129174993633624,11.5542760300983
71.37,0.5016659884465524,11.126468832227449,11.562211388666237
71.38,0.5096605811483215,11.124103355014588,11.569797308805256
71.39,0.5169575647308725,11.122070196658981,11.577042451290337
71.4,0.5235755217367283,11.120362121404888,11.58395433619943
71.41,0.5295306722940772,11.118972907248624,11.59053945999383
71.42,0.5348371215261397,11.117897251053376,11.596803391499005
71.43,0.5395070630746351,11.117130690936682,11.602750850482002
71.44,0.5435509465444642,11.116669543066164,11.60838577171165
71.45,0.5469776147602802,11.11651085070199,11.613711356679756
71.46000000000001,0.5497944156243284,11.116652343739753,11.61873011474484
71.47,0.5520072919345924,11.117092407544728,11.6234438949176
71.48,0.5536208520945041,11.1178300600474,11.627853909329263
71.49,0.5546384237073546,11.11886493643193,11.63196074905839
71.5,0.5550620916730196,11.120197280913487,11.63576439282775
71.51,0.5548927217057389,11.121827945392395,11.639264208787859
71.52,0.5541299700746678,11.123758394841047,11.642458949537062
71.53,0.5527722796854988,11.125990719585667,11.645346740219201
71.54,0.5508168626306994,11.128527654662905,11.647925059522823
71.55,0.5482596683702594,11.131372606902646,11.65019071293204
71.56,0.5450953370422759,11.13452969026623,11.652139797702782
71.57000000000001,0.541317136233039,11.138003770572343,11.653767658432454
71.58,0.5369168797909628,11.141800520669452,11.655068832165254
71.59,0.5318848257205043,11.14592648796348,11.656036981123393
71.60000000000001,0.5262095504593103,11.150389176158626,11.656664811205122
71.61,0.5198777948761261,11.1551971441953,11.656943973262633
71.62,0.5128742773144148,11.160360125516162,11.656864944023955
71.63,0.5051814659881538,11.16588917257523,11.656416881736899
71.64,0.49677930233662215,11.171796832128424,11.655587450986053
71.65,0.4876448631795857,11.17809735919585,11.654362608777369
71.66,0.4777519465377041,11.184806979658534,11.652726341905238
71.67,0.4670705598918958,11.191944215401222,11.650660341659203
71.68,0.4555662831367688,11.199530290396162,11.648143597428529
71.69,0.4431994678780568,11.207589643278036,11.645151883586552
71.7,0.429924219023449,11.21615058259938,11.641657103364565
71.71000000000001,0.4156870829717083,11.225246135992837,11.637626438335301
71.72,0.40042533184794876,11.234915168612988,11.633021227897647
71.73,0.38406468009543787,11.245203883638505,11.627795465609708
71.74,0.36651618415111864,11.256167878588835,11.621893738013416
71.75,0.3476719332556563,11.267875034220557,11.615248328179595
71.76,0.32739889392480176,11.280409693164087,11.607775025068424
71.77,0.30552982656321626,11.293878918076013,11.599366845770481
71.78,0.2818493472684155,11.308422267749195,11.589884226147484
71.79,0.2560714930517508,11.324227885720234,11.57913887300166
71.8,0.227801390810779,11.341560787722447,11.566865364046796
71.81,0.19646458462012908,11.360817105180203,11.552666670659084
71.82000000000001,0.1611631700872148,11.382641241432694,11.535896451492537
71.83,0.12034400622061589,11.408226627367275,11.515356729901146
71.84,0.07099991703535793,11.440314273312529,11.488293169759439
71.85000000000001,0.025930281062383202,11.479750918999297,11.453822288598936
71.86,0.07929473513774526,11.466737828102566,11.471992896721545
71.87,0.12705037447600814,11.449053422047253,11.494863531815536
71.88,0.16687907655946113,11.433522448844904,11.515560810734165
71.89,0.201494658449359,11.419759141897764,11.534469560011349
71.9,0.2323138531491033,11.407399304107992,11.55195530085319
71.91,0.2601704049387727,11.396190621836077,11.568271738757279
71.92,0.2856045083840005,11.385955492986321,11.583597696233065
71.93,0.30899086368334494,11.376564185301486,11.598063951960402
71.94,0.3306026561604919,11.36791866212098,11.611769445010879
71.95,0.3506467101971029,11.359942715850398,11.624791170493673
71.96000000000001,0.36928427281598164,11.352575720985014,11.637190449831992
71.97,0.38664402968319517,11.34576852468702,11.649017058073255
71.98,0.4028306427923204,11.339480648574238,11.660312035776473
71.99,0.41793056726537475,11.333678325034777,11.671109663238031
72.0,0.4320161417336061,11.328333082713264,11.681438883228168
72.01,0.44514854255901337,11.32342070426773,11.691324349733344
72.02,0.45737996669117903,11.318920443191256,11.700787216338965
72.03,0.4687552765548328,11.314814425162677,11.70984573909808
72.04,0.4793132608031685,11.311087183598511,11.718515744440312
72.05,0.48908761501421205,11.30772529464823,11.726810997046032
72.06,0.4981077143901553,11.304717087138647,11.734743492305329
72.07000000000001,0.5063992293770361,11.30205240989017,11.74232369103367
72.08,0.5139846207581755,11.299722443613181,11.74956070930823
72.09,0.5208835410895544,11.297719547881112,11.756462472985627
72.10000000000001,0.5271131621758073,11.29603713613034,11.76303584399348
72.11,0.5326884435266278,11.294669573309767,11.769286723808625
72.12,0.5376223531674237,11.293612092057264,11.775220138273218
72.13,0.5419260492584101,11.292860724320855,11.780840306851546
72.14,0.5456090293225947,11.292412245955177,11.786150698816703
72.15,0.5486792521888681,11.292264132436909,11.79115407823768
72.16,0.551143236619069,11.29241452427546,11.795852539202997
72.17,0.5530061397126033,11.29286220102647,11.800247532383318
72.18,0.5542718173832144,11.293606563134375,11.8043398837152
72.19,0.5549428687934638,11.294647620989696,11.808129805828106
72.2,0.5550206658219193,11.295985990928756,11.811616902491892
72.21000000000001,0.5545053685166913,11.297622897961983,11.814800166304392
72.22,0.553395926853193,11.299560185306127,11.817677969547534
72.23,0.5516900689266301,11.301800330892126,11.820248048043977
72.24,0.5493842752728856,11.304346471244642,11.822507477620958
72.25,0.5464737384456752,11.307202433423448,11.824452642493084
72.26,0.5429523069447872,11.310372775774661,11.82607919481804
72.27,0.5388124116574936,11.313862838739949,11.827382004177574
72.28,0.5340449729627188,11.317678807039513,11.82835509566836
72.29,0.5286392851573276,11.321827785382197,11.828991574448171
72.3,0.5225828749846193,11.326317889892975,11.829283534545427
72.31,0.5158613288934409,11.331158358697273,11.829221948489117
72.32000000000001,0.508458083648878,11.336359685270335,11.828796534144892
72.33,0.5003541711475437,11.34193378038517,11.827995592916134
72.34,0.4915279078568496,11.347894169026898,11.826805812929395
72.35000000000001,0.48195451456423843,11.354256231589213,11.825212027870814
72.36,0.4716056482774289,11.361037501323562,11.82319691947709
72.37,0.4604488214222952,11.368258034453884,11.820740647230608
72.38,0.44844667482594025,11.375940875265966,11.817820382894201
72.39,0.43555605786847934,11.384112647388623,11.814409718586528
72.4,0.42172685003746657,11.392804315632624,11.810477903908613
72.41,0.40690042993851816,11.402052182388744,11.805988847930657
72.42,0.3910076528823166,11.411899213989255,11.800899790339088
72.43,0.3739661289724528,11.42239684172342,11.795159496577414
72.44,0.35567647807478986,11.433607465215792,11.788705748487999
72.45,0.3360170439993985,11.445608027914037,11.781461759366639
72.46000000000001,0.31483620467395956,11.458495291689577,11.773330884039718
72.47,0.2919407740295052,11.472393925972701,11.76418850407794
72.48,0.26707772479549385,11.487469518356862,11.753868972343989
72.49,0.23990378042536303,11.503950788681125,11.742143315864496
72.5,0.20993123318381243,11.522170560754125,11.728678097984329
72.51,0.17642245568141787,11.542649593952294,11.712951216749772
72.52,0.13815954178724318,11.566295270836521,11.69405225160159
72.53,0.09287758400871766,11.594988760963604,11.670092042309278
72.54,0.03739232833213753,11.633618187515244,11.6361526262361
72.55,0.05604380443056104,11.643609534135352,11.630915362108556
72.56,0.10833533501820738,11.625272326711766,11.654138416435623
72.57000000000001,0.15101967237528427,11.608802882279916,11.675479342821307
72.58,0.18758350067730686,11.594262789434104,11.694870382458971
72.59,0.21985872953156482,11.581249400462804,11.712715008209242
72.60000000000001,0.24887092144010198,11.569472373734362,11.729304907519255
72.61,0.27526106506506337,11.55872934587376,11.744843687797912
72.62,0.29946250474298425,11.548874542397732,11.759478201513453
72.63,0.32178524149870646,11.53979916847217,11.773318173760936
72.64,0.34246059290296627,11.531419528958377,11.786448109792476
72.65,0.361666860854202,11.523669609835805,11.79893473750481
72.66,0.3795450505568206,11.516496266081026,11.810831838374982
72.67,0.396208996118603,11.509855986473289,11.822183497153695
72.68,0.41175215697251477,11.5037126485754,11.83302635807543
72.69,0.4262523377698247,11.498035917308034,11.843391235003468
72.7,0.43977506131196825,11.492800075000137,11.853304288254538
72.71000000000001,0.4523760382988292,11.487983148748485,11.862787902728726
72.72,0.46410301388962016,11.483566247691494,11.871861355072907
72.73,0.4749971734369032,11.47953305174678,11.880541328571578
72.74,0.4850942295644848,11.47586941176942,11.888842315988779
72.75,0.4944252742749265,11.472563033156254,11.896776938469351
72.76,0.5030174548619035,11.469603222929747,11.904356200568314
72.77,0.5108945154808385,11.466980685863856,11.911589695922975
72.78,0.5180772348050109,11.46468735902875,11.918485774250756
72.79,0.5245837822926355,11.462716276807354,11.925051677667534
72.8,0.5304300096755282,11.461061460459069,11.931293652286731
72.81,0.5356296903817064,11.45971782767708,11.93721703968285
72.82000000000001,0.5401947166340165,11.458681118627656,11.94282635175537
72.83,0.5441352614366026,11.457947835861177,11.94812533162081
72.84,0.5474599113370419,11.45751519597795,11.953117002666923
72.85000000000001,0.5501757743506166,11.45738109147417,11.957803707355964
72.86,0.5522885664644481,11.457544061565198,11.962187136990686
72.87,0.5538026793592897,11.458003271079452,11.966268353358466
72.88,0.5547212313035578,11.45875849679335,11.970047802890559
72.89,0.5550461027661517,11.459810120738501,11.973525323812051
72.9,0.5547779576270729,11.461159130301354,11.976700146466884
72.91,0.5539162506199261,11.462807125047826,11.979570886890185
72.92,0.5524592211995223,11.464756330417384,11.982135533487245
72.93,0.5504038736369602,11.46700961862276,11.984391426485681
72.94,0.5477459429711494,11.46957053719927,11.986335229719915
72.95,0.5444798455159864,11.472443346123653,11.987962893828959
72.96000000000001,0.5405986129160696,11.475633064328632,11.98926961004344
72.97,0.5360938074698338,11.479145527119417,11.990249753055688
72.98,0.5309554165680359,11.482987456005045,11.990896811459992
72.99,0.5251717223845409,11.487166543426554,11.991203303279597
73.0,0.5187291430251396,11.491691554943827,11.991160674016252
73.01,0.5116120389458442,11.496572452848755,11.990759173250465
73.02,0.5038024783225119,11.501820545437049,11.989987705553263
73.03,0.4952799508093212,11.50744866870178,11.98883364893722
73.04,0.48602101834108175,11.51347140799674,11.987282633283721
73.05,0.47599888618799624,11.519905370648656,11.98531826774691
73.06,0.4651828726606948,11.526769523814993,11.982921802806818
73.07000000000001,0.4535377477905815,11.534085617287818,11.98007170722654
73.08,0.44102290054590676,11.541878718313006,11.976743132777512
73.09,0.4275912777254106,11.550177896726705,11.97290722833136
73.10000000000001,0.4131880136030069,11.559017115386634,11.9685302481885
73.11,0.3977486329974221,11.568436406413538,11.963572373891337
73.12,0.38119665207655784,11.578483454953131,11.957986127435749
73.13,0.36344030917138487,11.589215778369763,11.951714187353815
73.14,0.34436800138515744,11.60070380253072,11.944686304971684
73.15,0.3238417333492938,11.613035336658896,11.93681481754606
73.16,0.3016873917880487,11.626322320832113,11.927987880867876
73.17,0.27767971349191395,11.640711454369642,11.918058806632965
73.18,0.25151787188509406,11.656401869786533,11.906828326494374
73.19,0.22278329037565445,11.673676626832524,11.894012977920726
73.2,0.1908607162342852,11.692964199850007,11.879183361479697
73.21000000000001,0.15477448059818225,11.714974696423935,11.861627301638945
73.22,0.11280288448148416,11.74106322348506,11.839984625566672
73.23,0.06162279212474004,11.774499111887259,11.810969986821535
73.24,0.032246556047636474,11.808112535389895,11.781738632001822
73.25,0.08797889364788923,11.791545229855899,11.802882836093685
73.26,0.13412733411432368,11.774115510707217,11.8248964872552
73.27,0.17294430630323465,11.758744293188728,11.844832297807022
73.28,0.2068481888245982,11.745039729109203,11.863081682892606
73.29,0.23712468189726002,11.732669524175073,11.879978129123606
73.3,0.264544615382738,11.721402060631789,11.89575450112007
73.31,0.2896140073415716,11.711072673880944,11.910576569494635
73.32000000000001,0.31268717601164236,11.701560066738166,11.924566590034017
73.33,0.3340242705482252,11.692771960598293,11.93781767542061
73.34,0.35382331602746053,11.684636239862778,11.9504026745005
73.35000000000001,0.37223936126160734,11.677095287420808,11.962379856338737
73.36,0.3893965722364195,11.67010222627736,11.973796683883677
73.37,0.4053962194104424,11.663618341952473,11.984692403428063
73.38,0.42032215062196754,11.657611262650912,11.995099873683456
73.39,0.4342446580997104,11.652053641631804,12.005046890688044
73.4,0.44722328275148193,11.64692218208027,12.014557168731647
73.41,0.4593088934733894,11.6421969015916,12.023651080543695
73.42,0.4705452587586311,11.637860568115645,12.032346225158992
73.43,0.48097025442217745,11.633898261119379,12.040657869896098
73.44,0.4906168052160946,11.630297025867607,12.04859929869337
73.45,0.4995136281655264,11.627045598137244,12.056182089595326
73.46000000000001,0.5076858258347215,11.624134182996,12.063416337842396
73.47,0.5151553641204283,11.621554275723403,12.070310836549082
73.48,0.5219414600781068,11.619298515993238,12.076873223902087
73.49,0.5280608986395283,11.617360568677041,12.083110103557644
73.5,0.5335282924144203,11.615735026232976,12.089027143304898
73.51,0.5383562953574493,11.614417328832248,12.09462915586805
73.52,0.5425557786197986,11.613403699244978,12.099920164846045
73.53,0.5461359748833655,11.6126910902267,12.104903458064513
73.54,0.549104596109922,11.612277142651394,12.109581630107478
73.55,0.5514679286687425,11.612160152989016,12.113956615443344
73.56,0.553230908541739,11.612339049205513,12.118029713074574
73.57000000000001,0.5543971790814379,11.61281337425537,12.12180160355046
73.58,0.5549691327650693,11.61358327674608,12.125272358768964
73.59,0.5549479383938636,11.614649508356353,12.128441444992712
73.60000000000001,0.5543335541485775,11.616013428034755,12.131307719055432
73.61,0.5531247271714768,11.617677012910198,12.133869417832974
73.62,0.551318979395392,11.619642876282024,12.136124140613349
73.63,0.5489125794804132,11.621914293016378,12.138068824042506
73.64,0.5459004999305928,11.624495233077797,12.139699708918801
73.65,0.5422763581633459,11.627390404109146,12.14101229792443
73.66,0.5380323399508135,11.630605304199719,12.142001303155373
73.67,0.5331591028299747,11.63414628645219,12.142660581839195
73.68,0.5276456566757034,11.63802063724753,12.142983058340997
73.69,0.5214792172296788,11.64223667093685,12.142960629727014
73.7,0.5146450279011595,11.646803844073345,12.142584051769488
73.71000000000001,0.5071261429735672,11.651732893625415,12.141842800946906
73.72,0.49890316449199307,11.657036004303752,12.140724907298667
73.73,0.4899539207915003,11.662727012765291,12.139216750360651
73.74,0.4802530730877099,11.668821657729099,12.13730280912894
73.75,0.4697716305482203,11.675337888893491,12.134965353138123
73.76,0.4584763477013537,11.682296251989886,12.13218405728227
73.77,0.44632896885116513,11.689720373594943,12.128935516703146
73.78,0.43328527038787684,11.697637578763029,12.125192628602742
73.79,0.4192938309947019,11.70607968890077,12.120923793436084
73.8,0.4042944297601477,11.715084068364254,12.116091866813994
73.81,0.38821592411349687,11.724695022138064,12.110652759457295
73.82000000000001,0.3709733836608032,11.734965701185239,12.104553528128921
73.83,0.3524641312430838,11.745960762571139,12.097729709632915
73.84,0.3325621287332359,11.757760189044621,12.090101491802004
73.85000000000001,0.3111097641680991,11.770464959153099,12.08156802788487
73.86,0.28790538135194116,11.784205809607863,12.071998647858097
73.87,0.26268346614394883,11.799157462455064,12.061218584510334
73.88,0.23508134172045358,11.815563210146877,12.048984300265872
73.89,0.20457904072047178,11.833780984348403,12.034937238315358
73.9,0.1703802239705004,11.854379701008343,12.018507065115738
73.91,0.13114655208520398,11.878375063971928,11.99867474633302
73.92,0.08434120862215634,11.907961575330258,11.97323649784726
73.93,0.029037427341347784,11.948391233663449,11.936903567570313
73.94,0.06561728706690415,11.947987067720575,11.941519567140643
73.95,0.11600107397450236,11.929750567034823,11.964057183558023
73.96000000000001,0.15747262460558084,11.913492536985931,11.98460060772701
73.97,0.1932205412030177,11.899052670028338,12.00330629892047
73.98,0.22489164053441035,11.886059774603233,12.020546254526163
73.99,0.2534273461322769,11.874248146404657,12.036587385950135
74.0,0.2794250673044744,11.863430826432351,12.051617777494277
74.01,0.30329306445515264,11.853471916745011,12.065774313058093
74.02,0.3253257191079141,11.844269249851989,12.07916001908623
74.03,0.3457440229557561,11.83574377003682,12.0918547051926
74.04,0.36471912419396996,11.827832830746736,12.103921686610388
74.05,0.38238688191786063,11.820485806891462,12.115412187879226
74.06,0.398857312066975,11.813661122262129,12.12636832795044
74.07000000000001,0.4142209668427235,11.807324173401549,12.136825206105517
74.08,0.42855338786817787,11.80144584054045,12.146812398723599
74.09,0.4419183024010639,11.796001394652817,12.156355058351064
74.10000000000001,0.4543699724158423,11.790969678981655,12.165474737100913
74.11,0.46595495659673863,11.786332485298203,12.174190014399125
74.12,0.47671345542619614,11.78207407127825,12.182516982901513
74.13,0.4866803538854592,11.778180782085949,12.1904696296462
74.14,0.4958860404930834,11.774640750274383,12.198060138448414
74.15,0.5043570581609034,11.771443655454698,12.205299132175238
74.16,0.5121166265018142,11.768580530274889,12.212195868427226
74.17,0.5191850644569541,11.766043602782753,12.218758398605152
74.18,0.5255801346891902,11.763826167721897,12.224993697855815
74.19,0.5313173255626752,11.76192248120244,12.230907771486764
74.2,0.5364100828652753,11.760327674458468,12.236505742165257
74.21000000000001,0.5408700005752438,11.759037683389636,12.241791921225813
74.22,0.5447069775874653,11.758049191425139,12.246769866564067
74.23,0.5479293460546361,11.75735958370867,12.25144242913397
74.24,0.5505439754719431,11.756966911151308,12.255811789512105
74.25,0.5525563559247252,11.756869863169289,12.25987948572311
74.26,0.5539706628303639,11.757067748332625,12.263646433106917
74.27,0.5547898052202253,11.757560482274606,12.26711293688601
74.28,0.5550154588318941,11.758348582516527,12.270278697783386
74.29,0.5546480850572657,11.759433169968684,12.273142810935866
74.3,0.5536869360450376,11.760815977193033,12.275703758020418
74.31,0.5521300463502627,11.762499363494365,12.27795939253149
74.32000000000001,0.5499742106236934,11.764486337327805,12.27990691772329
74.33,0.5472149471486369,11.76678058639125,12.281542856852155
74.34,0.5438464456446866,11.769386516469803,12.282863014652353
74.35000000000001,0.5398614983857549,11.772309299844796,12.283862429235281
74.36,0.5352514121848835,11.775554934872767,12.284535312806698
74.37,0.5300058989734295,11.779130318327862,12.284874979608894
74.38,0.5241129410464758,11.783043333047326,12.284873758546878
74.39,0.517558626834389,11.787302953652407,12.284522887724387
74.4,0.510326951036814,11.791919374338464,12.283812386892073
74.41,0.5023995720089423,11.7969041634397,12.282730903096397
74.42,0.4937555160344329,11.802270451496861,12.281265522792161
74.43,0.48437081598502874,11.808033161090282,12.279401542142477
74.44,0.4742180671865935,11.81420928976212,12.277122184162561
74.45,0.46326587748132964,11.820818261276024,12.274408247429731
74.46000000000001,0.4514781804349825,11.827882365938196,12.271237665591999
74.47,0.4388133689133017,11.835427318729609,12.267584948860097
74.48,0.42522318868438175,11.84348297607401,12.263420466559692
74.49,0.4106513062043848,11.852084269876261,12.258709511956829
74.5,0.39503142521480317,11.861272445305795,12.253411062643194
74.51,0.3782847640666779,11.871096733413761,12.247476105009438
74.52,0.36031660528552434,11.881616662333753,12.240845318424283
74.53,0.34101145812209943,11.892905335973976,12.23344578913434
74.54,0.32022607776521406,11.90505423126061,12.225186200916095
74.55,0.2977790378737753,11.918180482765223,12.215949530105124
74.56,0.27343449141862425,11.932438456626146,12.205581436131286
74.57000000000001,0.2468755490485538,11.948039206783227,12.193870739850434
74.58,0.21765772842317896,11.965285636390186,12.180514132845646
74.59,0.1851205184282641,11.984642464041942,12.165045929415893
74.60000000000001,0.14820024799682258,12.006895501517821,12.146678080342005
74.61,0.10498073852202613,12.03359455458588,12.123855039116872
74.62,0.05190133195923799,12.068667139839494,12.09262954642106
74.63,0.04144256554074712,12.093882606350505,12.071253880889412
74.64,0.09636877581356408,12.075953494765017,12.093198753764778
74.65,0.1410337652971077,12.058771756511687,12.114392690217045
74.66,0.17890010110852722,12.043546261588967,12.133611645248475
74.67,0.21212438644175646,12.029895851913253,12.15123665544711
74.68,0.24187716827247807,12.017516696522343,12.167572632709312
74.69,0.26887270852329676,12.00619557222832,12.182833926568676
74.7,0.2935857450484482,11.99577945871112,12.197174567090308
74.71000000000001,0.31635169365815696,11.986154738896266,12.210709055299608
74.72,0.33741849175483657,11.977234426274135,12.223525153279375
74.73,0.3569758566204876,11.968950194600632,12.235691873831243
74.74,0.3751729480525225,11.961247229831956,12.24726464500331
74.75,0.39212961551208764,11.954080786288637,12.258288767067418
74.76,0.4079438762874905,11.947413808442326,12.268801801071016
74.77,0.42269706803832485,11.9412152420539,12.278835265847354
74.78,0.43645750649823295,11.935458805293226,12.288415873369052
74.79,0.4492831485455672,11.93012207542029,12.29756644726234
74.8,0.4612235735706735,11.925185797363662,12.30630661844376
74.81,0.47232148548738784,11.920633351801962,12.314653360495758
74.82000000000001,0.48261386994581007,11.91645034019791,12.322621407497191
74.83,0.49213289857668113,11.912624257120108,12.330223584099107
74.84,0.5009066442089845,11.909144228804735,12.337471068987874
74.85000000000001,0.5089596526391907,11.906000802719019,12.344373607047888
74.86,0.5163134037572639,11.90318577699321,12.350939681412472
74.87,0.5229866862734684,11.900692061405467,12.357176653763966
74.88,0.528995904000964,11.898513563690841,12.363090879146304
74.89,0.5343553272454842,11.89664509643811,12.368687800054559
74.9,0.5390772996055581,11.895082300951978,12.373972023446205
74.91,0.54317240813944,11.893821585276232,12.378947383497469
74.92,0.5466496229373147,11.892860074246867,12.383616992249959
74.93,0.549516410816427,11.892195569926683,12.387983279808576
74.94,0.5517788269457066,11.891826521099398,12.39204802542396
74.95,0.5534415869678808,11.891752000968097,12.39581238032151
74.96000000000001,0.5545081219917803,11.891971692282546,12.39927688306127
74.97,0.5549806178084775,11.892485879522528,12.402441467806357
74.98,0.5548600397067415,11.893295447759932,12.40530546588393
74.99,0.5541461432329614,11.894401888263872,12.407867600576983
75.0,0.5528374714990624,11.895807310818627,12.410125975182638
75.01,0.5509313387074848,11.89751446315468,12.412078053938677
75.02,0.5484237996507932,11.899526757877632,12.413720635436931
75.03,0.5453096042852934,11.901848307621426,12.41504981779902
75.04,0.5415821359312869,11.904483969458152,12.416060954583482
75.05,0.5372333315733073,11.90743939969304,12.416748600297373
75.06,0.5322535816263643,11.91072112078889,12.417106443768143
75.07000000000001,0.5266316063321167,11.914336602356315,12.41712722743924
75.08,0.5203543043165534,11.918294359101724,12.416802649696091
75.09,0.5134065684309055,11.922604068984256,12.416123246968773
75.10000000000001,0.5057710619211035,11.927276716113722,12.415078251074565
75.11,0.4974279462174807,11.932324764110001,12.413655416073096
75.12,0.48835454872479206,11.937762367545234,12.411840807001997
75.13,0.47852495544362433,11.943605631473922,12.409618540472023
75.14,0.4679095084567196,11.949872932313962,12.406970463834666
75.15,0.4564741804543507,11.956585318561032,12.403875754405023
75.16,0.44417978919065615,11.9637670162706,12.400310413752567
75.17,0.4309809997917153,11.9714460745084,12.396246621779156
75.18,0.4168250406423201,11.979655201329225,12.391651899902406
75.19,0.40165002642101816,11.988432863563641,12.386488009873569
75.2,0.3853827296086441,11.997824760660215,12.380709477678474
75.21000000000001,0.3679355601879643,12.007885841689914,12.374261572917563
75.22,0.3492023764216729,12.01868313447606,12.367077473864923
75.23,0.3290525155234498,12.030299829879066,12.359074173716131
75.24,0.307322010750749,12.04284138450081,12.350146362099116
75.25,0.2838001626430326,12.05644502639627,12.340156892151306
75.26,0.25820801946323785,12.071295341916445,12.328921144575173
75.27,0.2301618151783328,12.087651551647923,12.316179657443087
75.28,0.1991060461705621,12.10589948292251,12.301545956703917
75.29,0.16417853883674235,12.126662824229408,12.284394837070147
75.3,0.12390290744858698,12.151085028099487,12.263579140813999
75.31,0.07543867806183967,12.18175138285811,12.236502570076372
75.32000000000001,0.025168408858899247,12.222330712443519,12.199456305030552
75.33,0.07487839961986356,12.212865611984125,12.212615969478712
75.34,0.12344975838003043,12.194821458934411,12.234403343981208
75.35000000000001,0.1637922339915059,12.178756947692218,12.254194790861838
75.36,0.19876601710811095,12.164408356349028,12.272251569786539
75.37,0.22985668066840997,12.151434155029905,12.28891598556213
75.38,0.2579307245288984,12.13959051015142,12.304432963134817
75.39,0.2835459638072808,12.12870427167633,12.31897667797284
75.4,0.3070875260325881,12.11864850305321,12.33267497433438
75.41,0.32883522562809914,12.109327111546932,12.345624742785509
75.42,0.34900034021313686,12.100665329145395,12.35790145677892
75.43,0.3677472415422364,12.092603642323432,12.369565259416902
75.44,0.38520688652778834,12.085093783410834,12.38066498572779
75.45,0.4014856369001936,12.078095994758074,12.39124090936926
75.46000000000001,0.4166712514580579,12.071577106053295,12.40132667391375
75.47,0.4308370900011308,12.065509148023377,12.410950685985474
75.48,0.4440451435361955,12.059868330314412,12.420137142861847
75.49,0.4563482694730616,12.054634273081357,12.42890680532285
75.5,0.4677918734805764,12.049789419433198,12.43727758883827
75.51,0.47841519689801537,12.045318579492331,12.44526502251063
75.52,0.48825231709885336,12.041208572007207,12.4528826099695
75.53,0.4973329348845517,12.037447939534449,12.460142116301478
75.54,0.5056830013092818,12.03402671994014,12.467053798345175
75.55,0.5133252214582228,12.030936261668332,12.473626590962802
75.56,0.5202794625917443,12.028169073491723,12.479868258620655
75.57000000000001,0.5265630870687121,12.02571870175609,12.485785519305079
75.58,0.532191225123112,12.023579629899329,12.491384146021279
75.59,0.5371769991145043,12.021747196206974,12.496669049937918
75.60000000000001,0.5415317081421418,12.02021752669438,12.501644348306968
75.61,0.5452649796468783,12.018987480794951,12.506313419493948
75.62,0.548384893422559,12.018054607966317,12.510678947021011
75.63,0.5508980819674639,12.01741711385751,12.514742953989447
75.64,0.5528098104986886,12.017073834908835,12.518506829020447
75.65,0.5541240387877404,12.017024220691289,12.521971344412856
75.66,0.5548434668314882,12.017268323360996,12.525136667150688
75.67,0.5549695654792187,12.017806793954733,12.528002363038595
75.68,0.5545025930767133,12.018640885290383,12.530567394207226
75.69,0.5534415982684981,12.019772461634828,12.532830109828463
75.7,0.5517844093755524,12.021204015204244,12.534788229980597
75.71000000000001,0.5495276097023976,12.022938690058295,12.536438822103442
75.72,0.5466664985649371,12.024980313773671,12.537778269661686
75.73,0.5431950363933971,12.027333438008226,12.538802231905837
75.74,0.5391057728026771,12.030003388856445,12.539505593832422
75.75,0.5343897551868505,12.03299632861722,12.539882404722915
75.76,0.5290364152992597,12.0363193307222,12.539925803513432
75.77,0.523033429937226,12.039980470364732,12.539627928454495
75.78,0.5163665511632807,12.043988933856316,12.538979808032215
75.79,0.5090193998308047,12.048355150782541,12.537971229075685
75.8,0.500973214840947,12.053090953963268,12.536590577040283
75.81,0.4922065474007637,12.058209774214218,12.534824641461643
75.82000000000001,0.4826948871247978,12.063726878626227,12.532658377851025
75.83,0.47241020191766203,12.069659664303586,12.530074614071879
75.84,0.46132036755494304,12.07602802359223,12.527053685138346
75.85000000000001,0.44938845411723266,12.082854802790257,12.523572974400674
75.86,0.436571824090948,12.090166384841678,12.519606330552145
75.87,0.4228209782133747,12.097993439461334,12.515123316911389
75.88,0.40807805766683336,12.106371903411368,12.510088230106552
75.89,0.3922748687685404,12.11534428374559,12.50445879510294
75.9,0.3753302284009556,12.124961425442464,12.498184394761223
75.91,0.35714631914356243,12.135284964479654,12.49120361221948
75.92,0.33760355612681764,12.146390825471972,12.483440725852187
75.93,0.3165531398020751,12.158374370222008,12.47480054844082
75.94,0.2938058600999953,12.171358272945092,12.465160531005324
75.95,0.2691145235814489,12.18550514529098,12.45435810061929
75.96000000000001,0.24214486330951251,12.201039001495333,12.44216912565388
75.97,0.21242403752640632,12.218284628692071,12.428268405100608
75.98,0.17924120374294292,12.237747525588924,12.412149415897135
75.99,0.14143277207464616,12.26030127419131,12.392936122444313
76.0,0.09685840625616708,12.287732542321068,12.36883523930794
76.01,0.04204040491705018,12.324746908467384,12.335116261592404
76.02,0.05129890127972077,12.340215314524272,12.322976282724433
76.03,0.10448053806990998,12.321848923945891,12.34481685247777
76.04,0.14777603453861018,12.304901486584098,12.365229632636742
76.05,0.18474717196632207,12.289808220875948,12.383770075163419
76.06,0.217321795517536,12.276206724829487,12.400800654135367
76.07000000000001,0.2465689670651266,12.263818602481216,12.416600751277251
76.08,0.2731519730791541,12.25244706140351,12.43136818397025
76.09,0.29751688225058803,12.241949606965482,12.44524637474495
76.10000000000001,0.3199815659887299,12.23221964060757,12.45834274207776
76.11,0.34078251756736,12.223175055463418,12.470740117907276
76.12,0.360101609479554,12.214751044756603,12.482503955092868
76.13,0.3780824066226204,12.20689541340803,12.493687029731282
76.14,0.39484063679879017,12.19956541695746,12.504332613574796
76.15,0.4104711978084276,12.192725564096703,12.514476680548748
76.16,0.42505301156537745,12.186346047370556,12.524149483263894
76.17,0.4386524856865602,12.180401595807206,12.533376706168696
76.18,0.4513260435959137,12.174870618660853,12.5421803264831
76.19,0.46312201327457375,12.169734554881176,12.550579268548043
76.2,0.4740820632077945,12.164977371116244,12.558589908972554
76.21000000000001,0.484242311492592,12.160585169049936,12.56622647191986
76.22,0.4936341943808853,12.15654587463408,12.573501342081148
76.23,0.5022851545656045,12.152848989666358,12.580425314968728
76.24,0.5102191923051362,12.149485391519113,12.58700779878857
76.25,0.517457310507665,12.146447170612994,12.593256978347641
76.26,0.5240178768225704,12.14372749784448,12.599179948827404
76.27,0.5299169198344444,12.141320516121944,12.604782825299868
76.28,0.5351683723033347,12.139221251552417,12.610070832469358
76.29,0.5397842713007789,12.137425540866792,12.615048378072679
76.3,0.5437749228428675,12.135929972444318,12.619719112593755
76.31,0.5471490368205081,12.134731838922473,12.624085977319965
76.32000000000001,0.5499138367289801,12.133829099846233,12.628151242297301
76.33,0.5520751478591978,12.133220353108397,12.631916535443462
76.34,0.5536374663858987,12.132904814391388,12.635382863614497
76.35000000000001,0.5546040116304054,12.132882303885548,12.638550626358363
76.36,0.554976762761551,12.133153239958144,12.641419622685724
76.37,0.5547564812396538,12.133718639434626,12.64398905120267
76.38,0.5539427192815531,12.134580124594358,12.64625750350573
76.39,0.552533814885526,12.135739936887584,12.648222950837532
76.4,0.550526873031337,12.137200957807478,12.649882723571295
76.41,0.5479177327155456,12.138966737357414,12.651233483087326
76.42,0.5447009189322377,12.14104153084506,12.652271185311973
76.43,0.5408695779513042,12.143430345145852,12.652991034777692
76.44,0.5364153943945785,12.146138995566519,12.653387428075535
76.45,0.5313284872668018,12.149174175176423,12.65345388483248
76.46000000000001,0.5255972820406553,12.152543538598362,12.653182964222022
76.47,0.5192083540849248,12.156255803305745,12.652566163960094
76.48,0.5121462383805868,12.16032087180646,12.651593798403821
76.49,0.5043931982143768,12.16474997948237,12.650254850980087
76.5,0.49592894380993696,12.169555874045924,12.648536794976039
76.51,0.4867302886632527,12.174753034652397,12.646425374643057
76.52,0.4767707277272748,12.180357941164967,12.643904336101913
76.53,0.4660199164286037,12.186389407576936,12.640955094021733
76.54,0.4544430212390756,12.192868999112301,12.637556314517681
76.55,0.441999902608486,12.19982155944384,12.633683387776125
76.56,0.42864407509691804,12.207275885470597,12.629307752886035
76.57000000000001,0.4143213658342999,12.215265603597373,12.624396020811725
76.58,0.3989681577962342,12.223830326058089,12.618908816771564
76.59,0.3825090479951362,12.233017205969983,12.612799223025311
76.60000000000001,0.364853662107472,12.242883074117486,12.606010638558319
76.61,0.34589221754235205,12.253497450351041,12.598473761905659
76.62,0.32548916957295,12.264946915436665,12.590102209741634
76.63,0.30347380689446873,12.277341687500737,12.58078592425366
76.64,0.2796257685797105,12.290825950126532,12.57038081672297
76.65,0.2536516278781115,12.305594962344435,12.55869160557943
76.66,0.22514465979739703,12.321925397892862,12.545441375502223
76.67,0.19351013005968318,12.340234184412143,12.53021252079677
76.68,0.15781181601311184,12.361207629605188,12.51231708999625
76.69,0.11641464657252326,12.386141110441876,12.490455523036049
76.7,0.06615733545314306,12.418111552628238,12.461537541039657
76.71000000000001,0.028678312417294086,12.454955595658868,12.427697346941418
76.72,0.0838049727413364,12.439995139004836,12.445845175575073
76.73,0.13069331643747042,12.42217712399818,12.466870558024896
76.74,0.1699817911098595,12.406288764825717,12.485949833336367
76.75,0.20421987651601944,12.392022476223913,12.503388989038323
76.76,0.23475242310882197,12.379064212486307,12.519502809341915
76.77,0.2623790281708007,12.367189642511034,12.534516618966562
76.78,0.2876214666659891,12.35623805057315,12.54859207418783
76.79,0.31084350787110016,12.346090662198208,12.56184879004994
76.8,0.3323113712845114,12.336656971331944,12.574378017624168
76.81,0.3522271926783149,12.32786618437057,12.58625121388233
76.82000000000001,0.3707489238509238,12.319661710673188,12.597525564985908
76.83,0.38800285202179846,12.311997493648612,12.608247666885624
76.84,0.40409184215001775,12.304835488995503,12.618456056549725
76.85000000000001,0.41910096964720994,12.29814388181946,12.628183002436298
76.86,0.4331014914341231,12.29189579456125,12.637455802658746
76.87,0.4461537202135267,12.286068330175736,12.646297746732646
76.88,0.458309152199244,12.280641850100281,12.65472884162411
76.89,0.4696120730503692,12.27559942036277,12.662766368948702
76.9,0.4801007904516567,12.270926380554725,12.670425318746426
76.91,0.48980859409652555,12.2666100042082,12.677718731410659
76.92,0.4987645128132295,12.262639228337832,12.68465797009734
76.93,0.5069939183540764,12.25900443608868,12.69125293974363
76.94,0.514519011354527,12.255697280782787,12.697512264455577
76.95,0.5213592155277317,12.252710542665131,12.703443432006546
76.96000000000001,0.5275314995135572,12.250038011794679,12.709052912034952
76.97,0.5330506407540209,12.247674392175485,12.714346252871582
76.98,0.5379294424895805,12.245615223328466,12.71932816081835
76.99,0.5421789124097584,12.243856816363069,12.724002564837539
77.0,0.5458084092548382,12.24239620237594,12.728372668837114
77.01,0.5488257625910068,12.241231091388991,12.732440993353142
77.02,0.5512373695358855,12.240359840545484,12.736209407919867
77.03,0.5530482715612856,12.239781430526751,12.739679155173933
77.04,0.5542622134979417,12.239495449523,12.742850867365116
77.05,0.5548816865914746,12.239502084210304,12.745724575828817
77.06,0.5549079567227984,12.239802117472546,12.748299713685707
77.07000000000001,0.5543410787120367,12.240396932701236,12.750575111941023
77.08,0.5531798968497373,12.241288524843354,12.752548988815885
77.09,0.5514220319627774,12.242479518319662,12.754218932192831
77.10000000000001,0.5490638543235815,12.243973192405615,12.755581874585188
77.11,0.5461004421565151,12.24577351448752,12.756634060221161
77.12,0.5425255239366694,12.247885182393945,12.757371003043376
77.13,0.5383314033934243,12.250313676707746,12.757787434721058
77.14,0.5335088645767833,12.253065324795003,12.757877240939129
77.15,0.5280470544019321,12.256147378343227,12.757633384172363
77.16,0.521933338535451,12.25956810710687,12.757047810246272
77.17,0.5151531259502632,12.263336911974632,12.756111335568809
77.18,0.507689655560973,12.26746446166114,12.754813510727516
77.19,0.49952373707865244,12.271962858237663,12.753142455232554
77.2,0.4906334348226011,12.276845838861343,12.751084656038566
77.21000000000001,0.4809936807091237,12.282129022860008,12.748624720676254
77.22,0.4705757974949845,12.287830216727816,12.74574507242024
77.23,0.45934690684439583,12.293969794008088,12.742425570489518
77.24,0.44726918765923424,12.300571173302316,12.738643031999644
77.25,0.4342989368696197,12.30766142680257,12.734370623205793
77.26,0.4203853647922236,12.315272065685834,12.72957707359979
77.27,0.40546902786890726,12.323440069399695,12.724225645677329
77.28,0.38947975556916875,12.332209258638704,12.718272760329286
77.29,0.3723338549860584,12.341632164626319,12.711666124838679
77.3,0.3539302572383868,12.35177263486129,12.704342122645158
77.31,0.3341450651495604,12.36270956784733,12.696222071176503
77.32000000000001,0.3128235990833357,12.374542445019884,12.687206677391279
77.33,0.2897683592529311,12.38739985647166,12.67716749035302
77.34,0.2647199772792731,12.401453296934037,12.665933066124458
77.35000000000001,0.23732536141789598,12.416940901530376,12.653265157421883
77.36,0.20708056495309954,12.434211664269409,12.638814341468544
77.37,0.1732186182743084,12.453817166630603,12.62202793812778
77.38,0.13446208746796473,12.476733443599331,12.601927185964268
77.39,0.08841369917979507,12.505038477034883,12.57642633722972
77.4,0.0327480840053122,12.544152643255623,12.540073195243142
77.41,0.06107661405458684,12.54917799915301,12.537889111883995
77.42,0.1123322634664815,12.530757030310209,12.559260350045413
77.43,0.1543609019784332,12.514027165666235,12.578928884662991
77.44,0.19048716207781036,12.499053187037317,12.596823890065801
77.45,0.22243999649504245,12.485494894382827,12.613285758623945
77.46000000000001,0.25119874702114414,12.473096667249491,12.628571014456778
77.47,0.2773806565011663,12.461676456356908,12.642862645588977
77.48,0.3014054772782567,12.451101319388558,12.6562944520248
77.49,0.3235747809915944,12.441271093542964,12.66896736112139
77.5,0.34411432978830714,12.432108184819773,12.680959648050553
77.51,0.3631985861364125,12.423551064187546,12.692333452616435
77.52,0.3809657987151913,12.415549989764779,12.703139068881091
77.53,0.3975277597374248,12.408064100714762,12.713417861086093
77.54,0.41297637601616594,12.401059384082414,12.723204304766343
77.55,0.4273882450290464,12.394507214923328,12.732527453029702
77.56,0.4408279327413722,12.388383283975037,12.741412014070143
77.57000000000001,0.45335037851780696,12.382666794196956,12.749879158852629
77.58,0.4650026963041235,12.377339848242114,12.757947137114174
77.59,0.47582554786832215,12.372386974378813,12.765631754322957
77.60000000000001,0.4858542061151533,12.36779475470728,12.772946745873497
77.61,0.4951193895236113,12.363551530276787,12.77990407400657
77.62,0.5036479246553158,12.359647164920855,12.786514165709585
77.63,0.5114632774556304,12.356072854587552,12.79278610487738
77.64,0.5185859828964964,12.352820972428985,12.798727788513679
77.65,0.5250339949020314,12.349884942337917,12.804346054321583
77.66,0.5308229727799183,12.347259135460051,12.809646785181878
77.67,0.5359665165619254,12.344938785474524,12.814634994750122
77.68,0.5404763607026667,12.342919919415172,12.819314897418632
77.69,0.544362533295613,12.341199301582684,12.823689965107764
77.7,0.5476334864991506,12.339774388605058,12.827762972842505
77.71000000000001,0.5502962023787727,12.338643294225566,12.831536034544513
77.72,0.5523562777438706,12.337804762622309,12.835010630246046
77.73,0.5538179902415995,12.337258149546793,12.838187625443554
77.74,0.5546843479264686,12.337003410594663,12.841067283285966
77.75,0.5549571234689469,12.33704109633055,12.843649269879814
77.76,0.5546368742514343,12.337372353963241,12.84593265302102
77.77,0.5537229485197965,12.337998935727054,12.847915894199721
77.78,0.5522134781372106,12.33892321398312,12.849596833869677
77.79,0.550105357391181,12.340148203557485,12.850972669466984
77.8,0.5473942076355623,12.341677591707608,12.852039925790324
77.81,0.544074326500194,12.343515776641238,12.852794416820158
77.82000000000001,0.5401386202975398,12.345667915609015,12.853231197957514
77.83,0.5355785177164814,12.348139983918502,12.853344507336361
77.84,0.5303838620924661,12.350938846689964,12.853127694389771
77.85000000000001,0.5245427789795911,12.354072345561155,12.85257313346296
77.86,0.5180415143390932,12.357549403404104,12.851672119409494
77.87,0.5108642378534033,12.361380150701395,12.850414741521417
77.88,0.5029928039655961,12.365576078448235,12.84878973092343
77.89,0.4944064608780998,12.370150223998058,12.846784275007568
77.9,0.48508149502776476,12.375117398116723,12.844383790634092
77.91,0.47499079420020307,12.380494464400906,12.841571644928619
77.92,0.4641033071896685,12.386300685832536,12.838328808881586
77.93,0.4523833692674119,12.392558159050726,12.83463342313547
77.94,0.43978985199873044,12.399292364410922,12.830460247838657
77.95,0.4262750788461182,12.406532871732528,12.82577995658582
77.96000000000001,0.4117834229151719,12.414314259228378,12.820558216828129
77.97,0.3962494655664041,12.422677329922188,12.814754472250595
77.98,0.3795955337884574,12.431670753441766,12.808320298910308
77.99,0.36172833809083366,12.441353331357995,12.8011971364338
78.0,0.34253426887561145,12.451797205426058,12.79331307400427
78.01,0.3218726259334185,12.46309254221572,12.784578156022251
78.02,0.29956553562598365,12.475354629203068,12.77487726932587
78.03,0.2753823065599132,12.488735114465548,12.764058873825226
78.04,0.24901390098497697,12.503440827184528,12.751916126642099
78.05,0.22002855706134747,12.519767615581399,12.738152933732607
78.06,0.18778812625320568,12.538167208602003,12.722316846093934
78.07000000000001,0.1512728194518753,12.559397904947502,12.703647761466042
78.08,0.10866478327910717,12.584937420038777,12.68066317053323
78.09,0.05651385608050073,12.618482224960388,12.649650013620512
78.10000000000001,0.03695894033193621,12.648099757247287,12.622538957669288
78.11,0.09240659811805976,12.63077001614973,12.642553483667864
78.12,0.13774332699337746,12.613184744836731,12.662828184753273
78.13,0.17604511622282681,12.597455896949672,12.681230046120872
78.14,0.20958286959767902,12.583262973185214,12.698078527108366
78.15,0.23957828354728591,12.570317143487962,12.713663157800996
78.16,0.2667710448862904,12.55841153991571,12.728191716322819
78.17,0.2916500598173177,12.547396689282909,12.741814543605205
78.18,0.3145593526703011,12.537161277407137,12.75464373634395
78.19,0.33575244479838257,12.527619951853014,12.766765346039964
78.2,0.35542286417143293,12.518705613187205,12.778247098739248
78.21000000000001,0.37372247853332413,12.510364404540853,12.789143417006759
78.22,0.39077312624867966,12.50255234811345,12.799498793456046
78.23,0.4066743260894561,12.495233017531357,12.809350126663363
78.24,0.42150857593982305,12.488375882659204,12.818728383073324
78.25,0.4353451062124851,12.481955104131211,12.827659807915937
78.26,0.448242607630234,12.47594863686926,12.836166826129578
78.27,0.4602512575498987,12.470337551106972,12.844268724983978
78.28,0.4714142539725011,12.465105509878255,12.851982179612738
78.29,0.48176899600475587,12.460238361298863,12.85932166325595
78.3,0.49134800533320994,12.455723816557674,12.86629977139715
78.31,0.5001796544127699,12.451551192977119,12.872927480511938
78.32000000000001,0.5082887481678703,12.447711207185327,12.879214356447457
78.33,0.5156969928309595,12.444195807470312,12.885168723408626
78.34,0.5224233767041477,12.440998037162558,12.89079780174316
78.35000000000001,0.5284844813138043,12.438111922898019,12.896107820703833
78.36,0.5338947366801455,12.435532383145118,12.901104110827424
78.37,0.5386666312844723,12.433255153422687,12.905791179523554
78.38,0.5428108849197432,12.43127672542967,12.910172772669613
78.39,0.5463365904293748,12.429594298045927,12.914251924263699
78.4,0.5492513293464811,12.42820573851743,12.918030995834894
78.41,0.5515612650660958,12.427109552615478,12.92151170682975
78.42,0.5532712164997033,12.426304862814556,12.924695156938531
78.43,0.5543847142858526,12.42579139385492,12.927581841001034
78.44,0.554904041265652,12.425569465207717,12.930171656980576
78.45,0.5548302583055162,12.425639990203608,12.932463907249614
78.46000000000001,0.5541632162739559,12.426004481713644,12.934457293302993
78.47,0.5529015542922274,12.426665064571635,12.93614990371237
78.48,0.551042684477124,12.427624494908525,12.937539195155567
78.49,0.5485827624259229,12.428886187027667,12.93862196589383
78.5,0.5455166431536818,12.430454248263905,12.93939432125767
78.51,0.54183782055157,12.432333523099867,12.939851629868482
78.52,0.5375383492380592,12.43452964747912,12.939988469659319
78.53,0.5326087460207105,12.437049115139715,12.939798561871623
78.54,0.5270378682700354,12.439899357839725,12.939274691157465
78.55,0.5208127648798853,12.443088842297453,12.938408608964318
78.56,0.5139184949473958,12.446627187096373,12.937190916951392
78.57000000000001,0.5063379072818308,12.450525304061996,12.935610925928051
78.58,0.49805137252546483,12.454795569574104,12.933656484846336
78.59,0.48903645610465024,12.45945203353377,12.931313772121477
78.60000000000001,0.47926751755010827,12.46451067562083,12.928567039633242
78.61,0.4687152163378718,12.469989722056441,12.92539829617622
78.62,0.4573458974401094,12.47591004082417,12.921786912379044
78.63,0.4451208201384476,12.482295639951378,12.917709122449793
78.64,0.4319951795200333,12.48917430326839,12.913137388266762
78.65,0.4179168485258452,12.496578413081213,12.908039576280304
78.66,0.40282473706773203,12.50454603147339,12.902377875353626
78.67,0.3866466149210368,12.51312234758922,12.896107347937795
78.68,0.369296165809691,12.522361655798047,12.88917394926417
78.69,0.35066890967802783,12.53233012586978,12.881511752714704
78.7,0.33063640556658497,12.543109794786494,12.87303895049773
78.71000000000001,0.3090377460080261,12.5548045176544,12.863651889876708
78.72,0.2856665959262748,12.567549211171706,12.85321580708114
78.73,0.2602505089969097,12.581524957051686,12.841549682424473
78.74,0.2324159702131716,12.596985311570414,12.82839985024569
78.75,0.20162484371470896,12.614306130436741,12.813390004479377
78.76,0.1670473817039806,12.634091313412439,12.7959150527175
78.77,0.1272759902358413,12.65743737933182,12.77487540619316
78.78,0.07962329924638759,12.686784653840757,12.747821450541599
78.79,0.02620535955473116,12.72730292463278,12.709544732912718
78.8,0.0705587289513149,12.722215662662478,12.717004052804693
78.81,0.1199417355568764,12.703904150656719,12.73775688437774
78.82000000000001,0.16079513763319023,12.687374047962567,12.756715202867543
78.83,0.1961222576834516,12.67250693226522,12.773993356200625
78.84,0.22747924550478307,12.658985774931086,12.789908638894637
78.85000000000001,0.25576586411631946,12.646575397701314,12.804697061462132
78.86,0.2815576682347485,12.635107035235892,12.818528253993252
78.87,0.3052502147652155,12.624456445987109,12.831527255008956
78.88,0.3271299156018379,12.61452938724895,12.843789023576774
78.89,0.34741246315645175,12.605252450397238,12.85538761109743
78.9,0.36626531732040946,12.596567166829107,12.866382065977316
78.91,0.38382167395851896,12.588426098062582,12.87682035355225
78.92,0.4001895668291002,12.58079016021337,12.886742040127917
78.93,0.41545803486443844,12.573626740572774,12.896180183405354
78.94,0.4297014390462319,12.56690833813278,12.905162697666135
78.95,0.4429825680187251,12.56061156049177,12.913713361529176
78.96000000000001,0.45535492511181236,12.554716369349418,12.921852576284634
78.97,0.4668644467012789,12.549205503372683,12.929597946195829
78.98,0.4775508159777962,12.544064030209238,12.936964729129244
78.99,0.4874484826164969,12.539278994300396,12.943966190965595
79.0,0.4965874646965824,12.534839136934409,12.950613887434459
79.01,0.5049939864918636,12.530734671657395,12.95691789031817
79.02,0.5126909907634135,12.526957102684461,12.96288697043417
79.03,0.5196985535748948,12.523499077204702,12.96852874654113
79.04,0.5260342224123894,12.520354264749033,12.973849807031867
79.05,0.5317132932633094,12.517517258422593,12.978855809637787
79.06,0.5367490382954093,12.514983494098582,12.983551563067278
79.07000000000001,0.5411528932502878,12.512749184512119,12.987941093657406
79.08,0.5449346114648982,12.510811265921268,12.99202769938556
79.09,0.5481023898502794,12.509167355546888,12.99581399304067
79.10000000000001,0.5506629710198045,12.507815718395612,12.999301935959576
79.11,0.5526217246855214,12.506755242457503,13.002492863344706
79.12,0.5539827109681401,12.505985421436604,13.005387502012935
79.13,0.5547487271941773,12.505506344582757,13.007985981011474
79.14,0.5549213397532318,12.505318693198031,13.010287835534136
79.15,0.5545009016769655,12.505423743764448,13.012292004194489
79.16,0.5534865566533025,12.505823377625731,13.013996819728186
79.17,0.5518762293794403,12.506520097523845,13.015399992826207
79.18,0.5496666020920307,12.507517051342012,13.016498588750677
79.19,0.5468530766193636,12.508818063662734,13.017288996127467
79.2,0.5434297208200684,12.510427676011927,13.017766887046518
79.21000000000001,0.5393891981616019,12.512351196760452,13.017927167500929
79.22,0.5347226778457166,12.514594762384958,13.017763916463752
79.23,0.5294197232729143,12.51716541167896,13.017270312013363
79.24,0.5234681548416156,12.52007117551834,13.016438541903254
79.25,0.5168538829047902,12.523321185008209,13.015259695749135
79.26,0.50956070439788,12.526925802222845,13.013723634620238
79.27,0.5015700558309097,12.530896778411302,13.011818833159232
79.28,0.49286071241844803,12.535247446400655,13.009532187493523
79.29,0.4834084201327253,12.539992955953897,13.006848780172318
79.3,0.4731854431393386,12.545150563755236,13.00375159044327
79.31,0.4621600030923761,12.550739993765035,13.000221134105244
79.32000000000001,0.4502955784314982,12.556783889420364,12.996235011428583
79.33,0.43755001924102993,12.563308387801298,12.991767332972387
79.34,0.42387441596703923,12.570343858030519,12.986787980952167
79.35000000000001,0.4092116329630587,12.57792586536933,12.98126164457019
79.36,0.39349437702749274,12.586096451655566,12.975146538462763
79.37,0.3766426061822168,12.594905869672363,12.968392666346714
79.38,0.35855997799211475,12.604414986735513,12.96093941402435
79.39,0.33912885875789,12.614698705678927,12.95271212260616
79.4,0.31820310123632983,12.62585099014681,12.943617053308145
79.41,0.2955972204522072,12.637992531700764,12.933533703036277
79.42,0.2710694685394013,12.651283001995003,12.922302520937015
79.43,0.2442939489748924,12.66594179923525,12.909704102558681
79.44,0.21481154573852643,12.682285895734461,12.895421221390164
79.45,0.18193593891278148,12.700806117183577,12.878962277644147
79.46000000000001,0.14455270069708817,12.722344031443958,12.859483700320324
79.47,0.10063337094769365,12.74859839800237,12.835281149947093
79.48,0.04661864707198177,12.784029862250211,12.801872856241888
79.49,0.04670342512817401,12.804514223879345,12.78342059902161
79.5,0.1007030732898423,12.786296897243018,12.803826999530088
79.51,0.14461070459439068,12.768937799470889,12.82337192846661
79.52,0.1819862556571019,12.753352595310588,12.841126677974563
79.53,0.21485624730056796,12.739224150256081,12.857407711887534
79.54,0.2443342426751598,12.726286642321138,12.87248151368252
79.55,0.2711061261148444,12.714348901481575,12.886540091664411
79.56,0.29563076826909884,12.703271658207893,12.899723520147814
79.57000000000001,0.31823391542138507,12.692950439592456,12.912137003999169
79.58,0.3391572175022339,12.68330466101978,12.923861786677527
79.59,0.35858609248203493,12.674270665645128,12.934962119362169
79.60000000000001,0.37666664000547356,12.665797159604775,12.945489835377135
79.61,0.3935164588841958,12.657842123912665,12.955487446920335
79.62,0.40923186535199435,12.65037066330542,12.964990303461784
79.63,0.4238928813200656,12.643353467971398,12.974028135974407
79.64,0.4375667843274601,12.636765687854604,12.982626187514754
79.65,0.4503106976561921,12.630586092048826,12.990806057844093
79.66,0.4621735209734153,12.624796429869583,12.998586345677781
79.67,0.4731973961900118,12.619380937654325,13.005983144653067
79.68,0.48341883839040645,12.61432595288926,13.013010431528013
79.69,0.4928696205692452,12.609619608770117,13.019680373590958
79.7,0.5015774741925957,12.60525159000243,13.026003574543218
79.71000000000001,0.5095666496595168,12.60121293594438,13.031989272804761
79.72,0.5168583687539046,12.597495880822414,13.037645502556263
79.73,0.5234711924650038,12.594093723422086,13.042979225147304
79.74,0.5294213217582701,12.591000720488381,13.047996436664206
79.75,0.5347228445946475,12.588211999430632,13.052702256085176
79.76,0.539387939087455,12.585723487028709,13.057100997342053
79.77,0.5434270406279643,12.583531851528601,13.061196227916568
79.78,0.5468489789963087,12.5816344561132,13.064990815997666
79.79,0.5496610899073798,12.580029322275195,13.068486967681755
79.8,0.5518693047422804,12.5787151018649,13.071686255453164
79.81,0.5534782210275219,12.577691057012048,13.074589638751576
79.82000000000001,0.5544911560023259,12.576957047201812,13.07719747735416
79.83,0.5549101844682348,12.576513523226879,13.079509537853765
79.84,0.5547361622956972,12.576361527676232,13.081524993579125
79.85000000000001,0.5539687359485368,12.576502702041225,13.083242417879067
79.86,0.5526063386096703,12.576939300437122,13.084659770777503
79.87,0.55064617245019,12.577674210416609,13.085774378524539
79.88,0.5480841768380995,12.578710981265314,13.086582905657435
79.89,0.5449149814209825,12.580053860601874,13.087081318750913
79.9,0.5411318428568207,12.581707840226425,13.08726484091519
79.91,0.5367265634322235,12.583678712477857,13.087127895783391
79.92,0.531689388814109,12.585973138930783,13.08666403915834
79.93,0.5260088820789508,12.588598733409354,13.085865876343073
79.94,0.5196717696141105,12.59156416220596,13.084724962266897
79.95,0.5126627537713319,12.594879264922737,13.08323168098869
79.96000000000001,0.5049642850245044,12.598555200679202,13.08137509983211
79.97,0.4965562848284363,12.602604625527935,13.079142792307216
79.98,0.48741580749245933,12.607041908827647,13.07652062206249
79.99,0.4775166251753401,12.611883399102096,13.07349247732867
80.0,0.46682871546536414,12.617147753141232,13.070039942081257
