time,theta_deg
0.02,0.39419900627057247
0.03,0.3923292460881096
0.04,0.39044899464241173
0.05,0.3885591054955813
0.06,0.38666061716831424
0.07,0.38475475394744
0.08,0.382842919216507
0.09,0.38092669631984455
0.1,0.37900784986080444
0.11,0.377088326755505
0.12,0.37517025700653583
0.13,0.37325595422650665
0.14,0.37134791591073046
0.15,0.36944882345204944
0.16,0.3675615418555974
0.17,0.3656891191144785
0.18,0.3638348118781905
0.19,0.3620021251443245
0.2,0.3601946554463672
0.21,0.3584162772959957
0.22,0.35667106653282105
0.23,0.3549633065438986
0.24,0.3532974962331864
0.25,0.35167835702361727
0.26,0.35011083957122996
0.27,0.3486001300284347
0.28,0.3471516556220275
0.29,0.34577108934284273
0.3,0.3444643534173214
0.31,0.3432376213300067
0.32,0.34209731775910945
0.33,0.34105011573529
0.34,0.3401029833815183
0.35000000000000003,0.339263144879209
0.36,0.3385381033929951
0.37,0.3379356388675549
0.38,0.33746380209040167
0.39,0.33713091970098025
0.4,0.33694560114791317
0.41000000000000003,0.33691674725850407
0.42,0.33705355969870643
0.43,0.3373655507085258
0.44,0.3378625512610354
0.45,0.3385545907050578
0.46,0.33945205770969916
0.47000000000000003,0.3405657774236553
0.48,0.3419068352457677
0.49,0.3434867157663982
0.5,0.345317300733716
0.51,0.34741091977334065
0.52,0.34978042730647446
0.53,0.3524392995645598
0.54,0.35540156806164225
0.55,0.3586820379847611
0.56,0.36229648959624855
0.5700000000000001,0.3662616954960373
0.58,0.37059567682827377
0.59,0.37531794144136127
0.6,0.38044983695868717
0.61,0.38601477369359394
0.62,0.39203876891216694
0.63,0.398550969470547
0.64,0.40558425142352145
0.65,0.4131760576138804
0.66,0.4213693328577547
0.67,0.4302137082246978
0.68,0.43976695786557435
0.6900000000000001,0.45009672574348303
0.7000000000000001,0.46128273988567103
0.71,0.47341938595836336
0.72,0.48661897311835706
0.73,0.5010156818421287
0.74,0.5167703247949135
0.75,0.5340762747542498
0.76,0.5531663831674376
0.77,0.5743215973255996
0.78,0.5978810133129133
0.79,0.6242538605525638
0.8,0.6539335036497456
0.81,0.6875135290648643
0.8200000000000001,0.725706007478548
0.8300000000000001,0.7693617294768711
0.84,0.8194917924505349
0.85,0.8772904210890462
0.86,0.9441566119931782
0.87,1.0217138368146905
0.88,1.11182276271908
0.89,1.2165841843924234
0.9,1.3383204684245622
0.91,1.4795256119463107
0.92,1.642763878882721
0.93,1.8304887577338604
0.9400000000000001,2.0447478916646675
0.9500000000000001,2.286732708192522
0.96,2.5561331955779045
0.97,2.8502925584967658
0.98,3.1632208794981076
0.99,3.4846655161014777
1.0,3.7996200744929607
1.01,4.088839025066858
1.02,4.3309534335846624
1.03,4.506520027925522
1.04,4.603890495041579
1.05,4.627077959139117
1.06,4.6098287676897876
1.07,4.659804754256696
1.08,5.16287803532779
1.09,8.219527423033423
1.1,128.471125550284
1.11,139.71643313634416
1.12,24.379941806864302
1.1300000000000001,7.61354149397899
1.1400000000000001,7.9990583712803
1.1500000000000001,10.885425052819496
1.16,15.029675826898574
1.17,18.83909928704307
1.18,19.50130824092878
1.19,16.78039676484063
1.2,13.86208141180056
1.21,12.778572452951192
1.22,13.066225315280732
1.23,13.462229621760054
1.24,13.183190642506341
1.25,12.126708196517976
1.26,10.600705496253186
1.27,8.980291363634008
1.28,7.529721802035574
1.29,6.388926431469865
1.3,5.613898241312853
1.31,5.198582995171509
1.32,5.07623326405238
1.33,5.134893208671633
1.34,5.254638510320634
1.35,5.340702051175187
1.36,5.339231844837669
1.37,5.23948643400626
1.3800000000000001,5.066953768414776
1.3900000000000001,4.870729102810041
1.4000000000000001,4.709281586241012
1.41,4.638071425644111
1.42,4.700863488138351
1.43,4.926339838398737
1.44,5.331438823014774
1.45,5.930189263185232
1.46,6.744071979476518
1.47,7.810473959663778
1.48,9.186836041429782
1.49,10.9437270995762
1.5,13.123896946868358
1.51,15.615339356877223
1.52,17.908447266622566
1.53,19.01043383654188
1.54,18.14873195685195
1.55,15.718202470545592
1.56,12.83388480663126
1.57,10.270708775511968
1.58,8.252410475194957
1.59,6.729551728920283
1.6,5.587715505341993
1.61,4.723419260773696
1.62,4.058997560617527
1.6300000000000001,3.539449249764886
1.6400000000000001,3.1263586890025876
1.6500000000000001,2.7927759909072964
1.6600000000000001,2.519568678604879
1.67,2.2929467716635745
1.68,2.1028144559577346
1.69,1.9416634782333857
1.7,1.80382799809549
1.71,1.6849717580423058
1.72,1.581733665535278
1.73,1.4914769511181913
1.74,1.412109548836254
1.75,1.3419552227595106
1.76,1.2796570839373609
1.77,1.2241070890357086
1.78,1.174393246623159
1.79,1.1297582376483069
1.8,1.0895691049344496
1.81,1.0532924791943086
1.82,1.0204769237806324
1.83,0.990736835036858
1.84,0.9637417468600561
1.85,0.9392063233254637
1.86,0.9168835856606452
1.87,0.8965578743978881
1.8800000000000001,0.8780407792100163
1.8900000000000001,0.8611663817175145
1.9000000000000001,0.8457886736206703
1.9100000000000001,0.8317779955912471
1.92,0.8190193845913908
1.93,0.8074102310783736
1.94,0.7968589499084939
1.95,0.7872835151438371
1.96,0.7786101718093801
1.97,0.7707727688447946
1.98,0.7637114951508782
1.99,0.7573725002584498
2.0,0.7517072920491583
2.0100000000000002,0.7466717320938769
2.02,0.7422261063982525
2.0300000000000002,0.7383344533172835
2.04,0.7349640681254881
2.05,0.732085462789824
2.06,0.7296720609999868
2.07,0.7276995450148518
2.08,0.7261461105462426
2.09,0.7249920663785346
2.1,0.7242195609159557
2.11,0.7238125281225197
2.12,0.7237566278708968
2.13,0.7240389064579273
2.14,0.7246477291024327
2.15,0.7255727957176032
2.16,0.7268049866240833
2.17,0.7283361153697144
2.18,0.730158955884831
2.19,0.7322672590005139
2.2,0.734655701746072
2.21,0.7373195345302791
2.22,0.7402546182731845
2.23,0.7434576167308281
2.24,0.7469258005993211
2.25,0.7506569229643844
2.2600000000000002,0.7546491308671733
2.27,0.7589010157000103
2.2800000000000002,0.7634116383323215
2.29,0.768180528243727
2.3000000000000003,0.7732076552519485
2.31,0.7784929237944201
2.32,0.7840365784709122
2.33,0.7898393184064978
2.34,0.7959020605640555
2.35,0.8022260011053118
2.36,0.8088123754137992
2.37,0.8156625348032316
2.38,0.822778009253381
2.39,0.8301605539924386
2.4,0.8378121777318478
2.41,0.8457351503982071
2.42,0.8539319861022381
2.43,0.8624044945260982
2.44,0.8711549666974493
2.45,0.8801864147597148
2.46,0.8895016490984938
2.47,0.8991037918850298
2.48,0.9089959239181804
2.49,0.9191812652488401
2.5,0.9296633232626179
2.5100000000000002,0.9404460014393016
2.52,0.9515336620333719
2.5300000000000002,0.9629311361333251
2.54,0.9746434396184902
2.5500000000000003,0.9866748976052019
2.56,0.9990320228519991
2.57,1.0117212561324638
2.58,1.0247498990287935
2.59,1.038125625503654
2.6,1.0518568703729567
2.61,1.0659531979889638
2.62,1.0804255220133008
2.63,1.0952861558234004
2.64,1.1105481432891158
2.65,1.126225650393082
2.66,1.142335520181486
2.67,1.1588965069222015
2.68,1.1759290617500087
2.69,1.1934556267790044
2.7,1.2115016797689346
2.71,1.2300962785808052
2.72,1.24927191022706
2.73,1.2690630979854107
2.74,1.2895096020759873
2.75,1.310656307011233
2.7600000000000002,1.332552628868322
2.77,1.3552529104256992
2.7800000000000002,1.3788186910487823
2.79,1.4033195703550645
2.8000000000000003,1.4288313861627102
2.81,1.4554387718683894
2.82,1.4832378633859924
2.83,1.5123347421842577
2.84,1.5428468425538073
2.85,1.5749077070544124
2.86,1.608666568622985
2.87,1.6442874989665355
2.88,1.6819579252141277
2.89,1.7218865027527415
2.9,1.7643067355657336
2.91,1.809485080274377
2.92,1.857718656158594
2.93,1.9093450368737113
2.94,1.9647474272689753
2.95,2.0243588667889316
2.96,2.088678423284832
2.97,2.1582713754729688
2.98,2.2337917796584454
2.99,2.3159904627212864
3.0,2.4057356473957454
3.0100000000000002,2.504046754712782
3.02,2.6121005785545197
3.0300000000000002,2.7312889170294623
3.04,2.863249226834643
3.0500000000000003,3.0099209105760107
3.06,3.173609445331572
3.0700000000000003,3.357062371079915
3.08,3.563557534561969
3.09,3.7969988453186496
3.1,4.06200834448842
3.11,4.363988488995879
3.12,4.709101487582688
3.13,5.104062806109209
3.14,5.55556657071447
3.15,6.069036640508157
3.16,6.64625896604968
3.17,7.281392418665393
3.18,7.955152440799133
3.19,8.628171002065937
3.2,9.236988153877531
3.21,9.698956558239688
3.22,9.931452280973383
3.23,9.881783000320198
3.24,9.551154848423149
3.25,8.994887768210981
3.2600000000000002,8.298509113193337
3.27,7.547342706592456
3.2800000000000002,6.806667628783339
3.29,6.116535103222672
3.3000000000000003,5.495894352713113
3.31,4.949564007849147
3.3200000000000003,4.47438398819642
3.33,4.063463237505457
3.34,3.7087067029918646
3.35,3.4021465221549274
3.36,3.1365478321122984
3.37,2.905615832728019
3.38,2.7040018936827
3.39,2.527220294215574
3.4,2.371533561071222
3.41,2.233835470812683
3.42,2.1115441934556145
3.43,2.002509495744213
3.44,1.9049351969339046
3.45,1.8173154934150177
3.46,1.7383820535185894
3.47,1.6670621951189264
3.48,1.6024438659460858
3.49,1.543748730440541
3.5,1.4903083364134089
3.5100000000000002,1.4415466378407389
3.52,1.3969644188151822
3.5300000000000002,1.3561282594160877
3.54,1.3186581597748102
3.5500000000000003,1.2842223041312832
3.56,1.2525268074535378
3.5700000000000003,1.2233129988688562
3.58,1.1963524257747993
3.59,1.1714394022699286
3.6,1.1483926672998188
3.61,1.1270499707637531
3.62,1.1072640526129143
3.63,1.088903557719269
3.64,1.0718529167258857
3.65,1.0560049945824113
3.66,1.0412628848967722
3.67,1.0275415457661523
3.68,1.01476289760778
3.69,1.0028560314503836
3.7,0.9917573601488859
3.71,0.9814104231312633
3.72,0.9717630027180961
3.73,0.9627681633403932
3.74,0.9543844997370861
3.75,0.946574474712653
3.7600000000000002,0.939304208737558
3.77,0.9325435827016576
3.7800000000000002,0.9262662619441386
3.79,0.9204489651353721
3.8000000000000003,0.9150702559502831
3.81,0.9101123485738125
3.8200000000000003,0.9055597124705289
3.83,0.9013989936037117
3.84,0.8976186926075134
3.85,0.894209305386052
3.86,0.8911633723866503
3.87,0.8884754356729044
3.88,0.8861411828491127
3.89,0.884157035532956
3.9,0.8825219382394671
3.91,0.8812356334870954
3.92,0.8802991369677758
3.93,0.8797143089651618
3.94,0.8794839406010769
3.95,0.8796118070948814
3.96,0.8801026871359436
3.97,0.8809623490401237
3.98,0.8821973778236006
3.99,0.8838135260665033
4.0,0.8858185454670714
4.01,0.8882203579092727
4.0200000000000005,0.8910273858519023
4.03,0.8942483597932158
4.04,0.897892177305013
4.05,0.9019679475354806
4.0600000000000005,0.9064850175886977
4.07,0.9114529788370122
4.08,0.9168816512370358
4.09,0.9227810438521225
4.1,0.9291605316504905
4.11,0.9360287924761543
4.12,0.9433956639818539
4.13,0.9512697233487227
4.14,0.9596602073152809
4.15,0.9685754804506598
4.16,0.9780231329808827
4.17,0.9880100902372686
4.18,0.9985426957243735
4.19,1.0096267613340797
4.2,1.0212675783088752
4.21,1.0334698827871351
4.22,1.0462377700731993
4.23,1.0595744169392336
4.24,1.0734779472253306
4.25,1.0879495397027295
4.26,1.102989453745455
4.2700000000000005,1.1185950734790584
4.28,1.1347628125354905
4.29,1.1514876285307853
4.3,1.1687632486110175
4.3100000000000005,1.186582302079379
4.32,1.2049363180371797
4.33,1.2238146411802382
4.34,1.2432056504498339
4.3500000000000005,1.263096808610472
4.36,1.283475045305632
4.37,1.3043257525418577
4.38,1.3256333655441297
4.39,1.3473822905046053
4.4,1.369557597481683
4.41,1.3921454004860834
4.42,1.4151307078964055
4.43,1.4385001705319715
4.44,1.4622443359595587
4.45,1.486355675310392
4.46,1.5108297110880464
4.47,1.535666730956228
4.48,1.5608736539490973
4.49,1.586464010750165
4.5,1.612457400323076
4.51,1.6388846770177763
4.5200000000000005,1.6657880073119304
4.53,1.6932202295320495
4.54,1.72124795961862
4.55,1.7499559718709825
4.5600000000000005,1.7794487065643236
4.57,1.8098445571270467
4.58,1.8412897583070142
4.59,1.8739547909298975
4.6000000000000005,1.908036464013056
4.61,1.9437636197542696
4.62,1.9814013667712425
4.63,2.0212490559628953
4.64,2.0636519451412942
4.65,2.1090010095562906
4.66,2.1577407885979962
4.67,2.2103746544480036
4.68,2.2674725684663537
4.69,2.3296794403738312
4.7,2.39772472785616
4.71,2.472433512679515
4.72,2.5547391215049364
4.73,2.645697079468771
4.74,2.7465002817639546
4.75,2.858494551528546
4.76,2.9831933894845295
4.7700000000000005,3.1222889559187883
4.78,3.277655764804533
4.79,3.4513385333471454
4.8,3.6455145932758657
4.8100000000000005,3.8624121179023305
4.82,4.104157539117923
4.83,4.372521401629236
4.84,4.66850823000875
4.8500000000000005,4.991754992218962
4.86,5.339689587535245
4.87,5.706477064565238
4.88,6.081881854217214
4.89,6.450358642522922
4.9,6.790932322114946
4.91,7.078520478179775
4.92,7.287170365315385
4.93,7.394934307703686
4.94,7.389047259215362
4.95,7.269385557480416
4.96,7.048606720207612
4.97,6.748897122628602
4.98,6.396823766054839
4.99,6.018339144444076
5.0,5.635360538119997
5.01,5.264285405309446
5.0200000000000005,4.916020560476644
5.03,4.5968516307175635
5.04,4.309583023184787
5.05,4.05460860510516
5.0600000000000005,3.8307673715166226
5.07,3.6359626926876665
5.08,3.4675796662814187
5.09,3.322752440704793
5.1000000000000005,3.1985302676889797
5.11,3.0919804516370473
5.12,3.0002550314201986
5.13,2.9206382931830523
5.14,2.8505848327994547
5.15,2.7877524524012705
5.16,2.7300319748258737
5.17,2.675573903610997
5.18,2.6228100136156955
5.19,2.570471561351534
5.2,2.517601252058909
5.21,2.463563357127671
5.22,2.4080504545814985
5.23,2.3510969953670324
5.24,2.2931049619874893
5.25,2.2349000958650627
5.26,2.177844994777096
5.2700000000000005,2.1240557758838103
5.28,2.076797028238904
5.29,2.041169085994139
5.3,2.0252281145719917
5.3100000000000005,2.0416188687055854
5.32,2.1094898827891124
5.33,2.255735201449209
5.34,2.5138244598476502
5.3500000000000005,2.918826567505437
5.36,3.4990887857215034
5.37,4.26716103957218
5.38,5.221084372762855
5.39,6.417746149185668
5.4,8.490595830984994
5.41,19.308969674105256
5.42,133.65747291962987
5.43,131.19358518802528
5.44,10.613273194770569
5.45,5.856318390648601
5.46,4.760721433253102
5.47,4.1843424914182785
5.48,3.771591874127485
5.49,3.481021879530888
5.5,3.305330286083708
5.51,3.2295152595728065
5.5200000000000005,3.231911505912985
5.53,3.2907973491327907
5.54,3.3882130600771854
5.55,3.5107682116515613
5.5600000000000005,3.649044273055591
5.57,3.796765781455035
5.58,3.950207244032916
5.59,4.107904511852302
5.6000000000000005,4.270593773458378
5.61,4.441275116871189
5.62,4.6253076079238955
5.63,4.830465896271933
5.64,5.066899790897674
5.65,5.346961234277864
5.66,5.684822777489882
5.67,6.095800960555779
5.68,6.59513669415687
5.69,7.195821748482317
5.7,7.904807272173865
5.71,8.716893732544047
5.72,9.606304083391077
5.73,10.518222810099596
5.74,11.366464979663272
5.75,12.045572377818605
5.76,12.459131785041079
5.7700000000000005,12.55065733333757
5.78,12.31667640193826
5.79,11.797959579091758
5.8,11.06269477722824
5.8100000000000005,10.191285877994181
5.82,9.262467479264284
5.83,8.341428009824035
5.84,7.4734386900544365
5.8500000000000005,6.68396036095688
5.86,5.982847959411379
5.87,5.369639182771547
5.88,4.838081974448601
5.89,4.379316063319174
5.9,3.983823975582145
5.91,3.64249065508987
5.92,3.3470957463082907
5.93,3.09047937354484
5.94,2.866533853508364
5.95,2.6701149845470344
5.96,2.4969227546055115
5.97,2.343376626783434
5.98,2.2065031458936706
5.99,2.0838317287148196
6.0,1.9733096164404604
6.01,1.8732279689641618
6.0200000000000005,1.7821638194717773
6.03,1.6989255601523756
6.04,1.6225154489987488
6.05,1.552095389357305
6.0600000000000005,1.4869575597655513
6.07,1.4265037344317957
6.08,1.3702248495948814
6.09,1.3176881012928614
6.1000000000000005,1.268521770612636
6.11,1.2224071705277884
6.12,1.1790683696081707
6.13,1.1382669084878108
6.140000000000001,1.099794572879674
6.15,1.06346930122802
6.16,1.0291311614763972
6.17,0.996638631124881
6.18,0.9658667914281622
6.19,0.9367036720658084
6.2,0.9090495044130774
6.21,0.8828143926893847
6.22,0.8579172156443317
6.23,0.834284576878228
6.24,0.8118493943507582
6.25,0.7905505994838803
6.26,0.7703320155447625
6.2700000000000005,0.7511417671444873
6.28,0.7329322140654608
6.29,0.7156589297353751
6.3,0.6992803995130435
6.3100000000000005,0.6837580792559923
6.32,0.669055694152432
6.33,0.6551389092394597
6.34,0.6419754563164726
6.3500000000000005,0.6295349636911778
6.36,0.617788163577205
6.37,0.606707225855949
6.38,0.5962656932766011
6.390000000000001,0.5864381498207916
6.4,0.5771999791618501
6.41,0.5685274724601076
6.42,0.5603978690876994
6.43,0.5527892568312159
6.44,0.5456800011432731
6.45,0.5390492216706738
6.46,0.5328767436372029
6.47,0.5271429233546036
6.48,0.521828530717503
6.49,0.5169147878776358
6.5,0.5123834440472537
6.51,0.5082168045293057
6.5200000000000005,0.5043977157968053
6.53,0.5009092259138864
6.54,0.49773481518867385
6.55,0.4948586872616299
6.5600000000000005,0.4922653848882616
6.57,0.4899399128647177
6.58,0.48786770292611187
6.59,0.48603466923470673
6.6000000000000005,0.48442724419618877
6.61,0.48303239595745284
6.62,0.481837620228341
6.63,0.4808306882051399
6.640000000000001,0.48000002844778045
6.65,0.47933459283619617
6.66,0.478823862525025
6.67,0.4784578202443672
6.68,0.47822693592881566
6.69,0.47812220378627257
6.7,0.47813516905335796
6.71,0.47825794503193964
6.72,0.47848322093630774
6.73,0.47880426111726937
6.74,0.47921473733985553
6.75,0.47970884721022444
6.76,0.48028157399675775
6.7700000000000005,0.48092835335344697
6.78,0.4816452729663243
6.79,0.48242895163512656
6.8,0.4832765929516887
6.8100000000000005,0.48418602875991573
6.82,0.4851557518743882
6.83,0.4861849380823621
6.84,0.48727345734038385
6.8500000000000005,0.48842187416639965
6.86,0.4896313647288671
6.87,0.4909037532430485
6.88,0.4922419469609102
6.890000000000001,0.4936494850651769
6.9,0.4951307768720936
6.91,0.4966910693656781
6.92,0.4983365439608848
6.93,0.5000743881647629
6.94,0.5019128363865957
6.95,0.5038611736227036
6.96,0.5059297715101572
6.97,0.508130265716634
6.98,0.5104755533095601
6.99,0.5129800107241819
7.0,0.5156593006146081
7.01,0.5185306204577649
7.0200000000000005,0.5216129070127159
7.03,0.5249269381495516
7.04,0.5284953255797226
7.05,0.5323425571219678
7.0600000000000005,0.536495447624911
7.07,0.5409831474585542
7.08,0.5458374036545524
7.09,0.5510924980750931
7.1000000000000005,0.5567857924632511
7.11,0.5629580334162663
7.12,0.5696533376060052
7.13,0.5769196417401143
7.140000000000001,0.5848092131950585
7.15,0.593379108772778
7.16,0.6026912803815094
7.17,0.6128136879926324
7.18,0.6238208818968296
7.19,0.6357944202845721
7.2,0.6488242624341749
7.21,0.663009861689228
7.22,0.6784610771200477
7.23,0.6953005501151313
7.24,0.713665040024552
7.25,0.7337079508151481
7.26,0.7556023964204636
7.2700000000000005,0.7795442137502938
7.28,0.8057569446017969
7.29,0.8344963339569401
7.3,0.8660573735867427
7.3100000000000005,0.9007819541683375
7.32,0.9390695292994473
7.33,0.9813893959506155
7.34,1.0282971983407294
7.3500000000000005,1.0804558775714759
7.36,1.1386625596053763
7.37,1.2038836597889742
7.38,1.2773020354006812
7.390000000000001,1.36037881177148
7.4,1.4549374645285664
7.41,1.5632803356736737
7.42,1.6883483653029174
7.43,1.8339495029431478
7.44,2.0050858833707013
7.45,2.2084348659171007
7.46,2.4530686504139405
7.47,2.751558195350883
7.48,3.121702041779995
7.49,3.589309629246395
7.5,4.192780295638479
7.51,4.990798611601973
7.5200000000000005,6.075363260922271
7.53,7.593260769098253
7.54,9.776889884247563
7.55,12.963525343534299
7.5600000000000005,17.477947536016583
7.57,23.00471819825273
7.58,27.56469479811273
7.59,28.684012910330146
7.6000000000000005,25.807173649048373
7.61,20.48612821162856
7.62,15.295449848160992
7.63,11.39560578829353
7.640000000000001,8.697034434708664
7.65,6.839614110810219
7.66,5.533474077938659
7.67,4.588711791810787
7.68,3.8860185075637834
7.69,3.3499762364319765
7.7,2.931861421896761
7.71,2.5993603489214823
7.72,2.330471255260129
7.73,2.109837720517894
7.74,1.9264943461483635
7.75,1.772447485111447
7.76,1.6417599052773275
7.7700000000000005,1.5299461338532292
7.78,1.4335652215289505
7.79,1.3499400559303174
7.8,1.2769612734176792
7.8100000000000005,1.2129469614260393
7.82,1.1565416846593635
7.83,1.1066420299430684
7.84,1.062341256919413
7.8500000000000005,1.0228880566501528
7.86,0.9876545848263638
7.87,0.9561122342340089
7.88,0.927812998671918
7.890000000000001,0.9023743932220535
7.9,0.8794679735569858
7.91,0.8588100507400688
7.92,0.840154241292328
7.930000000000001,0.8232854802274737
7.94,0.8080150942274686
7.95,0.7941769692034802
7.96,0.781624109631775
7.97,0.770226049791766
7.98,0.7598665128983381
7.99,0.7504416355905537
8.0,0.7418582634970073
8.01,0.7340327239644293
8.02,0.726889560083628
8.03,0.7203607168149498
8.040000000000001,0.7143845855831272
8.05,0.708905326256965
8.06,0.7038722946411718
8.07,0.6992393905866215
8.08,0.6949647321394791
8.09,0.6910101545598354
8.1,0.6873408751218333
8.11,0.6839251732555701
8.120000000000001,0.6807341482751106
8.13,0.6777413880209955
8.14,0.6749228676987531
8.15,0.6722566731352577
8.16,0.6697228511011264
8.17,0.6673032604825464
8.18,0.6649814433536438
8.19,0.6627424810365021
8.2,0.6605728804775234
8.21,0.6584605289123647
8.22,0.6563945432049851
8.23,0.6543651821156085
8.24,0.6523638935929259
8.25,0.6503830605672509
8.26,0.6484161115849815
8.27,0.6464573630619843
8.28,0.644502016656662
8.290000000000001,0.6425461268374946
8.3,0.6405865263295916
8.31,0.6386207446790001
8.32,0.6366471802867736
8.33,0.6346648126594104
8.34,0.6326733289818778
8.35,0.6306730760619338
8.36,0.628665022006658
8.370000000000001,0.6266507625288577
8.38,0.6246325056104765
8.39,0.6226130388169704
8.4,0.6205956801628902
8.41,0.6185843741131172
8.42,0.6165837308600747
8.43,0.6145987506139348
8.44,0.612635115873956
8.45,0.6106990563181589
8.46,0.6087973913242279
8.47,0.606937543567752
8.48,0.6051275421401853
8.49,0.6033760151968663
8.5,0.601692172624709
8.51,0.6000859750531853
8.52,0.5985681348554047
8.53,0.5971498802930454
8.540000000000001,0.5958433154203947
8.55,0.5946612702214455
8.56,0.593617396738286
8.57,0.5927262338431245
8.58,0.5920032546934629
8.59,0.5914648951920253
8.6,0.591128561597861
8.61,0.5910126154707989
8.620000000000001,0.5911363535232533
8.63,0.5915210871260889
8.64,0.5921890383585516
8.65,0.5931632621112921
8.66,0.5944688095442273
8.67,0.5961321105871114
8.68,0.5981812752004868
8.69,0.600646193579755
8.700000000000001,0.6035585620967598
8.71,0.6069518297766351
8.72,0.6108618138438866
8.73,0.6153268728812141
8.74,0.6203871127654293
8.75,0.6260856053434591
8.76,0.6324680839745311
8.77,0.6395833202121315
8.78,0.647483205138197
8.790000000000001,0.6562226798314444
8.8,0.6658609986936318
8.81,0.6764609898466175
8.82,0.6880897133903137
8.83,0.7008189448475396
8.84,0.7147255723391764
8.85,0.7298917589621456
8.86,0.7464053349401754
8.870000000000001,0.7643612609818139
8.88,0.7838606875409775
8.89,0.8050126118772366
8.9,0.82793429277299
8.91,0.852751426450844
8.92,0.8795994221257283
8.93,0.9086239486722891
8.94,0.9399811608701278
8.950000000000001,0.9738389770291007
8.96,1.0103769421726303
8.97,1.0497873613282065
8.98,1.0922752195066563
8.99,1.1380581311115934
9.0,1.187366454838004
9.01,1.2404420620780927
9.02,1.2975382874666646
9.03,1.3589171965034184
9.040000000000001,1.4248480850716074
9.05,1.4956048659586372
9.06,1.5714632661643495
9.07,1.6526983887273112
9.08,1.7395838659494665
9.09,1.8323955770481826
9.1,1.9314212603506715
9.11,2.036986496824564
9.120000000000001,2.1495057870442382
9.13,2.269580632356396
9.14,2.3981826362145986
9.15,2.536985584456683
9.16,2.6889761605794456
9.17,2.8595839927505153
9.18,3.058833837008103
9.19,3.305591989342136
9.200000000000001,3.6363717593590636
9.21,4.1248480462230805
9.22,4.929451128340923
9.23,6.428332214889579
9.24,9.707655056891566
9.25,19.11530563660973
9.26,55.326934401594066
9.27,75.44193038192238
9.28,50.1959014024719
9.290000000000001,23.025831299786823
9.3,12.900108673380194
9.31,8.948196175977117
9.32,7.175034095425954
9.33,6.301705273729299
9.34,5.799010894629388
9.35,5.425845592449844
9.36,5.078343447635554
9.370000000000001,4.722871310457899
9.38,4.360919699978564
9.39,4.009495490374045
9.4,3.6906640272887175
9.41,3.427074259372532
9.42,3.2410171338244065
9.43,3.1543383508925875
9.44,3.1860665157859445
9.450000000000001,3.345392271840149
9.46,3.6209227321312434
9.47,3.970669068311558
9.48,4.318173315774425
9.49,4.561240572071249
9.5,4.602984383220165
9.51,4.457442415314339
9.52,172.982141994698
9.53,174.39723236684716
9.540000000000001,3.9594356586697126
9.55,3.560200718133925
9.56,3.614968814079826
9.57,3.569055355875194
9.58,3.468962570454487
9.59,3.34759684267835
9.6,3.223838763205231
9.61,3.1076468454006334
9.620000000000001,3.003634849988196
9.63,2.9133539237047774
9.64,2.8366962089894345
9.65,2.7727275184577524
9.66,2.7201620638702697
9.67,2.6776194448322386
9.68,2.6437551808150657
9.69,2.6173194964121924
9.700000000000001,2.59717833364273
9.71,2.5823154326922264
9.72,2.5718268414670646
9.73,2.564912676999699
9.74,2.5608704559356523
9.75,2.5590897587660453
9.76,2.559049705146514
9.77,2.5603188415312976
9.78,2.5625567840964845
9.790000000000001,2.5655176309460255
9.8,2.5690544924588283
9.81,2.5731252285604667
9.82,2.577798209512969
9.83,2.5832584025853143
9.84,2.589815275922077
9.85,2.597909044938534
9.86,2.6081204597832968
9.870000000000001,2.6211788550377664
9.88,2.6379753948797076
9.89,2.659581904052985
9.9,2.6872640628913667
9.91,2.722516233307751
9.92,2.767092120794209
9.93,2.8230586498875065
9.94,2.892856407695775
9.950000000000001,2.9793894261104215
9.96,3.0861488736783627
9.97,3.217367341731788
9.98,3.3782437138294257
9.99,3.575239224447661
10.0,3.8164762763358535
10.01,4.11227310284642
10.02,4.475830549894602
10.03,4.9240731070892085
10.040000000000001,5.478541022006655
10.05,6.16599007250576
10.06,7.017749419538319
10.07,8.065590516333641
10.08,9.329532104429102
10.09,10.790513873632566
10.1,12.344091872219709
10.11,13.755147733700126
10.120000000000001,14.682085376673395
10.13,14.837086607327814
10.14,14.18861563418018
10.15,12.980035658665637
10.16,11.54437115166643
10.17,10.131960454113214
10.18,8.868202918641094
10.19,7.789473226607951
10.200000000000001,6.887571363569434
10.21,6.138123311503233
10.22,5.514258633995051
10.23,4.991881468907807
10.24,4.551056485563335
10.25,4.17586461492135
10.26,3.853780860278747
10.27,3.574992763038086
10.28,3.331802549306853
10.290000000000001,3.1181434139669215
10.3,2.9292047286052196
10.31,2.7611435391794568
10.32,2.61086611330487
10.33,2.4758634608777244
10.34,2.3540833414413824
10.35,2.2438340976537874
10.36,2.1437128055698724
10.370000000000001,2.0525448419032415
10.38,1.9693409885563617
10.39,1.8932641488662472
10.4,1.8235987652988022
10.41,1.759731611663208
10.42,1.7011334646360943
10.43,1.6473458103001075
10.44,1.5979686180581312
10.450000000000001,1.552652010615413
10.46,1.511088103588314
10.47,1.4730065875979785
10.48,1.4381662472366925
10.49,1.4063546390063988
10.5,1.3773808332135087
10.51,1.351075269356776
10.52,1.3272866584591534
10.53,1.305877276767071
10.540000000000001,1.286725225733234
10.55,1.2697197566577993
10.56,1.2547603764959887
10.57,1.2417581197717609
10.58,1.2306320769262955
10.59,1.22130806498558
10.6,1.2137211835335469
10.61,1.2078127362321176
10.620000000000001,1.2035294935154397
10.63,1.2008248650514886
10.64,1.1996595382722948
10.65,1.1999980658702232
10.66,1.201810166473162
10.67,1.2050724421335142
10.68,1.2097678354548294
10.69,1.2158830050800948
10.700000000000001,1.223410197858141
10.71,1.2323492242858942
10.72,1.2427084987598023
10.73,1.254502983620157
10.74,1.267748880304635
10.75,1.2824792178877806
10.76,1.2987328792001236
10.77,1.316558564688488
10.78,1.33601732628796
10.790000000000001,1.3571839332493971
10.8,1.3801459587999136
10.81,1.405009288663048
10.82,1.4318982171160815
10.83,1.4609586746927943
10.84,1.4923631612376407
10.85,1.5263120740136276
10.86,1.563041251771111
10.870000000000001,1.6028259770318114
10.88,1.6459897481775265
10.89,1.6929115376257904
10.9,1.7440380240445628
10.91,1.7998947777684828
10.92,1.861106011388517
10.93,1.928411405095585
10.94,2.002695876179026
10.950000000000001,2.0850171181612396
10.96,2.176656528053492
10.97,2.2791634244414865
10.98,2.3944344081162012
10.99,2.5247973365229073
11.0,2.673147434469772
11.01,2.8430949791499964
11.02,3.039195596632841
11.03,3.267246454559288
11.040000000000001,3.5346817449685206
11.05,3.8511205095511736
11.06,4.22908421676679
11.07,4.684928973844625
11.08,5.239957852493245
11.09,5.921516564370039
11.1,6.763389563913762
11.11,7.803665179249188
11.120000000000001,9.075806674863305
11.13,10.584846820146957
11.14,12.259289173358432
11.15,13.886291504375581
11.16,15.094819226490902
11.17,15.497790321931127
11.18,14.961057380714333
11.19,13.71175312508575
11.200000000000001,12.145033373698148
11.21,10.580587422227069
11.22,9.18242922810728
11.23,7.998496199669874
11.24,7.019028996933738
11.25,6.21416181771343
11.26,5.551493696213901
11.27,5.002480367580294
11.28,4.54388367430897
11.290000000000001,4.157399003330845
11.3,3.8287837207532087
11.31,3.5469774264496587
11.32,3.3033618381883225
11.33,3.0911805757498545
11.34,2.9050975684339613
11.35,2.740864010386569
11.36,2.595071511075489
11.370000000000001,2.4649633345835897
11.38,2.3482902929945273
11.39,2.2432121215233107
11.4,2.148203015862734
11.41,2.0619963259802385
11.42,1.9835336981028224
11.43,1.9119229501676323
11.44,1.8464111653764816
11.450000000000001,1.7863567724524863
11.46,1.7312145239974934
11.47,1.6805141861283537
11.48,1.633852825539697
11.49,1.5908798754491467
11.5,1.5512938747444243
11.51,1.514829578000365
11.52,1.481256861519151
11.53,1.4503733668413288
11.540000000000001,1.4220001668148636
11.55,1.395982196400319
11.56,1.3721795771223047
11.57,1.3504696522403543
11.58,1.3307442168312311
11.59,1.3129055399188685
11.6,1.2968673072743908
11.61,1.2825548034231582
11.620000000000001,1.269898538025686
11.63,1.2588383927184912
11.64,1.249321814442745
11.65,1.2413016801852226
11.66,1.2347366175064793
11.67,1.229592108358073
11.68,1.2258393042610989
11.69,1.223452307370464
11.700000000000001,1.2224118763047074
11.71,1.22270491114788
11.72,1.224322283996435
11.73,1.2272589619075842
11.74,1.2315161064730715
11.75,1.23710239409168
11.76,1.2440340323211265
11.77,1.2523276046916079
11.78,1.2620106609152293
11.790000000000001,1.2731199373222426
11.8,1.2856985564034515
11.81,1.2997989797822962
11.82,1.3154856057648088
11.83,1.3328346498203691
11.84,1.3519335959464105
11.85,1.3728874017503792
11.86,1.39581705325161
11.870000000000001,1.420862611384604
11.88,1.4481885750420342
11.89,1.4779836719689323
11.9,1.510467569187681
11.91,1.5458953043898078
11.92,1.5845624279244523
11.93,1.6268147771737025
11.94,1.6730540576962676
11.950000000000001,1.7237520691908514
11.96,1.7794620379143917
11.97,1.8408380386446854
11.98,1.908654105746792
11.99,1.9838326934716477
12.0,2.0674786540210346
12.01,2.1609247266657947
12.02,2.265787558572622
12.030000000000001,2.384041070299087
12.040000000000001,2.51812197089217
12.05,2.67105276489348
12.06,2.8466218595614325
12.07,3.0496235456345153
12.08,3.286175809288623
12.09,3.5641628226432247
12.1,3.893832460100136
12.11,4.288594849717341
12.120000000000001,4.7660650950225225
12.13,5.349313282506524
12.14,6.068092802782855
12.15,6.959231554537325
12.16,8.063963256818397
12.17,9.416987903301543
12.18,11.017487562063922
12.19,12.771761599429023
12.200000000000001,14.421781708271002
12.21,15.546484581739783
12.22,15.756969259278337
12.23,14.991706990396384
12.24,13.564182882535478
12.25,11.901657580667493
12.26,10.3070362502855
12.27,8.91553149947809
12.280000000000001,7.753913324222995
12.290000000000001,6.80096262532972
12.3,6.021697362615191
12.31,5.381875656180864
12.32,4.852587991473171
12.33,4.410815562849314
12.34,4.0386563921589005
12.35,3.7222872232355884
12.36,3.4510227513050324
12.370000000000001,3.2165593484545623
12.38,3.0123968857981263
12.39,2.8334033173150517
12.4,2.6754941469315923
12.41,2.53538977901086
12.42,2.4104321375601954
12.43,2.2984594659219852
12.44,2.197689120413268
12.450000000000001,2.1066487173558084
12.46,2.024113317249941
12.47,1.9490548765840479
12.48,1.8806089792606364
12.49,1.8180420338514467
12.5,1.760732411401218
12.51,1.7081462410448287
12.52,1.6598271877913677
12.530000000000001,1.6153800186803244
12.540000000000001,1.5744657118256122
12.55,1.5367869973184025
12.56,1.5020872883062593
12.57,1.4701409373526373
12.58,1.4407504807706137
12.59,1.413744457904624
12.6,1.3889688309463044
12.61,1.366290202383491
12.620000000000001,1.3455900250941553
12.63,1.3267622456915915
12.64,1.3097148978043416
12.65,1.2943666466757489
12.66,1.2806431642270908
12.67,1.268481362675192
12.68,1.2578251285985007
12.69,1.2486243471417635
12.700000000000001,1.2408359733936667
12.71,1.2344246379109183
12.72,1.2293586199597675
12.73,1.2256114875145139
12.74,1.2231636683238813
12.75,1.2220004846884795
12.76,1.2221111406674123
12.77,1.2234901951119452
12.780000000000001,1.2261388644130555
12.790000000000001,1.230065177969064
12.8,1.235278820114078
12.81,1.2417980124270718
12.82,1.249648702388123
12.83,1.2588626821557438
12.84,1.2694790455365337
12.85,1.2815466594369154
12.86,1.2951249535934442
12.870000000000001,1.3102812365970302
12.88,1.327096548353987
12.89,1.3456657889330923
12.9,1.3660975051445057
12.91,1.3885185972968768
12.92,1.4130767457110522
12.93,1.4399399931733143
12.94,1.4693048997254368
12.950000000000001,1.5013972401554636
12.96,1.5364785850445624
12.97,1.5748534279851367
12.98,1.6168736009672544
12.99,1.6629509573064611
13.0,1.7135654082494676
13.01,1.7692823992733333
13.02,1.830766599532408
13.030000000000001,1.8988065090752093
13.040000000000001,1.9743408113636487
13.05,2.0584944812928088
13.06,2.1526242346240343
13.07,2.258375323824615
13.08,2.377764417243578
13.09,2.5132756605976
13.1,2.6679988939678903
13.11,2.8458171722292604
13.120000000000001,3.0516479468005473
13.13,3.291786154542068
13.14,3.5743685581648506
13.15,3.9100032190839893
13.16,4.312629867686482
13.17,4.8006385983193205
13.18,5.398239363378384
13.19,6.13683163512634
13.200000000000001,7.055509739669772
13.21,8.19825982568871
13.22,9.602022382087181
13.23,11.26456207283614
13.24,13.080602143764347
13.25,14.76414710276633
13.26,15.859131502896522
13.27,15.969263363351342
13.280000000000001,15.073373801492432
13.290000000000001,13.537109921121958
13.3,11.809565780240035
13.31,10.186932754688327
13.32,8.789715736564162
13.33,7.633223314258597
13.34,6.689633644086127
13.35,5.920717281523658
13.36,5.290819384805426
13.370000000000001,4.770512963017
13.38,4.336666587058215
13.39,3.97143348370338
13.4,3.661104432610984
13.41,3.395119063417767
13.42,3.1652904748671498
13.43,2.9652197014392314
13.44,2.7898619887288976
13.450000000000001,2.6352013786472166
13.46,2.4980181872354756
13.47,2.3757039221512337
13.48,2.2661321412343756
13.49,2.167554259216522
13.5,2.0785248695017158
13.51,1.9978389367807121
13.52,1.9244861495879657
13.530000000000001,1.8576175472794192
13.540000000000001,1.7965115827006273
13.55,1.7405559336881034
13.56,1.6892252420677076
13.57,1.642071113161756
13.58,1.5987042725492246
13.59,1.5587902410500807
13.6,1.5220365107465406
13.61,1.4881904498072114
13.620000000000001,1.4570305355205426
13.63,1.4283622131365008
13.64,1.402016262739476
13.65,1.3778418662402447
13.66,1.3557074899594277
13.67,1.3354980636078233
13.68,1.317109194592173
13.69,1.3004511337952962
13.700000000000001,1.2854440896679924
13.71,1.2720165458286312
13.72,1.2601065434977956
13.73,1.249661408343002
13.74,1.240632136359057
13.75,1.2329782518601977
13.76,1.2266656374719092
13.77,1.221665024484082
13.780000000000001,1.2179521845854873
13.790000000000001,1.2155091106177824
13.8,1.2143240202766201
13.81,1.2143878251820703
13.82,1.215697464009604
13.83,1.218256520334781
13.84,1.2220742727696863
13.85,1.2271636041813392
13.86,1.233543678303507
13.870000000000001,1.241241994725359
13.88,1.250295324935097
13.89,1.2607465639019755
13.9,1.2726410846287197
13.91,1.2860433503112318
13.92,1.301024013491107
13.93,1.317665265362291
13.94,1.3360638968658882
13.950000000000001,1.3563327131564078
13.96,1.37859956461295
13.97,1.4030142895136788
13.98,1.4297486397277896
13.99,1.4590002021576625
14.0,1.4909991060662344
14.01,1.5260089535429209
14.02,1.5643369061505539
14.030000000000001,1.6063384134547658
14.040000000000001,1.652428535940693
14.05,1.7030921379456636
14.06,1.7588981106179418
14.07,1.820516885813743
14.08,1.8887438090511368
14.09,1.9645255011012541
14.1,2.0489970287688544
14.11,2.14352778236104
14.120000000000001,2.2497821460661642
14.13,2.3697984295492867
14.14,2.506092344928455
14.15,2.661800477367197
14.16,2.8408665741609322
14.17,3.0482947571714814
14.18,3.2905145934776314
14.19,3.5758480137573385
14.200000000000001,3.9151897331600414
14.21,4.32290744737704
14.22,4.818048103638858
14.23,5.425827871501654
14.24,6.1791803555314555
14.25,7.119465541553856
14.26,8.293744136981935
14.27,9.742255417407343
14.280000000000001,11.463722686968689
14.290000000000001,13.345181180954938
14.3,15.076444805963243
14.31,16.16608437973844
14.32,16.203479401784804
14.33,15.198431104434551
14.34,13.56378061613541
14.35,11.771781705561656
14.36,10.116125275490347
14.370000000000001,8.706245033100128
14.38,7.548010991632671
14.39,6.607800625996951
14.4,5.844303169556521
14.41,5.220359134867473
14.42,4.705858259914435
14.43,4.277390889275759
14.44,3.917024187979144
14.450000000000001,3.611049793842863
14.46,3.3489444167961873
14.47,3.122570074495716
14.48,2.9255786770843537
14.49,2.752969424718764
14.5,2.6007713822508802
14.51,2.4657976930815964
14.52,2.3454698201550412
14.530000000000001,2.237689733404329
14.540000000000001,2.1407296598115026
14.55,2.0531618155409297
14.56,1.9737986341862497
14.57,1.901643508173797
14.58,1.835858165855471
14.59,1.7757317096947214
14.6,1.720660968312269
14.61,1.6701287568397234
14.620000000000001,1.6236923177927138
14.63,1.5809690994846086
14.64,1.5416304045178664
14.65,1.5053886081953374
14.66,1.4719956710599864
14.67,1.4412332276997113
14.68,1.4129116077352442
14.69,1.3868649495036258
14.700000000000001,1.3629456565123226
14.71,1.3410261053736203
14.72,1.3209925416676742
14.73,1.30274437427216
14.74,1.2861951454680212
14.75,1.2712668553336226
14.76,1.2578908793623593
14.77,1.246008531010033
14.780000000000001,1.2355676842170156
14.790000000000001,1.2265225910198754
14.8,1.218835087308103
14.81,1.2124739928108206
14.82,1.2074106199771835
14.83,1.2036240448106055
14.84,1.2010985698848344
14.85,1.199822897706535
14.86,1.1997904178228025
14.870000000000001,1.2010005348534285
14.88,1.2034591525164648
14.89,1.2071753157416292
14.9,1.2121644539061232
14.91,1.218449545229758
14.92,1.226059235506434
14.93,1.235028557988916
14.94,1.2454012729649884
14.950000000000001,1.2572309483757977
14.96,1.2705783384882454
14.97,1.2855155915422765
14.98,1.3021279349708101
14.99,1.3205124523562184
15.0,1.3407818372802232
15.01,1.3630675064036195
15.02,1.3875185155454002
15.030000000000001,1.414308122624209
15.040000000000001,1.4436356094575316
15.05,1.4757301783045602
15.06,1.5108584392433788
15.07,1.54932704904907
15.08,1.5914936983583376
15.09,1.6377736801523066
15.1,1.688654063514632
15.11,1.7447053150987497
15.120000000000001,1.8066010416570284
15.13,1.8751393207776412
15.14,1.9512722567802658
15.15,2.0361419179648848
15.16,2.1311266038575836
15.17,2.237905564924927
15.18,2.358536765649774
15.19,2.49556417624762
15.200000000000001,2.6521674204681265
15.21,2.8323505686891406
15.22,3.0412114326962234
15.23,3.2853140368602145
15.24,3.5731904350475134
15.25,3.9160535019990657
15.26,4.328768156073571
15.27,4.831160987625368
15.280000000000001,5.449681754913851
15.290000000000001,6.219207511748569
15.3,7.184088330782237
15.31,8.395679175031496
15.32,9.899337971503115
15.33,11.696695308292039
15.34,13.667017521017499
15.35,15.469687252795229
15.36,16.56490192287002
15.370000000000001,16.519173311610636
15.38,15.380384939312984
15.39,13.622480917321523
15.4,11.748108043300018
15.41,10.048565771787354
15.42,8.620017630881469
15.43,7.456934656724593
15.44,6.518635686635651
15.450000000000001,5.760002963305049
15.46,5.141965771921517
15.47,4.633501945632265
15.48,4.210792632651745
15.49,3.855741946468457
15.5,3.5545960932736533
15.51,3.296839876450704
15.52,3.0743665966664246
15.530000000000001,2.8808655475755014
15.540000000000001,2.7113766695321133
15.55,2.5619635662428153
15.56,2.4294721445525758
15.57,2.3113553073375654
15.58,2.2055370869345694
15.59,2.1103137672621903
15.6,2.024277419642919
15.610000000000001,1.9462564652378382
15.620000000000001,1.8752706980435272
15.63,1.8104943520291124
15.64,1.751230536169306
15.65,1.6968855728230885
15.66,1.64695342335357
15.67,1.6010000838021463
15.68,1.5586532265878135
15.69,1.5195902382123194
15.700000000000001,1.4835331067250448
15.71,1.4502388985942103
15.72,1.4194985736729604
15.73,1.391127580082155
15.74,1.364965932371493
15.75,1.3408735778397873
15.76,1.3187266099177706
15.77,1.2984182605388972
15.780000000000001,1.279854173010511
15.790000000000001,1.2629506947484344
15.8,1.2476363270792703
15.81,1.2338477354300776
15.82,1.221529316013322
15.83,1.2106343385538045
15.84,1.2011230769330357
15.85,1.1929597182344607
15.860000000000001,1.1861166789517597
15.870000000000001,1.1805713687732593
15.88,1.1763057029711226
15.89,1.17330679411277
15.9,1.1715678796138036
15.91,1.171087037433079
15.92,1.1718653564959742
15.93,1.173911297082072
15.94,1.1772385311949825
15.950000000000001,1.1818653427658794
15.96,1.1878158879705614
15.97,1.1951219710731138
15.98,1.2038233390221722
15.99,1.2139642320090616
16.0,1.2255994411116975
16.01,1.238793591818206
16.02,1.2536204699738442
16.03,1.2701660340974863
16.04,1.2885307330443436
16.05,1.3088283247290806
16.06,1.3311907257351603
16.07,1.3557696406044202
16.080000000000002,1.3827385763742897
16.09,1.4122987624383818
16.1,1.4446805787351389
16.11,1.4801509525140557
16.12,1.5190182089466453
16.13,1.5616409383173553
16.14,1.608436267265098
16.15,1.6598926375787044
16.16,1.716582324722054
16.17,1.7791827497383619
16.18,1.8484961110405462
16.19,1.9254812666916583
16.2,2.011287999525155
16.21,2.1073109929200853
16.22,2.2152478154875506
16.23,2.337185900096109
16.240000000000002,2.4757159273197145
16.25,2.6340816838460444
16.26,2.8163876474880416
16.27,3.0278826955937315
16.28,3.2753607319938585
16.29,3.5677092730903106
16.3,3.9166976717500503
16.31,4.338068033122879
16.32,4.853051198991162
16.330000000000002,5.490355770589973
16.34,6.288488900304597
16.35,7.29751334722632
16.36,8.577215492081347
16.37,10.183385503921015
16.38,12.124205838068615
16.39,14.264091841095418
16.4,16.200594857241718
16.41,17.296411335286063
16.42,17.07947235944553
16.43,15.684025530425695
16.44,13.70313893943237
16.45,11.688246566816893
16.46,9.918632180346867
16.47,8.46330997390661
16.48,7.295962035866917
16.490000000000002,6.363845358728052
16.5,5.615647185605036
16.51,5.009319669733296
16.52,4.512484772721235
16.53,4.100751333933196
16.54,3.7558192931779972
16.55,3.463897264117257
16.56,3.2145041413776094
16.57,2.9995910861135218
16.580000000000002,2.812913253183951
16.59,2.649570980219718
16.6,2.505680212077813
16.61,2.3781366636939323
16.62,2.26443088246641
16.63,2.1625221459847492
16.64,2.0707364111745528
16.65,1.9876909932736424
16.66,1.9122373351125614
16.67,1.8434152161032311
16.68,1.7804180743989457
16.69,1.7225651046368593
16.7,1.6692794935082043
16.71,1.6200704521585263
16.72,1.5745185070398315
16.73,1.5322654953851416
16.740000000000002,1.4930031370009629
16.75,1.45646679411825
16.76,1.4224279092155465
16.77,1.390689311164661
16.78,1.3610814848619792
16.79,1.3334564753665632
16.8,1.3076878061320056
16.81,1.2836651465582753
16.82,1.2612936021346535
16.830000000000002,1.2404926673014756
16.84,1.221191418618399
16.85,1.203330773353854
16.86,1.1868604998155945
16.87,1.1717377971083716
16.88,1.157927967604575
16.89,1.1454038023205784
16.9,1.1341422970016226
16.91,1.1241276399197915
16.92,1.1153494099326489
16.93,1.107801610847591
16.94,1.1014831228173043
16.95,1.0963985993446732
16.96,1.0925577547606216
16.97,1.0899730777667864
16.98,1.088664155230401
16.990000000000002,1.0886554070662402
17.0,1.0899760872873088
17.01,1.0926614187910226
17.02,1.096753972875832
17.03,1.1023029917346732
17.04,1.1093639769208896
17.05,1.1180028143057856
17.06,1.1282939755043615
17.07,1.140322463191355
17.080000000000002,1.154186205975587
17.09,1.169996102014734
17.1,1.1878789698148953
17.11,1.2079796893146277
17.12,1.2304636246408562
17.13,1.2555204009715295
17.14,1.2833669923817574
17.150000000000002,1.3142532408528427
17.16,1.3484662187735623
17.17,1.3863388809630997
17.18,1.4282560589911761
17.19,1.4746668953575468
17.2,1.5260944711338873
17.21,1.5831556099100088
17.22,1.6465762338550054
17.23,1.717219501366599
17.240000000000002,1.7961153771124903
17.25,1.8845049136353436
17.26,1.9838915931679295
17.27,2.0961137672038204
17.28,2.2234427037744102
17.29,2.3687099468844495
17.3,2.535487659393158
17.31,2.72834087303773
17.32,2.953178873689863
17.330000000000002,3.21776672718805
17.34,3.5324716319545466
17.35,3.911354382145212
17.36,4.3738238006919445
17.37,4.947071831650524
17.38,5.669689991602668
17.39,6.5966721444807845
17.400000000000002,7.805238605633089
17.41,9.397382020869845
17.42,11.483639829864117
17.43,14.104676738824024
17.44,17.020031839817086
17.45,19.428405618905444
17.46,20.17844001620435
17.47,18.848459045745635
17.48,16.248410184115205
17.490000000000002,13.462259571876153
17.5,11.062143657945617
17.51,9.167509384360907
17.52,7.713654909891087
17.53,6.600786466677165
17.54,5.742705414312712
17.55,5.074971626590194
17.56,4.551711275300682
17.57,4.140802826216949
17.580000000000002,3.8198948663618117
17.59,3.5735342885549093
17.6,3.3911706355044493
17.61,3.2657722214987137
17.62,3.1928330395261857
17.63,3.169639915683018
17.64,3.1947015656510205
17.650000000000002,3.2672781208603765
17.66,3.386964586814074
17.67,3.5532599560560625
17.68,3.7650557410712526
17.69,4.019959729069349
17.7,4.3133944658966294
17.71,4.6374762450368285
17.72,4.979813208706709
17.73,5.322577052264877
17.740000000000002,5.642437615943143
17.75,5.91207193666278
17.76,6.103665488046604
17.77,6.194014009379519
17.78,6.16970201057191
17.79,6.030243848680485
17.8,5.787735798253589
17.81,5.463454607035407
17.82,5.084339535395412
17.830000000000002,4.688323812368579
17.84,4.397263482409295
17.85,5.875204421546442
17.86,167.18513573788556
17.87,165.95448523231582
17.88,4.29521883532854
17.89,4.5202253396394845
17.900000000000002,5.125785211533258
17.91,5.639098718420833
17.92,5.955246760193829
17.93,6.021209823621753
17.94,5.834707019132694
17.95,5.44613844801481
17.96,4.939592791178091
17.97,4.4037662047702995
17.98,3.909046780800587
17.990000000000002,3.497344087696471
18.0,3.1822970001846946
18.01,2.955657465363354
18.02,2.796664968654029
18.03,2.6812820290802977
18.04,2.588547651880184
18.05,2.5032741716689255
18.06,2.416152158769747
18.07,2.3227263253509887
18.080000000000002,2.222208292057989
18.09,2.1165358273711776
18.1,2.0097595549930327
18.11,1.9076881148715945
18.12,1.8176242223686578
18.13,1.74793392516966
18.14,1.707139899832428
18.150000000000002,1.7023790076237046
18.16,1.737558425629143
18.17,1.8120747787536031
18.18,1.9208240944341304
18.19,2.055351959952094
18.2,2.2053438998931285
18.21,2.359840765458472
18.22,2.5080630863927165
18.23,2.6400157497708103
18.240000000000002,2.74704258844217
18.25,2.822383263742275
18.26,2.8616772807466226
18.27,2.863312291752609
18.28,2.8285329382359206
18.29,2.7613025753842066
18.3,2.6680101762679005
18.31,2.557212174398695
18.32,2.4396773443890134
18.330000000000002,2.3290761228422325
18.34,2.2437341483957858
18.35,2.2099269069177265
18.36,2.2672025634019666
18.37,2.476937345822843
18.38,2.9409370310835796
18.39,3.86042906141947
18.400000000000002,5.765446084980915
18.41,10.80237727938337
18.42,46.956126630639545
18.43,119.36035789453852
18.44,79.23096467211221
18.45,13.314121841583395
18.46,6.6598646001905415
18.47,4.41901105628735
18.48,3.3477368127657408
18.490000000000002,2.7488305563706756
18.5,2.381538991483256
18.51,2.1409386798448304
18.52,1.974560049996616
18.53,1.8537452202133713
18.54,1.7618701141906998
18.55,1.6888608895596318
18.56,1.6284069183303165
18.57,1.5764513803179065
18.580000000000002,1.5303334418489571
18.59,1.4882815875869377
18.6,1.44910457812403
18.61,1.4119973859956205
18.62,1.3764164675798314
18.63,1.3419974670596588
18.64,1.3085001192216086
18.650000000000002,1.2757704285263491
18.66,1.2437143888902091
18.67,1.2122796754821221
18.68,1.181442367182475
18.69,1.1511975272009307
18.7,1.121552658770869
18.71,1.0925225978702595
18.72,1.0641261046755857
18.73,1.0363835265067454
18.740000000000002,1.0093148685277926
18.75,0.9829388319406801
18.76,0.9572717374383101
18.77,0.9323275438976257
18.78,0.9081171025484639
18.79,0.8846484706133261
18.8,0.8619266107738841
18.81,0.8399538262088674
18.82,0.8187297241024328
18.830000000000002,0.7982514148329591
18.84,0.7785139290558821
18.85,0.7595099875311011
18.86,0.7412308773483252
18.87,0.7236660912369673
18.88,0.7068037745226555
18.89,0.6906309900164919
18.900000000000002,0.6751337249857535
18.91,0.6602969490343882
18.92,0.6461053608152976
18.93,0.6325426870671425
18.94,0.6195923640633063
18.95,0.6072375280792476
18.96,0.595461047731326
18.97,0.5842453538776846
18.98,0.5735732698492949
18.990000000000002,0.5634272175332338
19.0,0.5537897319819813
19.01,0.5446434367986889
19.02,0.5359711206746898
19.03,0.5277556902179507
19.04,0.519980039411728
19.05,0.5126276395340266
19.06,0.5056820079864812
19.07,0.4991268954619892
19.080000000000002,0.4929463919075403
19.09,0.4871249093293195
19.1,0.48164720143827594
19.11,0.4764983090915878
19.12,0.4716634946421419
19.13,0.46712867167549776
19.14,0.46287995314806357
19.150000000000002,0.45890379409120663
19.16,0.4551870819646403
19.17,0.45171709144677435
19.18,0.44848150466243036
19.19,0.44546839059551746
19.2,0.4426661657872261
19.21,0.44006357525798395
19.22,0.4376499996608392
19.23,0.4354150051975618
19.240000000000002,0.43334857379085595
19.25,0.43144108876830306
19.26,0.4296833076489186
19.27,0.42806636778900004
19.28,0.42658177080056126
19.29,0.42522136013917206
19.3,0.42397729300774434
19.31,0.4228420530699638
19.32,0.42180863260273865
19.330000000000002,0.4208701335961623
19.34,0.4200200577531736
19.35,0.41925219979616557
19.36,0.4185606506357335
19.37,0.41793979200979964
19.38,0.41738428317417664
19.39,0.4168890454720819
19.400000000000002,0.41644924520219684
19.41,0.4160602751141976
19.42,0.41571779602672476
19.43,0.41541778357675
19.44,0.41515628125314213
19.45,0.4149296378839836
19.46,0.41473438686911723
19.47,0.4145672650320808
19.48,0.41442520492795787
19.490000000000002,0.41430532599111214
19.5,0.4142049251169153
19.51,0.4141214669175033
19.52,0.41405257362941134
19.53,0.4139960157115824
19.54,0.4139497790022232
19.55,0.4139119758402556
19.56,0.41388082016444766
19.57,0.4138547080148558
19.580000000000002,0.4138321600733427
19.59,0.41381183236994484
19.6,0.413792511961683
19.61,0.41377311246091125
19.62,0.4137526694461452
19.63,0.41373033574487045
19.64,0.4137053766578538
19.650000000000002,0.4136771650632479
19.66,0.41364518750965235
19.67,0.41360909795840045
19.68,0.41356857434350347
19.69,0.41352343952515025
19.7,0.41347361862259585
19.71,0.4134191376352347
19.72,0.41336012582081577
19.73,0.4132968147230107
19.740000000000002,0.41322953704821436
19.75,0.41315872535125336
19.76,0.4130849105222916
19.77,0.41300872009109163
19.78,0.41293087630404224
19.79,0.412852196459606
19.8,0.41277364209639467
19.81,0.4126962309205784
19.82,0.41262107884300886
19.830000000000002,0.4125494248048584
19.84,0.41248260267918774
19.85,0.4124220486970257
19.86,0.41236930453118054
19.87,0.4123260199547718
19.88,0.41229395493712834
19.89,0.41227498117361816
19.900000000000002,0.4122710830166027
19.91,0.41228435771279154
19.92,0.41231701496919926
19.93,0.4123713757069248
19.94,0.4124498828873692
19.95,0.4125552015806797
19.96,0.41268999251655003
19.97,0.4128570984430299
19.98,0.41305952268756874
19.990000000000002,0.41330039490229065
20.0,0.4135829864864104
20.01,0.413910720167008
20.02,0.41428717764114803
20.03,0.41471610516735524
20.04,0.4152014168609755
20.05,0.4157471956245959
20.06,0.41635769142609
20.07,0.4170373168649607
20.080000000000002,0.41779069923440104
20.09,0.4186227657342882
20.1,0.41953843994131945
20.11,0.4205429937910773
20.12,0.4216418945134363
20.13,0.422840817306539
20.14,0.4241456695460395
20.150000000000002,0.42556260736178025
20.16,0.42709804484509295
20.17,0.42875865533643936
20.18,0.43055136426907326
20.19,0.432483333117618
20.2,0.4345620486258196
20.21,0.4367954137723945
20.22,0.4391913903915062
20.23,0.4417584336377758
20.240000000000002,0.44450527318893196
20.25,0.44744095834657943
20.26,0.45057489911708115
20.27,0.4539168834997641
20.28,0.4574770698583784
20.29,0.46126595302223516
20.3,0.46529437646401606
20.31,0.4695738428959757
20.32,0.4741159786825757
20.330000000000002,0.4789330054334359
20.34,0.48403756242761276
20.35,0.4894427299553586
20.36,0.4951621040435965
20.37,0.5012097946216374
20.38,0.5076003479809872
20.39,0.5143488209459631
20.400000000000002,0.5214710409563958
20.41,0.5289831006607524
20.42,0.5369018556399984
20.43,0.5452446725437916
20.44,0.5540295762464523
20.45,0.5632752358470597
20.46,0.5730008202579256
20.47,0.5832263831658755
20.48,0.5939724833924602
20.490000000000002,0.6052604197880351
20.5,0.6171121605371394
20.51,0.6295504365038412
20.52,0.6425986056351678
20.53,0.6562808289899827
20.54,0.6706219781645955
20.55,0.6856476413869916
20.56,0.7013841650110734
20.57,0.717858679172836
20.580000000000002,0.7350990508022684
20.59,0.7531340376043606
20.6,0.7719932333809664
20.61,0.7917071385332906
20.62,0.8123074348543562
20.63,0.833826866014858
20.64,0.8562999258836925
20.650000000000002,0.8797627837645842
20.66,0.9042540468167082
20.67,0.9298154224188883
20.68,0.956492785504353
20.69,0.9843375034737069
20.7,1.0134083412624877
20.71,1.0437741681182287
20.72,1.0755176036658722
20.73,1.1087398145815017
20.740000000000002,1.143567370736791
20.75,1.1801615046451366
20.76,1.2187307488593544
20.77,1.25954834125739
20.78,1.3029765356115788
20.79,1.349500086710083
20.8,1.399773040666991
20.81,1.4546855625160942
20.82,1.5154578348881393
20.830000000000002,1.5837763267352276
20.84,1.6619918987177225
20.85,1.753412569029924
20.86,1.8627450908766754
20.87,1.9967735688480928
20.88,2.1654357768118575
20.89,2.3835915586571
20.900000000000002,2.674072797881116
20.91,3.0732729360935545
20.92,3.6421773325815994
20.93,4.490193140185559
20.94,5.832637102945722
20.95,8.15000659481496
20.96,12.710106491677095
20.97,23.46742224858584
20.98,47.72410597769683
20.990000000000002,59.77558048956066
21.0,38.73203950316118
21.01,19.935923311635904
21.02,11.724867448223138
21.03,7.874848274684803
21.04,5.81606078403609
21.05,4.6692451203798475
21.06,4.082853556302493
21.07,3.872000434802635
21.080000000000002,3.89685678352779
21.09,4.034491768202426
21.1,4.181355043626917
21.11,4.258229014707386
21.12,4.215424414087469
21.13,4.03876792921346
21.14,3.752758123026109
21.150000000000002,3.4178200584295
21.16,3.120652463044195
21.17,2.9528331047213165
21.18,2.97144659590914
21.19,3.165247360220027
21.2,3.4689762940125877
21.21,3.8077626930503974
21.22,4.1277579973199785
21.23,4.412409542688728
21.240000000000002,4.6995581459137075
21.25,5.095648510063321
21.26,5.748338906186815
21.27,6.730943750803588
21.28,7.891502960553392
21.29,8.824045168233566
21.3,9.07177315698717
21.31,8.473105690019871
21.32,7.372357794582986
21.330000000000002,8.097621665913627
21.34,158.95077726151993
21.35,155.4529607468334
21.36,7.618906792208125
21.37,6.4686967885109885
21.38,6.731372972636334
21.39,7.014234371125309
21.400000000000002,7.1453639760315815
21.41,7.085147363137075
21.42,6.8440191731878555
21.43,6.463420861268889
21.44,5.998658873908952
21.45,5.5031311959249996
21.46,5.018614346482583
21.47,4.572425903594676
21.48,4.179121219284613
21.490000000000002,3.843935157837666
21.5,3.5661794043136696
21.51,3.3418781865372362
21.52,3.165562081500675
21.53,3.0313873832426195
21.54,2.933784892782308
21.55,2.867803246814079
21.56,2.829263097784993
21.57,2.8147974005697693
21.580000000000002,2.8218294616194757
21.59,2.848521325599665
21.6,2.8937132414567923
21.61,2.9568698963382296
21.62,3.038038498406461
21.63,3.1378253494255675
21.64,3.25739191450403
21.650000000000002,3.398470702834587
21.66,3.5633999324343963
21.67,3.755174012901647
21.68,3.977502105275943
21.69,4.2348607914896785
21.7,4.532512221444023
21.71,4.876435040896378
21.72,5.273075513898878
21.73,5.728759557353564
21.740000000000002,6.248523416583554
21.75,6.834025551786609
21.76,7.480198524260344
21.77,8.170568249792412
21.78,8.872043812851933
21.79,9.53168418267181
21.8,10.079808619129343
21.81,10.443419470811854
21.82,10.568386323318745
21.830000000000002,10.439981983613443
21.84,10.088436071882924
21.85,9.575611562192133
21.86,8.972396530795978
21.87,8.34006363514724
21.88,7.721862500331365
21.89,7.143190889168371
21.900000000000002,6.615829467958619
21.91,6.142766906186919
21.92,5.722046733609421
21.93,5.349339464288248
21.94,5.019472377353028
21.95,4.727254454110439
21.96,4.467871391776575
21.97,4.23703916534524
21.98,4.031031754832782
21.990000000000002,3.8466486014659695
22.0,3.681157740753952
22.01,3.5322330920981706
22.02,3.3978944300546434
22.03,3.2764537396413704
22.04,3.166468905778601
22.05,3.0667044816564184
22.06,2.9760989340239465
22.07,2.8937371942335273
22.080000000000002,2.8188280639466825
22.09,2.750685260542743
22.1,2.688711827712011
22.11,2.632386797543233
22.12,2.5812550146664037
22.13,2.5349171739087297
22.14,2.493022783497703
22.150000000000002,2.455264122196052
22.16,2.4213702704549194
22.17,2.3911034550202412
22.18,2.3642551173317607
22.19,2.3406432233314676
22.2,2.320109819191537
22.21,2.302519144888996
22.22,2.2877565263382444
22.23,2.275727177599522
22.240000000000002,2.2663555998655642
22.25,2.2595854890256035
22.26,2.255379135804117
22.27,2.253719318624939
22.28,2.25460771433759
22.29,2.258067937339478
22.3,2.264145552618616
22.31,2.272909548687825
22.32,2.2844564984704263
22.330000000000002,2.2989094987387717
22.34,2.3164240474221924
22.35,2.3371910926252975
22.36,2.3614374769284705
22.37,2.389437219854034
22.38,2.421514796512176
22.39,2.4580465384147305
22.400000000000002,2.4994785876152057
22.41,2.546329555680552
22.42,2.599206390558126
22.43,2.658816130314245
22.44,2.725984911071771
22.45,2.8016774767293318
22.46,2.8870231485253157
22.47,2.983344027477065
22.48,3.0921916772966367
22.490000000000002,3.215388281317615
22.5,3.3550749534317723
22.51,3.5137664466788276
22.52,3.6944095058249715
22.53,3.900440137806597
22.54,4.135828472384704
22.55,4.405090266172868
22.56,4.713226987282082
22.57,5.065529752508547
22.580000000000002,5.467140228347253
22.59,5.922211201340427
22.6,6.432452474056136
22.61,6.994844633991427
22.62,7.598447088488491
22.63,8.220693066817347
22.64,8.824511036062134
22.650000000000002,9.358802825987414
22.66,9.765181733857887
22.67,9.991704573186533
22.68,10.009232231486964
22.69,9.821821406229828
22.7,9.464588132916807
22.71,8.990576312094607
22.72,8.454740834876677
22.73,7.902563115814033
22.740000000000002,7.365674217828722
22.75,6.8626840615831535
22.76,6.402327657016221
22.77,5.986862108950935
22.78,5.614792505326666
22.79,5.28274003015881
22.8,4.986596722641077
22.81,4.722177165684888
22.82,4.485550679330654
22.830000000000002,4.273185506178359
22.84,4.081988480212588
22.85,3.9092910690045617
22.86,3.752811044160359
22.87,3.610605516901013
22.88,3.481023666024867
22.89,3.3626629651713564
22.900000000000002,3.254330500393871
22.91,3.1550096070823708
22.92,3.063831629272525
22.93,2.9800520854762733
22.94,2.903030955158405
22.95,2.8322160322761305
22.96,2.767129321680926
22.97,2.707355535166326
22.98,2.6525329307146426
22.990000000000002,2.6023451985449464
23.0,2.5565150246822244
23.01,2.5147993303643736
23.02,2.4769840255762126
23.03,2.4428812193119036
23.04,2.4123259341133325
23.05,2.3851741041230836
23.06,2.361300578433909
23.07,2.3405979443221505
23.080000000000002,2.322975745726887
23.09,2.308359678144533
23.1,2.2966917136296097
23.11,2.287929799252121
23.12,2.28204897505571
23.13,2.279041240033733
23.14,2.2789175605811667
23.150000000000002,2.2817083155616142
23.16,2.2874650890521613
23.17,2.2962647027847196
23.18,2.3082080118920736
23.19,2.3234263250348524
23.2,2.342084230805403
23.21,2.364379598426567
23.22,2.3905550022461695
23.23,2.420902784952938
23.240000000000002,2.455761911732122
23.25,2.4955400689488383
23.26,2.540713370598105
23.27,2.591842234131575
23.28,2.6495825115336245
23.29,2.71470307699359
23.3,2.7881045173163965
23.31,2.870842177636199
23.32,2.9641536756154743
23.330000000000002,3.0694915359931243
23.34,3.188561235981741
23.35,3.3233655086426235
23.36,3.4762538861126275
23.37,3.6499759049497666
23.38,3.8477331489217432
23.39,4.073220827293563
23.400000000000002,4.330640225866005
23.41,4.624650767002019
23.42,4.960204223025804
23.43,5.342175056595489
23.44,5.774646992304917
23.45,6.259679254788211
23.46,6.79534936946764
23.47,7.372980136776345
23.48,7.973797133416233
23.490000000000002,8.566018303834271
23.5,9.104414760018773
23.51,9.534971457605408
23.52,9.806004812710382
23.53,9.883081739793722
23.54,9.760746906126638
23.55,9.464060140194851
23.56,9.039043653053929
23.57,8.538051230054444
23.580000000000002,8.007533621084791
23.59,7.481913185512385
23.6,6.982935907890655
23.61,6.522016347541061
23.62,6.10338514036885
23.63,5.726863669635976
23.64,5.389881316221192
23.650000000000002,5.088788524651871
23.66,4.819632659268146
23.67,4.5785795215227925
23.68,4.362116123526325
23.69,4.1671272916449995
23.7,3.990904148550645
23.71,3.831118637968392
23.72,3.6857836557327515
23.73,3.5532092606772925
23.740000000000002,3.4319603628112003
23.75,3.3208182121516807
23.76,3.2187466739535253
23.77,3.124863146816152
23.78,3.0384140962077
23.79,2.9587542121987327
23.8,2.8853290622439287
23.81,2.817661060768165
23.82,2.7553368883720246
23.830000000000002,2.697997848688534
23.84,2.645331908808127
23.85,2.5970662297675053
23.86,2.5529622001057906
23.87,2.512810364499023
23.88,2.4764272349456036
23.89,2.443651658316503
23.900000000000002,2.4143428946987524
23.91,2.3883787229451316
23.92,2.3656538764279684
23.93,2.346079333948892
23.94,2.3295815500415977
23.95,2.316102499048746
23.96,2.3055994765482923
23.97,2.2980457702218047
23.98,2.293431088668115
23.990000000000002,2.2917632052031895
24.0,2.2930680947140663
24.01,2.2973937003673406
24.02,2.3048095429155686
24.03,2.31540907767595
24.04,2.329317330591853
24.05,2.3466887246096
24.060000000000002,2.3677114358698965
24.07,2.392617298903668
24.080000000000002,2.4216806555185992
24.09,2.4552298358186158
24.1,2.493653957193341
24.11,2.5374083756626424
24.12,2.587030723812747
24.13,2.643150525154961
24.14,2.7065056057896144
24.150000000000002,2.777960240911321
24.16,2.8585271343296648
24.17,2.9493934218311324
24.18,3.0519514385965274
24.19,3.1678349908510843
24.2,3.298960964111618
24.21,3.4475763814672584
24.22,3.616308806565036
24.23,3.8082162272534275
24.240000000000002,4.026827780579017
24.25,4.276159379521448
24.26,4.560674809795162
24.27,4.885144868456849
24.28,5.25432080846391
24.29,5.672307603615124
24.3,6.141462934243317
24.310000000000002,6.660643679206194
24.32,7.22267757431286
24.330000000000002,7.811229370588427
24.34,8.397860686356463
24.35,8.941027344470085
24.36,9.389480680950369
24.37,9.69173065010748
24.38,9.809963790160648
24.39,9.73245474141849
24.400000000000002,9.47740813925897
24.41,9.08587128230401
24.42,8.608229008255588
24.43,8.091536223107152
24.44,7.57220705300375
24.45,7.074288817098279
24.46,6.611190165702556
24.47,6.188620064059662
24.48,5.807382631023973
24.490000000000002,5.465508422479247
24.5,5.159682428684197
24.51,4.886115855197009
24.52,4.641035583518865
24.53,4.420931362424475
24.54,4.222660594757085
24.55,4.043473527574459
24.560000000000002,3.8809974896455968
24.57,3.733202243899755
24.580000000000002,3.5983588478627437
24.59,3.474998360609018
24.6,3.3618735747842527
24.61,3.2579249509026993
24.62,3.162251115885201
24.63,3.0740836687321798
24.64,2.9927658640063393
24.650000000000002,2.9177346840752265
24.66,2.848506072403268
24.67,2.7846622083376706
24.68,2.7258414082529705
24.69,2.6717293047244404
24.7,2.622052133275952
24.71,2.5765704454058067
24.72,2.5350745238342753
24.73,2.4973807870922218
24.740000000000002,2.4633280665280406
24.75,2.4327756585055833
24.76,2.4056010584405656
24.77,2.3816988322332997
24.78,2.3609793045659
24.79,2.3433681499549124
24.8,2.328806151335526
24.810000000000002,2.317249099842451
24.82,2.3086684537902604
24.830000000000002,2.3030515265564686
24.84,2.3004032664248775
24.85,2.3007467757470486
24.86,2.3041252269970833
24.87,2.310605111726647
24.88,2.320274791570495
24.89,2.3332512180385714
24.900000000000002,2.3496854230932187
24.91,2.369756657167178
24.92,2.3936877988364222
24.93,2.4217450603248745
24.94,2.4542439614668434
24.95,2.49156166779902
24.96,2.5341388752949237
24.97,2.5824958208732807
24.98,2.637241931208233
24.990000000000002,2.6990918233984527
25.0,2.7688819671724327
25.01,2.847592372788655
25.02,2.936371334621329
25.03,3.0365647958563105
25.04,3.1497511689695843
25.05,3.2777811949720737
25.060000000000002,3.4228230307109424
25.07,3.587410858523376
25.080000000000002,3.7744934517240143
25.09,3.9874748105998767
25.1,4.230232881942943
25.11,4.507089148936225
25.12,4.822686375584237
25.13,5.181699795405886
25.14,5.588272791175823
25.150000000000002,6.04502233160164
25.16,6.551435938934775
25.17,7.1015296167357445
25.18,7.6808746056862605
25.19,8.263637960464097
25.2,8.811177260600425
25.21,9.27448494683884
25.22,9.602365886466517
25.23,9.754467371644251
25.240000000000002,9.714087210263731
25.25,9.493766940297201
25.26,9.13025783624495
25.27,8.67209811063633
25.28,8.166715755421018
25.29,7.652166933223373
25.3,7.154477889437178
25.310000000000002,6.688802775397269
25.32,6.262157014942966
25.330000000000002,5.876218811181869
25.34,5.529551342811574
25.35,5.219134522065501
25.36,4.941322055918462
25.37,4.692390973897037
25.38,4.468829605229922
25.39,4.267467256895281
25.400000000000002,4.085514393939916
25.41,3.920555458082858
25.42,3.77051886867047
25.43,3.633638066765462
25.44,3.508411217875499
25.45,3.3935629866394392
25.46,3.288010311382013
25.47,3.190832379012062
25.48,3.1012449587721482
25.490000000000002,3.018578492345052
25.5,2.9422598821862724
25.51,2.8717968841090014
25.52,2.8067654004356295
25.53,2.7467987905135502
25.54,2.6915789233407668
25.55,2.6408289613021774
25.560000000000002,2.59430700574921
25.57,2.551801812081455
25.580000000000002,2.513127881838646
25.59,2.4781229004820173
25.6,2.4466448677617523
25.61,2.4185701666097663
25.62,2.393792019549949
25.63,2.3722194498600784
25.64,2.3537767278908084
25.650000000000002,2.3384028965800594
25.66,2.3260519195922353
25.67,2.3166930075532717
25.68,2.3103113004815303
25.69,2.3069087341903307
25.7,2.3065056980282894
25.71,2.309141256590913
25.72,2.3148775674739928
25.73,2.3238002504702893
25.740000000000002,2.3360205298756256
25.75,2.351682337064616
25.76,2.370960468831267
25.77,2.394067351789219
25.78,2.421264471434582
25.79,2.4528573327513885
25.8,2.489209231819619
25.810000000000002,2.5307506592060633
25.82,2.5779860814195787
25.830000000000002,2.6315084644139906
25.84,2.692011526533997
25.85,2.760308356250047
25.86,2.837350857367349
25.87,2.9242538522156365
25.88,3.022323639154141
25.89,3.1330912241321816
25.900000000000002,3.258350887815973
25.91,3.4002036913725724
25.92,3.5611046599782377
25.93,3.743910297068671
25.94,3.9519196929842337
25.95,4.18889544658142
25.96,4.459041884646833
25.97,4.766897585315784
25.98,5.117079232929716
25.990000000000002,5.513769977125807
26.0,5.959813340616976
26.01,6.455235445121455
26.02,6.995062606631933
26.03,7.566482181795821
26.04,8.14588988566489
26.05,8.697163853316471
26.060000000000002,9.173332145356472
26.07,9.523639744316386
26.080000000000002,9.705730258694086
26.09,9.698649206304712
26.1,9.509866815335826
26.11,9.172091858407827
26.12,8.731959046793534
26.13,8.23705895170322
26.14,7.726869788144072
26.150000000000002,7.229226997749153
26.16,6.7609239749795496
26.17,6.33022048283017
26.18,5.939633354118127
26.19,5.588241075582122
26.2,5.273308995649655
26.21,4.991328571172385
26.22,4.738625630169819
26.23,4.511686842612193
26.240000000000002,4.307314009996821
26.25,4.122678819662786
26.26,3.955323867677049
26.27,3.8031371205813636
26.28,3.6643152153061367
26.29,3.5373238752655287
26.3,3.4208599889367415
26.310000000000002,3.3138169820337118
26.32,3.2152544968842425
26.330000000000002,3.124372099529804
26.34,3.0404871091762486
26.35,2.963015599218014
26.36,2.8914565668528214
26.37,2.8253790883723036
26.38,2.764410730890832
26.39,2.708228774833397
26.400000000000002,2.6565527736733108
26.41,2.609137862903771
26.42,2.5657701046125445
26.43,2.5262619028027062
26.44,2.490449189510205
26.45,2.458188086191043
26.46,2.429353342868986
26.47,2.403836603769022
26.48,2.3815452264699375
26.490000000000002,2.3624016698660935
26.5,2.346343153296114
26.51,2.3333215745823317
26.52,2.3233039960497446
26.53,2.316272835887421
26.54,2.312227594039584
26.55,2.3111850772819644
26.560000000000002,2.313181884554313
26.57,2.3182761402617253
26.580000000000002,2.3265476974172343
26.59,2.338104905994225
26.6,2.3530857112614596
26.61,2.371658038384823
26.62,2.3940309798312627
26.63,2.42045361978459
26.64,2.4512237301559745
26.650000000000002,2.4866977213773684
26.66,2.527291112448201
26.67,2.573496548907176
26.68,2.625890296699673
26.69,2.6851486451105204
26.7,2.7520626200362694
26.71,2.8275587434813416
26.72,2.91272171830432
26.73,3.0088219156811324
26.740000000000002,3.117347679898037
26.75,3.2400425065403056
26.76,3.37894726231499
26.77,3.5364461018856277
26.78,3.715313237416068
26.79,3.918754091516613
26.8,4.150429299533676
26.810000000000002,4.414438549273402
26.82,4.7152293238866
26.830000000000002,5.057365384767636
26.84,5.445065288672126
26.85,5.881369808826532
26.86,6.366778248194314
26.87,6.8972028213827805
26.88,7.461261654595465
26.89,8.037341399543697
26.900000000000002,8.591622528301826
26.91,9.079085446845516
26.92,9.449576389777663
26.93,9.659152244023845
26.94,9.683110677004567
26.95,9.52420916223686
26.96,9.21119884593452
26.97,8.788672349033634
26.98,8.304169361436676
26.990000000000002,7.7984085128846035
27.0,7.300926615376721
27.01,6.830105280299352
27.02,6.395432517047452
27.03,6.000264805635778
27.04,5.644199877674113
27.05,5.324794041995404
27.060000000000002,5.03868112021314
27.07,4.782238519964456
27.080000000000002,4.551953550578121
27.09,4.344602060460055
27.1,4.157317977161238
27.11,3.9876028078062347
27.12,3.8333046308559906
27.13,3.692583553369851
27.14,3.5638731296279103
27.150000000000002,3.4458424739595706
27.16,3.3373615277373108
27.17,3.2374702226105323
27.18,3.1453518296020935
27.19,3.060310126335715
27.2,2.9817501827968136
27.21,2.90916209649947
27.22,2.8421073182436887
27.23,2.7802076622121032
27.240000000000002,2.7231355087210316
27.25,2.6706061097823275
27.26,2.6223715923819055
27.27,2.578214931258298
27.28,2.5379463002426217
27.29,2.501399220827267
27.3,2.468428080093914
27.310000000000002,2.4389056776804003
27.32,2.4127217750624825
27.330000000000002,2.389782017918783
27.34,2.37000692487014
27.35,2.353331727426035
27.36,2.3397062327259777
27.37,2.3290950999395448
27.38,2.321478559407141
27.39,2.3168530106559184
27.400000000000002,2.3152322767929157
27.41,2.316649995725612
27.42,2.3211593979790752
27.43,2.328838312996614
27.44,2.3397904974719177
27.45,2.3541449716750864
27.46,2.3720661849461577
27.47,2.3937599144837964
27.48,2.4194633707360835
27.490000000000002,2.4494688450787074
27.5,2.484120733093454
27.51,2.5238253080523863
27.52,2.5690625277217016
27.53,2.620393421643151
27.54,2.678477037897169
27.55,2.744084559077426
27.560000000000002,2.818118589644741
27.57,2.901635696911504
27.580000000000002,2.995872954390838
27.59,3.1022790392255843
27.6,3.2225504223874024
27.61,3.358672266363545
27.62,3.512963262851199
27.63,3.688121608999349
27.64,3.887266564009706
27.650000000000002,4.113964153564824
27.66,4.372218198854341
27.67,4.666389873147535
27.68,5.0009931592532135
27.69,5.380272515345161
27.7,5.807441696155981
27.71,6.283417684222743
27.72,6.804906834361257
27.73,7.361817610344709
27.740000000000002,7.934361862729348
27.75,8.4908793155135
27.76,8.988270310833647
27.77,9.377153563778831
27.78,9.612354243061327
27.79,9.66583233026766
27.8,9.535892221065719
27.810000000000002,9.247334260000027
27.82,8.842530331862584
27.830000000000002,8.368741630609865
27.84,7.867758794452947
27.85,7.370731222068587
27.86,6.897604671905078
27.87,6.459103763156354
27.88,6.059440486078492
27.89,5.698752633102808
27.900000000000002,5.374900352121857
27.91,5.084669513547896
27.92,4.824495742344872
27.93,4.590870786294576
27.94,4.380546847745807
27.95,4.190621460185654
27.96,4.0185557742236755
27.97,3.862158336509343
27.98,3.719552921561228
27.990000000000002,3.5891409047543634
28.0,3.469563613776449
28.01,3.359667369563421
28.02,3.258472270296268
28.03,3.165145087606021
28.04,3.078975968492312
28.05,2.9993587428187314
28.060000000000002,2.9257742595420826
28.07,2.8577765331390315
28.080000000000002,2.794981048337543
28.09,2.7370551877660954
28.1,2.6837099735386256
28.11,2.6346939896526798
28.12,2.5897872632231786
28.13,2.548797284906691
28.14,2.5115554459686917
28.150000000000002,2.4779138715658817
28.16,2.4477434772045834
28.17,2.420932137515553
28.18,2.3973835175344136
28.19,2.377016242857382
28.2,2.359763484189847
28.21,2.34557288694137
28.22,2.33440686664157
28.23,2.3262429511705265
28.240000000000002,2.321074878388803
28.25,2.3189138681436807
28.26,2.319789284653721
28.27,2.323752353025448
28.28,2.3308752975406186
28.29,2.3412558376362322
28.3,2.3550230394618508
28.310000000000002,2.372333536944614
28.32,2.393382582508525
28.330000000000002,2.4184062314541523
28.34,2.4476849466291037
28.35,2.4815558198425443
28.36,2.520414574735589
28.37,2.5647275594858736
28.38,2.6150429369122987
28.39,2.672003110416827
28.400000000000002,2.7363599298956394
28.41,2.8089934787571083
28.42,2.8909336775057652
28.43,2.9833859698114584
28.44,3.0877615945330494
28.45,3.205712572265111
28.46,3.339171523304647
28.47,3.4903954039666725
28.48,3.6620107947978533
28.490000000000002,3.8570554408700795
28.5,4.079006390198103
28.51,4.331775300225956
28.52,4.619641357585488
28.53,4.947066001159558
28.54,5.318311652284338
28.55,5.73673996379227
28.560000000000002,6.203640732574475
28.57,6.716435118392729
28.580000000000002,7.266213344991164
28.59,7.834880841233375
28.6,8.392832548616125
28.61,8.898886862104767
28.62,9.30459694399867
28.63,9.563888962790616
28.64,9.645746610304894
28.650000000000002,9.544237057305804
28.66,9.280186447142645
28.67,8.893542445319277
28.68,8.431046879500775
28.69,7.935386405151819
28.7,7.439242372355125
28.71,6.964109671106774
28.72,6.521968729267551
28.73,6.1179213142527855
28.740000000000002,5.752666774535975
28.75,5.424392458723669
28.76,5.130049934979385
28.77,4.866141739615382
28.78,4.62916955162199
28.79,4.415865085985172
28.8,4.223291191404572
28.810000000000002,4.048869548755777
28.82,3.8903695798739704
28.830000000000002,3.7458788207548848
28.84,3.613766476086797
28.85,3.492645949627433
28.86,3.3813398280326963
28.87,3.2788482258143663
28.88,3.184321274930681
28.89,3.0970353045504617
28.900000000000002,3.016372839924769
28.91,2.9418053834106086
28.92,2.8728791904035007
28.93,2.809203618793455
28.94,2.7504406980042577
28.95,2.6962973124413785
28.96,2.6465182369739235
28.97,2.6008805764241596
28.98,2.559189206432735
28.990000000000002,2.5212729325794614
29.0,2.4869819850870702
29.01,2.4561850967162635
29.02,2.4287682330019935
29.03,2.404633099839392
29.04,2.3836963427699565
29.05,2.365889070813954
29.060000000000002,2.351156718572963
29.07,2.339459338106725
29.080000000000002,2.3307720104774456
29.09,2.3250858350954684
29.1,2.3224084730112238
29.11,2.3227669127444517
29.12,2.3262075251589143
29.13,2.332799245805143
29.14,2.342637604294241
29.150000000000002,2.3558422210629777
29.16,2.372565226104006
29.17,2.392999536302468
29.18,2.417370656328126
29.19,2.4459525651192497
29.2,2.4790727680055866
29.21,2.5171162185542455
29.22,2.5605391739635244
29.23,2.609874920429312
29.240000000000002,2.665750317138462
29.25,2.728898711638738
29.26,2.8001785413217126
29.27,2.880593999761779
29.28,2.9713202963607346
29.29,3.073732751801038
29.3,3.189440861653824
29.310000000000002,3.3203269747633706
29.32,3.468588994373606
29.330000000000002,3.636784889358409
29.34,3.827874424429846
29.35,4.045248490204439
29.36,4.292730144478324
29.37,4.574516266768738
29.38,4.895014134197074
29.39,5.258492801918453
29.400000000000002,5.668440296309891
29.41,6.1264764921891155
29.42,6.630672118965531
29.43,7.173202801278862
29.44,7.737561926828865
29.45,8.296116463574004
29.46,8.809611268967473
29.47,9.230698540462642
29.48,9.512714393279108
29.490000000000002,9.622010434310411
29.5,9.548620366085537
29.51,9.30936009328887
29.52,8.941535204396603
29.53,8.49111101806867
29.54,8.00148197802828
29.55,7.506773297307328
29.560000000000002,7.030019238567091
29.57,6.58448370707634
29.580000000000002,6.17619238886521
29.59,5.806445092676463
29.6,5.473779428735541
29.61,5.175331132891223
29.62,4.9076810417059935
29.63,4.667347786217817
29.64,4.4510466546877705
29.650000000000002,4.25580807227159
29.66,4.079015410191685
29.67,3.918399487650487
29.68,3.7720118019430258
29.69,3.638189349134879
29.7,3.5155175549904905
29.71,3.4027951329229205
29.72,3.2990021024309946
29.73,3.2032718313091633
29.740000000000002,3.114866792290474
29.75,3.0331580225981307
29.76,2.9576076610770223
29.77,2.887754287790194
29.78,2.823200817720982
29.79,2.7636041939046145
29.8,2.7086667947136003
29.810000000000002,2.6581299847319944
29.82,2.6117676070962106
29.830000000000002,2.569381852620316
29.84,2.530799319791302
29.85,2.4958678446292333
29.86,2.4644542806114007
29.87,2.436442496314662
29.88,2.4117323277364546
29.89,2.3902383329131704
29.900000000000002,2.371889532902506
29.91,2.3566292033752902
29.92,2.3444149574655264
29.93,2.335219444069111
29.94,2.3290306658086366
29.95,2.3258538617189877
29.96,2.3257120694805162
29.97,2.328648308503557
29.98,2.334728468012304
29.990000000000002,2.3440405944083182
30.0,2.356701643084114
30.01,2.37286167647535
30.02,2.392700069462595
30.03,2.4164401444597723
30.04,2.4443479704094866
30.05,2.4767400634518784
30.060000000000002,2.513994509096812
30.07,2.556552896441117
30.080000000000002,2.6049370770126696
30.09,2.659757650606028
30.1,2.7217304525871184
30.11,2.7916924285346303
30.12,2.8706231063159966
30.13,2.9596682991975807
30.14,3.060168581070753
30.150000000000002,3.1736923094437843
30.16,3.30207319884297
30.17,3.4474520048642474
30.18,3.6123202524129012
30.19,3.7995617804482866
30.2,4.012483622533742
30.21,4.254821015105937
30.22,4.530688419425914
30.23,4.844434480349689
30.240000000000002,5.200323814404665
30.25,5.60194935879818
30.26,6.051222726905192
30.27,6.546803335677837
30.28,7.081870361951852
30.29,7.641410573673894
30.3,8.199695202274501
30.310000000000002,8.719411190779207
30.32,9.154469826416344
30.330000000000002,9.457917558010008
30.34,9.593813450642264
30.35,9.548361509326686
30.36,9.334334662646485
30.37,8.986170094656432
30.38,8.548777475864222
30.39,8.066052308850594
30.400000000000002,7.573463810036026
30.41,7.0955713212462515
30.42,6.646953051477407
30.43,6.234604996621522
30.44,5.860464621984982
30.45,5.523453532959815
30.46,5.220912197094633
30.47,4.949514556473097
30.48,4.705804764352275
30.490000000000002,4.486486897719707
30.5,4.288561959726614
30.51,4.10937659709125
30.52,3.9466237772170163
30.53,3.798319339579086
30.54,3.662768134103773
30.55,3.538527646602803
30.560000000000002,3.424372619955936
30.57,3.3192629612686235
30.580000000000002,3.222315211344476
30.59,3.132777969671586
30.6,3.0500108101597547
30.61,2.9734664801885082
30.62,2.9026759146954917
30.63,2.8372356955364393
30.64,2.776797491739645
30.650000000000002,2.721059636072886
30.66,2.669759635876584
30.67,2.622668324648081
30.68,2.5795854174316633
30.69,2.540334948139154
30.7,2.504762670204385
30.71,2.4727333778847838
30.72,2.4441290102692306
30.73,2.418847315603605
30.740000000000002,2.396800890637082
30.75,2.3779166278778923
30.76,2.3621355401507613
30.77,2.3494128260731464
30.78,2.339718500399153
30.79,2.3330378864234245
30.8,2.329373138394991
30.810000000000002,2.3287435810960377
30.82,2.331188958614407
30.830000000000002,2.3367705948443933
30.84,2.3455720332023318
30.85,2.3577078538783187
30.86,2.3733195032304035
30.87,2.392579321175868
30.88,2.4157036575112207
30.89,2.442958158783069
30.900000000000002,2.4746424218605507
30.91,2.5111264509657234
30.92,2.5528417766543328
30.93,2.600296279445735
30.94,2.654085832677048
30.95,2.7149080185684817
30.96,2.783579413910971
30.970000000000002,2.8610551646633917
30.98,2.948452321583985
30.990000000000002,3.047077544058503
31.0,3.1584589664789577
31.01,3.284382801141251
31.02,3.426933890799808
31.03,3.5885386154899175
31.04,3.7720061703728995
31.05,3.9805606446532473
31.060000000000002,4.217849117993883
31.07,4.4879024098355735
31.080000000000002,4.795003481921261
31.09,5.14340291654239
31.1,5.53677482554774
31.11,5.977287702387618
31.12,6.464132433928723
31.13,6.991417926705781
31.14,7.545539939117363
31.150000000000002,8.10261544368844
31.16,8.627295847430505
31.17,9.0749075844188
31.18,9.39850975017991
31.19,9.560209814744736
31.2,9.542600637941396
31.21,9.354387743178329
31.220000000000002,9.026904409487187
31.23,8.603703590587608
31.240000000000002,8.128944802244064
31.25,7.6393234579694775
31.26,7.160901932514423
31.27,6.709605765186605
31.28,6.293450443991043
31.29,5.915059121531353
31.3,5.573774630177627
31.310000000000002,5.2671689302560525
31.32,4.992026200113133
31.330000000000002,4.744927494622162
31.34,4.522572420282187
31.35,4.321936439526933
31.36,4.140331726964841
31.37,3.975414629203029
31.38,3.825165896831619
31.39,3.687858612056909
31.400000000000002,3.562022408438179
31.41,3.4464082195812833
31.42,3.339955881251079
31.43,3.2417652266611583
31.44,3.151071057854285
31.45,3.0672215996777665
31.46,2.989660386873675
31.470000000000002,2.917910805053004
31.48,2.851563151253984
31.490000000000002,2.790264273518181
31.5,2.733708142367629
31.51,2.6816287456845753
31.52,2.633794227389671
31.53,2.5900014061140992
31.54,2.5500722263300775
31.55,2.5138502168598102
31.560000000000002,2.48119823343901
31.57,2.451996190989816
31.580000000000002,2.426139829567772
31.59,2.4035397413199244
31.6,2.3841206179261056
31.61,2.367821155732865
31.62,2.354594138663477
31.63,2.3444068046115585
31.64,2.337241741819037
31.650000000000002,2.333097572261547
31.66,2.3319905135996843
31.67,2.3339566104640586
31.68,2.3390518224207995
31.69,2.347357697938824
31.7,2.3589812463886233
31.71,2.3740563430953667
31.720000000000002,2.392754076546862
31.73,2.4152860021550575
31.740000000000002,2.441897414094201
31.75,2.472891255083849
31.76,2.5086226413921304
31.77,2.5495121665210805
31.78,2.5960550699726785
31.79,2.6488314301526192
31.8,2.7085216254889857
31.810000000000002,2.775921750541341
31.82,2.8519627106828076
31.830000000000002,2.9377332717428386
31.84,3.0345065255145185
31.85,3.1437709022569713
31.86,3.267265648984754
31.87,3.4070202672083174
31.88,3.5653964785844345
31.89,3.7451291113509604
31.900000000000002,3.9493587847137954
31.91,4.18164337717774
31.92,4.445925652481427
31.93,4.746417071588253
31.94,5.087339501023952
31.95,5.472427122939321
31.96,5.904068184430719
31.970000000000002,6.381933318655728
31.98,6.900989846198955
31.990000000000002,7.44896854534294
32.0,8.003781377001626
32.01,8.532072729869109
32.02,8.99074764522715
32.03,9.333186053386797
32.04,9.519898916004891
32.05,9.53010899656098
32.06,9.368441944731591
32.07,9.06288285522511
32.08,8.655291466115665
32.09,8.189817176147864
32.1,7.704233947293725
32.11,7.226072823183381
32.12,6.772638454991362
32.13,6.353021963221918
32.14,5.970588674078825
32.15,5.625147261611349
32.160000000000004,5.314534252397215
32.17,5.035666302772334
32.18,4.785175680780732
32.19,4.55976644086238
32.2,4.35639395542938
32.21,4.1723391235893965
32.22,4.005223561843128
32.230000000000004,3.8529940533769205
32.24,3.713892601068018
32.25,3.5864214654601065
32.26,3.4693081460043977
32.27,3.3614727349425824
32.28,3.261998678921791
32.29,3.170107314952003
32.3,3.0851358969655496
32.31,3.0065190090534397
32.32,2.933772788773863
32.33,2.8664817944796974
32.34,2.8042879434320582
32.35,2.7468814250367632
32.36,2.6939929255802566
32.37,2.645387839084562
32.38,2.6008605951610706
32.39,2.5602308767594626
32.4,2.5233403599138913
32.410000000000004,2.490049770287779
32.42,2.460237167151584
32.43,2.4337962789428333
32.44,2.410635573068182
32.45,2.3906775461988112
32.46,2.3738584496505335
32.47,2.360128526556838
32.480000000000004,2.3494521509438946
32.49,2.341808837882509
32.5,2.3371937283447144
32.51,2.335619737767542
32.52,2.3371181862634782
32.53,2.341741500485658
32.54,2.3495660912390455
32.55,2.3606916881672375
32.56,2.37524899114887
32.57,2.39340422820576
32.58,2.415354454909417
32.59,2.4413442006380675
32.6,2.4716637893891322
32.61,2.5066584392300193
32.62,2.546738360020478
32.63,2.592383752952041
32.64,2.6441604798990985
32.65,2.7027308856379695
32.660000000000004,2.7688703967582944
32.67,2.8434857802105746
32.68,2.9276373456734954
32.69,3.022564558232193
32.7,3.1297160544425857
32.71,3.250783950172022
32.72,3.387742107029497
32.730000000000004,3.5428869901857194
32.74,3.718877952394505
32.75,3.9187702211475983
32.76,4.14602904068516
32.77,4.404503232983324
32.78,4.698323002744287
32.79,5.031666033553918
32.8,5.408301496964289
32.81,5.83080048713774
32.82,6.299260816000027
32.83,6.8094423724777675
32.84,7.350342824330507
32.85,7.9016305272768665
32.86,8.431984560738652
32.87,8.900069881151412
32.88,9.25991248644418
32.89,9.47082036722437
32.9,9.508915400524646
32.910000000000004,9.374747064747165
32.92,9.092685119643528
32.93,8.70251080879154
32.94,8.248030215331177
32.95,7.767904022186779
32.96,7.2910766751132545
32.97,6.8362613344926775
32.980000000000004,6.413688675354406
32.99,6.02753548633019
33.0,5.678131198326411
33.01,5.363620001342243
33.02,5.081080117672169
33.03,4.82721436034772
33.04,4.598743651421246
33.05,4.392611062608837
33.06,4.206071073793558
33.07,4.0367136345168575
33.08,3.882453562222489
33.09,3.741503174827415
33.1,3.612338438875986
33.11,3.4936643264776843
33.12,3.384382009241674
33.13,3.2835593579590707
33.14,3.1904049934181264
33.15,3.104245955762489
33.160000000000004,3.024508614983811
33.17,2.950702523037173
33.18,2.8824071182908506
33.19,2.8192600674382966
33.2,2.760948128761114
33.21,2.7071993665642027
33.22,2.657776586484465
33.230000000000004,2.6124722838908085
33.24,2.5711041433012056
33.25,2.5335120478962256
33.26,2.499554856547695
33.27,2.4691087026851615
33.28,2.4420653763361235
33.29,2.4183311145548703
33.3,2.397826084732988
33.31,2.380483981360284
33.32,2.366252194858212
33.33,2.3550920646314286
33.34,2.3469795639874014
33.35,2.3419063385470342
33.36,2.3398810467348037
33.37,2.340930529217667
33.38,2.345102997662708
33.39,2.352467663752387
33.4,2.3631200147685263
33.410000000000004,2.377185985553183
33.42,2.3948197744494966
33.43,2.4162152923373044
33.44,2.4416062984172986
33.45,2.4712728490642415
33.46,2.505551909085931
33.47,2.54483838211675
33.480000000000004,2.589600520600537
33.49,2.640387415492223
33.5,2.6978434948104746
33.51,2.76272259283724
33.52,2.8359067450061906
33.53,2.91842703556396
33.54,3.0114884238470854
33.55,3.1164987210771264
33.56,3.2351016004314075
33.57,3.369213564645846
33.58,3.521063512614169
33.59,3.6932320521083293
33.6,3.8886844235837295
33.61,4.110786444242759
33.62,4.363283374290063
33.63,4.6502097740756785
33.64,4.975677971681377
33.65,5.343462711227015
33.660000000000004,5.756275824355318
33.67,6.21458789863858
33.68,6.714887336612046
33.69,7.24737973337631
33.7,7.7934688641166
33.71,8.323939913497393
33.72,8.79943906893624
33.730000000000004,9.175021509075632
33.74,9.409243120540669
33.75,9.475448274164373
33.76,9.370125788612695
33.77,9.113719175779421
33.78,8.743455223526517
33.79,8.302364998498449
33.8,7.829730645558266
33.81,7.355817833433092
33.82,6.900772365229738
33.83,6.476042062395562
33.84,6.086701246110758
33.85,5.733676955083201
33.86,5.415478528621362
33.87,5.129387240524199
33.88,4.872204484090397
33.89,4.640686570750305
33.9,4.431776318170186
33.910000000000004,4.242709659433306
33.92,4.0710501594716915
33.93,3.914684394254982
33.94,3.7717978191496733
33.95,3.640842432009448
33.96,3.52050272548829
33.97,3.4096628538476597
33.980000000000004,3.3073769150637804
33.99,3.2128425600536734
34.0,3.125378240860391
34.01,3.044403705794467
34.02,2.969423445246475
34.03,2.900012982878726
34.04,2.8358071030130185
34.05,2.7764901592643847
34.06,2.721788492518865
34.07,2.67146325180422
34.08,2.6253054422210194
34.09,2.583131529137393
34.1,2.54477971346213
34.11,2.5101073976343784
34.12,2.4789888820864667
34.13,2.4513139504117905
34.14,2.4269865697291233
34.15,2.4059242746636174
34.160000000000004,2.388057945734669
34.17,2.373331637575461
34.18,2.361703092722756
34.19,2.353144275322513
34.2,2.347642462878866
34.21,2.345201294016636
34.22,2.34584283919704
34.230000000000004,2.3496080838704736
34.24,2.3565614106208037
34.25,2.366791739374357
34.26,2.3804148008294095
34.27,2.3975798481817168
34.28,2.4184694183385043
34.29,2.443306821954955
34.300000000000004,2.472364952114181
34.31,2.50596380947402
34.32,2.544487457803765
34.33,2.5883876117575935
34.34,2.6381965165406336
34.35,2.694538024575906
34.36,2.758143182234636
34.37,2.829867146674779
34.38,2.91070954953376
34.39,3.0018383408318625
34.4,3.1046175181622475
34.410000000000004,3.220638635840088
34.42,3.3517562899933027
34.43,3.500125984235015
34.44,3.668241965833564
34.45,3.858969488174249
34.46,4.0755614942069425
34.47,4.321641631229399
34.480000000000004,4.601125070775198
34.49,4.918025728982336
34.5,5.276082731055658
34.51,5.678094437933597
34.52,6.12484214061927
34.53,6.613477965925699
34.54,7.135371541253004
34.550000000000004,7.673678914105815
34.56,8.201430352809938
34.57,8.681579748036384
34.58,9.070722275096642
34.59,9.327252252477969
34.6,9.422153993183281
34.61,9.347877112373629
34.62,9.120519909514904
34.63,8.77409272282533
34.64,8.350222307875422
34.65,7.888400949077387
34.660000000000004,7.420051576297709
34.67,6.966763784209425
34.68,6.5413042726554185
34.69,6.149769509070564
34.7,5.793797286032948
34.71,5.472352177371565
34.72,5.182984177919333
34.730000000000004,4.922638703748701
34.74,4.6881386772618505
34.75,4.47644742660913
34.76,4.284796574126416
34.77,4.110733419941057
34.78,3.952123908306621
34.79,3.8071327747457944
34.800000000000004,3.6741934347526692
34.81,3.5519747566020325
34.82,3.4393485489256657
34.83,3.335359545974576
34.84,3.2391986865775255
34.85,3.1501798940892987
34.86,3.067720080804172
34.87,2.99132227401528
34.88,2.9205613165521394
34.89,2.8550719801938316
34.9,2.7945390408151045
34.910000000000004,2.7386891040529746
34.92,2.687283694172441
34.93,2.6401141419595793
34.94,2.5969966053938327
34.95,2.557768824326353
34.96,2.5222873212025845
34.97,2.4904249698378433
34.980000000000004,2.4620696023869857
34.99,2.4371227785583804
35.0,2.4154990646633943
35.01,2.397125752228939
35.02,2.381942715884516
35.03,2.36990305546616
35.04,2.3609733286824595
35.050000000000004,2.355134875726062
35.06,2.352384583787112
35.07,2.3527371622566835
35.08,2.3562259753230745
35.09,2.3629065337408672
35.1,2.372858213755723
35.11,2.3861856894686113
35.12,2.4030270252511046
35.13,2.423554326336085
35.14,2.4479764211026525
35.15,2.4765501124203104
35.160000000000004,2.50958116601133
35.17,2.5474355462257448
35.18,2.5905452857241698
35.19,2.6394203576014155
35.2,2.694659992146045
35.21,2.756966903960009
35.22,2.827163634219959
35.230000000000004,2.9062119351444187
35.24,2.995235539244969
35.25,3.095545964794677
35.26,3.208672596174642
35.27,3.3363957574035084
35.28,3.4807822968920505
35.29,3.6442209420572187
35.300000000000004,3.8294526347570277
35.31,4.039586297658036
35.32,4.278084818652699
35.33,4.548692682939089
35.34,4.85526478246954
35.35,5.2014274685485775
35.36,5.589981676048958
35.37,6.021931078810125
35.38,6.495025307689372
35.39,7.001789906193392
35.4,7.527253487984126
35.410000000000004,8.047024771848381
35.42,8.526981165965912
35.43,8.926143822195137
35.44,9.203694779836033
35.45,9.328910225958976
35.46,9.290204733643742
35.47,9.098609373239574
35.480000000000004,8.783763616566313
35.49,8.384759310832399
35.5,7.940516861316017
35.51,7.4832617126240715
35.52,7.036005108667502
35.53,6.6129893860528055
35.54,6.221551053836576
35.550000000000004,5.864245390789909
35.56,5.540663608601932
35.57,5.248750269544911
35.58,4.985685574177355
35.59,4.748421198080563
35.6,4.533984273787108
35.61,4.339632801016145
35.62,4.162920675718103
35.63,4.001711681769845
35.64,3.854165881408116
35.65,3.718712853638546
35.660000000000004,3.5940200546290937
35.67,3.478960714101781
35.68,3.372583716305642
35.69,3.274086384619439
35.7,3.1827907062370446
35.71,3.098122723163023
35.72,3.0195951248468225
35.730000000000004,2.9467924647827903
35.74,2.879358893956665
35.75,2.8169879267175135
35.76,2.759414036748334
35.77,2.706405634315643
35.78,2.6577597258501626
35.79,2.613297032445731
35.800000000000004,2.572858560312903
35.81,2.5363028781451997
35.82,2.503503626877187
35.83,2.4743481492410933
35.84,2.4487362732776248
35.85,2.4265795497317497
35.86,2.4078009847861415
35.87,2.3923349068347077
35.88,2.3801275114812332
35.89,2.371137160409888
35.9,2.365335492809937
35.910000000000004,2.362708500342865
35.92,2.36325810698313
35.93,2.3670038117568297
35.94,2.3739850627359598
35.95,2.3842630100972806
35.96,2.39792507808182
35.97,2.4150861879431518
35.980000000000004,2.4358945211548817
35.99,2.460534931122515
36.0,2.489234315072599
36.01,2.5222693546804096
36.02,2.559970594067985
36.03,2.6027336046262715
36.04,2.6510270656312835
36.050000000000004,2.7054046465309574
36.06,2.7665179433845424
36.07,2.835131887191173
36.08,2.9121428447582876
36.09,2.998598955192618
36.1,3.0957239819004525
36.11,3.204944225734391
36.12,3.3279175538748835
36.13,3.4665647302381
36.14,3.623099456084064
36.15,3.800053414835315
36.160000000000004,4.000287459495538
36.17,4.226975954174746
36.18,4.483539562246031
36.19,4.7734924096481794
36.2,5.10014622142045
36.21,5.466097318906996
36.22,5.872400261617433
36.230000000000004,6.317337176108994
36.24,6.794752882779133
36.25,7.292104858739795
36.26,7.7887173662268046
36.27,8.255213412689775
36.28,8.65541607001801
36.29,8.951692710552825
36.300000000000004,9.113176889052172
36.31,9.124158809473762
36.32,8.98869403119126
36.33,8.728985798404683
36.34,8.378476595187106
36.35,7.9732299589572895
36.36,7.5451136577957705
36.37,7.118335382613292
36.38,6.708946620578493
36.39,6.32607601021549
36.4,5.9737591560564685
36.410000000000004,5.652678215535558
36.42,5.3615241374298135
36.43,5.097956787855546
36.44,4.859222133010707
36.45,4.642522770564487
36.46,4.445222373273166
36.47,4.264943846343073
36.480000000000004,4.099604839842336
36.49,3.9474163886498523
36.5,3.806862693791925
36.51,3.676671932534695
36.52,3.555784252880773
36.53,3.4433203958490615
36.54,3.3385526028360397
36.550000000000004,3.2408787896020836
36.56,3.14980004437322
36.57,3.0649015709203224
36.58,2.9858366321219405
36.59,2.9123135012157686
36.6,2.8440845063410474
36.61,2.7809374524145842
36.62,2.722688860490245
36.63,2.669178254808968
36.64,2.620264213096978
36.65,2.575821045901461
36.660000000000004,2.535736467419525
36.67,2.499909826652071
36.68,2.468250937442616
36.69,2.440679370288575
36.7,2.417124008023638
36.71,2.3975228596356635
36.72,2.3818233478859803
36.730000000000004,2.369982459159608
36.74,2.361967270170726
36.75,2.3577554679828605
36.76,2.3573361305828446
36.77,2.360710564037285
36.78,2.3678929087190106
36.79,2.3789116944635302
36.800000000000004,2.3938097333812065
36.81,2.412646429178963
36.82,2.4354989129372138
36.83,2.4624619157368617
36.84,2.4936510006962345
36.85,2.5292031197371005
36.86,2.5692789847124384
36.87,2.6140650488234796
36.88,2.663776336424341
36.89,2.7186595535073956
36.9,2.7789971428762423
36.910000000000004,2.84511193317034
36.92,2.917373020298342
36.93,2.996202456502179
36.94,3.0820835447025834
36.95,3.1755700014051262
36.96,3.2772949887705844
36.97,3.3879822584789667
36.980000000000004,3.508453800752195
36.99,3.6396356230627847
37.0,3.782556641018586
37.01,3.9383369169984035
37.02,4.10815713549541
37.03,4.293202967656511
37.04,4.494570653020374
37.050000000000004,4.713118223232929
37.06,4.94925448234516
37.07,5.202641254290785
37.08,5.471813073690165
37.09,5.753723166917528
37.1,6.043259309946361
37.11,6.332831306784327
37.12,6.6121716312353165
37.13,6.868558997587072
37.14,7.087630561207893
37.15,7.254874405798707
37.160000000000004,7.357647024551453
37.17,7.387365349941207
37.18,7.341431893206262
37.19,7.224781653444676
37.2,7.051820674446185
37.21,6.8512522341631295
37.22,6.679566541608731
37.230000000000004,6.6540546246733525
37.24,7.01474179220094
37.25,8.175063140810376
37.26,10.591203979042598
37.27,14.197207938273214
37.28,17.3731828768237
37.29,17.40529723931316
37.300000000000004,14.471734580771692
37.31,17.969835091113225
37.32,141.55102914376357
37.33,135.11021813623123
37.34,10.729622523100188
37.35,9.195220881714864
37.36,7.2024770966784555
37.37,5.21933288119015
37.38,4.2233374599042275
37.39,3.9404746232275834
37.4,3.92810048189679
37.410000000000004,4.0384769283135995
37.42,4.2393539321020475
37.43,4.503396111083439
37.44,4.806139854586311
37.45,5.143419762208559
37.46,5.537912545832013
37.47,6.035097140118125
37.480000000000004,6.693498519976295
37.49,7.572815021462436
37.5,8.721245007264809
37.51,10.15895357101127
37.52,11.851487092651967
37.53,13.675648022842829
37.54,15.410271373095181
37.550000000000004,16.80813336436831
37.56,17.73098139234179
37.57,18.16759146436914
37.58,18.045758636701446
37.59,17.17545743386294
37.6,15.539159044421721
37.61,13.4543237467777
37.62,11.340163594748775
37.63,9.467461707216101
37.64,7.925731383215672
37.65,6.699325207117905
37.660000000000004,5.735119245964959
37.67,4.9765207690026125
37.68,4.375389831063959
37.69,3.8941216682897086
37.7,3.504362752845696
37.71,3.185010416037802
37.72,2.9203858608602595
37.730000000000004,2.6987942080391054
37.74,2.511447199452068
37.75,2.3516836786960202
37.76,2.2144028807786684
37.77,2.095659767535793
37.78,1.9923694153514384
37.79,1.9020932556766732
37.800000000000004,1.8228840328018905
37.81,1.7531683727792027
37.82,1.6916621802878593
37.83,1.637307912895776
37.84,1.589224267477117
37.85,1.5466721725046595
37.86,1.509024872364979
37.87,1.4757503047497398
37.88,1.4463905945679432
37.89,1.4205534940158921
37.9,1.3978994488062337
37.910000000000004,1.3781374503197785
37.92,1.3610156083456282
37.93,1.3463191796670957
37.94,1.3338655844248022
37.95,1.323501553295969
37.96,1.3151025922534918
37.97,1.3085681883855573
37.980000000000004,1.3038236465675752
37.99,1.3008173336642788
38.0,1.2995202062910882
38.01,1.2999273391197939
38.02,1.3020556542124615
38.03,1.3059449067096303
38.04,1.3116609910394312
38.050000000000004,1.31929292571255
38.06,1.3289549246475472
38.07,1.3407922496784799
38.08,1.3549831313411054
38.09,1.3717319970488993
38.1,1.3912864640911518
38.11,1.4139346982819534
38.12,1.4400106789708529
38.13,1.4699047196235138
38.14,1.5040675799791212
38.15,1.543023865895326
38.160000000000004,1.5873832495045852
38.17,1.6378576599618477
38.18,1.6952810833084204
38.19,1.7606347322030522
38.2,1.8350795657183416
38.21,1.9199987488407373
38.22,2.0170486599495194
38.230000000000004,2.1282281106129584
38.24,2.2559663810132804
38.25,2.403236637960996
38.26,2.5737032769321435
38.27,2.771916517547495
38.28,3.0035583722682198
38.29,3.2757626599962566
38.300000000000004,3.5975196989437075
38.31,3.9801588144356614
38.32,4.437909163013544
38.33,4.988418390587226
38.34,5.653036219701857
38.35,6.456318805118571
38.36,7.4237734908487445
38.37,8.576162262417352
38.38,9.91841161322685
38.39,11.42303160892385
38.4,13.014979532637046
38.410000000000004,14.576058486916963
38.42,15.983284832344417
38.43,17.144044258139868
38.44,17.930851453289627
38.45,18.054798403480042
38.46,17.20114638157126
38.47,15.426217334374135
38.480000000000004,13.198352170834246
38.49,11.011147202616437
38.5,9.128050291753375
38.51,7.608242305791929
38.52,6.413676197831753
38.53,5.480264052403089
38.54,4.747604389208329
38.550000000000004,4.16711172045797
38.56,3.7019910922076007
38.57,3.3249829235397517
38.58,3.015988908400492
38.59,2.7601221006442125
38.6,2.546267571824407
38.61,2.3660355395105093
38.62,2.213021311342522
38.63,2.082278892500689
38.64,1.9699439303682678
38.65,1.8729652180203091
38.660000000000004,1.7889070848792905
38.67,1.7158062243139176
38.68,1.6520669662939491
38.69,1.5963798178434851
38.7,1.547662985009491
38.71,1.5050174610750888
38.72,1.4676908383620442
38.730000000000004,1.4350518448545175
38.74,1.4065675829840862
38.75,1.3817897855631094
38.76,1.3603390719995687
38.77,1.341896565981164
38.78,1.3261947538643544
38.79,1.3130114069956706
38.800000000000004,1.302164912033354
38.81,1.2935083376033436
38.82,1.2869288269539978
38.83,1.2823422807584968
38.84,1.2796931117126789
38.85,1.2789544112941118
38.86,1.2801222837746835
38.87,1.2832200504499662
38.88,1.2882975873080138
38.89,1.2954280451662619
38.9,1.3047115384080656
38.910000000000004,1.3162798115002887
38.92,1.3302925214514039
38.93,1.3469377139945176
38.94,1.3664446421439753
38.95,1.3890780484822687
38.96,1.415147181435367
38.97,1.4450129439484107
38.980000000000004,1.4790907293687723
38.99,1.517865028861319
39.0,1.5618966216968333
39.01,1.6118406647492474
39.02,1.668462183200158
39.03,1.7326604855495673
39.04,1.8054970869818077
39.050000000000004,1.8882346185273
39.06,1.9823814207468093
39.07,2.0897534911413866
39.08,2.212552124290579
39.09,2.3534637271571004
39.1,2.5157888636678023
39.11,2.7036130141503056
39.12,2.922020317600574
39.13,3.1773743842286337
39.14,3.4776719399017857
39.15,3.8329726983306185
39.160000000000004,4.255911634309898
39.17,4.762213353582405
39.18,5.371089591509854
39.19,6.1051379476620475
39.2,6.989052356993244
39.21,8.045864788687245
39.22,9.288982253620496
39.230000000000004,10.708900419871947
39.24,12.257563441247695
39.25,13.842377842767903
39.26,15.347156810145922
39.27,16.670607965730717
39.28,17.70603968612892
39.29,18.21256056588427
39.300000000000004,17.811472890559912
39.31,16.35674278253359
39.32,14.203184706123315
39.33,11.911185895981216
39.34,9.859568829141498
39.35,8.177334116249426
39.36,6.850180495301262
39.37,5.815396493328667
39.38,5.006956405056558
39.39,4.369934437786294
39.4,3.862318038850041
39.410000000000004,3.452971675513725
39.42,3.119025430931608
39.43,2.843636806705245
39.44,2.6143084793686513
39.45,2.421667831122622
39.46,2.2586023692335946
39.47,2.119650874152919
39.480000000000004,2.0005676344026573
39.49,1.8980146300301106
39.5,1.8093377018285013
39.51,1.73240393807884
39.52,1.665483179137303
39.53,1.6071587035219004
39.54,1.556261674494347
39.550000000000004,1.5118195131207384
39.56,1.4730207802328925
39.57,1.4391817898927337
39.58,1.4097273415314573
39.59,1.3841699904647355
39.6,1.3620998304853007
39.61,1.3431687248634836
39.62,1.3270858621050683
39.63,1.3136075009491446
39.64,1.3025339024650386
39.65,1.2937033219495524
39.660000000000004,1.2869884106829195
39.67,1.282295005874856
39.68,1.2795574644480314
39.69,1.2787395878718242
39.7,1.2798332378329544
39.71,1.282854715414712
39.72,1.2878488870237248
39.730000000000004,1.294887733925158
39.74,1.304067778055765
39.75,1.3155155142736656
39.76,1.329391530140378
39.77,1.3458838813102738
39.78,1.3652157925375505
39.79,1.3876531882033754
39.800000000000004,1.413501988523639
39.81,1.4431190930875581
39.82,1.4769175743049587
39.83,1.5153745336151179
39.84,1.5590448131105437
39.85,1.6085721267289304
39.86,1.664709937295846
39.87,1.7283397947538741
39.88,1.8005022951157985
39.89,1.8824311843862052
39.9,1.9755995152919699
39.910000000000004,2.081776946113957
39.92,2.2031049244641925
39.93,2.3421931601186823
39.94,2.5022431050656486
39.95,2.687209882089557
39.96,2.902009317027032
39.97,3.152783565925571
39.980000000000004,3.4472399846281694
39.99,3.7950627181262884
40.0,4.208402243711561
40.01,4.702380384958903
40.02,5.295494347463307
40.03,6.009593653092135
40.04,6.868804513118778
40.050000000000004,7.89625327105108
40.06,9.106978509658184
40.07,10.495818696876434
40.08,12.022431675336827
40.09,13.603616702871648
40.1,15.1293086444146
40.11,16.49819233550107
40.12,17.60633747083741
40.13,18.22535549415522
40.14,17.966207590601574
40.15,16.624498044955708
40.160000000000004,14.508462327924049
40.17,12.190982210937463
40.18,10.088254316055105
40.19,8.354650202697368
40.2,6.98521228624375
40.21,5.918220692670944
40.22,5.085909750847538
40.230000000000004,4.431261506221445
40.24,3.9105282901657676
40.25,3.4912933550081893
40.26,3.1497764812057913
40.27,2.8685032254689316
40.28,2.6345322349384794
40.29,2.438180872612209
40.300000000000004,2.2721156322367917
40.31,2.130716639145563
40.32,2.00962266447494
40.33,1.9054093556467082
40.34,1.8153584624237897
40.35,1.7372875116070956
40.36,1.6694267684658304
40.37,1.6103296087169265
40.38,1.5588013233179547
40.39,1.5138490918320684
40.4,1.4746432921096093
40.410000000000004,1.4404858837484318
40.42,1.4107884288981043
40.43,1.385052557190296
40.44,1.3628573349924888
40.45,1.343847337538007
40.46,1.3277226067075234
40.47,1.3142337119977228
40.480000000000004,1.3031734992146382
40.49,1.2943758475048657
40.5,1.287708428189959
40.51,1.2830724987960829
40.52,1.2804000401361155
40.53,1.2796508190658982
40.54,1.2808139754921222
40.550000000000004,1.2839055206900258
40.56,1.2889668538089063
40.57,1.2960690144118534
40.58,1.30530995347822
40.59,1.3168140753962714
40.6,1.330738765731015
40.61,1.3472774459549992
40.62,1.3666514914241346
40.63,1.3891257373867745
40.64,1.4150088754769696
40.65,1.4446565386388421
40.660000000000004,1.4784830494215973
40.67,1.5169657719989704
40.68,1.5606591704647765
40.69,1.6102068550161657
40.7,1.6663603361383967
40.71,1.7300000185955762
40.72,1.8021630468412264
40.730000000000004,1.8840781755247447
40.74,1.9772122652336268
40.75,2.0833254327292106
40.76,2.2045462314457125
40.77,2.343466845764274
40.78,2.5032651037941704
40.79,2.6878626322321133
40.800000000000004,2.9021313994212368
40.81,3.152152359185711
40.82,3.445548642271568
40.83,3.79189210000127
40.84,4.20317484966024
40.85,4.694314779596462
40.86,5.283537396860825
40.87,5.992367441451565
40.88,6.844585013679112
40.89,7.863075311626168
40.9,9.063008144955829
40.910000000000004,10.440193306448656
40.92,11.95661635679285
40.93,13.532758188385056
40.94,15.062280764911531
40.95,16.44555091455412
40.96,17.578175667947452
40.97,18.23047332059977
40.980000000000004,18.006956726083224
40.99,16.68930823124698
41.0,14.577833063572024
41.01,12.25112743178515
41.02,10.134955055918757
41.03,8.38918222229521
41.04,7.010391430719386
41.050000000000004,5.936652360103105
41.06,5.099563070001896
41.07,4.441519184615742
41.08,3.9183370332598377
41.09,3.4973017379783182
41.1,3.1544293005630624
41.11,2.8721168070508893
41.12,2.6373315026745634
41.13,2.440332264693609
41.14,2.273746002758797
41.15,2.131924177153958
41.160000000000004,2.010487092270348
41.17,1.9059966511112145
41.18,1.8157239082749406
41.19,1.7374791193825405
41.2,1.6694871723465006
41.21,1.6102952929133587
41.22,1.558705700241672
41.230000000000004,1.513722087851432
41.24,1.4745105841007815
41.25,1.4403711740357852
41.26,1.410711929334
41.27,1.3850327426443174
41.28,1.362909591500304
41.29,1.343984339977263
41.300000000000004,1.3279563703630661
41.31,1.3145727521074806
41.32,1.3036262119536404
41.33,1.2949472107152575
41.34,1.2884033085877162
41.35,1.2838945693185912
41.36,1.2813510471611391
41.37,1.2807333975045576
41.38,1.2820288828671198
41.39,1.285252563917024
41.4,1.2904484721832987
41.410000000000004,1.2976851085065548
41.42,1.307060961446361
41.43,1.3187039373330378
41.44,1.3327706209598185
41.45,1.3494519332806676
41.46,1.3689765138041
41.47,1.3916076440810736
41.480000000000004,1.4176561990345105
41.49,1.4474809590635687
41.5,1.4814968713791417
41.51,1.5201860309861968
41.52,1.5641044586927033
41.53,1.613900342068552
41.54,1.670327734290441
41.550000000000004,1.7342722178886214
41.56,1.8067748932168748
41.57,1.889070338756894
41.58,1.9826303581463793
41.59,2.08922208758987
41.6,2.2109811491253986
41.61,2.3505074058200055
41.62,2.5109875636456356
41.63,2.6963524223689204
41.64,2.9114831557325456
41.65,3.1624698174900296
41.660000000000004,3.456940187986407
41.67,3.804466926958273
41.68,4.217029087303086
41.69,4.709510156447008
41.7,5.30006155748588
41.71,6.010070698713741
41.72,6.863084588831252
41.730000000000004,7.881635047495068
41.74,9.080442249635606
41.75,10.454932829565873
41.76,11.9671930658434
41.77,13.538890615680186
41.78,15.066102927158678
41.79,16.451239359156254
41.800000000000004,17.587858490732106
41.81,18.238375331743267
41.82,18.001130225036515
41.83,16.66381784802982
41.84,14.53874715298229
41.85,12.208779118348165
41.86,10.096231388459866
41.87,8.356588898071655
41.88,6.9839501162562545
41.89,5.915471556499011
41.9,5.082599270482904
41.910000000000004,4.427849310983503
41.92,3.9072199847479863
41.93,3.4881633804990826
41.94,3.146836551633527
41.95,2.8657360687505653
41.96,2.6319140673831596
41.97,2.4356863283960126
41.980000000000004,2.2697262277780905
41.99,2.1284190693272267
42.0,2.007410759700727
42.01,1.9032836601847465
42.02,1.8133237129173978
42.03,1.7353533554485268
42.04,1.6676063979308695
42.050000000000004,1.6086376615130822
42.06,1.5572540430526391
42.07,1.5124640721841598
42.08,1.4734375394637378
42.09,1.439475739509453
42.1,1.4099894457748923
42.11,1.3844796442795186
42.12,1.362523510207092
42.13,1.3437639273634694
42.14,1.3278991796540747
42.15,1.3146791793791446
42.160000000000004,1.3038948441676577
42.17,1.2953784334562304
42.18,1.2889968762466473
42.19,1.2846500088152677
42.2,1.2822698957280776
42.21,1.2818157065531992
42.22,1.283276409978023
42.230000000000004,1.2866682016979156
42.24,1.2920333096730405
42.25,1.2994432465046681
42.26,1.3089981671821203
42.27,1.3208246315072694
42.28,1.3350833785738638
42.29,1.351966692471447
42.300000000000004,1.3717021605468218
42.31,1.3945595068373773
42.32,1.4208501797801707
42.33,1.4509361601177926
42.34,1.4852370031669875
42.35,1.5242367142884987
42.36,1.5684985392870021
42.37,1.6186742321259953
42.38,1.6755258266654565
42.39,1.7399444159935495
42.4,1.8129815542163785
42.410000000000004,1.8958813506794394
42.42,1.990128004789933
42.43,2.09750349246662
42.44,2.2201613288470967
42.45,2.3607225777795766
42.46,2.522400052932815
42.47,2.709156764894335
42.480000000000004,2.9259106588985158
42.49,3.1787982386477034
42.5,3.4755002351252933
42.51,3.825648233853783
42.52,4.241286932559284
42.53,4.737349838067756
42.54,5.332020265321756
42.550000000000004,6.0466400260814
42.56,6.90457632984357
42.57,7.927939916539626
42.58,9.130688840647807
42.59,10.507166192555882
42.6,12.018433970545514
42.61,13.586116434616553
42.62,15.10805614858769
42.63,16.488720034357833
42.64,17.618298308392056
42.65,18.247459696509633
42.660000000000004,17.969119238450745
42.67,16.588599792359243
42.68,14.44080613246314
42.69,12.111386946719557
42.7,10.011934590539209
42.71,8.288322718754888
42.72,6.9301312035071
42.730000000000004,5.873299836856929
42.74,5.049413203892754
42.75,4.401496880814082
42.76,3.8860638632714473
42.77,3.4709841029614026
42.78,3.132731722585717
42.79,2.8540343242566455
42.800000000000004,2.622113434868924
42.81,2.4274074865798414
42.82,2.26267961481894
42.83,2.1223826052689763
42.84,2.0022114237755395
42.85,1.898786719930721
42.86,1.8094232660815595
42.87,1.7319645920346736
42.88,1.6646628366901237
42.89,1.6060856846011549
42.9,1.5550505049733523
42.910000000000004,1.5105744021061698
42.92,1.4718334479521038
42.93,1.4381352321495522
42.94,1.40889346206358
42.95,1.383613536087079
42.96,1.3618751722031173
42.97,1.3433235116646984
42.980000000000004,1.3276596297553644
42.99,1.314632899156752
43.0,1.304038413349095
43.01,1.2957075961304465
43.02,1.2895095558268141
43.03,1.2853453516367617
43.04,1.2831465200356738
43.050000000000004,1.2828754558752988
43.06,1.2845206972502476
43.07,1.288099594502295
43.08,1.2936572351420406
43.09,1.3012647406077917
43.1,1.3110228054367485
43.11,1.3230633494487944
43.12,1.3375454557323614
43.13,1.3546649367465529
43.14,1.374652823597737
43.15,1.3977789696850031
43.160000000000004,1.4243602164272586
43.17,1.4547616715634533
43.18,1.489406546960948
43.19,1.528784938946098
43.2,1.573463809131693
43.21,1.624103830646289
43.22,1.6814733039741598
43.230000000000004,1.7464739999644847
43.24,1.8201672327017266
43.25,1.9038117620879633
43.26,1.9989077769487902
43.27,2.107256437537869
43.28,2.2310360622718117
43.29,2.372897253926011
43.300000000000004,2.5360888299351303
43.31,2.7246191591107483
43.32,2.943461220802463
43.33,3.1988185988108295
43.34,3.4984543732597335
43.35,3.8520933482656368
43.36,4.271887418518886
43.37,4.772876916903686
43.38,5.373326115820812
43.39,6.094583197590551
43.4,6.959851672296152
43.410000000000004,7.990761939904275
43.42,9.200304515843852
43.43,10.581316467795165
43.44,12.0932091735709
43.45,13.656943078653905
43.46,15.17184776946923
43.47,16.544326762345865
43.480000000000004,17.65991236306846
43.49,18.255078232189952
43.5,17.918898361184763
43.51,16.482221090684472
43.52,14.307936785210755
43.53,11.982386153504079
43.54,9.901952240984006
43.550000000000004,8.20014325670663
43.56,6.861094821971419
43.57,5.819476175715844
43.58,5.007220471741888
43.59,4.368096501588797
43.6,3.859321839663252
43.61,3.449324437783569
43.62,3.1149947406903506
43.63,2.8393615114849347
43.64,2.609863232470615
43.65,2.417096939568927
43.660000000000004,2.2539397596131368
43.67,2.114929606389198
43.68,1.9958245515993738
43.69,1.8932922221472988
43.7,1.8046837455015663
43.71,1.727870649493027
43.72,1.6611260886553947
43.730000000000004,1.6030348458113963
43.74,1.5524283255967664
43.75,1.5083327743471815
43.76,1.4699345469544298
43.77,1.4365466909774725
43.78,1.4075901680792697
43.79,1.38257303211974
43.800000000000004,1.3610808881709293
43.81,1.342760693743794
43.82,1.3273171120447902
43.83,1.31450196897486
43.84,1.3041109907835988
43.85,1.295979722700448
43.86,1.2899770077874821
43.87,1.2860065141305574
43.88,1.2840012783950068
43.89,1.283923802055318
43.9,1.2857660305692042
43.910000000000004,1.289545384214188
43.92,1.2953083832547052
43.93,1.3031295370685412
43.94,1.3131097118393629
43.95,1.3253809301843293
43.96,1.3401092032492046
43.97,1.35748891563756
43.980000000000004,1.3777545129728632
43.99,1.4011804412878932
44.0,1.4280844816220415
44.01,1.4588376966760008
44.02,1.4938673729627658
44.03,1.533668828630724
44.04,1.5788159982951908
44.050000000000004,1.629975674335197
44.06,1.6879266758089733
44.07,1.7535803984052925
44.08,1.8280113005244671
44.09,1.9124933129332293
44.1,2.0085455583514547
44.11,2.1179924310056144
44.12,2.243039875642768
44.13,2.3863738124535616
44.14,2.5512859112206856
44.15,2.741837798514776
44.160000000000004,2.9630692298574806
44.17,3.221263502019222
44.18,3.5242836415387724
44.19,3.881970228619708
44.2,4.306607345258624
44.21,4.813371514182382
44.22,5.420637344252629
44.230000000000004,6.1497807990980355
44.24,7.023837139587974
44.25,8.06389635354716
44.26,9.281827856016843
44.27,10.668687439163365
44.28,12.181882018461922
44.29,13.741432006815343
44.300000000000004,15.248091848575072
44.31,16.609992605523296
44.32,17.706717177938124
44.33,18.258999681101134
44.34,17.854365054071046
44.35,16.35491648842542
44.36,14.153674181685428
44.37,11.835134623224329
44.38,9.77764540128204
44.39,8.101059944632084
44.4,6.783795675938326
44.410000000000004,5.759344498976496
44.42,4.960152888795854
44.43,4.330877926882393
44.44,3.829549349628199
44.45,3.4252329554638052
44.46,3.095284431620164
44.47,2.8230751164986567
44.480000000000004,2.5962842093800957
44.49,2.4056864044046073
44.5,2.244286182159333
44.51,2.106715472127556
44.52,1.988802949452976
44.53,1.8872679634405942
44.54,1.7995025220599021
44.550000000000004,1.7234088670923453
44.56,1.657283318563367
44.57,1.599730424460228
44.58,1.5495956135562778
44.59,1.5059184148824536
44.6,1.4678926152906544
44.61,1.4348414422939562
44.62,1.4061905494949782
44.63,1.381455261779205
44.64,1.3602229866477917
44.65,1.3421471527231945
44.660000000000004,1.3269339245690783
44.67,1.3143389194707482
44.68,1.3041604358601773
44.69,1.2962344562157524
44.7,1.2904343941407797
44.71,1.2866638915111714
44.72,1.2848584996294823
44.730000000000004,1.2849828566139159
44.74,1.287028811234135
44.75,1.2910172690615636
44.76,1.2969960229648103
44.77,1.3050398968685684
44.78,1.3152542700289618
44.79,1.3277726043453428
44.800000000000004,1.3427595001779709
44.81,1.3604165084485538
44.82,1.3809796693330332
44.83,1.404724876613474
44.84,1.4319761469646477
44.85,1.463106243946449
44.86,1.49854887689658
44.87,1.5388049003080908
44.88,1.5844547462376575
44.89,1.6361735310835204
44.9,1.6947486913885803
44.910000000000004,1.7611041183280318
44.92,1.8363277724739338
44.93,1.9217096683435269
44.94,2.018790097345099
44.95,2.129418186370403
44.96,2.2558305778779504
44.97,2.4007515176779437
44.980000000000004,2.5675202140813638
44.99,2.7602564445677644
45.0,2.9840732406915884
45.01,3.2453435525475847
45.02,3.5520387352005716
45.03,3.9141308768490854
45.04,4.344046605583668
45.050000000000004,4.857117193342611
45.06,5.4718382095487135
45.07,6.209616601426428
45.08,7.093298841252501
45.09,8.143374034344792
45.1,9.370467468944861
45.11,10.763673376456483
45.12,12.2782168266848
45.13,13.83312284431283
45.14,15.33063649465
45.15,16.680331094849283
45.160000000000004,17.754575737818776
45.17,18.257538972865458
45.18,17.7779851106613
45.19,16.21337550467878
45.2,13.986803731705866
45.21,11.678223694424512
45.22,9.646280276903008
45.230000000000004,7.996822349272734
45.24,6.702672592622216
45.25,5.6963206167044405
45.26,4.910857561738494
45.27,4.291915799623514
45.28,3.7983945492600095
45.29,3.4000321299690652
45.300000000000004,3.074678696094017
45.31,2.8060594822333793
45.32,2.582110775149469
45.33,2.3937891629860015
45.34,2.2342347548104637
45.35,2.098176696322142
45.36,1.9815170522546324
45.37,1.8810307253165377
45.38,1.7941502920745167
45.39,1.7188111713143226
45.4,1.6533346990412991
45.410000000000004,1.5963444912586628
45.42,1.5467019439541239
45.43,1.5034590599974755
45.44,1.4658206717770164
45.45,1.4331165797844623
45.46,1.4047807460588202
45.47,1.380333616480276
45.480000000000004,1.3593682021743898
45.49,1.341541121665438
45.5,1.3265619556211965
45.51,1.3141906473079337
45.52,1.30422682830627
45.53,1.296510336215856
45.54,1.2909153869938133
45.550000000000004,1.2873479412463997
45.56,1.285746353484882
45.57,1.2860760509662699
45.58,1.288331407768588
45.59,1.2925349557816395
45.6,1.298735389244493
45.61,1.307010391588826
45.62,1.3174673390550506
45.63,1.330240849293623
45.64,1.3454999696543128
45.65,1.3634467321954518
45.660000000000004,1.3843194698781176
45.67,1.4084001357142584
45.68,1.436014345860616
45.69,1.4675401927994938
45.7,1.5034160471237716
45.71,1.5441478165832139
45.72,1.5903245148327556
45.730000000000004,1.642628317622406
45.74,1.7018574479368198
45.75,1.76894628234803
45.76,1.84499851260919
45.77,1.9313213361785375
45.78,2.029475715054611
45.79,2.1413377227849133
45.800000000000004,2.269176410087127
45.81,2.4157555721938095
45.82,2.584464655216657
45.83,2.779485437928616
45.84,3.0060065197496724
45.85,3.2704968387754927
45.86,3.5810399577165577
45.87,3.94774443918028
45.88,4.383189708490735
45.89,4.902860105090039
45.9,5.5253751705454155
45.910000000000004,6.272159523862121
45.92,7.165839563013816
45.93,8.226240996530644
45.94,9.462648409128755
45.95,10.862087390980133
45.96,12.37755834012824
45.97,13.927194359582025
45.980000000000004,15.414871739253469
45.99,16.751253535386372
46.0,17.800319770383144
46.01,18.249497303045814
46.02,17.69183139990743
46.03,16.06277056882628
46.04,13.813843644367449
46.050000000000004,11.517876057457562
46.06,9.513056908745476
46.07,7.891528727099913
46.08,6.62089151645403
46.09,5.632848410791582
46.1,4.861236632877751
46.11,4.252708549438879
46.12,3.7670532164028487
46.13,3.3746897398506057
46.14,3.0539679737870844
46.15,2.7889693787453638
46.160000000000004,2.5678881100563795
46.17,2.3818650374287187
46.18,2.2241747063974384
46.19,2.0896454078088618
46.2,1.9742518654058865
46.21,1.874824865558525
46.22,1.7888392337678396
46.230000000000004,1.714261638232694
46.24,1.6494397851729263
46.25,1.593016807508087
46.26,1.543869502928057
46.27,1.5010631976230098
46.28,1.4638124212076788
46.29,1.4314565529927208
46.300000000000004,1.4034352164229946
46.31,1.3792757634171364
46.32,1.3585758325366473
46.33,1.3409962376527629
46.34,1.326251158624062
46.35,1.3141015297646983
46.36,1.3043525531321698
46.37,1.2968446096122939
46.38,1.2914550098333326
46.39,1.2880923595027824
46.4,1.2866952192612244
46.410000000000004,1.287232857951869
46.42,1.2897005601901157
46.43,1.294122205237185
46.44,1.3005499727207703
46.45,1.309062145357569
46.46,1.3197666810813802
46.47,1.3328040963118344
46.480000000000004,1.348342717035959
46.49,1.3665877617988056
46.5,1.3877820504729974
46.51,1.4122080686675786
46.52,1.4401969938830925
46.53,1.4721312725526055
46.54,1.5084533061358891
46.550000000000004,1.5496763926490658
46.56,1.5963943333017225
46.57,1.6492999746721284
46.58,1.7091998478729955
46.59,1.7770417205796794
46.6,1.853942330295097
46.61,1.941227930915145
46.62,2.0404809871626757
46.63,2.1536036328152925
46.64,2.2828986997936576
46.65,2.4311706533915682
46.660000000000004,2.6018592324408867
46.67,2.7992094753341457
46.68,3.028487315456971
46.69,3.296256734036762
46.7,3.6107176126664866
46.71,3.982111004303268
46.72,4.423169016929028
46.730000000000004,4.949522654003196
46.74,5.579903071422836
46.75,6.335727115178859
46.76,7.2393607160942794
46.77,8.30990424020592
46.78,9.555230603305253
46.79,10.960259991268488
46.800000000000004,12.475844072964257
46.81,14.01945458946723
46.82,15.49678211075077
46.83,16.819178189230225
46.84,17.84123904245485
46.85,18.23410150092686
46.86,17.59810648210004
46.87,15.907803935436803
46.88,13.640360472534537
46.89,11.35923310696255
46.9,9.382209201533241
46.910000000000004,7.788503380184961
46.92,6.541026273723228
46.93,5.570925207343649
46.94,4.812855222277035
46.95,4.2144983495206825
46.96,3.7365242219822723
46.97,3.350019539032588
46.980000000000004,3.0338230881174826
46.99,2.772364311738145
47.0,2.5540872009023614
47.01,2.3703136658005093
47.02,2.214447911988869
47.03,2.0814153557760653
47.04,1.967262171655209
47.050000000000004,1.868872480708357
47.06,1.7837624222367565
47.07,1.7099306341324527
47.08,1.6457487012818264
47.09,1.5898795760409286
47.1,1.5412164608722876
47.11,1.4988352446740671
47.12,1.461962743608432
47.13,1.4299450625381702
47.14,1.4022307339782267
47.15,1.3783506667039271
47.160000000000004,1.3579093844840862
47.17,1.3405711146294894
47.18,1.3260538469621066
47.19,1.3141227026377014
47.2,1.3045833799208293
47.21,1.2972815841769236
47.22,1.292095188981433
47.230000000000004,1.2889354154444053
47.24,1.2877435806306805
47.25,1.2884890174312664
47.26,1.2911704944677895
47.27,1.2958134730278066
47.28,1.3024703630125214
47.29,1.3112239016468876
47.300000000000004,1.3221835770713635
47.31,1.3354880639185107
47.32,1.3513116147867472
47.33,1.3698637583371
47.34,1.3913849676785308
47.35,1.416164946137296
47.36,1.444536602500333
47.37,1.476886294822826
47.38,1.513663084777857
47.39,1.5553842526473645
47.4,1.6026522179844853
47.410000000000004,1.6561657563288696
47.42,1.7167433706177588
47.43,1.7853434395392442
47.44,1.8630980618767412
47.45,1.9513498753032408
47.46,2.0517038633049363
47.47,2.1660886054127273
47.480000000000004,2.296838712636883
47.49,2.446799807084053
47.5,2.619461143952143
47.51,2.8191291092969006
47.52,3.0511463525497113
47.53,3.322167820010907
47.54,3.640505503839594
47.550000000000004,4.0165273899870275
47.56,4.463105738443528
47.57,4.996003646594669
47.58,5.634036524248322
47.59,6.39857777285045
47.6,7.311681536797821
47.61,8.391665070644653
47.62,9.644951342730081
47.63,11.054394626557515
47.64,12.568894804343245
47.65,14.10560722085049
47.660000000000004,15.57224444860284
47.67,16.880433326825283
47.68,17.87469996050348
47.69,18.21096668495182
47.7,17.49951753319397
47.71,15.753438383651435
47.72,13.471871391772215
47.730000000000004,11.207237817419323
47.74,9.257760535410895
47.75,7.690902193646014
47.76,6.4655313923409965
47.77,5.512469351047953
47.78,4.767228848996353
47.79,4.178498409524082
47.800000000000004,3.7077904219004547
47.81,3.3268311355922813
47.82,3.0149160261977688
47.83,2.756809213846953
47.84,2.541187770673952
47.85,2.359545243832753
47.86,2.2054089916433592
47.870000000000005,2.073794734025691
47.88,1.960816975048815
47.89,1.8634100902232058
47.9,1.7791293522620217
47.910000000000004,1.7060032962910088
47.92,1.6424269431615104
47.93,1.5870814472855372
47.94,1.538874916159896
47.95,1.4968961870039843
47.96,1.4603799366988968
47.97,1.4286821443497797
47.980000000000004,1.4012569366670344
47.99,1.377642214541388
48.0,1.3574461164630132
48.01,1.3403370937851466
48.02,1.3260380321419252
48.03,1.3143156279904744
48.04,1.3049802115049367
48.050000000000004,1.2978780204305853
48.06,1.2928901652654208
48.07,1.289930565384727
48.08,1.2889411281915386
48.09,1.2898944678884805
48.1,1.2927901581935906
48.11,1.2976547200225779
48.120000000000005,1.3045442950529378
48.13,1.3135415041231882
48.14,1.3247576351501846
48.15,1.3383362147237492
48.160000000000004,1.354451005725135
48.17,1.3733110415121885
48.18,1.3951659157055778
48.19,1.420303601269596
48.2,1.4490618014894574
48.21,1.4818313506785081
48.22,1.5190638689646034
48.230000000000004,1.5612847271245118
48.24,1.609100720845428
48.25,1.6632202520821593
48.26,1.7244690773561626
48.27,1.793818811182805
48.28,1.8724141799931582
48.29,1.9616153038651472
48.300000000000004,2.063047028472726
48.31,2.178663604435083
48.32,2.310830634262026
48.33,2.462431499853053
48.34,2.6370031070034265
48.35,2.8389084504025752
48.36,3.073561432023304
48.370000000000005,3.3477021878954845
48.38,3.669740559421509
48.39,4.050161290699735
48.4,4.501950329426968
48.410000000000004,5.040977325923839
48.42,5.68609912128141
48.43,6.458594516410698
48.44,7.380145306804669
48.45,8.468236552588902
48.46,9.727845493783269
48.47,11.139896251110398
48.480000000000004,12.651672521547557
48.49,14.180476030401406
48.5,15.636271709171911
48.51,16.93060204252675
48.52,17.89772754503333
48.53,18.180066957899438
48.54,17.399689044993938
48.550000000000004,15.60565481301957
48.56,13.314746240617497
48.57,11.067498759354823
48.58,9.144258537274569
48.59,7.602303211849166
48.6,6.397206862362154
48.61,5.45968519639665
48.620000000000005,4.726112214042533
48.63,4.146123021637726
48.64,3.6820094607241054
48.65,3.3060784683215108
48.660000000000004,2.998048791756117
48.67,2.7429808795804087
48.68,2.529769372230241
48.69,2.350059310805035
48.7,2.1974914750726615
48.71,2.0671636315760886
48.72,1.9552506157606933
48.730000000000004,1.8587342392406234
48.74,1.7752042502254992
48.75,1.7027159874332631
48.76,1.6396868245988798
48.77,1.5848143719748464
48.78,1.5370199527007662
48.79,1.4954035222807582
48.800000000000004,1.4592096239452244
48.81,1.427800950063001
48.82,1.4006380863265342
48.83,1.3772639719996023
48.84,1.3572923333663962
48.85,1.3403950330207715
48.86,1.3262979725976085
48.870000000000005,1.3147711761046892
48.88,1.3056276666961142
48.89,1.2987164547699859
48.9,1.2939204638239505
48.910000000000004,1.291155188254822
48.92,1.2903648036347004
48.93,1.2915233448516787
48.94,1.294632320580983
48.95,1.29971978892689
48.96,1.3068432780919126
48.97,1.3160868523514857
48.980000000000004,1.32756281242165
48.99,1.3414168373244064
49.0,1.3578260330858227
49.01,1.3769995576841818
49.02,1.3991891358560626
49.03,1.4246861701860651
49.04,1.4538305179397297
49.050000000000004,1.4870175517699293
49.06,1.5247023725644986
49.07,1.5674148189031258
49.08,1.6157676152194291
49.09,1.6704764415176645
49.1,1.7323757051165953
49.11,1.8024465826512728
49.120000000000005,1.881846170665686
49.13,1.971950487864506
49.14,2.0744023419992383
49.15,2.191178192828204
49.160000000000004,2.324671966958323
49.17,2.4778003562840736
49.18,2.654140958376254
49.19,2.8581079081888463
49.2,3.0951731943140133
49.21,3.372148364860856
49.22,3.697524746317086
49.230000000000004,4.0818704598986155
49.24,4.538257468264761
49.25,5.082606223636835
49.26,5.733759041873185
49.27,6.512824898785014
49.28,7.4410436369257935
49.29,8.535032118671769
49.300000000000004,9.798389558357004
49.31,11.210375981765889
49.32,12.717174289611759
49.33,14.236838666810334
49.34,15.68185825447112
49.35,16.96349969243614
49.36,17.906331374858535
49.370000000000005,18.14166389626552
49.38,17.303784660108043
49.39,15.472583175345495
49.4,13.177519956599625
49.410000000000004,10.947524192994663
49.42,9.047818668652774
49.43,7.527546985135754
49.44,6.339863623784321
49.45,5.41558994297909
49.46,4.691919315222612
49.47,4.119328113504985
49.480000000000004,3.660784933444909
49.49,3.2890961790529
49.5,2.9843404047545796
49.51,2.731832631895847
49.52,2.520647966101371
49.53,2.342563421619212
49.54,2.1913127536415455
49.550000000000004,2.062064125644336
49.56,1.9510441829395655
49.57,1.8552725003279553
49.58,1.7723695398394865
49.59,1.7004141971429125
49.6,1.6378401842291725
49.61,1.583361325748585
49.620000000000005,1.5359098888996483
49.63,1.4945953956950941
49.64,1.4586698930413449
49.65,1.4275033468479534
49.660000000000004,1.400561580749341
49.67,1.3773928250472567
49.68,1.3576131706616232
49.69,1.340900544938156
49.7,1.3269817573250828
49.71,1.3156314110533087
49.72,1.3066634932092456
49.730000000000004,1.299929319466989
49.74,1.295314920089675
49.75,1.2927359338544089
49.76,1.2921395831600644
49.77,1.2935005478428485
49.78,1.296820744177019
49.79,1.3021316459558308
49.800000000000004,1.3094903293658287
49.81,1.3189818874061705
49.82,1.3307223428283097
49.83,1.3448560638059068
49.84,1.3615599973088124
49.85,1.3810493122410525
49.86,1.4035742971460212
49.870000000000005,1.4294286030879293
49.88,1.458955471954949
49.89,1.4925504403132637
49.9,1.5306743272627936
49.910000000000004,1.57385900846677
49.92,1.622723096044246
49.93,1.677986213488604
49.94,1.740490592691978
49.95,1.8112250157052785
49.96,1.891357330707696
49.97,1.982274089224309
49.980000000000004,2.0856340406317084
49.99,2.2034311161892934
50.0,2.3380798770407933
50.01,2.4925234251615893
50.02,2.6703696376716484
50.03,2.876067988859728
50.04,3.115132700926232
50.050000000000004,3.394419068688692
50.06,3.722466276876349
50.07,4.10988453484227
50.08,4.56976608272307
50.09,5.118011736425724
50.1,5.773351134605834
50.11,6.556622681326163
50.120000000000005,7.48853694073749
50.13,8.584829938350396
50.14,9.847887031065516
50.15,11.255764973824803
50.160000000000004,12.754322788525759
50.17,14.263183666915507
50.18,15.697730681268057
50.19,16.969133088830993
50.2,17.894078881317782
50.21,18.09602888585641
50.22,17.21962085130773
50.230000000000004,15.366643304220341
50.24,13.07338873296686
50.25,10.859066278774119
50.26,8.978107121849304
50.27,7.474337697551142
50.28,6.299596115902719
50.29,5.385024811037907
50.300000000000004,4.668533058684571
50.31,4.101265270408621
50.32,3.6467060981488246
50.33,3.278039042287594
50.34,2.9756044371259915
50.35,2.7249056360117043
50.36,2.5151494523337514
50.370000000000005,2.338205591113088
50.38,2.1878774697132717
50.39,2.059381450245484
50.4,1.9489815476125356
50.410000000000004,1.853725727739999
50.42,1.7712549442119634
50.43,1.6996648041584532
50.44,1.637402975643892
50.45,1.5831929605922554
50.46,1.5359753806854635
50.47,1.494868123750674
50.480000000000004,1.4591284024394382
50.49,1.428131434148488
50.5,1.4013468218292404
50.51,1.378327758521822
50.52,1.3586932898268098
50.53,1.3421235197289352
50.54,1.3283485922994156
50.550000000000004,1.3171445530034156
50.56,1.3083286683425301
50.57,1.3017530234942634
50.58,1.297305173889632
50.59,1.2949025840590231
50.6,1.2944927517016402
50.61,1.2960526430536286
50.620000000000005,1.2995846481847344
50.63,1.3051201791385372
50.64,1.3127183344194142
50.65,1.3224637698819013
50.660000000000004,1.33447157478111
50.67,1.3488905089318401
50.68,1.3658963327680376
50.69,1.3857025821488789
50.7,1.408562397574959
50.71,1.4347693622365145
50.72,1.464667426223294
50.730000000000004,1.4986544884569628
50.74,1.537190874123849
50.75,1.5808114987053354
50.76,1.630136066003372
50.77,1.6858886794959678
50.78,1.7489137560016546
50.79,1.8202049313132314
50.800000000000004,1.9009348845188572
50.81,1.9924976766604603
50.82,2.096558553158038
50.83,2.2151204273282916
50.84,2.350608574060507
50.85,2.5059762748831784
50.86,2.6848430149279325
50.870000000000005,2.8916694646145213
50.88,3.1319760866089714
50.89,3.4126215156629773
50.9,3.742131603583807
50.910000000000004,4.1310795571105166
50.92,4.592481613156872
50.93,5.142086965680428
50.94,5.798365173289685
50.95,6.581725700690798
50.96,7.512233879645837
50.97,8.60476938418271
50.980000000000004,9.860825226254304
50.99,11.25803587926128
51.0,12.743146278931015
51.01,14.238536154916073
51.02,15.663093404815692
51.03,16.928805579046394
51.04,17.848435381956392
51.050000000000004,18.04232693733604
51.06,17.15986405629355
51.07,15.309320729413459
51.08,13.025961079410289
51.09,10.823596877393097
51.1,8.953005124966333
51.11,7.457024480292919
51.120000000000005,6.287794485301551
51.13,5.377051480137328
51.14,4.663224290584442
51.15,4.097833510125797
51.160000000000004,3.644619703214372
51.17,3.27693262467346
51.18,2.975226967732432
51.19,2.7250783126703015
51.2,2.5157433085339607
51.21,2.3391271607016715
51.22,2.1890552846498608
51.230000000000004,2.0607624813324517
51.24,1.9505246790923783
51.25,1.8553984769947875
51.26,1.7730329052995444
51.27,1.7015290868933848
51.28,1.6393385525904707
51.29,1.5851897047897199
51.300000000000004,1.5380268076812906
51.31,1.496969805910941
51.32,1.461279217974803
51.33,1.4303330154788965
51.34,1.4036034495877459
51.35,1.3806449357491377
51.36,1.3610787071132207
51.370000000000005,1.3445874032443312
51.38,1.3309021109815853
51.39,1.3198009845792724
51.4,1.3111013759171868
51.410000000000004,1.3046575665415858
51.42,1.3003576111077138
51.43,1.2981195470824483
51.44,1.2978923179603092
51.45,1.2996517167275299
51.46,1.3034006180284559
51.47,1.3091715268714976
51.480000000000004,1.3170217289544237
51.49,1.3270362855082285
51.5,1.3393311617127164
51.51,1.3540503634514542
51.52,1.371370229632935
51.53,1.3915051036200263
51.54,1.4147044430707163
51.550000000000004,1.441261020494653
51.56,1.471517117966528
51.57,1.5058674718319818
51.58,1.5447722662347725
51.59,1.5887629293408483
51.6,1.6384580444447314
51.61,1.6945775116904667
51.620000000000005,1.7579643928879345
51.63,1.8296085618989286
51.64,1.910679416597152
51.65,2.002565173976432
51.660000000000004,2.1069257998766338
51.67,2.2257554712096677
51.68,2.3614666695397672
51.69,2.5169958831606447
51.7,2.695936945390762
51.71,2.9027121629183155
51.72,3.14278813195031
51.730000000000004,3.422938513085165
51.74,3.751568450252688
51.75,4.139071403004666
51.76,4.598197599693572
51.77,5.144319041391165
51.78,5.79537512814391
51.79,6.571078111435414
51.800000000000004,7.490665123408391
51.81,8.56823684558233
51.82,9.804998069793214
51.83,11.179533612157135
51.84,12.641520313722314
51.85,14.118069848733382
51.86,15.532790166596401
51.870000000000005,16.80088711110819
51.88,17.73932087615149
51.89,17.97369665993722
51.9,17.14651823865451
51.910000000000004,15.343674519087688
51.92,13.085286680754098
51.93,10.887996950753518
51.94,9.012155289056173
51.95,7.507652575364551
51.96,6.329968906129354
51.97,5.411973189151391
51.980000000000004,4.692267296748553
51.99,4.122214670609063
52.0,3.6653238155100647
52.01,3.2947321436505974
52.02,2.99071374202521
52.03,2.7387116956895903
52.04,2.5278756064095043
52.050000000000004,2.350032160344715
52.06,2.1989478756230114
52.07,2.0698107418008536
52.08,1.9588635029549823
52.09,1.8631365752555162
52.1,1.7802577562051387
52.11,1.7083139833057317
52.120000000000005,1.6457456049778818
52.13,1.5912705326975318
52.14,1.5438283381550235
52.15,1.5025330877640897
52.160000000000004,1.4666431100371464
52.17,1.4355318611045096
52.18,1.4086723788367153
52.19,1.3856163726272146
52.2,1.3659862931718185
52.21,1.3494624417898418
52.22,1.3357774174211903
52.230000000000004,1.3247091208401667
52.24,1.316074694080662
52.25,1.3097291123208354
52.26,1.3055590306901754
52.27,1.3034831612915065
52.28,1.3034498796597336
52.29,1.3054332279249643
52.300000000000004,1.3094365815283002
52.31,1.3154895103260307
52.32,1.323646222710352
52.33,1.3339901140372215
52.34,1.3466356729010787
52.35,1.361720668197068
52.36,1.3794187917642462
52.370000000000005,1.3999378063027905
52.38,1.4235210961972287
52.39,1.4504559585636996
52.4,1.4810761497298828
52.410000000000004,1.5157678238171752
52.42,1.5549806866918503
52.43,1.5992342954732082
52.44,1.6491349793056278
52.45,1.7053868621261699
52.46,1.7688152386973675
52.47,1.8403881887003881
52.480000000000004,1.9212504000122137
52.49,2.012758895756837
52.5,2.1165340289831343
52.51,2.234521610273027
52.52,2.369071167107353
52.53,2.5230355992406417
52.54,2.699900956999047
52.550000000000004,2.9039434467529652
52.56,3.1404317990911634
52.57,3.4158750535125852
52.58,3.738312360210448
52.59,4.117646802276695
52.6,4.565966396905228
52.61,5.0977751010624734
52.620000000000005,5.729921512771501
52.63,6.4808586820057545
52.64,7.368611279611161
52.65,8.406639507677854
52.660000000000004,9.5970271375115
52.67,10.921970883398199
52.68,12.338086007981618
52.69,13.781276165932985
52.7,15.182817801390923
52.71,16.466730940915443
52.72,17.471811215003235
52.730000000000004,17.849846254565385
52.74,17.217315470127225
52.75,15.574080625673849
52.76,13.38551918141939
52.77,11.184032559826107
52.78,9.269611041446465
52.79,7.7194070760555284
52.800000000000004,6.500583870204945
52.81,5.549055246496383
52.82,4.803063369977468
52.83,4.212665209533108
52.84,3.7400301056804275
52.85,3.3571810280149608
52.86,3.0435390783901664
52.870000000000005,2.783902944612015
52.88,2.566952252789329
52.89,2.384160685550018
52.9,2.22903410903299
52.910000000000004,2.0965657563565046
52.92,1.9828490661080334
52.93,1.8848029337334402
52.94,1.799968982983621
52.95,1.7263662010725096
52.96,1.6623843431837415
52.97,1.6067011619376332
52.980000000000004,1.5582243250182946
52.99,1.516043588701017
53.0,1.4793989123956126
53.01,1.4476495208318652
53.02,1.4202564893431806
53.03,1.3967634485048697
53.04,1.376787378489206
53.050000000000004,1.3600035013320793
53.06,1.346141807060748
53.07,1.3349768885158995
53.08,1.3263252593182975
53.09,1.320040538491082
53.1,1.3160081464561666
53.11,1.3141464217633698
53.120000000000005,1.3144010015644763
53.13,1.3167442972155807
53.14,1.3211778330649464
53.15,1.3277266448876004
53.160000000000004,1.3364404289593754
53.17,1.3473975885459974
53.18,1.3607009734960358
53.19,1.3764798074794855
53.2,1.3948955355004955
53.21,1.4161416575102976
53.22,1.440440523485654
53.230000000000004,1.468058682531425
53.24,1.4993023956485665
53.25,1.5345271384195471
53.26,1.5741459199733048
53.27,1.6186347274652375
53.28,1.668548110238485
53.29,1.7245297218812183
53.300000000000004,1.7873334084687673
53.31,1.8578416014712118
53.32,1.9370952598202271
53.33,2.026327023812979
53.34,2.1270044710575444
53.35,2.2408840688655784
53.36,2.3700780203820186
53.370000000000005,2.517141442306693
53.38,2.685177320423636
53.39,2.8779670732130196
53.4,3.100141778047739
53.410000000000004,3.3573721493640947
53.42,3.6566022166895347
53.43,4.006314017750643
53.44,4.416763807180647
53.45,4.900169024094791
53.46,5.470659978379564
53.47,6.143776354291086
53.480000000000004,6.935078729897837
53.49,7.8573535267791454
53.5,8.915987821816502
53.51,10.102952285554768
53.52,11.391886402596842
53.53,12.739180820262717
53.54,14.093720738418957
53.550000000000004,15.401793443904857
53.56,16.566324449565343
53.57,17.34490261572244
53.58,17.342185420694822
53.59,16.308107656552238
53.6,14.454619561683888
53.61,12.296575597423235
53.620000000000005,10.262164619072164
53.63,8.543174289793066
53.64,7.164000732742478
53.65,6.0789447356263056
53.660000000000004,5.227471556333147
53.67,4.5553481779275184
53.68,4.019638408033915
53.69,3.587943979356761
53.7,3.2362296238144648
53.71,2.9466983906534456
53.72,2.706111321078971
53.730000000000004,2.5045227034848447
53.74,2.3343870450558755
53.75,2.189909998759388
53.76,2.0665910026502416
53.77,1.9608953533821878
53.78,1.8700150183359703
53.79,1.7916967356432054
53.800000000000004,1.7241158776839398
53.81,1.6657809853364147
53.82,1.6154632134311602
53.83,1.5721456005404604
53.84,1.5349787782633335
53.85,1.5032531421737385
53.86,1.4763717576537687
53.870000000000005,1.4538351734761699
53.88,1.4352218704808126
53.89,1.4201807766006351
53.9,1.4084181008688306
53.910000000000004,1.3996926760636696
53.92,1.3938084144225535
53.93,1.3906077991631092
53.94,1.3899711468191744
53.95,1.3918094275452808
53.96,1.3960631770628074
53.97,1.4027026220797871
53.980000000000004,1.4117201501051146
53.99,1.4231325792631524
54.0,1.4369807662951772
54.01,1.4533252157525338
54.02,1.472245457726655
54.03,1.4938423051174734
54.04,1.5182381266447313
54.050000000000004,1.5455680871973598
54.06,1.5759870935020956
54.07,1.6096686267503362
54.08,1.6468005265599073
54.09,1.6875865327609945
54.1,1.7322441264059156
54.11,1.7810025567905872
54.120000000000005,1.8341011914636036
54.13,1.891785258178051
54.14,1.9543027260370534
54.15,2.021898041972337
54.160000000000004,2.094805541406472
54.17,2.1732406576572347
54.18,2.257389734335738
54.19,2.3473975373126774
54.2,2.4433551053490308
54.21,2.5452855298782087
54.22,2.6531342617645035
54.230000000000004,2.766763698000494
54.24,2.885963215532637
54.25,3.010479988586005
54.26,3.1400911104482794
54.27,3.274742298930567
54.28,3.414786756884747
54.29,3.5613874698124808
54.300000000000004,3.7171621720961285
54.31,3.8871977119876315
54.32,4.080609953160974
54.33,4.312898899961629
54.34,4.609442139644104
54.35,5.010653438624233
54.36,5.57993652992347
54.370000000000005,6.418146611796493
54.38,7.701478917284994
54.39,9.864324486055073
54.4,16.05655247694099
54.410000000000004,136.19210418292528
54.42,143.59603839001048
54.43,27.15040317470868
54.44,28.183795733747022
54.45,29.483761191886654
54.46,29.381334229242142
54.47,42.634014120809454
54.480000000000004,66.46401239094797
54.49,53.13746180761684
54.5,23.802422947092005
54.51,12.709990681076597
54.52,8.553827712585239
54.53,6.568689080241367
54.54,5.42015478574765
54.550000000000004,4.656682350328157
54.56,4.100250397976128
54.57,3.6709702905154025
54.58,3.328224446422434
54.59,3.0487449531328563
54.6,2.8177400945986872
54.61,2.625008394548339
54.620000000000005,2.463091126011714
54.63,2.326312661356392
54.64,2.2102359848965394
54.65,2.1113258777118653
54.660000000000004,2.026726628044166
54.67,1.9541057696283581
54.68,1.8915416438010135
54.69,1.837438343767425
54.7,1.7904619016715477
54.71,1.749490547229505
54.72,1.7135760128012938
54.730000000000004,1.6819134328940362
54.74,1.6538170758228712
54.75,1.6287013016484357
54.76,1.6060654158891032
54.77,1.5854811882158941
54.78,1.5665831692971683
54.79,1.5490603391786197
54.800000000000004,1.5326501591392179
54.81,1.5171327819495637
54.82,1.5023272149463
54.83,1.488087562737155
54.84,1.4743008620677307
54.85,1.4608845361349434
54.86,1.4477854316925673
54.870000000000005,1.4349783914084389
54.88,1.4224667492192138
54.89,1.4102818839498574
54.9,1.3984848193552866
54.910000000000004,1.3871678054841023
54.92,1.3764569244849034
54.93,1.3665169627557978
54.94,1.3575558574146722
54.95,1.3498329867384558
54.96,1.3436685090018123
54.97,1.339457294074712
54.980000000000004,1.33768557851209
54.99,1.338954714958612
55.0,1.3440121564445964
55.01,1.353793133344658
55.02,1.3694781400105094
55.03,1.3925723237926646
55.04,1.4250181968712163
55.050000000000004,1.4693596104750484
55.06,1.5289869722769387
55.07,1.608517858324183
55.08,1.7144098495905766
55.09,1.8559935712733893
55.1,2.047304185325047
55.11,2.310529961921872
55.120000000000005,2.6830069326836
55.13,3.2328279302810197
55.14,4.098494602125901
55.15,5.610504480784215
55.160000000000004,8.798027918246452
55.17,19.40084929451586
55.18,97.32836781040368
55.19,114.52733202701201
55.2,26.229041220682117
55.21,9.434342757233585
55.22,5.6982423112261165
55.230000000000004,4.069470441635756
55.24,3.168454962133996
55.25,2.6019353606398545
55.26,2.215290906593709
55.27,1.9356904697046182
55.28,1.7245483153078383
55.29,1.5596519246475304
55.300000000000004,1.4273977184345794
55.31,1.3190442860097529
55.32,1.2287535472026234
55.33,1.152499754725097
55.34,1.087430033771514
55.35,1.031473257230633
55.36,0.9830922416734325
55.370000000000005,0.9411219927443396
55.38,0.9046612388815489
55.39,0.8729984217334342
55.4,0.8455599926918704
55.410000000000004,0.8218741688005442
55.42,0.8015450861413501
55.43,0.7842344052133174
55.44,0.7696483347327887
55.45,0.7575283878623946
55.46,0.7476449595341833
55.47,0.7397931942038009
55.480000000000004,0.7337899372842511
55.49,0.7294720373114693
55.5,0.7266954380335104
55.51,0.7253345431614188
55.52,0.7252822145374076
55.53,0.7264498113234927
55.54,0.7287676296501826
55.550000000000004,0.7321857776767675
55.56,0.7366741082388549
55.57,0.742224525285169
55.58,0.7488506518814607
55.59,0.7565904779932857
55.6,0.7655092722797624
55.61,0.7756994181843913
55.620000000000005,0.7872865216976787
55.63,0.8004318144716441
55.64,0.8153383210007858
55.65,0.832257002820715
55.660000000000004,0.8514957727663984
55.67,0.8734304823668985
55.68,0.8985200582626814
55.69,0.9273257856339441
55.7,0.9605379631700347
55.71,0.9990123512012525
55.72,1.0438203625581846
55.730000000000004,1.0963211934577255
55.74,1.1582654537570582
55.75,1.2319488748780256
55.76,1.3204464358725327
55.77,1.4279771164770232
55.78,1.5604956577436928
55.79,1.726687062187432
55.800000000000004,1.93972336429253
55.81,2.2205515746801443
55.82,2.6045130508290937
55.83,3.1559888253967676
55.84,4.005191785880691
55.85,5.459164967462736
55.86,8.451415739075182
55.870000000000005,17.860043568668782
55.88,92.3437863231501
55.89,116.77149626735346
55.9,30.035942848886336
55.910000000000004,9.942932311718872
55.92,5.888088009506401
55.93,4.159362405113119
55.94,3.2107319998051427
55.95,2.616236069848341
55.96,2.2112894706684583
55.97,1.9191578092257513
55.980000000000004,1.6994143365750136
55.99,1.5288277809974071
56.0,1.3931453362882917
56.01,1.2831607261996782
56.02,1.1926729224451205
56.03,1.1173559357696912
56.04,1.0540995575390597
56.050000000000004,1.0006078922205708
56.06,0.9551458521329464
56.07,0.9163742811298967
56.08,0.8832396880402764
56.09,0.8548991783836893
56.1,0.8306679678629723
56.11,0.8099825684817357
56.120000000000005,0.7923741032503432
56.13,0.7774490329330316
56.14,0.7648750914587215
56.15,0.7543705765474509
56.160000000000004,0.7456965074908303
56.17,0.7386506625762272
56.18,0.7330629535325193
56.19,0.7287918682556752
56.2,0.7257220569381351
56.21,0.7237620082486933
56.22,0.7228429339403359
56.230000000000004,0.7229173848231798
56.24,0.7239593242447543
56.25,0.7259631733726039
56.26,0.7289448128301436
56.27,0.7329415567015125
56.28,0.738013113440254
56.29,0.7442445017754312
56.300000000000004,0.751745635399143
56.31,0.7606559973239236
56.32,0.7711469173179643
56.33,0.7834264266843677
56.34,0.7977443612020549
56.35,0.8143996220584067
56.36,0.8337491553058826
56.370000000000005,0.8562201072398746
56.38,0.8823255033658302
56.39,0.9126852081522158
56.4,0.9480557056363843
56.410000000000004,0.9893695373033604
56.42,1.0377916797098539
56.43,1.0948018143313003
56.44,1.1623114478699785
56.45,1.242842327444094
56.46,1.3397984845080346
56.47,1.4578971787869892
56.480000000000004,1.6038751669887044
56.49,1.7876962390820408
56.5,2.0247235570294047
56.51,2.3398821737762514
56.52,2.776293979288768
56.53,3.415153023049366
56.54,4.428502487275161
56.550000000000004,6.252539544973192
56.56,10.405606650504021
56.57,28.573982604702355
56.58,110.10566391696389
56.59,99.87054752070105
56.6,17.852876958902446
56.61,8.084383802857992
56.620000000000005,5.175936172598814
56.63,3.79023703757965
56.64,2.986775950034794
56.65,2.465974059373041
56.660000000000004,2.102992685211942
56.67,1.8367936182329372
56.68,1.6341326623475663
56.69,1.475422812852367
56.7,1.3484054420181266
56.71,1.245028816093902
56.72,1.1597890400786126
56.730000000000004,1.088794062686312
56.74,1.029209357454765
56.75,0.9789162850696816
56.76,0.9362941170891932
56.77,0.9000772019933614
56.78,0.8692588523333824
56.79,0.8430255258950554
56.800000000000004,0.8207106352391754
56.81,0.8017619970723052
56.82,0.7857180472267199
56.83,0.7721906021478454
56.84,0.7608520644532466
56.85,0.7514256448328802
56.86,0.7436779988451966
56.870000000000005,0.7374136240381431
56.88,0.7324703250401546
56.89,0.7287157935971741
56.9,0.7260450953623991
56.910000000000004,0.7243784277354627
56.92,0.7236598690106261
56.93,0.7238560907723895
56.94,0.7249563114932603
56.95,0.726971441650064
56.96,0.7299351849760191
56.97,0.7339037832595595
56.980000000000004,0.7389578846777276
56.99,0.7452044594640793
57.0,0.752777529832006
57.01,0.7618427983700499
57.02,0.7726000335745763
57.03,0.7852886602354492
57.04,0.8001930523257664
57.050000000000004,0.817650728857892
57.06,0.8380623763285818
57.07,0.861905142213347
57.08,0.8897504229265357
57.09,0.9222882626764956
57.1,0.9603607006622534
57.11,1.0050082381889869
57.120000000000005,1.0575368602557889
57.13,1.1196140059301898
57.14,1.1934112224164244
57.15,1.2818205089463415
57.160000000000004,1.3887897167476237
57.17,1.5198633629894096
57.18,1.6830839792775132
57.19,1.8905690426480288
57.2,2.161426633272637
57.21,2.527536576084494
57.22,3.046087791765627
57.230000000000004,3.8302181806009337
57.24,5.1377303251531234
57.25,7.706105053358722
57.26,14.852815427415912
57.27,73.09717509639312
57.28,121.10710688952278
57.29,46.16709709195684
57.300000000000004,11.535113247057273
57.31,6.451659991807893
57.32,4.4462501342832415
57.33,3.382761727840978
57.34,2.728987023732943
57.35,2.289098517501459
57.36,1.974474311762153
57.370000000000005,1.739358684649791
57.38,1.5578362786952704
57.39,1.4141754529596626
57.4,1.2982927176838874
57.410000000000004,1.2034322601453489
57.42,1.1248962978669368
57.43,1.0593119858164255
57.44,1.0041887610362983
57.45,0.9576411588997579
57.46,0.9182097981870171
57.47,0.8847425625889714
57.480000000000004,0.8563142021284791
57.49,0.8321705207782294
57.5,0.8116892990872427
57.51,0.7943521842083361
57.52,0.779724226435848
57.53,0.7674390234028319
57.54,0.7571871868295519
57.550000000000004,0.7487078267457742
57.56,0.7417820733853545
57.57,0.7362276769007315
57.58,0.731895151896011
57.59,0.7286645832242368
57.6,0.7264431672338508
57.61,0.7251634554191657
57.620000000000005,0.7247818407644849
57.63,0.7252780794803948
57.64,0.726654501515437
57.65,0.7289363263007907
57.660000000000004,0.7321720391357514
57.67,0.7364336878082837
57.68,0.7418199289971459
57.69,0.7484557480178731
57.7,0.7564964546852658
57.71,0.7661303648345602
57.72,0.7775831439690408
57.730000000000004,0.7911228308873689
57.74,0.8070668261845156
57.75,0.8257904548028069
57.76,0.8477387847598459
57.77,0.8734417760151032
57.78,0.9035346044002529
57.79,0.9387870343892641
57.800000000000004,0.9801417761326474
57.81,1.0287707061829554
57.82,1.0861554314989839
57.83,1.154204011628069
57.84,1.2354276081152316
57.85,1.3332100458941043
57.86,1.4522352037882678
57.870000000000005,1.5991859537423871
57.88,1.7839385109367796
57.89,2.021707108946497
57.9,2.3371459936187193
57.910000000000004,2.7728378808735057
57.92,3.4087676302255736
57.93,4.413789391842779
57.94,6.213380017073039
57.95,10.270304031885532
57.96,27.382316007097728
57.97,108.63386707605153
57.980000000000004,101.26315115009398
57.99,18.597622714885876
58.0,8.270257255145182
58.01,5.26453671291834
58.02,3.843106478235506
58.03,3.0218522642205485
58.04,2.490563097107869
58.050000000000004,2.1207214380287724
58.06,1.8497277581548666
58.07,1.6435766735496775
58.08,1.4822691280392322
58.09,1.3533033598137656
58.1,1.2484728239098273
58.11,1.1621679023380183
58.120000000000005,1.090419506247321
58.13,1.0303336254824564
58.14,0.9797434016180653
58.15,0.9369875368185852
58.160000000000004,0.9007653522564286
58.17,0.8700394840668153
58.18,0.8439693560225787
58.19,0.8218646058894149
58.2,0.8031522855009247
58.21,0.7873529006740889
58.22,0.774063039964625
58.230000000000004,0.7629424022373925
58.24,0.7537038839966516
58.25,0.746106007790283
58.26,0.7399471866562898
58.27,0.7350609520108589
58.28,0.7313123961478667
58.29,0.7285954957694654
58.300000000000004,0.7268307132739483
58.31,0.7259636308482774
58.32,0.7259636051138852
58.33,0.726823531798693
58.34,0.7285590773389029
58.35,0.7312096971225265
58.36,0.7348382338682448
58.370000000000005,0.7395329562268556
58.38,0.7454095055600389
58.39,0.7526113116466621
58.4,0.7613145817353426
58.410000000000004,0.7717305539335603
58.42,0.7841109334197229
58.43,0.7987534298994663
58.44,0.8160096390768012
58.45,0.836295207998017
58.46,0.8601030939866869
58.47,0.8880215609151842
58.480000000000004,0.9207578502300361
58.49,0.9591734247041718
58.5,1.004329632004619
58.51,1.0575561282566832
58.52,1.1205492759572535
58.53,1.195516888391113
58.54,1.2853999054679335
58.550000000000004,1.3942157953751213
58.56,1.5276133229942084
58.57,1.6937989039326466
58.58,1.9051615315052004
58.59,2.1812843768894896
58.6,2.5549386790585507
58.61,3.085141290625099
58.620000000000005,3.8892671916538477
58.63,5.236890415051106
58.64,7.9096513987993715
58.65,15.534804721610119
58.660000000000004,77.89240821871896
58.67,120.01415469073807
58.68,41.58237943737876
58.69,11.211479858195107
58.7,6.359496914070672
58.71,4.407201744399584
58.72,3.3627765424562734
58.730000000000004,2.7173940114837545
58.74,2.281641947660042
58.75,1.9692060569362655
58.76,1.7353121884745777
58.77,1.5545124106904111
58.78,1.4113156344425015
58.79,1.2957686097951684
58.800000000000004,1.201187805226391
58.81,1.1229154583066348
58.82,1.0575997477684225
58.83,1.002759617028969
58.84,0.9565120255836963
58.85,0.9173955143122672
58.86,0.8842533268923433
58.870000000000005,0.8561540097995173
58.88,0.8323366872440643
58.89,0.8121722744149092
58.9,0.7951360564028548
58.910000000000004,0.7807873789483827
58.92,0.768754752845262
58.93,0.7587248625996057
58.94,0.7504337152206824
58.95,0.7436601319661866
58.96,0.7382206837469694
58.97,0.733965375821211
58.980000000000004,0.7307746462347072
58.99,0.7285567396004075
59.0,0.727246007929292
59.01,0.7268013677331342
59.02,0.727205606184812
59.03,0.7284647773554137
59.04,0.7306086521543469
59.050000000000004,0.7336905278507415
59.06,0.7377888825732392
59.07,0.7430079509773253
59.08,0.7494806746994334
59.09,0.7573702611215991
59.1,0.7668740976352327
59.11,0.7782276010911551
59.120000000000005,0.791709888173006
59.13,0.807650271109247
59.14,0.826437327675101
59.15,0.8485306112033277
59.160000000000004,0.8744762222958071
59.17,0.9049278500481724
59.18,0.9406757613243998
59.19,0.9826876301056515
59.2,1.032165414908049
59.21,1.090628723396411
59.22,1.160036119122237
59.230000000000004,1.242967677306853
59.24,1.3429063789857572
59.25,1.4646831836225087
59.26,1.6152095757440474
59.27,1.8047321163634173
59.28,2.0490973585835204
59.29,2.3741086760433427
59.300000000000004,2.824609908323915
59.31,3.485535165284916
59.32,4.538337867616196
59.33,6.449045608302723
59.34,10.88069405801331
59.35,31.620809665081378
59.36,111.6766327011557
59.370000000000005,94.91661391982805
59.38,16.943007687882925
59.39,7.933408949331997
59.4,5.129204845476039
59.410000000000004,3.7727564872093153
59.42,2.9797181403530897
59.43,2.4628631679559154
59.44,2.1012337473174147
59.45,1.8352877982268456
59.46,1.632437729463328
59.47,1.4734089062494375
59.480000000000004,1.3460971091709781
59.49,1.2425258705516422
59.5,1.157223971540827
59.51,1.0863077769872116
59.52,1.0269369154571286
59.53,0.9769782156130612
59.54,0.9347914168523135
59.550000000000004,0.8990886586954019
59.56,0.8688400465222262
59.57,0.8432090534038141
59.58,0.821507304241249
59.59,0.8031624426399713
59.6,0.7876950921170122
59.61,0.7747016529248814
59.620000000000005,0.7638415954005159
59.63,0.7548279138164513
59.64,0.7474195139467893
59.65,0.7414153734149542
59.660000000000004,0.7366502457342251
59.67,0.7329906765867658
59.68,0.730332480229075
59.69,0.7285984434258165
59.7,0.7277368267501481
59.71,0.7277201909967679
59.72,0.7285448183585479
59.730000000000004,0.7302304951033809
59.74,0.7328210524945442
59.75,0.7363845325056192
59.76,0.7410150048925718
59.77,0.7468335891266532
59.78,0.7539915741074945
59.79,0.762672392268579
59.800000000000004,0.7730961538786185
59.81,0.7855239065208274
59.82,0.8002641980633717
59.83,0.817680619544805
59.84,0.8382020790572224
59.85,0.8623369603874668
59.86,0.8906909642787999
59.870000000000005,0.923992463885443
59.88,0.9631274243562556
59.89,1.0091885551907274
59.9,1.0635452188443257
59.910000000000004,1.127946579371793
59.92,1.2046731387179197
59.93,1.2967689243861904
59.94,1.4084036279016345
59.95,1.5454583666832917
59.96,1.716509624023863
59.97,1.9345636236262016
59.980000000000004,2.220293282956171
59.99,2.6085354769584144
60.0,3.1626046154245873
60.01,4.010039523974004
60.02,5.4494781268767785
60.03,8.376727320947198
60.04,17.304074583712964
60.050000000000004,87.93331826919555
60.06,116.98998488936384
60.07,33.0052110986287
60.08,10.417401465410602
60.09,6.096373940315601
60.1,4.280528476562871
60.11,3.2898544218772137
60.120000000000005,2.670629639265776
60.13,2.2493634452192306
60.14,1.94569946223505
60.15,1.7174881546802139
60.160000000000004,1.54057633357035
60.17,1.4001668541117003
60.18,1.2867024937505391
60.19,1.1937368969292288
60.2,1.1167596994309845
60.21,1.0525132656605523
60.22,0.9985779807088988
60.230000000000004,0.9531114485782307
60.24,0.9146793490332328
60.25,0.882143204727784
60.26,0.8545838984803887
60.27,0.8312490038948604
60.28,0.8115153569606487
60.29,0.7948623983795876
60.300000000000004,0.7808527123819787
60.31,0.7691174538690889
60.32,0.7593454936559632
60.33,0.7512750506039775
60.34,0.7446871647549603
60.35,0.7394004823395971
60.36,0.7352675502514846
60.370000000000005,0.7321712478208079
60.38,0.7300226361215397
60.39,0.7287589755104538
60.4,0.728342496096187
60.410000000000004,0.7287594811896652
60.42,0.7300199587658841
60.43,0.7321576424911633
60.44,0.7352308943407151
60.45,0.7393229312609128
60.46,0.7445440803644771
60.47,0.7510331153345321
60.480000000000004,0.7589605776021079
60.49,0.7685314333357355
60.5,0.7799899356619684
60.51,0.7936247201872141
60.52,0.8097762060352515
60.53,0.8288454994842999
60.54,0.851306156320831
60.550000000000004,0.8777211790190642
60.56,0.9087639274156695
60.57,0.9452486987501924
60.58,0.9881730335128124
60.59,1.038777594740319
60.6,1.098632686685227
60.61,1.1697668069281455
60.620000000000005,1.2548582530068617
60.63,1.357533266279715
60.64,1.4828387153217606
60.65,1.6380240556995567
60.660000000000004,1.8338879062108353
60.67,2.087226867827828
60.68,2.4255865848183182
60.69,2.89728046289581
60.7,3.5949597639605266
60.71,4.720179257065565
60.72,6.80606192988628
60.730000000000004,11.871784740573554
60.74,40.150120514753475
60.75,116.04884800257682
60.76,82.98583077346679
60.77,14.959103753394762
60.78,7.46636236312043
60.79,4.929442503908769
60.800000000000004,3.664386967956782
60.81,2.912671139561994
60.82,2.417709445107458
60.83,2.0689563971102785
60.84,1.8111792449763966
60.85,1.613825721880452
60.86,1.4586783382905144
60.870000000000005,1.3342226175550138
60.88,1.2328297732781783
60.89,1.1492425887627236
60.9,1.0797137824821497
60.910000000000004,1.0214921740730483
60.92,0.9725042170068661
60.93,0.9311502575986367
60.94,0.8961704168670351
60.95,0.8665545189534508
60.96,0.8414799816154663
60.97,0.8202686853729829
60.980000000000004,0.8023559467525697
60.99,0.7872682483157776
61.0,0.7746068276157512
61.01,0.7640352489626714
61.02,0.7552699947809571
61.03,0.7480733394684619
61.04,0.7422474895703794
61.050000000000004,0.737630100974492
61.06,0.7340910037960982
61.07,0.7315290693435234
61.08,0.729870408668561
61.09,0.7290665866106065
61.1,0.7290938618097238
61.11,0.72995225193327
61.120000000000005,0.731665870678099
61.13,0.7342825347133918
61.14,0.737875573748728
61.15,0.7425441053960015
61.160000000000004,0.7484152700941312
61.17,0.7556465111733595
61.18,0.7644286813558038
61.19,0.7749897304767307
61.2,0.7875999150387988
61.21,0.8025775350329556
61.22,0.8202980400643419
61.230000000000004,0.8412036573258448
61.24,0.8658181670512594
61.25,0.8947658417028233
61.26,0.928797715369604
61.27,0.9688277532542232
61.28,1.0159846335000282
61.29,1.07168550018999
61.300000000000004,1.1377435947120804
61.31,1.216529963136056
61.32,1.3112182862135968
61.33,1.4261718079152368
61.34,1.5675692434971729
61.35,1.7444648661370654
61.36,1.970667571963162
61.370000000000005,2.2682802139369325
61.38,2.6748805724265363
61.39,3.259569907211178
61.4,4.163857445049143
61.410000000000004,5.727602723628328
61.42,9.017901813902721
61.43,20.08101293431926
61.44,97.12716395831062
61.45,112.17859163952939
61.46,25.948679388968497
61.47,9.562420815125634
61.480000000000004,5.790073888653877
61.49,4.127127240904483
61.5,3.199192944854129
61.51,2.6113721951551554
61.52,2.207898415378551
61.53,1.9152244658069413
61.54,1.6942574389897782
61.550000000000004,1.5223744400222163
61.56,1.3856089865765864
61.57,1.2748836143027813
61.58,1.184042936774509
61.59,1.1087599981203657
61.6,1.045896498610733
61.61,0.9931124889328937
61.620000000000005,0.9486198406185857
61.63,0.911022044154527
61.64,0.8792072560290889
61.65,0.8522757268368297
61.660000000000004,0.8294891378867002
61.67,0.8102351029343725
61.68,0.7940014299158925
61.690000000000005,0.7803573099296448
61.7,0.7689395876602905
61.71,0.7594419142822019
61.72,0.7516067485301677
61.730000000000004,0.7452191065963092
61.74,0.7401014025116454
61.75,0.7361096886823909
61.76,0.7331303477702302
61.77,0.7310780664770508
61.78,0.7298936000356288
61.79,0.7295428675934776
61.800000000000004,0.7300159421216075
61.81,0.7313269600798944
61.82,0.7335139665354736
61.83,0.7366398611049272
61.84,0.740792792614933
61.85,0.746088802029343
61.86,0.7526726288741443
61.870000000000005,0.7607214127148282
61.88,0.7704475838580763
61.89,0.7821038227727176
61.9,0.7959881979454889
61.910000000000004,0.8124519099718688
61.92,0.83190812824022
61.93,0.8548455166556848
61.940000000000005,0.8818438860822808
61.95,0.9135975000264754
61.96,0.9509469712667457
61.97,0.9949229306354358
61.980000000000004,1.0468093305060773
61.99,1.1082355489866869
62.0,1.181310854695275
62.01,1.2688297247528195
62.02,1.3745883213857808
62.03,1.5038922340968846
62.04,1.664397949751983
62.050000000000004,1.8675747013532609
62.06,2.1313822605884396
62.07,2.485522208340994
62.08,2.9826598313806465
62.09,3.725306819511385
62.1,4.941410244180657
62.11,7.256259502875825
62.120000000000005,13.227699898786305
62.13,54.43794338019076
62.14,119.99499380763974
62.15,65.05987828442613
62.160000000000004,13.176980692802832
62.17,6.987073786530049
62.18,4.714156657506777
62.190000000000005,3.5442929609460636
62.2,2.836957560131058
62.21,2.3660268153709145
62.22,2.0316540042689604
62.230000000000004,1.783132556635893
62.24,1.5920826742020195
62.25,1.4414297234031048
62.26,1.320303757669611
62.27,1.221459776671602
62.28,1.1398792368113435
62.29,1.0719685373958427
62.300000000000004,1.0150784049531898
62.31,0.9672045312523773
62.32,0.9267952668108252
62.33,0.8926248043869949
62.34,0.8637074799744905
62.35,0.8392389193024071
62.36,0.818554675460424
62.370000000000005,0.8011006565569804
62.38,0.7864119274826535
62.39,0.7740966746682537
62.4,0.7638243188779938
62.410000000000004,0.7553166789739576
62.42,0.7483405736395699
62.43,0.7427024615824956
62.440000000000005,0.7382441641219044
62.45,0.7348392220917211
62.46,0.7323903958189572
62.47,0.7308274016834514
62.480000000000004,0.7301057623053023
62.49,0.730205408404769
62.5,0.731130562436437
62.51,0.7329092353702304
62.52,0.7355941640165604
62.53,0.7392631399289578
62.54,0.7440206225571184
62.550000000000004,0.7499994272899474
62.56,0.7573633894476108
62.57,0.766310242304572
62.58,0.7770759293380843
62.59,0.7899391534629349
62.6,0.8052287986891926
62.61,0.8233314206813787
62.620000000000005,0.8447029683663785
62.63,0.8698830702952626
62.64,0.899515528721657
62.65,0.9343752273222272
62.660000000000004,0.9754064690308133
62.67,1.0237776421416596
62.68,1.0809584722772267
62.690000000000005,1.1488350547203403
62.7,1.2298805451579515
62.71,1.3274175231474665
62.72,1.4460318341073382
62.730000000000004,1.5922478970563576
62.74,1.7756776710486508
62.75,2.011075515761427
62.76,2.3222447033052096
62.77,2.7500632459146717
62.78,3.3707173669976775
62.79,4.3432308441104315
62.800000000000004,6.061099667294224
62.81,9.830383078844664
62.82,24.293381260165575
62.83,104.49557577709143
62.84,105.43035239054188
62.85,20.913966797681923
62.86,8.764835657016915
62.870000000000005,5.483343745213964
62.88,3.9682391757699094
62.89,3.1033120769284768
62.9,2.5477962695485425
62.910000000000004,2.1629500785797844
62.92,1.8819436267030965
62.93,1.6687558835044782
62.940000000000005,1.5023235800720662
62.95,1.3695363903729356
62.96,1.261816114398983
62.97,1.173312806221283
62.980000000000004,1.09989378458861
62.99,1.038548283367764
63.0,0.9870224071726461
63.01,0.9435874405764828
63.02,0.9068887941830586
63.03,0.8758448315297533
63.04,0.8495780416282274
63.050000000000004,0.8273668339926225
63.06,0.808611777280436
63.07,0.7928109224165638
63.08,0.7795418164943508
63.09,0.7684483219987743
63.1,0.7592301325049732
63.11,0.7516350102255631
63.120000000000005,0.7454528324440993
63.13,0.740510433332413
63.14,0.7366680632532346
63.15,0.7338161209211909
63.160000000000004,0.7318732156938206
63.17,0.7307839801937346
63.18,0.7305182505345112
63.190000000000005,0.7310700949776981
63.2,0.7324578196464714
63.21,0.7347238277233505
63.22,0.7379356554204644
63.230000000000004,0.7421865055208728
63.24,0.7475978190255647
63.25,0.7543203102463428
63.26,0.7625377519760685
63.27,0.7724699000321678
63.28,0.7843777518283335
63.29,0.7985687507829515
63.300000000000004,0.8154049164040122
63.31,0.8353119106281752
63.32,0.8587933135816184
63.33,0.8864467521319758
63.34,0.918988500189712
63.35,0.9572868718442566
63.36,1.0024082882307115
63.370000000000005,1.0556841354091209
63.38,1.1188083355646685
63.39,1.1939803277228147
63.4,1.2841241184002186
63.410000000000004,1.3932274289040845
63.42,1.5268886155726364
63.43,1.693228596431911
63.440000000000005,1.9044869100937285
63.45,2.1799721036026454
63.46,2.551914371341587
63.47,3.078160340166879
63.480000000000004,3.87320822009325
63.49,5.198103375962623
63.5,7.800059608881811
63.51,15.041093289905106
63.52,72.60408933093396
63.53,120.21607958355675
63.54,46.05889561564059
63.550000000000004,11.679943799169077
63.56,6.534094931347641
63.57,4.501413885983087
63.58,3.4226513975744495
63.59,2.759021759808914
63.6,2.3122201372109887
63.61,1.9924984000474646
63.620000000000005,1.7535170333571097
63.63,1.5690259578361399
63.64,1.423084752884614
63.65,1.305469558123555
63.660000000000004,1.2093234190432438
63.67,1.1298710162891736
63.68,1.0636766141785117
63.690000000000005,1.008196466546554
63.7,0.961498602079964
63.71,0.9220821286054545
63.72,0.8887575986384443
63.730000000000004,0.8605660254952688
63.74,0.8367229653310972
63.75,0.8165793245707318
63.76,0.7995930761357525
63.77,0.7853090257978861
63.78,0.7733434424300963
63.79,0.7633726682663535
63.800000000000004,0.7551244767693047
63.81,0.7483710493481854
63.82,0.74292379157364
63.83,0.7386288830494045
63.84,0.7353643027111616
63.85,0.7330367745946663
63.86,0.7315801517748222
63.870000000000005,0.7309537670167089
63.88,0.7311417604410151
63.89,0.732152285473122
63.9,0.7340179086279626
63.910000000000004,0.7367955080525316
63.92,0.7405680836197587
63.93,0.7454450567895481
63.940000000000005,0.7515651355147476
63.95,0.7590981947685778
63.96,0.7682491440879442
63.97,0.7792614888191299
63.980000000000004,0.7924231765865134
63.99,0.8080725868160005
64.0,0.8266085033529712
64.01,0.8485003624297485
64.02,0.87430442188309
64.03,0.9046845441065205
64.04,0.9404409401848154
64.05,0.9825502745385729
64.06,1.0322233636933198
64.07000000000001,1.0909874724169872
64.08,1.1608077604333222
64.09,1.2442704027141063
64.1,1.3448625215425
64.11,1.4674184815760858
64.12,1.6188501114475145
64.13,1.8093999102810039
64.14,2.054899402086271
64.15,2.3811100979463884
64.16,2.8327624809428706
64.17,3.4944665150615615
64.18,4.546629671345754
64.19,6.451079621934051
64.2,10.844745141137462
64.21000000000001,30.956626399459513
64.22,110.72282708676339
64.23,95.5034822298194
64.24,17.341315509806797
64.25,8.053311003085962
64.26,5.191634264450543
64.27,3.81239283954847
64.28,3.007480247798239
64.29,2.483434443645867
64.3,2.117027341713616
64.31,1.8477133373735468
64.32000000000001,1.6423986164211541
64.33,1.4815266801280353
64.34,1.3528233603643693
64.35,1.2482024548973936
64.36,1.1621173830592182
64.37,1.090629785197382
64.38,1.0308574251447917
64.39,0.9806337397588067
64.4,0.9382908244263309
64.41,0.9025174099747998
64.42,0.87226338195094
64.43,0.8466747061030755
64.44,0.8250477243069396
64.45,0.8067969365280383
64.46000000000001,0.7914316236923018
64.47,0.7785385665151626
64.48,0.767769328416971
64.49,0.7588303026079068
64.5,0.7514752237388447
64.51,0.7454991035997479
64.52,0.7407337874116429
64.53,0.7370439492444076
64.54,0.7343243536252464
64.55,0.7324976486637812
64.56,0.7315126359796538
64.57000000000001,0.7313431521692985
64.58,0.7319873968574586
64.59,0.7334678604630435
64.6,0.7358314484546606
64.61,0.7391502833769542
64.62,0.7435227852824933
64.63,0.7490755467301302
64.64,0.7559655301583664
64.65,0.764382954533053
64.66,0.7745550791483969
64.67,0.7867509468501096
64.68,0.8012878172984328
64.69,0.8185383416761131
64.7,0.8389412460587342
64.71000000000001,0.8630150801113898
64.72,0.8913761613269299
64.73,0.9247638132450564
64.74,0.9640754619563774
64.75,1.0104157869699488
64.76,1.0651671001275116
64.77,1.1300931364226547
64.78,1.2074916307044745
64.79,1.300428401662839
64.8,1.4131024002372894
64.81,1.5514365281787714
64.82000000000001,1.7240702134092123
64.83,1.944109701484084
64.84,2.232395968725129
64.85,2.6240676288037275
64.86,3.183028966239816
64.87,4.038116069478012
64.88,5.491370659831674
64.89,8.450635463196921
64.9,17.508193943351024
64.91,88.00359217780422
64.92,116.38872002937872
64.93,32.73317644794496
64.94,10.440259772005318
64.95,6.118857093083706
64.96000000000001,4.298290918681224
64.97,3.3038393452418546
64.98,2.6817661415769045
64.99,2.25832838161305
65.0,1.9529853137347515
65.01,1.7234657474041313
65.02,1.5455348994545306
65.03,1.4043385846390737
65.04,1.2902776925200683
65.05,1.1968735624688562
65.06,1.1195896746484266
65.07000000000001,1.055146337981138
65.08,1.0011047992338808
65.09,0.9556055738755195
65.1,0.917199003950851
65.11,0.8847326761552131
65.12,0.8572749955108322
65.13,0.8340622283116937
65.14,0.8144613480068862
65.15,0.7979430976745083
65.16,0.784062648999752
65.17,0.7724449477853095
65.18,0.7627737586702924
65.19,0.7547832534574407
65.2,0.7482513942637027
65.21000000000001,0.7429947763319268
65.22,0.7388643587541909
65.23,0.7357426293867415
65.24,0.7335405889745238
65.25,0.7321962860812321
65.26,0.7316731011071581
65.27,0.7319593424792095
65.28,0.7330673205483743
65.29,0.7350340009758214
65.3,0.7379208291354532
65.31,0.741815501721879
65.32000000000001,0.7468329837834333
65.33,0.7531174104577627
65.34,0.7608451566082232
65.35,0.7702279084623288
65.36,0.7815172127422152
65.37,0.7950097719370375
65.38,0.811054366004562
65.39,0.830061419393477
65.4,0.8525147200714739
65.41,0.8789875807240092
65.42,0.9101646371252459
65.43,0.9468727834411641
65.44,0.9901229925880332
65.45,1.041171186679643
65.46000000000001,1.1016064132874368
65.47,1.173479474108721
65.48,1.2594990207318313
65.49,1.3633322978869955
65.5,1.4900865487316677
65.51,1.6471023663566462
65.52,1.8453246911597103
65.53,2.1017962832648895
65.54,2.4445051197084777
65.55,2.9226263283089002
65.56,3.630684041298151
65.57000000000001,4.774998982366342
65.58,6.904277543069226
65.59,12.119710008564303
65.6,42.07821619892569
65.61,116.47899254160245
65.62,80.13209626496268
65.63,14.732980909989669
65.64,7.427835203187199
65.65,4.92012564799955
65.66,3.6631518186895073
65.67,2.914095691940322
65.68,2.419968911856536
65.69,2.0713584901328104
65.7,1.8134598578899337
65.71000000000001,1.6159018571236017
65.72,1.460548451312004
65.73,1.3359220940581478
65.74,1.2344093912069705
65.75,1.1507574428746263
65.76,1.0812172646534701
65.77,1.0230326578249949
65.78,0.9741232154547622
65.79,0.9328814815292912
65.8,0.8980394559380279
65.81,0.868578898438522
65.82000000000001,0.8436695454196377
65.83,0.822626174823185
65.84,0.8048777009577103
65.85,0.7899450530442439
65.86,0.7774247125218517
65.87,0.7669763382474255
65.88,0.7583133703134721
65.89,0.7511957502869454
65.9,0.745424141566847
65.91,0.7408352682432253
65.92,0.7372987115365691
65.93,0.7347136069218149
65.94,0.7330069207557935
65.95,0.7321315020628092
65.96000000000001,0.7320654875340373
65.97,0.7328111690628738
65.98,0.7343954086264122
65.99,0.736869408748158
66.0,0.7403101813894085
66.01,0.744821177107907
66.02,0.7505344812887886
66.03,0.7576129316726302
66.04,0.7662534908878369
66.05,0.7766908271850881
66.06,0.7892025881700101
66.07000000000001,0.8041151014994783
66.08,0.8218125777617904
66.09,0.8427467817104036
66.1,0.8674518974190508
66.11,0.8965633183114154
66.12,0.9308446970404617
66.13,0.9712241413048085
66.14,1.0188465739616337
66.15,1.0751491157661803
66.16,1.1419700169036469
66.17,1.2217134078064262
66.18,1.3175989358816498
66.19,1.4340561907778577
66.2,1.5773643508375708
66.21000000000001,1.7567363857186489
66.22,1.986244799948643
66.23,2.2884567593488465
66.24,2.7018303179023686
66.25,3.297305698228906
66.26,4.220792112771048
66.27,5.825073978664754
66.28,9.231405749652799
66.29,20.99913059859384
66.3,98.70160766526182
66.31,110.46958251112066
66.32000000000001,24.695515169290687
66.33,9.411136565468167
66.34,5.742773753025484
66.35,4.107370146903862
66.36,3.189783998544467
66.37,2.6065754461366155
66.38,2.205368296989769
66.39,1.9138816557733564
66.4,1.6935709567474564
66.41,1.5220757849655724
66.42,1.385564116106036
66.43,1.2750302729117227
66.44,1.1843577376630565
66.45,1.1092401194473367
66.46000000000001,1.046549083256756
66.47,0.9939482674379938
66.48,0.9496493255400736
66.49,0.9122532071217523
66.5,0.8806443105211293
66.51,0.8539184550922359
66.52,0.8313328793012925
66.53,0.8122707663935687
66.54,0.7962160427476664
66.55,0.7827345303674714
66.56,0.7714600653175102
66.57000000000001,0.7620842059760289
66.58,0.7543477740708947
66.59,0.7480346210013363
66.6,0.7429667886320196
66.61,0.7390002333691668
66.62,0.736021993800022
66.63,0.7339474568801656
66.64,0.7327190029060594
66.65,0.7323041931374007
66.66,0.732695456600863
66.67,0.7339093696658268
66.68,0.735987271352635
66.69,0.738995340728803
66.7,0.7430261237056944
66.71000000000001,0.7481996494139589
66.72,0.7546660970276955
66.73,0.7626080092711573
66.74,0.7722442985605293
66.75,0.7838341119135057
66.76,0.7976834077979666
66.77,0.8141513938499069
66.78,0.8336606741014221
66.79,0.8567092868518276
66.8,0.8838884058865777
66.81,0.9159046685796713
66.82000000000001,0.9536123274733922
66.83,0.9980588189126055
66.84,1.0505482395539163
66.85,1.1127350963807914
66.86,1.1867626869352927
66.87,1.2754714692199678
66.88,1.3827245643827115
66.89,1.5139268128740961
66.9,1.6768902380590969
66.91,1.8833374542505452
66.92,2.1516650782610345
66.93,2.5123794318069086
66.94,3.019761671714159
66.95,3.7799728060572204
66.96000000000001,5.030738093657966
66.97,7.431889632914604
66.98,13.752212978017527
66.99,59.51018880130589
67.0,120.30359141005914
67.01,59.13677417830201
67.02,12.765416467479549
67.03,6.879775079622752
67.04,4.669805103333958
67.05,3.521900140891476
67.06,2.8242604695385913
67.07000000000001,2.3582342819395716
67.08,2.0265800392133384
67.09,1.779676771555747
67.1,1.5896547656280475
67.11,1.4397002145667148
67.12,1.3190847769360474
67.13,1.2206434471584608
67.14,1.139403821162603
67.15,1.0717989392376484
67.16,1.0151944029027824
67.17,0.9675936084125004
67.18,0.9274481532917099
67.19,0.8935326704295319
67.2,0.8648603728295554
67.21000000000001,0.8406248641979959
67.22,0.8201592333935056
67.23,0.8029070942973453
67.24,0.788401207319618
67.25,0.7762478414867507
67.26,0.7661150756430122
67.27,0.7577235987006777
67.28,0.75083959459348
67.29,0.7452695619381022
67.3,0.740855446726012
67.31,0.7374715589343663
67.32000000000001,0.7350216133659003
67.33,0.7334369694510374
67.34,0.7326747405525464
67.35,0.732717159847937
67.36,0.733570796203553
67.37,0.7352668633671693
67.38,0.7378611340720116
67.39,0.7414352984338041
67.4,0.746097841643738
67.41,0.7519865342005401
67.42,0.7592701787859215
67.43,0.7681525633551252
67.44,0.7788755453575469
67.45,0.7917255622285807
67.46000000000001,0.8070387343649532
67.47,0.8252104763416369
67.48,0.8467059225643924
67.49,0.8720755955558653
67.5,0.9019749716490677
67.51,0.9371924225964963
67.52,0.9786887581879459
67.53,1.0276516882490965
67.54,1.0855758499295838
67.55,1.1543801382186174
67.56,1.2365821887595048
67.57000000000001,1.3355685171743545
67.58,1.4560187190891622
67.59,1.6046019400000355
67.6,1.7911621368782875
67.61,2.0308449508570527
67.62,2.3481551591027983
67.63,2.7853287661036683
67.64,3.4214658305195775
67.65,4.422816833194011
67.66,6.205264974975299
67.67,10.177972841936139
67.68,26.23961809064298
67.69,106.42313220241441
67.7,102.28952034938536
67.71000000000001,19.65927469608838
67.72,8.549833074980599
67.73,5.403552620782128
67.74,3.929252227649421
67.75,3.0812700277343854
67.76,2.534108693518078
67.77,2.153861053868462
67.78,1.875597853079249
67.79,1.6641586267407278
67.8,1.4989103398213293
67.81,1.3669737485177054
67.82000000000001,1.2599013807304345
67.83,1.171919932498134
67.84,1.0989425874420082
67.85,1.0379861661589558
67.86,0.986813149669976
67.87,0.9437041839040115
67.88,0.907309585438331
67.89,0.8765498777324089
67.9,0.8505480059035148
67.91,0.8285818932879556
67.92,0.810051183275624
67.93,0.7944528569908874
67.94,0.7813634942830051
67.95,0.7704261845138154
67.96000000000001,0.7613401759835545
67.97,0.7538530572684731
67.98,0.7477549444769666
67.99,0.7428731827265741
68.0,0.7390688902598014
68.01,0.7362336605738374
68.02,0.7342876029708711
68.03,0.7331771529671802
68.04,0.7328742830107108
68.05,0.7333754629739472
68.06,0.7347018424661951
68.07000000000001,0.7368989106856779
68.08,0.7400377188055005
68.09,0.744215484529283
68.1,0.7495579230475385
68.11,0.7562206821222568
68.12,0.7643930158708758
68.13,0.7743004815171743
68.14,0.7862108665436542
68.15,0.8004388595998145
68.16,0.8173545358888133
68.17,0.8373926353630985
68.18,0.8610666207795767
68.19,0.888985579672723
68.2,0.9218788262293015
68.21000000000001,0.9606301293311119
68.22,1.0063247112789253
68.23,1.0603176397418181
68.24,1.1243338134834828
68.25,1.2006147079927862
68.26,1.292143517986981
68.27,1.4029944241327954
68.28,1.5388968521725754
68.29,1.7081786302982798
68.3,1.923421353217934
68.31,2.20453125811054
68.32000000000001,2.5848580138951966
68.33,3.124544135143003
68.34,3.9434210445754
68.35000000000001,5.317418218938048
68.36,8.050011832389067
68.37,15.903046569278812
68.38,78.61289450566913
68.39,118.92286726023926
68.4,40.45738552681566
68.41,11.236848222581424
68.42,6.398757629909773
68.43,4.439911274555968
68.44,3.388998598692928
68.45,2.7384397718651265
68.46000000000001,2.298639218298028
68.47,1.9830272098724104
68.48,1.7466354426756
68.49,1.5638774024377757
68.5,1.4191615510767233
68.51,1.3024590405987404
68.52,1.2070269441077266
68.53,1.128158687767759
68.54,1.0624608524566916
68.55,1.0074158474588681
68.56,0.9611077945236791
68.57000000000001,0.9220455550323956
68.58,0.8890452557866598
68.59,0.8611510048483023
68.60000000000001,0.8375798050127834
68.61,0.8176830907797288
68.62,0.8009189988822537
68.63,0.7868321206389963
68.64,0.775038760846471
68.65,0.7652153405000698
68.66,0.7570898347737002
68.67,0.7504350174175095
68.68,0.7450630235998945
68.69,0.7408212153928487
68.7,0.7375886321616872
68.71000000000001,0.7352738061963009
68.72,0.7338122751519194
68.73,0.733165614838656
68.74,0.7333201188395702
68.75,0.7342868551901027
68.76,0.7361011718284897
68.77,0.7388235960231537
68.78,0.7425404147847506
68.79,0.7473654946247885
68.8,0.7534419709043466
68.81,0.760944961029498
68.82000000000001,0.770084766048226
68.83,0.7811111644716684
68.84,0.7943190363565987
68.85000000000001,0.8100545554915219
68.86,0.8287245614560766
68.87,0.8508083047400572
68.88,0.8768728041121517
68.89,0.9075942775981227
68.9,0.9437874921078773
68.91,0.9864471682744368
68.92,1.0368061060838645
68.93,1.0964206099212241
68.94,1.1672948957895972
68.95,1.2520690110952029
68.96000000000001,1.3543087421506046
68.97,1.478965171574096
68.98,1.6331323121476804
68.99,1.8273476760537508
69.0,2.0779465573973295
69.01,2.411606172843588
69.02,2.8748613986568943
69.03,3.556284851649092
69.04,4.646440246628564
69.05,6.640286718538572
69.06,11.343487582799831
69.07000000000001,34.71021428384238
69.08,112.862432352001
69.09,89.99629172982704
69.10000000000001,16.272062136782974
69.11,7.821914118576897
69.12,5.097693711148519
69.13,3.7636398238678375
69.14,2.97851699605787
69.15,2.4646518428747193
69.16,2.104067859154513
69.17,1.8383550072525174
69.18,1.6354120819554232
69.19,1.476190001473477
69.2,1.34869287168567
69.21000000000001,1.2449953367504487
69.22,1.1596474863833106
69.23,1.0887706696814332
69.24,1.0295201521737858
69.25,0.9797531203785024
69.26,0.9378167190300429
69.27,0.9024090517787908
69.28,0.8724858584887986
69.29,0.8471965901693757
69.3,0.8258396478884034
69.31,0.8078308418228141
69.32000000000001,0.7926802222482555
69.33,0.7799752049908677
69.34,0.7693679738386501
69.35000000000001,0.7605656500956839
69.36,0.7533226900462681
69.37,0.7474353394011549
69.38,0.7427364847742678
69.39,0.7390923115984006
69.4,0.7363992030605649
69.41,0.7345817377935434
69.42,0.7335907283598342
69.43,0.7334023869675119
69.44,0.7340174699425973
69.45,0.7354614427687644
69.46000000000001,0.737784268711679
69.47,0.7410616812937131
69.48,0.7453958880213704
69.49,0.7509179878482375
69.5,0.7577894827972027
69.51,0.7662061066283666
69.52,0.7764006260223982
69.53,0.7886490364265483
69.54,0.8032753181792893
69.55,0.8206604202829516
69.56,0.8412518882091685
69.57000000000001,0.8655785752362104
69.58,0.8942684950126273
69.59,0.928074674002458
69.60000000000001,0.9679114072168458
69.61,1.0149040132150307
69.62,1.070461611981242
69.63,1.1363836477969036
69.64,1.2150169536215083
69.65,1.3094977133079686
69.66,1.424128402553512
69.67,1.564990747532657
69.68,1.7409771119463675
69.69,1.965616376470259
69.7,2.260497091753916
69.71000000000001,2.662179536507375
69.72,3.237541920145981
69.73,4.122519838832033
69.74,5.639800575585784
69.75,8.781135924061719
69.76,18.852309422572418
69.77,92.73368261393681
69.78,113.94791444328267
69.79,28.96239196558002
69.8,10.019247390011012
69.81,5.974988726645617
69.82000000000001,4.22899404217314
69.83,3.2643141828282074
69.84,2.656769555054054
69.85000000000001,2.241364775224811
69.86,1.940871184943893
69.87,1.7144848185499701
69.88,1.5386959183890705
69.89,1.3990384042416195
69.9,1.2861337890028692
69.91,1.1936346641162088
69.92,1.117085250904897
69.93,1.053256786354679
69.94,0.999743095145075
69.95,0.9547057172017761
69.96000000000001,0.9167086672551862
69.97,0.8846082971800311
69.98,0.8574787619514079
69.99,0.8345600337847945
70.0,0.8152215354440987
70.01,0.7989358150549711
70.02,0.7852592791228874
70.03,0.7738181192514714
70.04,0.7642971969370448
70.05,0.7564318374839621
70.06,0.7500012775164497
70.07000000000001,0.7448235010115508
70.08,0.7407511638975671
70.09,0.737668240026322
70.10000000000001,0.7354878706284865
70.11,0.7341500436853214
70.12,0.7336206319590236
70.13,0.7338902162311077
70.14,0.7349741205282481
70.15,0.7369121634396437
70.16,0.7397693970931207
70.17,0.7436370275962857
70.18,0.7486340147180288
70.19,0.7549092564585542
70.2,0.7626439290246305
70.21000000000001,0.772055368633963
70.22,0.7834009103855862
70.23,0.796984369385018
70.24,0.813161990561222
70.25,0.8323526029401089
70.26,0.8550495763169496
70.27,0.8818373029064133
70.28,0.9134135580359272
70.29,0.9506204756959838
70.3,0.9944885679726496
70.31,1.0462983452281196
70.32000000000001,1.1076712522874472
70.33,1.1807027604616278
70.34,1.2681638436597003
70.35000000000001,1.3738134487509779
70.36,1.5028964570818495
70.37,1.6629699376720415
70.38,1.86533282194958
70.39,2.127638998127541
70.4,2.4790021924007664
70.41,2.9708542164249594
70.42,3.7027914622585274
70.43,4.894580251873691
70.44,7.141280949992559
70.45,12.808998618988026
70.46000000000001,48.91304317149679
70.47,118.44067480310139
70.48,71.2807500990646
70.49,13.852467248348937
70.5,7.200646484398152
70.51,4.821505543264588
70.52,3.609840033006971
70.53,2.8814573359760303
70.54,2.398290395706507
70.55,2.0561060534574094
70.56,1.8022676285965005
70.57000000000001,1.6074334505152272
70.58,1.4540029337136378
70.59,1.330796651619455
70.60000000000001,1.2303759927266291
70.61,1.1475946754288653
70.62,1.078770693477655
70.63,1.0211908019957683
70.64,0.9728026025018909
70.65,0.9320170233202728
70.66,0.8975782646600508
70.67,0.8684761693595465
70.68,0.8438860361030438
70.69,0.8231263035750751
70.7,0.805628708530064
70.71000000000001,0.7909162405680362
70.72,0.7785870253184171
70.73,0.7683023725918006
70.74,0.7597772262602224
70.75,0.7527729341607056
70.76,0.7470918740646235
70.77,0.7425724825845594
70.78,0.7390860899379701
70.79,0.7365337837806294
70.8,0.7348447362170828
70.81,0.7339740739597386
70.82000000000001,0.7339023633160305
70.83,0.7346345743974114
70.84,0.7362005852868762
70.85000000000001,0.7386548361730796
70.86,0.7420778165709563
70.87,0.7465767545529522
70.88,0.7522881427623875
70.89,0.7593794986113328
70.9,0.7680530286947781
70.91,0.778548986470385
70.92,0.7911514144184697
70.93,0.8061941073535746
70.94,0.824068947831479
70.95,0.8452367018364494
70.96000000000001,0.8702421053627309
70.97,0.8997327793475218
70.98,0.9344865634157266
70.99,0.9754496330755688
71.0,1.0237896267496402
71.01,1.0809728277295578
71.02,1.148877948062522
71.03,1.2299644515318986
71.04,1.3275326466655708
71.05,1.4461315160068873
71.06,1.5922252314879306
71.07000000000001,1.7753234970631007
71.08,2.0100000124088306
71.09,2.3197188635042987
71.10000000000001,2.744669688527407
71.11,3.359488245118211
71.12,4.319158236143809
71.13,6.004034661852297
71.14,9.656887095476481
71.15,23.123562301020254
71.16,102.25494720009598
71.17,106.9625529151157
71.18,22.213807825019533
71.19,9.028787743843667
71.2,5.599921420354866
71.21000000000001,4.0353918447090615
71.22,3.1474787207742114
71.23,2.5792110592823367
71.24,2.1864653330237704
71.25,1.9001894587925123
71.26,1.6833028079324155
71.27,1.514181382944482
71.28,1.3793932087764926
71.29,1.2701629954871756
71.3,1.1805129980612603
71.31,1.1062233474849734
71.32000000000001,1.0442210557714258
71.33,0.9922058874751822
71.34,0.9484133636638663
71.35000000000001,0.9114604594505321
71.36,0.8802423466950234
71.37,0.8538623193099191
71.38,0.8315827626386675
71.39,0.8127906964030563
71.4,0.7969728746923821
71.41,0.783697404405115
71.42,0.7726002453455246
71.43,0.7633746864345077
71.44,0.7557634037524515
71.45,0.7495520284399341
71.46000000000001,0.7445644692787107
71.47,0.740658614573462
71.48,0.7377234593233991
71.49,0.7356766610592304
71.5,0.7344627896485957
71.51,0.7340519275930569
71.52,0.7344390706839097
71.53,0.7356437003987621
71.54,0.7377102598007362
71.55,0.740708260937139
71.56,0.7447339685853852
71.57000000000001,0.7499114186542585
71.58,0.7563953476593174
71.59,0.7643731028148174
71.60000000000001,0.7740691615895161
71.61,0.7857485217706012
71.62,0.7997240793623643
71.63,0.8163624335647046
71.64,0.83609475125533
71.65,0.8594288190795178
71.66,0.8869671596586719
71.67,0.9194299174736991
71.68,0.9576878235838737
71.69,1.002809032135255
71.7,1.0561244722285472
71.71000000000001,1.11932458036078
71.72,1.1946021978809913
71.73,1.2848683921400295
71.74,1.394090068881528
71.75,1.5278300044037079
71.76,1.694149803323924
71.77,1.9051845199837498
71.78,2.1800502193824336
71.79,2.550596376091699
71.8,3.0738441468744955
71.81,3.8622629370243122
71.82000000000001,5.1709086507599
71.83,7.72310223016752
71.84,14.703212204731694
71.85000000000001,68.60406655416837
71.86,120.1594905814152
71.87,49.61849003299946
71.88,12.041971375832457
71.89,6.665445500348139
71.9,4.571507575510367
71.91,3.4670072269330268
71.92,2.789878526289723
71.93,2.3349994866532624
71.94,2.0100104793737112
71.95,1.7673876546078975
71.96000000000001,1.5802764762036667
71.97,1.432399211505399
71.98,1.31332980336698
71.99,1.2160825176403025
72.0,1.1357955386777066
72.01,1.0689721878551053
72.02,1.0130237987750232
72.03,0.9659840695050772
72.04,0.926324942829923
72.05,0.8928349508529437
72.06,0.8645368666259285
72.07000000000001,0.8406310995564281
72.08,0.8204556426604915
72.09,0.803457845707867
72.10000000000001,0.7891734367343175
72.11,0.7772111402787186
72.12,0.7672413138950057
72.13,0.7589866543554689
72.14,0.7522154431903417
72.15,0.7467360776901103
72.16,0.7423926292552046
72.17,0.7390615039339257
72.18,0.7366485754504221
72.19,0.7350875104687827
72.2,0.7343378720344812
72.21000000000001,0.7343844981672376
72.22,0.7352367271106606
72.23,0.7369286757342784
72.24,0.739519531017034
72.25,0.7430943499403447
72.26,0.7477656708495501
72.27,0.7536751922939241
72.28,0.7609967558108319
72.29,0.7699389065374517
72.3,0.7807497882002671
72.31,0.7937213528313583
72.32000000000001,0.8091976251062324
72.33,0.8275815503838516
72.34,0.8493477124143075
72.35000000000001,0.8750569857649306
72.36,0.9053775344517836
72.37,0.9411131140587332
72.38,0.9832431644568979
72.39,1.032980039644475
72.4,1.0918505247735442
72.41,1.1618175358676917
72.42,1.2454609188563297
72.43,1.3462570723911158
72.44,1.4690210450218035
72.45,1.6206322277381235
72.46000000000001,1.8112755639693943
72.47,2.0566778039440843
72.48,2.3823962533736736
72.49,2.8327306872778495
72.5,3.491277760844977
72.51,4.535663684582461
72.52,6.418016799547961
72.53,10.72270998645009
72.54,29.768711173207695
72.55,109.42289794484587
72.56,96.94872157556607
72.57000000000001,17.9394901608192
72.58,8.20875803050323
72.59,5.266329378547009
72.60000000000001,3.8574488309438886
72.61,3.0380210079331547
72.62,2.5056331466242967
72.63,2.1339233626493876
72.64,1.8610043750830527
72.65,1.65312459791318
72.66,1.490371280741964
72.67,1.360261609451316
72.68,1.2545789878960896
72.69,1.1676906267712122
72.7,1.095598177576182
72.71000000000001,1.0353757457755268
72.72,0.9848236233494783
72.73,0.9422478909043428
72.74,0.9063162404215988
72.75,0.8759612528471936
72.76,0.8503143711145956
72.77,0.8286598109666494
72.78,0.8104017385908292
72.79,0.795040884124302
72.8,0.7821568949505302
72.81,0.7713953077917725
72.82000000000001,0.7624578779112892
72.83,0.7550944680133055
72.84,0.7490972174639992
72.85000000000001,0.7442957668584368
72.86,0.7405533638099804
72.87,0.7377639654123127
72.88,0.7358497814894748
72.89,0.7347598774273738
72.9,0.7344686777811013
72.91,0.7349755014646464
72.92,0.7363041994573383
72.93,0.7385035085426624
72.94,0.7416478902359636
72.95,0.7458382791802799
72.96000000000001,0.7512043203256046
72.97,0.7579061099532598
72.98,0.7661378088564234
72.99,0.7761305234577666
73.0,0.7881579505210324
73.01,0.802541179920634
73.02,0.8196583167221685
73.03,0.8399525715990894
73.04,0.863947166588655
73.05,0.8922629103131724
73.06,0.9256434422516832
73.07000000000001,0.9649896248870008
73.08,1.0114088181149867
73.09,1.0662854198874894
73.10000000000001,1.1313830274179164
73.11,1.2089981786533186
73.12,1.3021920721803382
73.13,1.4151552505790572
73.14,1.553794712388316
73.15,1.7267218599832082
73.16,1.9469904782253653
73.17,2.235339759541448
73.18,2.6266959561067327
73.19,3.184476424096762
73.2,4.036245562190763
73.21000000000001,5.480009483239411
73.22,8.405783344019657
73.23,17.24216909977094
73.24,86.01192991973707
73.25,116.63854297088862
73.26,34.13953054409856
73.27,10.638062948719131
73.28,6.200411824451811
73.29,4.344570695605545
73.3,3.3342631070066515
73.31,2.703498973989353
73.32000000000001,2.2746936250899923
73.33,1.9657678412126922
73.34,1.7337293103118923
73.35000000000001,1.553965167625903
73.36,1.4114051975571573
73.37,1.2963179052075797
73.38,1.2021384690797006
73.39,1.1242712389193228
73.4,1.059393954317549
73.41,1.0050357931687501
73.42,0.9593123086693432
73.43,0.9207536981958211
73.44,0.8881910532783635
73.45,0.8606788863715144
73.46000000000001,0.8374419272574346
73.47,0.817837263484667
73.48,0.8013274203775831
73.49,0.7874606793827543
73.5,0.7758562940951558
73.51,0.7661933907979784
73.52,0.758202499855388
73.53,0.7516587446739982
73.54,0.7463764689263915
73.55,0.7422054328972149
73.56,0.7390269931007418
73.57000000000001,0.7367519814994766
73.58,0.7353183370602826
73.59,0.7346902685551082
73.60000000000001,0.7348567254655243
73.61,0.7358315922258112
73.62,0.7376531799594591
73.63,0.7403853457083595
73.64,0.744117996130028
73.65,0.7489687595783946
73.66,0.755084978493203
73.67,0.7626463719912655
73.68,0.7718685345699545
73.69,0.7830069276927999
73.7,0.7963625770720468
73.71000000000001,0.8122887177297761
73.72,0.831200732352305
73.73,0.8535868002163012
73.74,0.8800247843799235
73.75,0.911204111623052
73.76,0.9479555138022764
73.77,0.9912935150582562
73.78,1.0424774099163705
73.79,1.1030982215696914
73.8,1.1752081949250786
73.81,1.2615159480632516
73.82000000000001,1.3656867960733918
73.83,1.492823039768236
73.84,1.6502549871429049
73.85000000000001,1.848906728147414
73.86,2.105778687115189
73.87,2.44876791272528
73.88,2.926839438623516
73.89,3.633977430997587
73.9,4.774878510946144
73.91,6.891942948467145
73.92,12.046035617363197
73.93,40.869671947927436
73.94,115.6848233785273
73.95,81.46427708873617
73.96000000000001,15.017292339164408
73.97,7.519608405718877
73.98,4.968179925022599
73.99,3.693609888440149
74.0,2.935436061189557
74.01,2.435857897197202
74.02,2.0836805437984243
74.03,1.8233053176480503
74.04,1.6239590936917971
74.05,1.4672820547776984
74.06,1.3416622592552856
74.07000000000001,1.239400245984236
74.08,1.155184827838064
74.09,1.0852254663383205
74.10000000000001,1.0267349844202502
74.11,0.9776089630113174
74.12,0.9362206605672285
74.13,0.9012863103111537
74.14,0.8717744243179936
74.15,0.8468436657328288
74.16,0.8257993886249854
74.17,0.8080625404366572
74.18,0.7931474880978556
74.19,0.7806451817837103
74.2,0.7702107323636264
74.21000000000001,0.7615541232364084
74.22,0.7544324137887051
74.23,0.7486441920608027
74.24,0.7440247904396908
74.25,0.7404428321704277
74.26,0.7377971072117431
74.27,0.736014544416318
74.28,0.7350485476907271
74.29,0.734878016508552
74.3,0.7355064730595757
74.31,0.7369622696787694
74.32000000000001,0.7392984887484847
74.33,0.7425944273100665
74.34,0.7469559283158064
74.35000000000001,0.7525180730708471
74.36,0.7594467586020585
74.37,0.7679426078919537
74.38,0.7782439829695035
74.39,0.790632626866445
74.4,0.8054392351531997
74.41,0.8230525007801812
74.42,0.8439287835194604
74.43,0.868606771354317
74.44,0.8977266732993912
74.45,0.9320563884840284
74.46000000000001,0.9725281505316763
74.47,1.020290986282157
74.48,1.0767853868050596
74.49,1.1438528244380082
74.5,1.223900289655754
74.51,1.320149686042511
74.52,1.4370324315761176
74.53,1.5808281956131025
74.54,1.760747944820795
74.55,1.9908559726779687
74.56,2.293695758280671
74.57000000000001,2.7076608826202055
74.58,3.3035105859571168
74.59,4.226594164352511
74.60000000000001,5.82761714746729
74.61,9.216864368732228
74.62,20.81462312636429
74.63,97.78256078429217
74.64,110.57813501157875
74.65,25.20991895551902
74.66,9.518627568915171
74.67,5.793169431499464
74.68,4.137944859321268
74.69,3.2107555574088043
74.7,2.6220096769593755
74.71000000000001,2.217255183208129
74.72,1.923336808808654
74.73,1.7012838298431168
74.74,1.528504919536549
74.75,1.3910321538608494
74.76,1.2797742134804155
74.77,1.188557264770868
74.78,1.1130345279961693
74.79,1.0500477484222968
74.8,0.9972374867168285
74.81,0.9527970080249902
74.82000000000001,0.9153121168344455
74.83,0.8836546570956942
74.84,0.8569097401109835
74.85000000000001,0.8343256188737265
74.86,0.8152778864155527
74.87,0.7992439799252249
74.88,0.7857844341218118
74.89,0.7745287900532101
74.9,0.7651649739851896
74.91,0.7574311544150265
74.92,0.7511092054694306
74.93,0.746019514433498
74.94,0.7420173395247533
74.95,0.7389891083493892
74.96000000000001,0.7368504100715016
74.97,0.7355437101986735
74.98,0.7350376093928033
74.99,0.7353253863514944
75.0,0.7364252743829865
75.01,0.7383800292239664
75.02,0.7412580829688583
75.03,0.7451542609585529
75.04,0.7501913280437356
75.05,0.7565223173911816
75.06,0.7643330755390398
75.07000000000001,0.7738461196010412
75.08,0.7853245990584898
75.09,0.7990783127308427
75.10000000000001,0.8154709361370727
75.11,0.834929470278624
75.12,0.857956794031433
75.13,0.8851482108825666
75.14,0.9172152560322824
75.15,0.9550168073552693
75.16,0.9996042911421147
75.17,1.0522865260226275
75.18,1.1147222874411495
75.19,1.1890593322040282
75.2,1.2781433487154992
75.21000000000001,1.3858429612892535
75.22,1.517570287520149
75.23,1.681146069946215
75.24,1.8883038042666336
75.25,2.1574529557354665
75.26,2.519110550045821
75.27,3.0275510907534944
75.28,3.7888483257508025
75.29,5.040273473099219
75.3,7.439136169596558
75.31,13.731174734973496
75.32000000000001,58.57054353463701
75.33,119.9304596863505
75.34,59.93588351256423
75.35000000000001,12.898595886886984
75.36,6.9329996405915875
75.37,4.700456279134672
75.38,3.542456994690489
75.39,2.839221516398616
75.4,2.3696865418722424
75.41,2.0356560632173686
75.42,1.7870620041928218
75.43,1.5957988602072641
75.44,1.4449167485210275
75.45,1.323602822594369
75.46000000000001,1.2246361888902029
75.47,1.143005368886287
75.48,1.0751146554884092
75.49,1.0183076061300003
75.5,0.9705700509211522
75.51,0.9303391600943814
75.52,0.8963775721713366
75.53,0.8676882925894365
75.54,0.8434562587672745
75.55,0.8230073035347606
75.56,0.8057787142468487
75.57000000000001,0.791298187591836
75.58,0.7791677662888745
75.59,0.7690519801808471
75.60000000000001,0.7606689339348928
75.61,0.7537828144755232
75.62,0.7481985683899168
75.63,0.7437572317314102
75.64,0.7403327147028169
75.65,0.7378286668133768
75.66,0.7361766781372387
75.67,0.7353345520552753
75.68,0.7352855921650557
75.69,0.7360376085865225
75.7,0.7376234018150867
75.71000000000001,0.7401005258490665
75.72,0.7435530518912314
75.73,0.7480918740221011
75.74,0.7538574876158841
75.75,0.7610217608927667
75.76,0.7697918097795918
75.77,0.7804134097386566
75.78,0.793176585339206
75.79,0.8084216182841332
75.8,0.826548365553751
75.81,0.8480264967142603
75.82000000000001,0.8734108816758863
75.83,0.9033616627615225
75.84,0.9386721604179589
75.85000000000001,0.9803075440362777
75.86,1.0294605034470092
75.87,1.0876309745046802
75.88,1.156743040425304
75.89,1.2393214416063092
75.9,1.3387603163447965
75.91,1.459750432253028
75.92,1.6089753302354701
75.93,1.7963003723149578
75.94,2.0369025598679356
75.95,2.355334399547607
75.96000000000001,2.793906160512285
75.97,3.43183338038421
75.98,4.435531028780099
75.99,6.220959856521275
76.0,10.19518550714814
76.01,26.177160830310303
76.02,105.98789673884427
76.03,102.18393414609966
76.04,19.836089262242613
76.05,8.605878587788414
76.06,5.433991005406298
76.07000000000001,3.9492389407068957
76.08,3.0956855836578585
76.09,2.5450970749360486
76.10000000000001,2.1625509182546123
76.11,1.8826600129481394
76.12,1.670028370759688
76.13,1.5038893021054713
76.14,1.3712815446097135
76.15,1.2637038622531658
76.16,1.1753455746708052
76.17,1.1020925134597885
76.18,1.0409405776097358
76.19,0.9896355393046288
76.2,0.9464444110407333
76.21000000000001,0.9100060152971764
76.22,0.8792312236986766
76.23,0.853234591961091
76.24,0.8312871096935067
76.25,0.8127823366376965
76.26,0.7972122539838689
76.27,0.7841493869866678
76.28,0.7732333789740644
76.29,0.7641608272907364
76.3,0.7566774368282763
76.31,0.7505717632376018
76.32000000000001,0.745670181877882
76.33,0.7418334116609966
76.34,0.7389529217122052
76.35000000000001,0.7369490406424385
76.36,0.7357687522980195
76.37,0.7353850494241354
76.38,0.7357955479988729
76.39,0.7370228475812206
76.4,0.7391141740104404
76.41,0.7421425751466504
76.42,0.7462078354686854
76.43,0.7514379247730675
76.44,0.7579916310576663
76.45,0.7660610330085181
76.46000000000001,0.7758756737569464
76.47,0.7877065516976673
76.48,0.8018725012330196
76.49,0.8187476106249089
76.5,0.838771252640647
76.51,0.8624611411123774
76.52,0.8904308269612813
76.53,0.9234147758425431
76.54,0.9623013340244118
76.55,1.0081807003492178
76.56,1.0624138874557205
76.57000000000001,1.1267315649670233
76.58,1.2033829481602247
76.59,1.2953604452733638
76.60000000000001,1.4067509476151008
76.61,1.5433014716313544
76.62,1.7133661122673292
76.63,1.929566184699815
76.64,2.2118719445723216
76.65,2.593740473051326
76.66,3.1355068732398044
76.67,3.9573780895926305
76.68,5.3361072284654
76.69,8.077296319986138
76.7,15.948167528930941
76.71000000000001,78.24361928402786
76.72,118.6656232690509
76.73,40.6073636708466
76.74,11.293359608753413
76.75,6.428133631330316
76.76,4.458983254980498
76.77,3.402716927624162
76.78,2.7488960636729813
76.79,2.3069142117454984
76.8,1.9897575232938207
76.81,1.7522325776159342
76.82000000000001,1.5686262586330921
76.83,1.423269755378235
76.84,1.3060837227634476
76.85000000000001,1.210290185763816
76.86,1.1311569475396512
76.87,1.0652709209982492
76.88,1.0100988267996391
76.89,0.963711939310532
76.9,0.9246082027268696
76.91,0.8915945978145976
76.92,0.8637072173449878
76.93,0.8401563521756338
76.94,0.8202876540886087
76.95,0.8035543059876079
76.96000000000001,0.7894970214308088
76.97,0.7777287222213688
76.98,0.7679231760170444
76.99,0.7598065165162563
77.0,0.7531499627170216
77.01,0.747764721800624
77.02,0.7434975535185934
77.03,0.7402275424880462
77.04,0.7378632408926866
77.05,0.7363408111037436
77.06,0.735622543010966
77.07000000000001,0.7356960568821614
77.08,0.7365735403223308
77.09,0.7382921887865241
77.10000000000001,0.7409141201157593
77.11,0.7445282182118984
77.12,0.7492504383553368
77.13,0.7552268099425425
77.14,0.7626351941652058
77.15,0.7716894088174705
77.16,0.7826426698331908
77.17,0.7957935197097576
77.18,0.8114920180851835
77.19,0.8301495237070682
77.2,0.8522494086622071
77.21000000000001,0.8783632103904504
77.22,0.909171922762307
77.23,0.9454953185857646
77.24,0.9883330483142853
77.25,1.0389239036671705
77.26,1.0988305772155802
77.27,1.1700649364328009
77.28,1.2552773316459003
77.29,1.3580464942401593
77.3,1.4833427072988745
77.31,1.6382874913624388
77.32000000000001,1.8334611833825716
77.33,2.0852677563723674
77.34,2.4205008761724756
77.35000000000001,2.8859066436140575
77.36,3.5704772846889488
77.37,4.665726214293131
77.38,6.66925045612021
77.39,11.397294780662294
77.4,34.876564169433536
77.41,112.67736802933814
77.42,89.55613450984073
77.43,16.31383574840591
77.44,7.8479747268233275
77.45,5.115153216522943
77.46000000000001,3.7763838569923105
77.47,2.9883182261588055
77.48,2.472455635747569
77.49,2.110441911670725
77.5,1.843671514032488
77.51,1.6399316709270677
77.52,1.4801044309052729
77.53,1.3521484559362607
77.54,1.2481066061707997
77.55,1.1625055358419483
77.56,1.091448482155197
77.57000000000001,1.0320762071387246
77.58,0.9822338504521939
77.59,0.9402583728607977
77.60000000000001,0.9048391446645617
77.61,0.8749243811965955
77.62,0.8496569749899339
77.63,0.8283298754690775
77.64,0.8103540528507875
77.65,0.7952357011254271
77.66,0.7825590469229746
77.67,0.7719736200195041
77.68,0.7631846100319762
77.69,0.7559450987972149
77.7,0.7500502653059893
77.71000000000001,0.7453324127626799
77.72,0.7416576824216464
77.73,0.7389225477934785
77.74,0.7370520419632678
77.75,0.7359976770529927
77.76,0.7357368378155003
77.77,0.7362714657003926
77.78,0.7376285719845088
77.79,0.739859803178531
77.8,0.7430430290275565
77.81,0.7472828266336374
77.82000000000001,0.7527126255704224
77.83,0.7594968761934432
77.84,0.7678341642669618
77.85000000000001,0.7779610229573046
77.86,0.7901565873344538
77.87,0.8047487756629269
77.88,0.8221225449411682
77.89,0.8427298459138824
77.9,0.8671037577523522
77.91,0.8958768134961135
77.92,0.9298073009394996
77.93,0.9698144143616916
77.94,1.0170291498861936
77.95,1.0728675816487292
77.96000000000001,1.1391365505530961
77.97,1.2181933755263865
77.98,1.3131873007462302
77.99,1.4284399452969758
78.0,1.57006038790267
78.01,1.7469835020675657
78.02,1.972805527925606
78.03,2.269228595788317
78.04,2.673016607942916
78.05,3.2514451727158535
78.06,4.141324178929841
78.07000000000001,5.667645198222408
78.08,8.830425611401846
78.09,18.992735749657808
78.10000000000001,92.69434413853637
78.11,113.55688070983837
78.12,28.86473286866585
78.13,10.035662735853844
78.14,5.989423530319276
78.15,4.2402761591337255
78.16,3.273256197896198
78.17,2.664008495667373
78.18,2.24733864040754
78.19,1.9458877342716494
78.2,1.7187688122922014
78.21000000000001,1.5424174645558235
78.22,1.402329961220823
78.23,1.2891006420898201
78.24,1.1963615731879682
78.25,1.1196408462484675
78.26,1.0556965342927203
78.27,1.0021113875571797
78.28,0.9570375520517889
78.29,0.9190307593688715
78.3,0.8869403371677845
78.31,0.8598341286900608
78.32000000000001,0.836946852615049
78.33,0.817643350441922
78.34,0.8013922618086465
78.35000000000001,0.7877469942459445
78.36,0.7763311239011866
78.37,0.7668275002146465
78.38,0.7589701470820099
78.39,0.752537232557684
78.4,0.7473461561514583
78.41,0.743249335395848
78.42,0.7401310045507108
78.43,0.7379045777152726
78.44,0.7365107886965693
78.45,0.7359163879442313
78.46000000000001,0.7361133329821964
78.47,0.7371181883716251
78.48,0.7389725803089585
78.49,0.7417432141569041
78.5,0.7455238268663525
78.51,0.7504355087607255
78.52,0.7566298767633335
78.53,0.7642908949038659
78.54,0.7736391678173221
78.55,0.784935521426402
78.56,0.798487179288332
78.57000000000001,0.8146542295631581
78.58,0.8338598350445346
78.59,0.8566015076613871
78.60000000000001,0.8834680580656333
78.61,0.9151621367466689
78.62,0.9525311619827116
78.63,0.9966109746757926
78.64,1.0486889044451237
78.65,1.110394073053859
78.66,1.1838316243749372
78.67,1.2717859562017055
78.68,1.3780338239278531
78.69,1.5078469082722301
78.7,1.668822176425955
78.71000000000001,1.872322005258597
78.72,2.1361054521315985
78.73,2.4894713868681935
78.74,2.984203952369123
78.75,3.7206452298214594
78.76,4.92040502001769
78.77,7.1843968522971915
78.78,12.908808373498541
78.79,49.49024008583347
78.8,118.3421155619607
78.81,70.37332950387542
78.82000000000001,13.837972636324855
78.83,7.2090498251528725
78.84,4.830462316022348
78.85000000000001,3.617591816011609
78.86,2.887984848212047
78.87,2.4037946184959678
78.88,2.060789517001609
78.89,1.806301500874842
78.9,1.6109577106200366
78.91,1.457131832702422
78.92,1.3336238702031713
78.93,1.2329786546560775
78.94,1.1500362358864422
78.95,1.0811031219498426
78.96000000000001,1.0234561970613445
78.97,0.9750344026477946
78.98,0.9342411210295667
78.99,0.8998138090783012
79.0,0.87073649557941
79.01,0.8461792908445361
79.02,0.8254563230268716
79.03,0.8079955656807539
79.04,0.7933168715985596
79.05,0.7810160342533219
79.06,0.7707523042440093
79.07000000000001,0.7622391717926115
79.08,0.7552371165765274
79.09,0.74954776770167
79.10000000000001,0.7450094646609565
79.11,0.7414934252187961
79.12,0.7389013808976033
79.13,0.7371628596006481
79.14,0.736234101923932
79.15,0.7360965464189339
79.16,0.7367568025247452
79.17,0.7382460462714118
79.18,0.7406207161769982
79.19,0.7439631430860907
79.2,0.7483829348720177
79.21000000000001,0.7540190962564671
79.22,0.7610417953446637
79.23,0.7696562145856346
79.24,0.7801058763983567
79.25,0.7926783764494433
79.26,0.807711027831917
79.27,0.8255996264649207
79.28,0.8468093038162692
79.29,0.8718889444244482
79.3,0.9014909261303437
79.31,0.9363980972042827
79.32000000000001,0.9775622058845421
79.33,1.0261570948717715
79.34,1.0836568210726836
79.35000000000001,1.1519494003800574
79.36,1.2335067901218062
79.37,1.331646605578325
79.38,1.4509425028630292
79.39,1.5978957980798996
79.4,1.7820742457029073
79.41,2.0181460523710038
79.42,2.329738861313005
79.43,2.7573449801203074
79.44,3.376216372129684
79.45,4.342770783353291
79.46000000000001,6.0414626411683425
79.47,9.731893124883369
79.48,23.4200603704855
79.49,102.34727932545323
79.5,106.3402355498757
79.51,22.066024430247076
79.52,9.024089425419426
79.53,5.604970174471263
79.54,4.041414520787764
79.55,3.1530700351073677
79.56,2.5841412846291503
79.57000000000001,2.1907649703783956
79.58,1.9039488690141146
79.59,1.6866194186930343
79.60000000000001,1.5171450780435363
79.61,1.3820828209346054
79.62,1.272646178963921
79.63,1.1828470067160606
79.64,1.1084560414589066
79.65,1.0463917798050972
79.66,0.9943463356154918
79.67,0.950548335299521
79.68,0.9136085345619832
79.69,0.8824166022589461
79.7,0.8560709711160517
79.71000000000001,0.8338297573880024
79.72,0.8150764562687339
79.73,0.7992947819348404
79.74,0.7860503674752309
79.75,0.7749773250081324
79.76,0.7657674869724178
79.77,0.7581624264460507
79.78,0.7519473518927837
79.79,0.7469457141153409
79.8,0.7430155809180281
79.81,0.7400461474151778
79.82000000000001,0.7379558352851031
79.83,0.7366898436889662
79.84,0.7362194660267593
79.85000000000001,0.7365407754431801
79.86,0.7376750036075622
79.87,0.7396679883312096
79.88,0.7425914116012674
79.89,0.746543418329503
79.9,0.7516506432534368
79.91,0.7580702505904248
79.92,0.7659925262091504
79.93,0.7756447742121783
79.94,0.7872956781795977
79.95,0.8012613006465255
79.96000000000001,0.8179122551613789
79.97,0.8376833680896608
79.98,0.8610870980380113
79.99,0.8887301673682302
80.0,0.9213375727766933
