time,D_T,u,is_supercritical
0.01,0.01882026064722984,0.0010358142486773484,False
0.02,0.01886343690682453,0.0010381905486516719,False
0.03,0.018910447133917076,0.0010407778594210997,False
0.04,0.018961315423111975,0.0010435775070849417,False
0.05,0.019016069341643703,0.0010465910088663015,False
0.06,0.019074739986573733,0.0010498200762600392,False
0.07,0.019137362043890882,0.0010532666182854887,False
0.08,0.01920397385994287,0.0010569327454178503,False
0.09,0.019274617523335272,0.0010608207740956776,False
0.1,0.0193493389566361,0.0010649332317680417,False
0.11,0.019428188017938414,0.0010692728624842503,False
0.12,0.019511218612338538,0.0010738426330292963,False
0.13,0.019598488813392042,0.001078645739608453,False
0.14,0.019690060994619812,0.0010836856150849997,False
0.15,0.019786001971142116,0.001088965936775361,False
0.16,0.01988638315152616,0.001094490634806371,False
0.17,0.019991280699942226,0.0011002639010398902,False
0.18,0.020100775736598908,0.0011062902001041986,False
0.19,0.020214954572539082,0.0011125742823165049,False
0.2,0.02033390882703367,0.00111912119014397,False
0.21,0.020457735720755602,0.0011259362743391782,False
0.22,0.0205865382935887,0.0011330252059277247,False
0.23,0.020720425666831268,0.0011403939906391653,False
0.24,0.020859513325714646,0.0011480489844560432,False
0.25,0.021003923421515195,0.001155996910241284,False
0.26,0.02115378509369743,0.0011642448754680473,False
0.27,0.021309234812567163,0.0011728003910783933,False
0.28,0.02147041674293227,0.0011816713914981497,False
0.29,0.021637483129318343,0.001190866255838097,False
0.3,0.021810594703317088,0.0012003938303132814,False
0.31,0.021989921113684755,0.0012102634519144217,False
0.32,0.022175641382598744,0.0012204849735189917,False
0.33,0.022367944603980124,0.0012310688023249284,False
0.34,0.022567030357547743,0.0012420259226390065,False
0.35000000000000003,0.022773109200081038,0.001253367922914563,False
0.36,0.022986403419646178,0.0012651070372619833,False
0.37,0.02320714766468294,0.0012772561800718763,False
0.38,0.023435589672497002,0.0012898289861092407,False
0.39,0.02367199104732751,0.0013028398533361193,False
0.4,0.023916628089639524,0.001316303988553522,False
0.41000000000000003,0.024169792678485017,0.0013302374559640972,False
0.42,0.02443179320897296,0.0013446572287678484,False
0.43,0.02470295558711752,0.0013595812439157848,False
0.44,0.0249836242860379,0.0013750284602401907,False
0.45,0.025274163679964167,0.001391018931874557,False
0.46,0.025574959269224682,0.0014075738756734464,False
0.47000000000000003,0.025886418870564754,0.0014247157367242868,False
0.48,0.02620897421409556,0.001442468276238951,False
0.49,0.0265430824847608,0.0014608566563917489,False
0.5,0.02688922802371685,0.0014799075339586092,False
0.51,0.027247924150322417,0.0014996491605942695,False
0.52,0.027619715111130066,0.0015201114900992908,False
0.53,0.028005178166255872,0.0015413262932479806,False
0.54,0.0284049259550536,0.001563327287988449,False
0.55,0.02881960896472533,0.0015861502753080007,False
0.56,0.029249918148312532,0.0016098332833200044,False
0.5700000000000001,0.0296965878754403,0.0016344167296645621,False
0.58,0.030160399086810695,0.0016599435951229567,False
0.59,0.030642182717679548,0.0016864596120361932,False
0.6,0.031142823404494802,0.0017140134683079544,False
0.61,0.03166326360114321,0.0017426570339512501,False
0.62,0.03220450802218893,0.001772445605631781,False
0.63,0.032767628527465356,0.0018034381755021437,False
0.64,0.03335376952803214,0.0018356977287305115,False
0.65,0.033964153938682684,0.0018692915711099169,False
0.66,0.03460008980955127,0.001904291694043266,False
0.67,0.03526297773272146,0.0019407751821822513,False
0.68,0.03595431916532802,0.0019788246715074847,False
0.6900000000000001,0.036675725877470554,0.002018528869315112,False
0.7000000000000001,0.0374289307188025,0.0020599831467796076,False
0.71,0.0382158000673235,0.0021032902241003184,False
0.72,0.03903834831729356,0.0021485609678755387,False
0.73,0.03989875494987909,0.002195915330622888,False
0.74,0.040799384912573476,0.0022454834724053405,False
0.75,0.04174281318357903,0.0022974071127857634,False
0.76,0.04273185489862421,0.002351841188922263,False
0.77,0.04376960261080445,0.0024089559062450984,False
0.78,0.04485947310265512,0.0024689393148616032,False
0.79,0.04600526688883978,0.002532000584416907,False
0.8,0.047211244702852484,0.0025983742137070513,False
0.81,0.04848222708069756,0.002668325511484828,False
0.8200000000000001,0.04982372511717957,0.0027421577929184686,False
0.8300000000000001,0.05124211409954404,0.0028202219358992053,False
0.84,0.052744865812946615,0.00290292916648136,False
0.85,0.054340862349739685,0.0029907683300634696,False
0.86,0.05604082249452855,0.0030843293584233555,False
0.87,0.057857885779596885,0.0031843354144871585,False
0.88,0.05980841693254633,0.003291687166866394,False
0.89,0.06191312151917969,0.0034075241917065516,False
0.9,0.06419860048718772,0.003533310530402321,False
0.91,0.06669952935185869,0.0036709546258541,False
0.92,0.06946172922211209,0.0038229783431092765,False
0.93,0.07254651767263974,0.003992756429136059,False
0.9400000000000001,0.07603690974075873,0.0041848577982613695,False
0.9500000000000001,0.08004651628483943,0.004405535272808463,False
0.96,0.08473241948270743,0.00466343421434033,False
0.97,0.09031401954178706,0.004970629793614307,False
0.98,0.09710107247082261,0.005344170110732982,False
0.99,0.10553640304905351,0.005808426996915979,False
1.0,0.11626321578948032,0.00639880062072991,False
1.01,0.13023620545720166,0.007167834698723802,False
1.02,0.14891622502329704,0.00819593047246545,False
1.03,0.17463688207001343,0.009611523144305184,False
1.04,0.21135623265427841,0.011632452994868061,False
1.05,0.2663648853388393,0.014659974628028776,False
1.06,0.35471904428167295,0.019522739202777688,False
1.07,0.5131286592010617,0.028241159172436615,False
1.08,0.858695940578922,0.04726021106747868,True
1.09,2.044140043107113,0.11250372259078836,True
1.1,16.114141405591834,0.8868770515976062,True
1.11,6.363847190778488,0.35024826277227555,True
1.12,1.2565605368758428,0.06915756018571582,True
1.1300000000000001,0.6388162231120647,0.03515864942514065,False
1.1400000000000001,0.4065962876849997,0.02237791687042482,False
1.1500000000000001,0.29023190266704557,0.015973548179711975,False
1.16,0.2285932421730769,0.012581129551416523,False
1.17,0.20455267795426724,0.011258004466655747,False
1.18,0.21288095526088605,0.011716369441659519,False
1.19,0.2484735246687099,0.013675284423269402,False
1.2,0.30445311907919714,0.016756243960038424,False
1.21,0.3722444307815449,0.020487287217834903,False
1.22,0.4388093108323873,0.024150831124614417,False
1.23,0.4858533138032296,0.026740000823451206,False
1.24,0.49740710846769537,0.027375889207999562,False
1.25,0.4715671300358777,0.02595372942249565,False
1.26,0.4213546166976718,0.023190173818643238,False
1.27,0.3634337954883114,0.020002374614991963,False
1.28,0.3090505686172835,0.01700927466074904,False
1.29,0.2629735465888006,0.014473324875125447,False
1.3,0.226027496373367,0.012439918114038542,False
1.31,0.19739033254169241,0.01086380910606249,False
1.32,0.1758249500452996,0.00967691106641028,False
1.33,0.16017689802461155,0.008815686264539175,False
1.34,0.149518978228262,0.008229104314732642,False
1.35,0.1431596178546607,0.007879102993766882,False
1.36,0.14061396486147568,0.007738997407985992,False
1.37,0.14157737520440677,0.007792020805442394,False
1.3800000000000001,0.14591423934913955,0.008030709618519663,False
1.3900000000000001,0.15366396176522587,0.00845723255846938,False
1.4000000000000001,0.16506267907019812,0.009084585921020882,False
1.41,0.18057995871346225,0.009938613378795211,False
1.42,0.20097080996530076,0.011060868519954666,False
1.43,0.22734090868007475,0.012512204635844834,False
1.44,0.26121039250382255,0.014376285829914202,False
1.45,0.30452396372048657,0.016760143049974825,False
1.46,0.35945986678611247,0.019783660748583773,False
1.47,0.4276847154893341,0.02353856466438342,False
1.48,0.5083884822169124,0.02798027315425296,False
1.49,0.5944764821530548,0.03271831470667515,False
1.5,0.668488749971949,0.03679174190413634,False
1.51,0.7057200816740767,0.03884084975642174,True
1.52,0.6916621445879023,0.038067140411274465,True
1.53,0.6369712461386531,0.035057107078126315,False
1.54,0.5649433942783351,0.0310928965575074,False
1.55,0.4917930202372795,0.02706690557108843,False
1.56,0.42458609036964495,0.023368025046976153,False
1.57,0.3659434574578634,0.020140499355990608,False
1.58,0.3163579458764019,0.017411452166540903,False
1.59,0.2751593631568045,0.015143997968846112,False
1.6,0.24117532231262248,0.013273611878352834,False
1.61,0.21315116486416424,0.011731241018756737,False
1.62,0.18995157985143,0.010454401065792077,False
1.6300000000000001,0.17062592098357926,0.009390771119554112,False
1.6400000000000001,0.15440796778176563,0.00849818055847208,False
1.6500000000000001,0.14069115703601853,0.007743245848311904,False
1.6600000000000001,0.12899859794142407,0.007099720259548843,False
1.67,0.11895555081753299,0.0065469791734366475,False
1.68,0.11026662312316869,0.006068765014756837,False
1.69,0.1026977508928679,0.005652195560724444,False
1.7,0.09606228154968353,0.005286997978121158,False
1.71,0.09021033518116464,0.004964923297827092,False
1.72,0.0850206962377147,0.0046793001566881025,False
1.73,0.08039462915420323,0.00442469442671147,False
1.74,0.07625114403813978,0.004196648651849539,False
1.75,0.0725233552314389,0.003991481633474102,False
1.76,0.06915566383541291,0.0038061333644709696,False
1.77,0.06610156410392129,0.0036380442992843876,False
1.78,0.06332192470906711,0.0034850607596117514,False
1.79,0.06078363287851671,0.003345360311532547,False
1.8,0.058458518221632394,0.003217392535923456,False
1.81,0.056322492758453926,0.003099831698070578,False
1.82,0.054354859970236286,0.002991538719753056,False
1.83,0.052537755582678626,0.002891530401523766,False
1.84,0.05085569315038047,0.0027989544129549916,False
1.85,0.0492951921021419,0.002713068821297186,False
1.86,0.04784447223013671,0.0026332252770217487,False
1.87,0.046493200785210485,0.0025588550946570626,False
1.8800000000000001,0.04523228285098119,0.0024894577155681733,False
1.8900000000000001,0.0440536861326456,0.0024245910648251585,False
1.9000000000000001,0.04295029437143283,0.0023638634835466492,False
1.9100000000000001,0.04191578365745399,0.002306926921506719,False
1.92,0.04094451815843178,0.0022534711983372316,False
1.93,0.04003146147265422,0.0022032191246435695,False
1.94,0.03917210118760181,0.0021559223499235166,False
1.95,0.03836238441059428,0.002111357814355251,False
1.96,0.03759866237105551,0.0020693246998617163,False
1.97,0.03687764286723734,0.0020296418129119513,False
1.98,0.036196349112887875,0.0019921453195573847,False
1.99,0.03555208411606841,0.0019566867849420367,False
2.0,0.0349423998578647,0.0019231314769854154,False
2.0100000000000002,0.0343650701948874,0.001891356875012302,False
2.02,0.03381806746504494,0.0018612513822002445,False
2.0300000000000002,0.03329954184836974,0.0018327131896574414,False
2.04,0.032807803285195815,0.0018056492812500598,False
2.05,0.03234130556834327,0.0017799745580807799,False
2.06,0.03189863240040614,0.0017556110711211077,False
2.07,0.03147848489182331,0.0017324873331403352,False
2.08,0.031079670678307064,0.001710537719759397,False
2.09,0.03070109417947541,0.001689701933313372,False
2.1,0.030341747955130546,0.0016699245271253444,False
2.11,0.030000705009592493,0.0016511544819585574,False
2.12,0.02967711196676432,0.0016333448303911858,False
2.13,0.029370182949513747,0.0016164523199547018,False
2.14,0.029079194087368677,0.0016004371108528747,False
2.15,0.02880347867458779,0.0015852625094755852,False
2.16,0.028542422778122755,0.0015708947266734102,False
2.17,0.02829546132699687,0.001557302662528014,False
2.18,0.028062074593469828,0.0015444577126853475,False
2.19,0.02784178504952944,0.0015323335953457892,False
2.2,0.027634154581504564,0.0015209061979642672,False
2.21,0.02743878195731566,0.0015101534378548509,False
2.22,0.02725530050498429,0.0015000551344224369,False
2.23,0.027083376195287813,0.0014905929036374537,False
2.24,0.026922705787239955,0.0014817500559683237,False
2.25,0.026773015250116612,0.0014735115095341994,False
2.2600000000000002,0.02663405835152416,0.0014658637123962112,False
2.27,0.026505615406932404,0.0014587945737352757,False
2.2800000000000002,0.026387492188252842,0.0014522934037833107,False
2.29,0.02627951898868814,0.001446350862355179,False
2.3000000000000003,0.02618154984096237,0.0014409589158222778,False
2.31,0.026093461818249217,0.001436110798637592,False
2.32,0.02601515441375091,0.0014318009791894632,False
2.33,0.025946549229369665,0.0014280251426669391,False
2.34,0.025887589544823158,0.0014247801673451025,False
2.35,0.025838240115746803,0.0014220641134731864,False
2.36,0.02579848707635743,0.001419876217917457,False
2.37,0.025768337929659216,0.0014182168936221757,False
2.38,0.025747821631959152,0.0014170877342610932,False
2.39,0.02573698877874473,0.0014164915244676342,False
2.4,0.025735911898957024,0.0014164322560308612,False
2.41,0.025744685864944074,0.001416915150458157,False
2.42,0.02576342842540091,0.0014179466883067439,False
2.43,0.025792280864016547,0.0014195346454337649,False
2.44,0.025831408681225534,0.0014216881305179727,False
2.45,0.02588100257071395,0.0014244176388038736,False
2.46,0.025941279338754484,0.0014277351026993482,False
2.47,0.026012483084303394,0.0014316539567248696,False
2.48,0.026094886550142266,0.0014361892118765491,False
2.49,0.026188792606234787,0.001441357537265924,False
2.5,0.026294535892482908,0.0014471773505326383,False
2.5100000000000002,0.02641248464909153,0.0014536689185825722,False
2.52,0.02654304276340439,0.0014608544702399352,False
2.5300000000000002,0.026686652062941203,0.0014687583224495856,False
2.54,0.026843794907010388,0.001477407022912111,False
2.5500000000000003,0.027014997109487023,0.0014868295109453117,False
2.56,0.02720083094090904,0.0014970572827111381,False
2.57,0.02740191867042403,0.0015081245861544865,False
2.58,0.02761893641740169,0.001520068632985124,False
2.59,0.02785261852931241,0.0015329298396238198,False
2.6,0.02810376237180432,0.0015467520908347238,False
2.61,0.028373233616271795,0.0015615830307382746,False
2.62,0.02866197212759553,0.0015774743868558654,False
2.63,0.028970998557717374,0.0015944823330016707,False
2.64,0.029301421783609324,0.001612667898647553,False
2.65,0.029654447107886096,0.0016320974202617313,False
2.66,0.030031385407601446,0.0016528430448328152,False
2.67,0.03043366332490938,0.0016749832907351555,False
2.68,0.03086283488835186,0.0016986036873318565,False
2.69,0.03132059447483362,0.0017237974883654382,False
2.7,0.031808791256318705,0.001750666467063409,False
2.71,0.032329445497164926,0.0017793218130977468,False
2.72,0.03288476707863838,0.0018098851521221142,False
2.73,0.03347717637104357,0.0018424896945152334,False
2.74,0.03410932778055972,0.0018772815313325773,False
2.75,0.03478413640814221,0.001914421101537373,False
2.7600000000000002,0.035504808482073366,0.001954084866922664,False
2.77,0.036274875972516656,0.0019964672171990812,False
2.7800000000000002,0.03709823578688316,0.002041782627197651,False
2.79,0.037979194818130294,0.0020902681362015385,False
2.8000000000000003,0.038922521431640975,0.002142186181639168,False
2.81,0.039933504275689806,0.002197827835846984,False
2.82,0.04101802002362835,0.002257516534408928,False
2.83,0.042182611269247584,0.0023216123632982507,False
2.84,0.04343457619314225,0.002390516993862186,False
2.85,0.04478207184069557,0.0024646793669519493,False
2.86,0.04623423438173033,0.0025446023116759216,False
2.87,0.047801316453885516,0.00263085010439308,False
2.88,0.04949484833588121,0.0027240573392364885,False
2.89,0.05132782344795413,0.002824939137535894,False
2.9,0.053314913444556536,0.002934302985915324,False
2.91,0.055472718698610014,0.003053062522242385,False
2.92,0.05782005662595668,0.003182253404195675,False
2.93,0.060378295990529435,0.0033230517084817416,False
2.94,0.06317174227858476,0.003476795140749692,False
2.95,0.06622807735775184,0.0036450072331895298,False
2.96,0.06957886420807793,0.003829425123510264,False
2.97,0.07326010677594105,0.004032030367725703,False
2.98,0.07731287693085388,0.00425508344609478,False
2.99,0.08178398521261067,0.004501160679159278,False
3.0,0.08672666969652748,0.0047731921409504855,False
3.0100000000000002,0.0922012826962147,0.0050744994531797104,False
3.02,0.09827581876605933,0.005408824845010864,False
3.0300000000000002,0.10502623364222881,0.005780348706676886,False
3.04,0.11253624091628707,0.006193678398967044,False
3.0500000000000003,0.1208962531701901,0.006653789976273204,False
3.06,0.13020089523162684,0.007165891323153188,False
3.0700000000000003,0.14054424790275805,0.007735160382528813,False
3.08,0.15201163569470166,0.008366293175673854,False
3.09,0.16466636817702485,0.00906277408335564,False
3.1,0.17852951752295823,0.009825762858762077,False
3.11,0.1935508404331354,0.01065249425191285,False
3.12,0.2095699104341376,0.0115341388406152,False
3.13,0.22626938555586784,0.012453231014775237,False
3.14,0.24312826579085475,0.013381096398335412,False
3.15,0.2593926347449247,0.014276241551962752,False
3.16,0.27409245775038477,0.015085278493984689,False
3.17,0.2861375732871091,0.01574820779840643,False
3.18,0.2945091056224469,0.016208953408615737,False
3.19,0.2985128008966814,0.01642930554348506,False
3.2,0.29799278707128507,0.016400685444117095,False
3.21,0.29337727032275074,0.016146660374924203,False
3.22,0.28550233199651065,0.01571324590321892,False
3.23,0.27530926627038177,0.01515224821489078,False
3.24,0.26359697856435554,0.014507636818804926,False
3.25,0.2509405284426667,0.013811061377080153,False
3.2600000000000002,0.23774283910829225,0.013084697650328353,False
3.27,0.22431807599399295,0.012345836420956588,False
3.2800000000000002,0.2109403145919112,0.011609562033719462,False
3.29,0.197851706656895,0.010889201840597657,False
3.3000000000000003,0.18525229122762105,0.010195765428038295,False
3.31,0.17329057238132475,0.009537426043058005,False
3.3200000000000003,0.16206209151996454,0.008919442015886216,False
3.33,0.15161518614991287,0.008344473707013396,False
3.34,0.14196051233846899,0.007813107596433116,False
3.35,0.13308129388228881,0.007324420369065516,False
3.36,0.12494249124018958,0.006876483547048118,False
3.37,0.11749815462998421,0.006466768183518542,False
3.38,0.1106968887726455,0.006092445626773763,False
3.39,0.104485671710754,0.005750597697304092,False
3.4,0.09881237182748392,0.005438355217443663,False
3.41,0.09362730108001607,0.005152983496971884,False
3.42,0.08888408207375657,0.004891930054441375,False
3.43,0.08454005360396909,0.004652846937049575,False
3.44,0.08055637019646535,0.004433596199078564,False
3.45,0.07689791146008415,0.004232244912910296,False
3.46,0.07353308286352503,0.0040470542043434645,False
3.47,0.07043355512802706,0.003876464909499028,False
3.48,0.06757398130392958,0.0037190820035093116,False
3.49,0.0649317092607108,0.003573658776777823,False
3.5,0.06248650692139588,0.003439081712653348,False
3.5100000000000002,0.06022030273316141,0.00331435620366147,False
3.52,0.058116948829387845,0.0031985935166096062,False
3.5300000000000002,0.056162004732326375,0.003090998888189728,False
3.54,0.05434254601758543,0.0029908609944094824,False
3.5500000000000003,0.05264699050054287,0.002897542384380844,False
3.56,0.05106494669880461,0.0028104711401197623,False
3.5700000000000003,0.049587078280335824,0.002729133416152292,False
3.58,0.048204983691643645,0.0026530668145880922,False
3.59,0.0469110937185223,0.002581854747151762,False
3.6,0.04569857661380017,0.002515121213680691,False
3.61,0.04456125746070184,0.00245252636411115,False
3.62,0.043493546930231566,0.0023937625774849143,False
3.63,0.04249037811254426,0.002338550985325469,False
3.64,0.04154714914829715,0.002286638314228847,False
3.65,0.04065967590848104,0.0022377942814945455,False
3.66,0.03982414901893769,0.002191809229875749,False
3.67,0.039037093740284,0.002148491919483122,False
3.68,0.038295337133593975,0.0021076677206762267,False
3.69,0.03759597792280591,0.0020691769553751282,False
3.7,0.036936359768456085,0.002032873426121809,False
3.71,0.03631404716839342,0.0019986230897232407,False
3.72,0.035726804904044555,0.0019663029260315844,False
3.73,0.035172579239434267,0.0019357999031911167,False
3.74,0.03464948081447196,0.001907010036132799,False
3.75,0.0341557699260231,0.0018798375764858199,False
3.7600000000000002,0.033689843174173006,0.0018541942776254866,False
3.77,0.03325022149213985,0.001829998735873281,False
3.7800000000000002,0.03283553931764793,0.0018071757945196786,False
3.79,0.03244453493591995,0.001785656012329588,False
3.8000000000000003,0.03207604219309419,0.0017653752074721217,False
3.81,0.03172898235203909,0.0017462740092875214,False
3.8200000000000003,0.03140235724879185,0.0017282974816367738,False
3.83,0.031095242997918517,0.0017113947764623222,False
3.84,0.030806784368067493,0.0016955188242343377,False
3.85,0.03053618967612492,0.001680626052939386,False
3.86,0.03028272614723302,0.0016666761327088753,False
3.87,0.03004571569079359,0.0016536317433421628,False
3.88,0.02982453124444711,0.001641458373089439,False
3.89,0.029618593602551434,0.0016301241441001105,False
3.9,0.029427368057049992,0.0016195996275456255,False
3.91,0.029250361830725023,0.0016098577023529476,False
3.92,0.029087121596129462,0.0016008734186535398,False
3.93,0.02893723131853116,0.0015926238790650762,False
3.94,0.02880031030658732,0.0015850881314060433,False
3.95,0.028676011459879573,0.0015782470722449952,False
3.96,0.02856401970277466,0.0015720833607046475,False
3.97,0.028464050594420375,0.0015665813419599613,False
3.98,0.02837584912807761,0.0015617269811567533,False
3.99,0.028299188977222327,0.001557507821919267,False
4.0,0.028233871361910603,0.001553912923958092,False
4.01,0.028179724398048018,0.001550932827255779,False
4.0200000000000005,0.028136602528267413,0.0015485595207439516,False
4.03,0.028104386093862208,0.0015467864187437197,False
4.04,0.028082981046469235,0.0015456083450975122,False
4.05,0.028072318770228345,0.0015450215233812426,False
4.0600000000000005,0.028072356020556345,0.0015450235735345978,False
4.07,0.028083074985805707,0.00154561351525456,False
4.08,0.028104483478531624,0.001546791778522209,False
4.09,0.02813661526320988,0.0015485602216393913,False
4.1,0.028179530583654574,0.0015509221602563101,False
4.11,0.028233316713807008,0.0015538823976853973,False
4.12,0.028298088686171733,0.001557447264992386,False
4.13,0.028373990166598195,0.0015616246691418343,False
4.14,0.028461194366117635,0.001566424143182064,False
4.15,0.028559905296827528,0.0015718569153655119,False
4.16,0.02867035912937716,0.0015779359838609193,False
4.17,0.02879282567728575,0.0015846761984460301,False
4.18,0.028927610037836816,0.0015920943508178046,False
4.19,0.02907505442062192,0.0016002092752303273,False
4.2,0.029235540195748196,0.0016090419612223936,False
4.21,0.029409490194884733,0.0016186156802606344,False
4.22,0.029597371299050282,0.0016289561281640779,False
4.23,0.029799697332621784,0.0016400915843822457,False
4.24,0.03001703166084508,0.0016520530549548407,False
4.25,0.03024999068624929,0.0016648744649445685,False
4.26,0.03049924771449368,0.0016785928712024813,False
4.2700000000000005,0.03076553665687617,0.0016932486661436425,False
4.28,0.03104965644866501,0.001708885820919681,False
4.29,0.03135247574512477,0.0017255521438748651,False
4.3,0.031674938040914945,0.0017432995623034102,False
4.3100000000000005,0.03201806731354277,0.001762184433049263,False
4.32,0.03238297428831418,0.0017822678873113912,False
4.33,0.032770862918133824,0.001803616187273765,False
4.34,0.033183037615705915,0.0018263011241453641,False
4.3500000000000005,0.03362091147171884,0.0018504004704659603,False
4.36,0.03408601472196113,0.0018759984461123825,False
4.37,0.0345800043341127,0.0019031862459285614,False
4.38,0.035104674256642786,0.001932062603796065,False
4.39,0.03566196661386206,0.0019627344087783027,False
4.4,0.03625398415917589,0.0019953173905125814,False
4.41,0.0368830042971128,0.0020299368909431417,False
4.42,0.03755149319543083,0.00206672864101183,False
4.43,0.03826212157565367,0.0021058396297248187,False
4.44,0.039017783587036864,0.0021474291429226665,False
4.45,0.039821615533265964,0.0021916697939451434,False
4.46,0.04067701719123113,0.0022387486969566678,False
4.47,0.041587674890426966,0.002288868737171606,False
4.48,0.042557587435371164,0.002342249997551333,False
4.49,0.043591094517121745,0.0023991313224942887,False
4.5,0.04469290529077218,0.002459771890660985,False
4.51,0.045868133621824854,0.0025244531548353384,False
4.5200000000000005,0.04712233368762,0.0025934808013272533,False
4.53,0.04846153924562323,0.0026671869111887987,False
4.54,0.049892305152981584,0.002745932245333876,False
4.55,0.05142175387120746,0.002830108804025312,False
4.5600000000000005,0.05305762769892091,0.002920142701618189,False
4.57,0.054808332281508595,0.003016496561209181,False
4.58,0.05668299617220559,0.0031196727927110903,False
4.59,0.058691524359099495,0.0032302165388287092,False
4.6000000000000005,0.060844650538149726,0.003348718552018878,False
4.61,0.06315398896213592,0.003475818048110877,False
4.62,0.06563208455311265,0.003612205464355084,False
4.63,0.06829243892371849,0.00375862389156269,False
4.64,0.07114953608620371,0.003915870489058321,False
4.65,0.07421883012358334,0.004084795806134958,False
4.66,0.07751670188595115,0.004266301398740768,False
4.67,0.08106035758526996,0.00446133424842138,False
4.68,0.08486765426058544,0.0046708771564158095,False
4.69,0.08895682139125662,0.0048959334220311165,False
4.7,0.09334604314574226,0.005137503850789764,False
4.71,0.09805285452600147,0.005396553519914661,False
4.72,0.10309329626069905,0.005673965266026487,False
4.73,0.10848075871076647,0.005970476056955166,False
4.74,0.11422443788627465,0.006286592015248147,False
4.75,0.12032732037966529,0.006622477514559126,False
4.76,0.12678361952705933,0.006977814073172542,False
4.7700000000000005,0.13357561287678332,0.007351626297160068,False
4.78,0.14066988513592077,0.007742075102718594,False
4.79,0.14801309733983978,0.008146224863152451,False
4.8,0.15552757453692653,0.008559800567442667,False
4.8100000000000005,0.16310727196541905,0.008976965809957584,False
4.82,0.17061503141692996,0.0093901717884126,False
4.83,0.17788239963341815,0.009790147308949896,False
4.84,0.18471358900127766,0.010166116771608938,False
4.8500000000000005,0.1908951363972319,0.010506331766056753,False
4.86,0.19621217614092584,0.010798966689160892,False
4.87,0.20047072551020645,0.011033345277113448,False
4.88,0.20352300252499247,0.01120133402509559,False
4.89,0.20528997344829877,0.011298583138360588,False
4.9,0.20577392329005653,0.011325218377432668,False
4.91,0.20505475592219455,0.011285637426840208,False
4.92,0.2032689477357986,0.01118735156355989,False
4.93,0.2005770981805781,0.011039199729913336,False
4.94,0.19713175220352047,0.010849577571030816,False
4.95,0.19305708857802206,0.010625319537575803,False
4.96,0.18844575454053503,0.010371524673042778,False
4.97,0.18336954879680784,0.010092144576394416,False
4.98,0.17789527180205314,0.009790855756932282,False
4.99,0.1720973485082857,0.009471754354832064,False
5.0,0.16606298450503523,0.009139639920636248,False
5.01,0.1598901544447819,0.008799904703843946,False
5.0200000000000005,0.15368130290310758,0.008458186965958354,False
5.03,0.14753595967315716,0.008119964547049802,False
5.04,0.14154455543941288,0.007790214497822318,False
5.05,0.13578445029746272,0.007473194500504171,False
5.0600000000000005,0.1303182451421951,0.007172349932400212,False
5.07,0.12519392639377178,0.006890321831202655,False
5.08,0.12044623340967692,0.006629022153506917,False
5.09,0.11609868819174089,0.006389745484181403,False
5.1000000000000005,0.11216586190536534,0.006173293779215233,False
5.11,0.10865560076494997,0.005980098872195928,False
5.12,0.10557105587675637,0.005810334191155441,False
5.13,0.10291245388176483,0.005664012209776315,False
5.14,0.10067859902315072,0.005541067116963789,False
5.15,0.09886813837227855,0.005441424451328385,False
5.16,0.09748063378726554,0.005365060098772345,False
5.17,0.0965174949714917,0.005312051645407508,False
5.18,0.09598283606081634,0.005282625521708133,False
5.19,0.09588431146383673,0.0052772030048094795,False
5.2,0.09623400147790959,0.005296448960324456,False
5.21,0.09704941644243029,0.00534132710811778,False
5.22,0.09835471893626209,0.005413167288617304,False
5.23,0.10018227705169741,0.00551375095064711,False
5.24,0.1025747281663269,0.005645424735630634,False
5.25,0.1055878119803042,0.00581125639999901,False
5.26,0.10929438103449347,0.0060152555428377085,False
5.2700000000000005,0.11379025699624509,0.006262695919395604,False
5.28,0.11920305412651674,0.006560601059915562,False
5.29,0.1257059213189864,0.006918500592843018,False
5.3,0.1335397094994731,0.007349650276185086,False
5.3100000000000005,0.14305008270784525,0.007873074487152172,False
5.32,0.15475218673390886,0.008517125402115742,False
5.33,0.16944836795142731,0.009325961910365199,False
5.34,0.18845331754695166,0.010371940919658911,False
5.3500000000000005,0.21405062121451568,0.011780744568214457,False
5.36,0.2504893670924624,0.013786230724425887,False
5.37,0.30638749977430885,0.016862706836611712,False
5.38,0.40142918039066716,0.022093533807924455,False
5.39,0.589755003480435,0.03245845779100349,False
5.4,1.0813390763712862,0.05951386348742437,True
5.41,3.9964432223080553,0.21995300231434387,True
5.42,14.827690107178825,0.8160743879096405,True
5.43,2.5644862124799834,0.14114211323711712,True
5.44,0.9567138599565123,0.052654841855015594,True
5.45,0.563131621800685,0.03099318169261324,False
5.46,0.39590818798720434,0.02178967390366814,False
5.47,0.3068833051280699,0.016889994569742644,False
5.48,0.2529855726863569,0.013923614864329636,False
5.49,0.21749516493501106,0.011970322573150663,False
5.5,0.19273759077432753,0.010607735276460023,False
5.51,0.1747797704357457,0.009619387318344531,False
5.5200000000000005,0.16144191933352123,0.008885309481837283,False
5.53,0.1514443833100729,0.008335073198777245,False
5.54,0.14400445435269352,0.007925600420070799,False
5.55,0.1386317017191889,0.00762989921610145,False
5.5600000000000005,0.13501834185338377,0.007431030045012115,False
5.57,0.13297825534081653,0.007318749417349147,False
5.58,0.1324124574729516,0.007287609492967068,False
5.59,0.13328988884758977,0.00733590084966624,False
5.6000000000000005,0.1356377850629963,0.007465122458225188,False
5.61,0.13953867243527834,0.007679816335129067,False
5.62,0.14513257385293632,0.007987688946604265,False
5.63,0.15262389631514553,0.008399990279366897,False
5.64,0.16229300185564657,0.008932150671751805,False
5.65,0.1745126583042336,0.00960468621738738,False
5.66,0.1897692488581295,0.010444366080391175,False
5.67,0.20868726737956783,0.01148556064770085,False
5.68,0.23205172023938042,0.012771474463581305,False
5.69,0.2608137586373881,0.014354456216708432,False
5.7,0.29604427996951665,0.016293445089825945,False
5.71,0.3387599686882309,0.01864439653764359,False
5.72,0.3894831931576205,0.021436060246721213,False
5.73,0.4473502423130133,0.024620899987657048,False
5.74,0.5087176949294407,0.027998392096645657,False
5.75,0.5658593728490605,0.031143309443536167,False
5.76,0.607475910351428,0.033433766697746004,False
5.7700000000000005,0.6227664196523865,0.034275313353254074,False
5.78,0.607503162646399,0.033435266587464284,False
5.79,0.5667167069686132,0.031190494703801978,False
5.8,0.5111969485090465,0.028134843245329295,False
5.8100000000000005,0.45161373958003065,0.02485555089399418,False
5.82,0.3950923920724494,0.021744774789444643,False
5.83,0.34500006208660605,0.01898783373951177,False
5.84,0.30218003082474243,0.016631139571390553,False
5.8500000000000005,0.2661967467149999,0.01465072075075309,False
5.86,0.23613483281103814,0.012996197503285817,False
5.87,0.2110040342206592,0.011613068982991566,False
5.88,0.18990692595561695,0.010451943440873428,False
5.89,0.1720886110962068,0.009471273472229131,False
5.9,0.15693576014727745,0.008637303145505983,False
5.91,0.14395777002593588,0.00792303104593981,False
5.92,0.13276432279155895,0.007306975171129582,False
5.93,0.12304479742396274,0.006772039813174327,False
5.94,0.11455113226342056,0.006304572355539571,False
5.95,0.10708417211822907,0.005893611856231415,False
5.96,0.1004830245050818,0.0055303032451826705,False
5.97,0.09461683662983497,0.005207444752386327,False
5.98,0.08937845797863489,0.004919139114723497,False
5.99,0.08467955502630425,0.00466052470324389,False
6.0,0.0804468261263714,0.004427567201351685,False
6.01,0.07661905854030181,0.00421689763196611,False
6.0200000000000005,0.0731448247449877,0.004025685568760576,False
6.03,0.06998067105400142,0.003851539442967626,False
6.04,0.06708967991956277,0.0036924274165200956,False
6.05,0.06444032551175054,0.003546614396347499,False
6.0600000000000005,0.062005555295858515,0.003412611486975073,False
6.07,0.05976204836159852,0.0032891351710476954,False
6.08,0.05768961337380069,0.003175074174228588,False
6.09,0.05577069695677545,0.0030694624080563598,False
6.1000000000000005,0.053989979875084804,0.0029714567448696594,False
6.11,0.05233404368244443,0.002880318671099683,False
6.12,0.050791094011166237,0.0027953990578988303,False
6.13,0.04935073005537177,0.002716125474144677,False
6.140000000000001,0.04800375126940591,0.0026419915476639656,False
6.15,0.04674199479085607,0.0025725480174525364,False
6.16,0.04555819808062503,0.0025073951737710027,False
6.17,0.04444588228716894,0.002446176438840238,False
6.18,0.043399253133358,0.002388572911932758,False
6.19,0.04241311587796151,0.002334298689091875,False
6.2,0.041482802635921294,0.0022830968630438223,False
6.21,0.040604109667465,0.0022347360717668114,False
6.22,0.03977324327604298,0.0021890075208655393,False
6.23,0.03898677300425294,0.0021457224076064313,False
6.24,0.038241590837270516,0.002104709675589127,False
6.25,0.037534875824340085,0.0020658140676127687,False
6.26,0.03686406307212863,0.0020288944191573493,False
6.2700000000000005,0.036226816585735615,0.0019938221636292292,False
6.28,0.035621005553006124,0.0019604800271163904,False
6.29,0.03504468335498474,0.0019287608731828098,False
6.3,0.034496069029616314,0.0018985666826826493,False
6.3100000000000005,0.0339735310431655,0.0018698076605848024,False
6.32,0.033475572790630605,0.0018424014379564225,False
6.33,0.033000819725920665,0.0018162723636440442,False
6.34,0.0325480079753521,0.0017913508775924424,False
6.3500000000000005,0.03211597426609365,0.001767572956534548,False
6.36,0.03170364673623816,0.0017448796082036302,False
6.37,0.03131003684424953,0.0017232164260519958,False
6.38,0.030934232184250628,0.00170253319382463,False
6.390000000000001,0.0305753899505086,0.0016827835258628363,False
6.4,0.030232731074135797,0.0016639245444047361,False
6.41,0.029905534964611197,0.001645916590173387,False
6.42,0.029593134813191084,0.0016287229638897074,False
6.43,0.029294913397456716,0.0016123096953665715,False
6.44,0.029010299116050783,0.00159664532527185,False
6.45,0.0287387625321002,0.0015817007148881152,False
6.46,0.028479813312428152,0.0015674488776554747,False
6.47,0.02823299734594747,0.0015538648205760427,False
6.48,0.02799789416919386,0.0015409254025225236,False
6.49,0.02777411462474223,0.0015286092053640298,False
6.5,0.027561298752441933,0.0015168964179055951,False
6.51,0.027359113895725557,0.0015057687316647334,False
6.5200000000000005,0.027167253005659725,0.0014952092475311617,False
6.53,0.026985433003995224,0.00148520238567368,False
6.54,0.026813393316458104,0.0014757338048166356,False
6.55,0.026650894702827863,0.0014667903378507148,False
6.5600000000000005,0.02649771802387951,0.0014583599239688999,False
6.57,0.026353663202117423,0.0014504315514681817,False
6.58,0.026218548267740064,0.0014429952052421387,False
6.59,0.026092208505647006,0.0014360418198346013,False
6.6000000000000005,0.0259744956979772,0.0014295632377510877,False
6.61,0.02586527745670426,0.001423552172726723,False
6.62,0.025764436639104403,0.0014180021775552385,False
6.63,0.025671870766270356,0.0014129076120856113,False
6.640000000000001,0.025587491586721824,0.0014082636192044107,False
6.65,0.025511224711292104,0.0014040661047409842,False
6.66,0.02544300925714229,0.0014003117178749992,False
6.67,0.025382797583333807,0.001396997836583099,False
6.68,0.025330555077248518,0.0013941225558840658,False
6.69,0.025286259998330424,0.0013916846792388026,False
6.7,0.02524990337807574,0.0013896837130460684,False
6.71,0.025221488975271555,0.00138811986417894,False
6.72,0.02520103328539042,0.0013869940405018633,False
6.73,0.025188565603241675,0.0013863078543188067,False
6.74,0.025184128142363472,0.0013860636289442624,False
6.75,0.025187776206880595,0.0013862644081618174,False
6.76,0.025199578436737667,0.0013869139697211001,False
6.7700000000000005,0.02521961708958584,0.0013880168408520314,False
6.78,0.02524798839012985,0.0013895783174919058,False
6.79,0.025284802958944492,0.0013916044878862425,False
6.8,0.025330186310068385,0.0013941022599749503,False
6.8100000000000005,0.025384279419408715,0.0013970793926757253,False
6.82,0.025447239365843893,0.0014005445311685398,False
6.83,0.0255192400470067,0.0014045072462903353,False
6.84,0.025600472971576634,0.0014089780781405656,False
6.8500000000000005,0.0256911481300501,0.0014139685840059409,False
6.86,0.025791495057424993,0.0014194913968476007,False
6.87,0.02590176419698858,0.001425560300360165,False
6.88,0.026022227743048163,0.001432190275353263,False
6.890000000000001,0.026153181269514575,0.0014393975893841886,False
6.9,0.026294945228252778,0.0014471998792229084,False
6.91,0.02644786667039272,0.001455616245588172,False
6.92,0.026612321152111693,0.0014646673580364171,False
6.93,0.026788714828680886,0.001474375570212206,False
6.94,0.026977486744764103,0.0014847650458998287,False
6.95,0.02717911134463728,0.0014958618971787322,False
6.96,0.02739410152874684,0.0015076943526478983,False
6.97,0.027623011712163175,0.0015202929257545298,False
6.98,0.02786644130061746,0.001533690606105345,False
6.99,0.02812503864563499,0.0015479230771460008,False
7.0,0.028399505418247248,0.0015630289568779113,False
7.01,0.028690601516866643,0.0015790500679738798,False
7.0200000000000005,0.028999150514456676,0.0015960317375750344,False
7.03,0.029326045673248615,0.001614023128323928,False
7.04,0.029672256567392793,0.0016330776028566517,False
7.05,0.030038837100160944,0.0016532531650471187,False
7.0600000000000005,0.030426934137379985,0.001674612935166993,False
7.07,0.030837796806111244,0.0016972256616588591,False
7.08,0.031272787708212,0.0017211663382991316,False
7.09,0.03173339531529457,0.0017465168863817658,False
7.1000000000000005,0.03222124808816744,0.001773366931812611,False
7.11,0.032738130354277785,0.0018018146789592234,False
7.12,0.03328600034982632,0.0018319679036381544,False
7.13,0.0338670117453545,0.0018639451378227715,False
7.140000000000001,0.03448353692181461,0.0018978769506927328,False
7.15,0.03513819468665775,0.0019339074740495703,False
7.16,0.03583388205593086,0.0019721961515139826,False
7.17,0.036573810998781466,0.0020129197608400964,False
7.18,0.037361550653724256,0.0020562747373801273,False
7.19,0.03820107745960842,0.002102479933151919,False
7.2,0.039096833009653637,0.0021517798009624755,False
7.21,0.04005379204840135,0.002204448136769045,False
7.22,0.04107754305452432,0.0022607925147304637,False
7.23,0.04217438312513457,0.002321159509372783,False
7.24,0.04335143093136015,0.0023859409123467277,False
7.25,0.044616762250318284,0.00245558119172657,False
7.26,0.04597957171213428,0.002530586394111431,False
7.2700000000000005,0.04745036907276159,0.002611534946929643,False
7.28,0.04904121652451346,0.0026990907193434107,False
7.29,0.05076601970692724,0.00279401903866885,False
7.3,0.052640884314455856,0.0028972063170610253,False
7.3100000000000005,0.05468455825332418,0.003009684386584571,False
7.32,0.05691898205555747,0.0031326607924547904,False
7.33,0.05936998116504593,0.003267556894516869,False
7.34,0.06206814205904723,0.0034160560865108933,False
7.3500000000000005,0.06504993206827916,0.003580165427822317,False
7.36,0.06835914426525855,0.0037622951660750466,False
7.37,0.07204878075386655,0.003965362388095829,False
7.38,0.07618353439389706,0.004192927607058115,False
7.390000000000001,0.08084310046458566,0.004449377027134727,False
7.4,0.08612665222272027,0.004740168865637007,False
7.41,0.0921589767633041,0.005072171053539887,False
7.42,0.0990990225350222,0.005454131666709008,False
7.43,0.10715200828897323,0.005897345368404789,False
7.44,0.11658691039707772,0.006416615862136716,False
7.45,0.12776224848460932,0.0070316750604032235,False
7.46,0.1411650044487669,0.007769325078085797,False
7.47,0.15747089818186277,0.008666755638838706,False
7.48,0.17764046521288934,0.009776831918439291,False
7.49,0.20307715567618587,0.011176795867660998,False
7.5,0.23589676398746967,0.012983094864367032,False
7.51,0.2794041011095899,0.015377616415253963,False
7.5200000000000005,0.3389683439672634,0.01865586492732956,False
7.53,0.42367794707281914,0.023318043392400532,False
7.54,0.5494529945932811,0.030240348497082545,False
7.55,0.7441010668263663,0.04095323130331955,True
7.5600000000000005,1.0487796040877932,0.05772188164653412,True
7.57,1.4727138993269027,0.08105403372149984,True
7.58,1.812554482465744,0.09975790424126565,True
7.59,1.7057804311161073,0.09388136056049365,True
7.6000000000000005,1.2839409463974873,0.07066450096877638,True
7.61,0.9038144735941597,0.049743408311799596,True
7.62,0.6509740519755652,0.035827782154269364,False
7.63,0.4898307588108303,0.026958908217425574,False
7.640000000000001,0.3839550783899641,0.021131808347558227,False
7.65,0.3112708021790935,0.017131470075670296,False
7.66,0.2592638887192226,0.014269155732569363,False
7.67,0.22070166496915564,0.012146799322649891,False
7.68,0.19123761911452733,0.01052518105221436,False
7.69,0.16815055389907738,0.009254533872637378,False
7.7,0.1496710036419768,0.008237471366211817,False
7.71,0.13460885956633406,0.007408493290848218,False
7.72,0.12213954705458271,0.006722217377194288,False
7.73,0.11167666190613272,0.0061463695862321414,False
7.74,0.10279349907641894,0.005657465271631542,False
7.75,0.09517320272405078,0.005238065578456264,False
7.76,0.08857621509581867,0.004874985921284949,False
7.7700000000000005,0.08281848788766613,0.00455809679875946,False
7.78,0.07775656966692185,0.004279503047218715,False
7.79,0.07327719165525792,0.004032970671463523,False
7.8,0.06928986164172672,0.00381351923454613,False
7.8100000000000005,0.06572150888420036,0.0036171271281967977,False
7.82,0.06251255365128582,0.003440515251457999,False
7.83,0.05961398176373892,0.0032809860016663073,False
7.84,0.05698513979218066,0.0031363019283316535,False
7.8500000000000005,0.0545920539879632,0.0030045932118171036,False
7.86,0.05240613409513933,0.0028842863247927997,False
7.87,0.050403164550194286,0.002774048510704596,False
7.88,0.04856251188052678,0.002672744161214185,False
7.890000000000001,0.04686649617690078,0.002579400223809422,False
7.9,0.04529988928285386,0.002493178583559779,False
7.91,0.04384951072491945,0.0024133538242514805,False
7.92,0.04250390014319732,0.0023392951998867876,False
7.930000000000001,0.041253050044520345,0.00227045192616944,False
7.94,0.040088186312669735,0.0022063411004038078,False
7.95,0.03900158707490003,0.0021465377324175372,False
7.96,0.03798643206601656,0.0020906664539837583,False
7.97,0.03703667708766736,0.002038394609413362,False
7.98,0.03614694853603405,0.0019894264506555553,False
7.99,0.035312454663760755,0.0019434982534038431,False
8.0,0.03452891026756329,0.0019003741721137102,False
8.01,0.03379247285141615,0.0018598427266038622,False
8.02,0.03309968798314259,0.0018217137946365232,False
8.03,0.03244744260589304,0.001785816042312436,False
8.040000000000001,0.0318329248302958,0.0017519947111438471,False
8.05,0.031253589182949695,0.0017201097054292138,False
8.06,0.030707126667619163,0.0016900339445055335,False
8.07,0.03019143861330228,0.0016616519234195107,False
8.08,0.029704613969382312,0.0016348584633165124,False
8.09,0.029244909580721866,0.0016095576258371926,False
8.1,0.028810732594846605,0.0015856617448583299,False
8.11,0.02840062537373791,0.0015630905960803037,False
8.120000000000001,0.028013251998802176,0.0015417706542985342,False
8.13,0.027647386385616042,0.0015216344392724658,False
8.14,0.027301901793390152,0.0015026199383559372,False
8.15,0.026975761639393598,0.0014846701009489202,False
8.16,0.026668011085876187,0.0014677323754653682,False
8.17,0.026377769751161986,0.0014517583081722911,False
8.18,0.02610422519276544,0.0014367031845187832,False
8.19,0.025846627023962794,0.0014225257053286505,False
8.2,0.02560428165810589,0.0014091876975422144,False
8.21,0.025376547620858374,0.0013966538562149684,False
8.22,0.02516283141183818,0.0013848915167540105,False
8.23,0.024962583686682048,0.0013738704447896072,False
8.24,0.02477529575696136,0.0013635626435403974,False
8.25,0.02460049668082277,0.00135394219369043,False
8.26,0.024437750439292614,0.0013449850979808957,False
8.27,0.024286653456062894,0.0013366691447061177,False
8.28,0.024146832342569875,0.0013289737836090162,False
8.290000000000001,0.02401794188016514,0.0013218800148254745,False
8.3,0.02389966322995375,0.0013153702903588628,False
8.31,0.02379170232734964,0.0013094284257208794,False
8.32,0.02369378824252372,0.001304039509695223,False
8.33,0.023605671992586747,0.0012991898389634754,False
8.34,0.02352712530765218,0.0012948668501926706,False
8.35,0.023457939555196282,0.001291059060835097,False
8.36,0.023397924776227375,0.0012877560160817626,False
8.370000000000001,0.02334690882541454,0.0012849482415374957,False
8.38,0.02330473661793846,0.0012826272017697322,False
8.39,0.02327126948006903,0.001280785264566131,False
8.4,0.02324638459998474,0.0012794156707092185,False
8.41,0.023229974481380925,0.001278512503904522,False
8.42,0.02322194648006707,0.0012780706652761862,False
8.43,0.023222222564351996,0.0012780858601792496,False
8.44,0.023230738975024014,0.001278554579485906,False
8.45,0.023247446028628355,0.0012794740887584484,False
8.46,0.023272307969461614,0.0012808424201034584,False
8.47,0.02330530289178207,0.0012826583678904812,False
8.48,0.02334642273265321,0.0012849214883581537,False
8.49,0.023395673335561425,0.001287632103115542,False
8.5,0.023453074584984267,0.0012907913065484027,False
8.51,0.02351866056301976,0.0012944009744396178,False
8.52,0.023592479810182608,0.0012984637783226855,False
8.53,0.023674595686422044,0.0013029832053511286,False
8.540000000000001,0.023765086774921715,0.0013079635805225043,False
8.55,0.023864047376364408,0.0013134100938813462,False
8.56,0.023971588075862527,0.0013193288317214235,False
8.57,0.024087836410522357,0.0013257268133266033,False
8.58,0.024212937643213046,0.0013326120335569187,False
8.59,0.0243470556479838,0.001339993511579444,False
8.6,0.024490373912818133,0.0013478813460570693,False
8.61,0.024643096665535016,0.0013562867771149362,False
8.620000000000001,0.02480545012866533,0.0013652222554053097,False
8.63,0.0249776839267792,0.0013747015195629197,False
8.64,0.025160072720875688,0.001384739686157176,False
8.65,0.025352917985334327,0.0013953533474905867,False
8.66,0.0255565500266135,0.0014065606827022414,False
8.67,0.025771330225667584,0.0014183815811841507,False
8.68,0.02599765356616219,0.001430837781727105,False
8.69,0.026235951481213035,0.0014439530291971822,False
8.700000000000001,0.026486695043724154,0.0014577532501229941,False
8.71,0.026750398526700272,0.0014722667486452747,False
8.72,0.0270276234472562,0.0014875244290877899,False
8.73,0.027318983163584158,0.0015035600489614982,False
8.74,0.0276251479549096,0.0015204104985510418,False
8.75,0.027946850889577872,0.0015381161238777433,False
8.76,0.02828489441183844,0.0015567210892176954,False
8.77,0.028640157872057034,0.0015762737915434733,False
8.78,0.029013606095780065,0.0015968273321413555,False
8.790000000000001,0.029406299106621302,0.001618440051731678,False
8.8,0.029819403417214774,0.0016411761518911481,False
8.81,0.03025420485470901,0.0016651064009319985,False
8.82,0.030712123380786743,0.0016903089495542173,False
8.83,0.031194730222818854,0.0017168702736961132,False
8.84,0.031703767749555294,0.0017448862684364779,False
8.85,0.03224117253969562,0.0017744635176238713,False
8.86,0.03280910225190938,0.0018057207727270213,False
8.870000000000001,0.033409967334560704,0.0018387906980489397,False
8.88,0.03404646794933231,0.0018738219028994084,False
8.89,0.03472163779552094,0.0019109813535610237,False
8.9,0.0354388960060401,0.0019504572294993265,False
8.91,0.03620210877550324,0.0019924623151992833,False
8.92,0.037015663200746535,0.0020372380641401223,False
8.93,0.03788455596550209,0.0020850594797504813,False
8.94,0.03881450022970529,0.0021362409982954556,False
8.950000000000001,0.03981205559445303,0.002191143641782613,False
8.96,0.040884786403390994,0.002250183730425417,False
8.97,0.04204145634076784,0.0023138435927731803,False
8.98,0.043292268600730155,0.002382684783954025,False
8.99,0.044649164392567844,0.0024573645145645937,False
9.0,0.04612619680065235,0.0025386562268702537,False
9.01,0.0477400019024976,0.0026274755238190214,False
9.02,0.04951039837354729,0.0027249131696037666,False
9.03,0.05146115552970569,0.002832277360564405,False
9.040000000000001,0.0536209876445768,0.002951148449614052,False
9.05,0.056024853678932604,0.0030834504796958596,False
9.06,0.05871567478114396,0.003231545710179421,False
9.07,0.06174663118940081,0.0033983610319031654,False
9.08,0.06518427405332222,0.0035875592330894975,False
9.09,0.0691128047202708,0.0038037745192359314,False
9.1,0.07364005179545871,0.00405294147370384,False
9.11,0.07890597406437681,0.004342763034670137,False
9.120000000000001,0.085095002831337,0.004683389782750533,False
9.13,0.09245436928966888,0.005088428627943165,False
9.14,0.10132204200166096,0.00557648041000181,False
9.15,0.11217059537713181,0.006173554296197081,False
9.16,0.12567852169324686,0.006916992594453335,False
9.17,0.14285091176830694,0.007862112678441696,False
9.18,0.1652336575971186,0.009093996098580148,False
9.19,0.1953159898070628,0.010749643112219789,False
9.200000000000001,0.23734156989649996,0.013062612920742466,False
9.21,0.2990912983082058,0.016461144415056063,False
9.22,0.396263903631158,0.02180925149291576,False
9.23,0.5649474312220988,0.031093118739545678,False
9.24,0.9049642192700617,0.04980668708225752,True
9.25,1.772707577123378,0.09756484256730868,True
9.26,4.414177189417675,0.24294390575607422,True
9.27,5.402919493545675,0.2973615031572346,True
9.28,1.934831427075232,0.10648768359370417,True
9.290000000000001,0.8814294636984252,0.04851140028378124,True
9.3,0.531936898630677,0.02927631180708401,False
9.31,0.3733459210847863,0.020547910148211022,False
9.32,0.28764408099526995,0.015831121748383258,False
9.33,0.2365118729623574,0.01301694873348291,False
9.34,0.20429908696011456,0.011244047531095546,False
9.35,0.18355192596428016,0.010102182103091956,False
9.36,0.17031430748960238,0.009373620788685082,False
9.370000000000001,0.16232049158245576,0.008933663629051118,False
9.38,0.15821162630091626,0.008707523232576815,False
9.39,0.1571677394340995,0.00865007063343786,False
9.4,0.15872972080676073,0.0087360376979912,False
9.41,0.1627218012319061,0.008955750584212047,False
9.42,0.16924148268672884,0.00931457552688025,False
9.43,0.17871434787127188,0.009835935401638069,False
9.44,0.1920386871175923,0.010569269583573586,False
9.450000000000001,0.21088943491289822,0.011606761759192044,False
9.46,0.23835276245533402,0.013118266117062625,False
9.47,0.2803445202933706,0.015429374443931049,False
9.48,0.3491895351667201,0.019218410562658533,False
9.49,0.4744768996597232,0.026113874964220192,False
9.5,0.7470515162885747,0.041115615749010404,True
9.51,1.6326491908441987,0.08985642264295002,True
9.52,18.169532492202922,1.0,True
9.53,5.465765540956271,0.30082037296786757,True
9.540000000000001,1.1593635798733033,0.06380811285985592,True
9.55,0.6149729701294402,0.033846383796244786,False
9.56,0.4090479137200014,0.022512847476705074,False
9.57,0.30410081457809945,0.016736854110506037,False
9.58,0.24176445608146674,0.013306036145135541,False
9.59,0.20104427831200242,0.011064912011262612,False
9.6,0.1726534524517182,0.009502360752859703,False
9.61,0.15189906275167345,0.008360097477293804,False
9.620000000000001,0.1361763234145392,0.0074947620954461235,False
9.63,0.12393439855423263,0.006821000959018429,False
9.64,0.11419810474665398,0.006285142713256917,False
9.65,0.10632677542489176,0.005851926871014413,False
9.66,0.09988415560979307,0.005497343184402586,False
9.67,0.09456424094500561,0.005204550033721885,False
9.68,0.09014703805063945,0.004961439601669673,False
9.69,0.0864711440203407,0.004759128725928859,False
9.700000000000001,0.08341618549253131,0.004590992395006731,False
9.71,0.0808912515222634,0.004452027126013077,False
9.72,0.07882708739509481,0.004338421334116429,False
9.73,0.07717071704530767,0.004247259365557363,False
9.74,0.07588167378750345,0.0041763140477096205,False
9.75,0.07492932328223048,0.0041238993526324826,False
9.76,0.07429094519154346,0.004088764816784575,False
9.77,0.07395035494376853,0.004070019686830291,False
9.78,0.07389692006027618,0.00406707878103014,False
9.790000000000001,0.0741248735058443,0.004079624697974671,False
9.8,0.07463285785710103,0.004107582728896749,False
9.81,0.07542365801497325,0.0041511061469159845,False
9.82,0.07650409395306436,0.004210570304210882,False
9.83,0.07788506000632046,0.004286574794356609,False
9.84,0.07958170226326576,0.004379953215495038,False
9.85,0.08161374076785805,0.004491790903419276,False
9.86,0.0840059430292882,0.00462345099222215,False
9.870000000000001,0.08678877211098773,0.004776610083293631,False
9.88,0.08999923313895442,0.004953304834759822,False
9.89,0.09368195705143229,0.005155991608019301,False
9.9,0.09789057563141539,0.005387622145667375,False
9.91,0.10268944616764251,0.005651738491989794,False
9.92,0.10815581262385027,0.005952591937644135,False
9.93,0.11438250196101737,0.006295291417657678,False
9.94,0.12148127816173032,0.0066859881075014725,False
9.950000000000001,0.12958699777220584,0.007132104132443441,False
9.96,0.13886271678809745,0.0076426136361894565,False
9.97,0.14950587980482655,0.008228383414321964,False
9.98,0.16175566227679147,0.008902577011610263,False
9.99,0.1759013237822255,0.009681114462230104,False
10.0,0.19229099877976857,0.010583156108297572,False
10.01,0.21133945894545345,0.01163152981707952,False
10.02,0.2335316043844113,0.012852923127473234,False
10.03,0.25941524654281134,0.014277486041764367,False
10.040000000000001,0.2895711641056002,0.015937182986401198,False
10.05,0.3245399954823525,0.017861769179896188,False
10.06,0.36467528532645244,0.02007070272627792,False
10.07,0.4098873471116142,0.022559047531217923,False
10.08,0.4592629393808949,0.02527654135173693,False
10.09,0.5106203248058855,0.028103107497400255,False
10.1,0.5601831085817753,0.030830903812311423,False
10.11,0.6026163930528052,0.033166312524078735,False
10.120000000000001,0.631585428470376,0.034760686811364454,False
10.13,0.6410850261912368,0.03528351796978514,False
10.14,0.6278482726330269,0.03455500425794967,False
10.15,0.5936504336285564,0.03267285131762797,False
10.16,0.5449451237713699,0.029992247957134937,False
10.17,0.48976603396668306,0.026955345943923213,False
10.18,0.4347045736614172,0.02392491792774314,False
10.19,0.3837658185779075,0.021121392019447537,False
10.200000000000001,0.33870818355861954,0.018641546429660153,False
10.21,0.29985399990884926,0.016503121367460905,False
10.22,0.2667879194021788,0.014683257233870232,False
10.23,0.238801896733139,0.013142985205349443,False
10.24,0.21513304357231336,0.011840318052466856,False
10.25,0.19507256248154942,0.010736245556414881,False
10.26,0.17800521821780957,0.009796906898633568,False
10.27,0.16341526310127022,0.008993916776416592,False
10.28,0.15087809727338863,0.008303906406955426,False
10.290000000000001,0.14004720735780107,0.007707804667946158,False
10.3,0.13064071514554057,0.007190097775030938,False
10.31,0.12242929360573093,0.006738164212990561,False
10.32,0.11522595585639997,0.0063417127493977515,False
10.33,0.10887770623205714,0.005992322932842645,False
10.34,0.10325882978749623,0.005683075766083008,False
10.35,0.09826554475888746,0.005408259392532862,False
10.36,0.09381175691608477,0.005163135427746539,False
10.370000000000001,0.08982569473046931,0.0049437537685141945,False
10.38,0.08624723412174273,0.004746805354444532,False
10.39,0.08302576830138532,0.00456950493013588,False
10.4,0.08011850730293166,0.004409497456102013,False
10.41,0.07748911161784777,0.004264782907931209,False
10.42,0.07510659234855434,0.004133655743799945,False
10.43,0.07294442077853239,0.0040146558977142074,False
10.44,0.07097980485155092,0.003906528958959755,False
10.450000000000001,0.06919309796352516,0.003808193633667676,False
10.46,0.0675673145072633,0.0037187150817588957,False
10.47,0.06608773050414177,0.0036372829368340625,False
10.48,0.0647415541873129,0.0035631931759991836,False
10.49,0.06351765176076489,0.003495833026415081,False
10.5,0.06240631968114204,0.003434668432328813,False
10.51,0.06139909411842514,0.0033792335683250677,False
10.52,0.06048859139177197,0.003329122057363303,False
10.53,0.059668374403859394,0.003283979619699342,False
10.540000000000001,0.05893283976282361,0.0032434978603942295,False
10.55,0.0582771232652581,0.0032074090673640896,False
10.56,0.05769702022277741,0.0031754818263781356,False
10.57,0.05718891840156551,0.0031475173302398917,False
10.58,0.05674974205457337,0.0031233462984766583,False
10.59,0.056376905319249486,0.0031028264124815796,False
10.6,0.056068273405023995,0.00308584017938186,False
10.61,0.055822131264045845,0.003072293207764193,False
10.620000000000001,0.055637158543876394,0.003062112829141417,False
10.63,0.05551241012218584,0.0030552470266369176,False
10.64,0.05544730179452785,0.0030516636472799675,False
10.65,0.0554416012599919,0.0030513499058813713,False
10.66,0.055495423555995946,0.003054312133777281,False
10.67,0.05560923080130646,0.0030605757646857456,False
10.68,0.05578383638808857,0.003070185565425365,False
10.69,0.05602041459611369,0.003083206165054257,False
10.700000000000001,0.05632051447742048,0.0030997228190427716,False
10.71,0.056686078411362445,0.0031198424304911586,False
10.72,0.0571194659725231,0.0031436948637525337,False
10.73,0.057623484488348385,0.0031714346262390796,False
10.74,0.058201428227406315,0.003203243025233712,False
10.75,0.05885712056621215,0.0032393304886336213,False
10.76,0.05959496868474499,0.003279939575237774,False
10.77,0.06042002731538267,0.003325348483309115,False
10.78,0.061338073863530775,0.0033758751850028468,False
10.790000000000001,0.06235569726843975,0.003431882317016049,False
10.8,0.06348040396730618,0.003493783012553982,False
10.81,0.0647207420130287,0.003562047732422519,False
10.82,0.06608644897740375,0.0036372124052043374,False
10.83,0.0675886273674584,0.0037198880816808385,False
10.84,0.0692399529319713,0.0038107723994375855,False
10.85,0.07105492421101559,0.003910663317369742,False
10.86,0.07305016053758927,0.0040204755168542295,False
10.870000000000001,0.07524476083510581,0.004141260148955155,False
10.88,0.07766073601075213,0.004274228632138918,False
10.89,0.08032353311757182,0.004420781500682034,False
10.9,0.08326267247516285,0.004582543470003606,False
10.91,0.08651252651394911,0.0047614063020649635,False
10.92,0.09011327424355842,0.004959581336626501,False
10.93,0.0941120779127239,0.005179664251301465,False
10.94,0.09856453762175416,0.005424715119337885,False
10.950000000000001,0.10353649898653516,0.005698357898364512,False
10.96,0.10910630343252714,0.006004904280247599,False
10.97,0.11536760029311478,0.006349508461080239,False
10.98,0.12243286531659982,0.0067383607899179215,False
10.99,0.13043780163389446,0.007178929985670745,False
11.0,0.13954683087279574,0.0076802653525994335,False
11.01,0.1499598866424449,0.008253370674605803,False
11.02,0.16192072002804975,0.008911661326318366,False
11.03,0.17572678089614183,0.009671508112360696,False
11.040000000000001,0.19174041375139428,0.010552853455842944,False
11.05,0.21040038143185666,0.011579845630158377,False
11.06,0.23223109143207324,0.012781346549875755,False
11.07,0.257843803051675,0.014190998208804949,False
11.08,0.2879181685673874,0.015846206757985738,False
11.09,0.32314249061916495,0.017784854440136798,False
11.1,0.3640763954894988,0.02003774151292746,False
11.11,0.41088558405790165,0.022613987687037335,False
11.120000000000001,0.4629054459644767,0.02547701467625119,False
11.13,0.5180654137400035,0.028512864266723455,False
11.14,0.5723880951443822,0.0315026319686547,False
11.15,0.6199583648972629,0.034120765912018104,False
11.16,0.6536450881489916,0.0359747884778813,False
11.17,0.6666134561623576,0.036688531003668964,False
11.18,0.6548106689847543,0.03603893877103072,False
11.19,0.6196408523494479,0.03410329091380606,False
11.200000000000001,0.5680140696763303,0.03126189790078978,False
11.21,0.5089708864217838,0.028012327044749118,False
11.22,0.4500222052725929,0.02476795731897398,False
11.23,0.39568702536274186,0.021777501734430577,False
11.24,0.3478812183620515,0.019146404482962755,False
11.25,0.3068895598558046,0.01689033881237725,False
11.26,0.2721883613056821,0.014980482377435196,False
11.27,0.24295441455289551,0.013371528114834785,False
11.28,0.21832696546439867,0.012016102536380018,False
11.290000000000001,0.1975215097049907,0.010871028728436075,False
11.3,0.17986681932428267,0.009899364191206834,False
11.31,0.164806590157332,0.009070491507035492,False
11.32,0.15188706864085125,0.008359437355145513,False
11.33,0.14074076996365226,0.007745976404403814,False
11.34,0.13107064781336614,0.007213760060673679,False
11.35,0.12263630115709329,0.006749557326789784,False
11.36,0.11524256446775878,0.006342626840685787,False
11.370000000000001,0.10873032212612545,0.005984211325898716,False
11.38,0.10296921512494404,0.005667136189064366,False
11.39,0.09785187739185847,0.00538549230332974,False
11.4,0.09328941398558256,0.005134387140979867,False
11.41,0.08920782455502184,0.0049097479306803036,False
11.42,0.08554518518996962,0.004708166554460306,False
11.43,0.08224941633229683,0.004526776699818362,False
11.44,0.07927650350266066,0.0043631559335211584,False
11.450000000000001,0.07658907736222441,0.004215247552191616,False
11.46,0.0741552712784744,0.004081297705942439,False
11.47,0.07194780140703493,0.003959804768664787,False
11.48,0.06994321843121,0.0038494781558757597,False
11.49,0.06812129920166712,0.003749204842276485,False
11.5,0.06646454741780292,0.0036580218806578978,False
11.51,0.06495778429353713,0.003575093873296543,False
11.52,0.06358780915828224,0.0034996942923858736,False
11.53,0.06234311874058406,0.0034311900301968318,False
11.540000000000001,0.06121367330828216,0.0033690285280895773,False
11.55,0.06019070098803316,0.0033127270068100405,False
11.56,0.05926653457083501,0.0032618634847246626,False
11.57,0.05843447369767673,0.0032160691929059085,False
11.58,0.05768866925617866,0.0031750222126482644,False
11.59,0.0570240259566288,0.0031384421135271083,False
11.6,0.05643612010631073,0.003106085427928821,False
11.61,0.05592113023025774,0.0030777418326121014,False
11.620000000000001,0.05547577921368379,0.003053230964389979,False
11.63,0.05509728530508788,0.0030323997234783964,False
11.64,0.05478332162326923,0.003015120044876133,False
11.65,0.05453198288872122,0.0030012870673542364,False
11.66,0.054341758414884284,0.0029908176469704943,False
11.67,0.05421151070850899,0.002983649179293564,False
11.68,0.05414045936740696,0.002979738713180442,False
11.69,0.05412816994130782,0.0029790623377093386,False
11.700000000000001,0.05417454711182815,0.002981614806824338,False
11.71,0.054279831934766626,0.0029874093875590737,False
11.72,0.054444604104044794,0.0029964779846376657,False
11.73,0.05466978846013686,0.003008871498680402,False
11.74,0.05495666554730623,0.003024660407244366,False
11.75,0.05530688666867303,0.0030439355934120393,False
11.76,0.055722494022071814,0.0030668094540123123,False
11.77,0.05620594834955269,0.0030934174213713152,False
11.78,0.05676015994828278,0.0031239196700652717,False
11.790000000000001,0.057388527323951145,0.003158503244295264,False
11.8,0.05809498458185907,0.0031973846661596454,False
11.81,0.05888405722789494,0.0032408130067828555,False
11.82,0.059760927936739504,0.003289073506012588,False
11.83,0.06073151479678258,0.0033424918788000873,False
11.84,0.061802564641604454,0.0034014394519025597,False
11.85,0.06298176174933187,0.0034663391463902104,False
11.86,0.06427785791890227,0.003537672636678229,False
11.870000000000001,0.0657008264439199,0.0036159888248150605,False
11.88,0.06726204435574729,0.0037019138706299347,False
11.89,0.06897451092723209,0.0037961632175638567,False
11.9,0.0708531080737,0.003899555924408355,False
11.91,0.0729149130123548,0.004013031873200079,False
11.92,0.07517957514510022,0.004137672511792033,False
11.93,0.0776697710310039,0.00427472589425921,False
11.94,0.08041175787232055,0.004425637143213651,False
11.950000000000001,0.08343604756218954,0.004592085547495204,False
11.96,0.0867782330427627,0.004776030042600259,False
11.97,0.09048000446927032,0.004979765137495856,False
11.98,0.09459040561536816,0.005205990063638658,False
11.99,0.09916739345184708,0.005457894609803676,False
12.0,0.10427978207767512,0.0057392661105851025,False
12.01,0.11000967489855427,0.006054623306668052,False
12.02,0.11645551618089961,0.006409384293782687,False
12.030000000000001,0.12373592941627969,0.006810077775494685,False
12.040000000000001,0.13199454330866306,0.007264608671979082,False
12.05,0.1414060446401017,0.007782591252734938,False
12.06,0.15218372513466427,0.00837576449476456,False
12.07,0.1645887634620645,0.009058502937964659,False
12.08,0.17894134543854265,0.00984842870972776,False
12.09,0.19563338760457247,0.010767111794897555,False
12.1,0.2151417281297746,0.011840796026100189,False
12.11,0.23803879214652263,0.013100986073729306,False
12.120000000000001,0.26499397997406043,0.014584523849899667,False
12.13,0.2967518326155544,0.016332386798774228,False
12.14,0.3340607091811579,0.01838576250239312,False
12.15,0.3775076036057771,0.02077695745709344,False
12.16,0.4271979509992695,0.023511774514979548,False
12.17,0.48223242817877593,0.026540717455758204,False
12.18,0.540038155634066,0.02972218222267481,False
12.19,0.5958528512373803,0.03279406619257145,False
12.200000000000001,0.6428615699497551,0.03538129394499422,False
12.21,0.6732634265422898,0.037054526682577374,False
12.22,0.6802263549106592,0.037437746689550994,False
12.23,0.6607838497275719,0.03636768585053762,False
12.24,0.6182647535491451,0.034027554303582695,False
12.25,0.5611978537408878,0.030886752533765754,False
12.26,0.499105250568607,0.027469350176334346,False
12.27,0.4390657270038249,0.02416494354999177,False
12.280000000000001,0.3848827970974519,0.021182867377716866,False
12.290000000000001,0.3378683962833963,0.018595326898388033,False
12.3,0.2979155503303388,0.0163964345509816,False
12.31,0.2642844370478359,0.0145454726015239,False
12.32,0.23604851719905814,0.012991446934606242,False
12.33,0.21230705973357358,0.011684783844861213,False
12.34,0.1922678730046926,0.010581883330636073,False
12.35,0.1752668766577588,0.009646196275714355,False
12.36,0.16076062575803424,0.008847812998326805,False
12.370000000000001,0.14830946606619494,0.008162536164859435,False
12.38,0.1375592390128047,0.0075708738830696605,False
12.39,0.12822467985200686,0.0070571259831276245,False
12.4,0.12007544585278936,0.006608615048533431,False
12.41,0.11292480245130854,0.006215063733740418,False
12.42,0.1066206315031334,0.0058680998836314275,False
12.43,0.10103834237229305,0.005560866379784485,False
12.44,0.09607533317430948,0.005287716302856896,False
12.450000000000001,0.09164663045955115,0.00504397295301238,False
12.46,0.08768147254382617,0.004825741806040021,False
12.47,0.08412061803024215,0.004629762381962264,False
12.48,0.08091421268643229,0.004453290843952917,False
12.49,0.07802009630197286,0.004294006812528257,False
12.5,0.07540244809478519,0.004149938812522699,False
12.51,0.07303070126919793,0.00401940453341535,False
12.52,0.07087866487887513,0.003900962499133714,False
12.530000000000001,0.06892381300891118,0.0037933729466340647,False
12.540000000000001,0.06714670420579558,0.003695565872958492,False
12.55,0.06553050738942254,0.0036066149427644105,False
12.56,0.06406061040719194,0.003525715944242496,False
12.57,0.0627242974798716,0.0034521690366435365,False
12.58,0.06151048125945781,0.0033853640034961687,False
12.59,0.06040947953773407,0.0033247679632735483,False
12.6,0.05941282931381416,0.003269915136193512,False
12.61,0.05851313014159125,0.0032203982225024745,False
12.620000000000001,0.05770391310790078,0.003175861191401772,False
12.63,0.05697953034098097,0.0031359931999038805,False
12.64,0.056335061829218915,0.0031005234643981037,False
12.65,0.05576623698481596,0.0030692169437351725,False
12.66,0.0552693687038483,0.0030418707100783138,False
12.67,0.054841297588165,0.0030183108790332942,False
12.68,0.05447934562570873,0.0029983900603434577,False
12.69,0.05418127763492599,0.0029819852358984335,False
12.700000000000001,0.053945269539086245,0.0029689960136418335,False
12.71,0.05376988273301874,0.0029593432167884875,False
12.72,0.053654044231738036,0.0029529677912605926,False
12.73,0.05359703162575938,0.0029498299776705554,False
12.74,0.053598462610947424,0.0029499087350732933,False
12.75,0.053658289104567956,0.002953201417130259,False
12.76,0.053776795888130384,0.0029597236974153065,False
12.77,0.05395460320915567,0.002969509712608685,False
12.780000000000001,0.054192673503092106,0.0029826124324523907,False
12.790000000000001,0.054492322572148935,0.0029991042750017473,False
12.8,0.054855236545796944,0.0030190780400836913,False
12.81,0.05528349250355752,0.003042648044317116,False
12.82,0.05577958494699854,0.0030699515780571235,False
12.83,0.05634645897593595,0.0031011507313199096,False
12.84,0.0569875502466559,0.003136434592971004,False
12.85,0.05770683237323282,0.003176021859560586,False
12.86,0.05850887336598808,0.0032201639415376238,False
12.870000000000001,0.059398903921306215,0.0032691487217294127,False
12.88,0.060382896590512984,0.0033233049125741157,False
12.89,0.061467659979569086,0.003383007240607135,False
12.9,0.06266095088198323,0.003448682617941484,False
12.91,0.0639716062306379,0.0035208174045254044,False
12.92,0.06540969967364552,0.003599966025637409,False
12.93,0.06698672921885172,0.0036867612993123342,False
12.94,0.06871583927705695,0.003781926656976173,False
12.950000000000001,0.07061208791002008,0.0038862908520250474,False
12.96,0.07269276728132151,0.0040008055965400375,False
12.97,0.07497778984064682,0.00412656681578472,False
12.98,0.0774901570528778,0.0042648404457369,False
12.99,0.08025652823059092,0.004417093740030534,False
13.0,0.08330791660382943,0.0045850335796795705,False
13.01,0.08668054248226614,0.004770653428725439,False
13.02,0.09041688631289989,0.00497629129157288,False
13.030000000000001,0.09456699258396044,0.005204701476196038,False
13.040000000000001,0.09919009294015038,0.005459143925839355,False
13.05,0.10435663496043047,0.005743495877244665,False
13.06,0.11015082824745698,0.006062391990257643,False
13.07,0.11667385166837596,0.006421400865346653,False
13.08,0.12404790083626094,0.006827247805604989,False
13.09,0.13242130054410173,0.007288096190748308,False
13.1,0.14197495341972655,0.00781390239295657,False
13.11,0.15293042578968202,0.008416860800095377,False
13.120000000000001,0.16555995796291695,0.009111954753594434,False
13.13,0.18019858118494883,0.009917623431548242,False
13.14,0.19725813564384878,0.010856533360365657,False
13.15,0.2172420722889629,0.011956393065269445,False
13.16,0.24075793622555303,0.013250640121250741,False
13.17,0.268520229063952,0.014778598688721457,False
13.18,0.3013283992145502,0.01658426816121213,False
13.19,0.339990517024914,0.01871212245944214,False
13.200000000000001,0.38514215755971837,0.02119714184858604,False
13.21,0.4368897494739358,0.024045183862678798,False
13.22,0.4942223124839274,0.027200606988430364,False
13.23,0.5542612193587902,0.030504979673893092,False
13.24,0.6117075917754999,0.03366666654951092,False
13.25,0.6590788454901413,0.03627384720949597,False
13.26,0.68802725216766,0.03786708614890959,True
13.27,0.691630119842402,0.03806537785929279,True
13.280000000000001,0.6675805229065447,0.036741755639173604,False
13.290000000000001,0.6204371622244108,0.03414711757116803,False
13.3,0.5597729201548867,0.03080832819419551,False
13.31,0.49545539035039804,0.027268472128438772,False
13.32,0.4343552960556983,0.023905694670024825,False
13.33,0.3798874906341201,0.020907939750081126,False
13.34,0.333024179269663,0.01832871480939718,False
13.35,0.29342954455000964,0.016149537401467476,False
13.36,0.26023021492111703,0.014322339610707618,False
13.370000000000001,0.23242947143503914,0.012792264827660339,False
13.38,0.2090936188859402,0.011507925092495824,False
13.39,0.1894177217883381,0.010425019018492786,False
13.4,0.1727352446736293,0.009506862366863596,False
13.41,0.15850511647542556,0.008723676106880832,False
13.42,0.1462920139828154,0.008051501272561283,False
13.43,0.13574662346025887,0.007471112617702834,False
13.44,0.12658835398047985,0.00696706720631379,False
13.450000000000001,0.1185910882009274,0.0065269201753990255,False
13.46,0.1115717679839644,0.006140596519577105,False
13.47,0.10538142039665149,0.00579989718733125,False
13.48,0.09989811840557469,0.0054981116574377405,False
13.49,0.09502149470489932,0.005229715995481767,False
13.5,0.09066845115012408,0.004990136713150576,False
13.51,0.08676979930198218,0.004775565873212073,False
13.52,0.08326761651555505,0.004582815576090778,False
13.530000000000001,0.08011315659034204,0.004409202967920112,False
13.540000000000001,0.07726519287835182,0.004252459049868706,False
13.55,0.0746886931932162,0.004110655748862405,False
13.56,0.07235375819684658,0.003982147489369674,False
13.57,0.07023476373770596,0.003865523990110684,False
13.58,0.06830966690636002,0.003759572071305285,False
13.59,0.06655943906466036,0.0036632444501928135,False
13.6,0.06496760254402377,0.003575634242207567,False
13.61,0.06351984892969845,0.00349595395241769,False
13.620000000000001,0.0622037240749507,0.0034235181395913263,False
13.63,0.06100836661923338,0.003357729024971548,False
13.64,0.05992429013038561,0.0032980645019953527,False
13.65,0.05894320126168288,0.0032440681281687973,False
13.66,0.05805784720215129,0.003195340729161062,False
13.67,0.05726188755721516,0.003151533347475391,False
13.68,0.05654978671250046,0.003112341318455366,False
13.69,0.055916722740515845,0.0030774992567646608,False
13.700000000000001,0.055358510963446274,0.003046776849498039,False
13.71,0.054871539457985716,0.0030199753065486244,False
13.72,0.054452714858475415,0.002996924377764957,False
13.73,0.05409941706645113,0.00297747986029177,False
13.74,0.053809461861884594,0.002961521540797806,False
13.75,0.05358106993839417,0.002948951491260844,False
13.76,0.05341284213733768,0.0029396927059217783,False
13.77,0.053303740154515285,0.0029336880394357687,False
13.780000000000001,0.053253072134593335,0.0029308994140298207,False
13.790000000000001,0.05326048277155019,0.002931307274659148,False
13.8,0.05332594782839445,0.002934910287387866,False
13.81,0.05344977316954984,0.0029417252861341755,False
13.82,0.053632597874171316,0.002951787444018531,False
13.83,0.05387540117554354,0.0029651506552886295,False
13.84,0.054179514199606614,0.002981888181374872,False
13.85,0.05454663705038179,0.003002093591224174,False
13.86,0.054978860306303536,0.0030258819443976653,False
13.870000000000001,0.05547869167091842,0.0030533912578502476,False
13.88,0.0560490886076541,0.0030847843020565553,False
13.89,0.056693498994894266,0.0031202508385520158,False
13.9,0.05741591165401741,0.0031600104008540813,False
13.91,0.05822091039322502,0.003204315268882637,False
13.92,0.05911374379742784,0.003253454309999186,False
13.93,0.06010040597606515,0.0033077574231398627,False
13.94,0.06118773170955051,0.003367600775408391,False
13.950000000000001,0.062383509106326715,0.0034334130024037384,False
13.96,0.0636966144838998,0.003505682631693131,False
13.97,0.06513717068884067,0.0035849667962999563,False
13.98,0.06671673695027078,0.003671901683706,False
13.99,0.06844853540848728,0.0037672150033502814,False
14.0,0.07034772167294583,0.0038717408773799814,False
14.01,0.07243171185734144,0.003986437839742107,False
14.02,0.07472057595038922,0.004112410486205631,False
14.030000000000001,0.07723751596658228,0.004250935790435288,False
14.040000000000001,0.08000944756454831,0.004403495114631194,False
14.05,0.08306771222846353,0.004571813405992164,False
14.06,0.08644895283595158,0.0047579073855119475,False
14.07,0.09019619553057817,0.004964145091200558,False
14.08,0.09436019261104184,0.005193319786930927,False
14.09,0.09900109836245671,0.0054487421954825185,False
14.1,0.10419056952606069,0.005734356102490359,False
14.11,0.11001440984076798,0.006054883904579184,False
14.120000000000001,0.11657591174845337,0.006416010527429889,False
14.13,0.12400009172072171,0.006824616526260859,False
14.14,0.1324390660227966,0.00728907395276296,False
14.15,0.14207886634352487,0.007819621468218572,False
14.16,0.15314804045718294,0.008428837699753873,False
14.17,0.1659283947259359,0.009132232477480674,False
14.18,0.18076813222316318,0.00994896991987747,False
14.19,0.19809726396484748,0.010902716624649358,False
14.200000000000001,0.2184443085290322,0.012022560768846037,False
14.21,0.24245111897952573,0.013343828141069046,False
14.22,0.2708783258847882,0.014908381709932824,False
14.23,0.30458505371837535,0.016763505271755436,False
14.24,0.3444507777850049,0.018957602675402835,False
14.25,0.39118267624364295,0.021529595019107447,False
14.26,0.4449268323054013,0.02448752231221868,False
14.27,0.5046146266733573,0.02777257075215899,False
14.280000000000001,0.5671184038672495,0.03121260297206968,False
14.290000000000001,0.6266341123571949,0.03448818028895911,False
14.3,0.6749908234321629,0.03714959775227135,False
14.31,0.7032201741395455,0.03870326187211024,True
14.32,0.7042007204749076,0.038757228386426604,True
14.33,0.6761644298015621,0.03721418974823508,False
14.34,0.6247993013820163,0.03438719744991436,False
14.35,0.5606840942554142,0.030858476655688315,False
14.36,0.4940706035163748,0.027192257353258534,False
14.370000000000001,0.4317030484141322,0.02375972241439831,False
14.38,0.376686174519355,0.020731748308934313,False
14.39,0.3297055848793647,0.018146068701594333,False
14.4,0.29022425183012734,0.015973127099151895,False
14.41,0.2572456131322497,0.014158075516948018,False
14.42,0.2297037295919384,0.012642247657748542,False
14.43,0.20662868236805537,0.01137226191464892,False
14.44,0.18719814663784873,0.010302859840680046,False
14.450000000000001,0.17073845239617777,0.00939696453221604,False
14.46,0.15670673511287328,0.008624698251323788,False
14.47,0.1446685014459582,0.007962147705673753,False
14.48,0.13427642687610056,0.007390197129932897,False
14.49,0.1252523083589275,0.006893535010472996,False
14.5,0.11737241849737086,0.00645984802018097,False
14.51,0.11045593254370616,0.006079184073178879,False
14.52,0.10435586813809071,0.005743453673498361,False
14.530000000000001,0.09895203612993175,0.0054460419481015794,False
14.540000000000001,0.09414557021666771,0.005181507573575067,False
14.55,0.0898546561169919,0.004945347721827799,False
14.56,0.0860111983026734,0.004733814606379296,False
14.57,0.0825582045719336,0.00454377153662934,False
14.58,0.07944772034136875,0.004372579227091401,False
14.59,0.07663919205629141,0.004218005724097719,False
14.6,0.07409816116331447,0.00407815452572113,False
14.61,0.07179521806306413,0.003951407010272474,False
14.620000000000001,0.069705157751997,0.003836375965199408,False
14.63,0.06780629627252059,0.0037318679664222654,False
14.64,0.06607991338231456,0.0036368527044199615,False
14.65,0.06450979703736996,0.003550437913856782,False
14.66,0.06308186799420701,0.0034718487127435604,False
14.67,0.0617838702192197,0.0034004105634381603,False
14.68,0.06060511384158863,0.0033355351254962698,False
14.69,0.05953626123216541,0.003276708482054459,False
14.700000000000001,0.0585691483480113,0.003223481307135725,False
14.71,0.057696634809738453,0.003175460614327736,False
14.72,0.0569124781678267,0.0031323028367543034,False
14.73,0.05621122795249252,0.0030937079958779567,False
14.74,0.055588136451582004,0.003059414790965948,False
14.75,0.05503908362002833,0.0030291964663178433,False
14.76,0.0545605137029476,0.00300285732317885,False
14.77,0.054149382104549865,0.0029802297955540103,False
14.780000000000001,0.05380311103812069,0.002961172009307844,False
14.790000000000001,0.05351955269803718,0.0029455657552556174,False
14.8,0.053296959071680916,0.0029333148276958804,False
14.81,0.05313395773862854,0.0029243436924659386,False
14.82,0.053029533090266846,0.0029185964533222507,False
14.83,0.05298301222230458,0.0029160360755039316,False
14.84,0.05299405546688531,0.0029166438646468537,False
14.85,0.05306265142229476,0.0029204191932327094,False
14.86,0.05318911613635708,0.0029273794556454375,False
14.870000000000001,0.053374096308600516,0.0029375602444094203,False
14.88,0.05361857671446153,0.002951015758796812,False
14.89,0.053923892631106494,0.0029678194887098395,False
14.9,0.05429174643898554,0.0029880651283836672,False
14.91,0.05472422914521003,0.003011867760972595,False
14.92,0.0552238479513146,0.0030393653758021993,False
14.93,0.05579356008452011,0.0030707207303469564,False
14.94,0.05643681321079603,0.003106123574451611,False
14.950000000000001,0.05715759367714723,0.003145793305451047,False
14.96,0.057960485250137576,0.0031899822009735317,False
14.97,0.058850737686560434,0.003238979192877693,False
14.98,0.0598343477741067,0.003293114327503108,False
14.99,0.06091815634003987,0.003352764104755124,False
15.0,0.062109962461795475,0.00341835776393524,False
15.01,0.06341865849673538,0.003490384715399264,False
15.02,0.06485439216348213,0.0035694034610583977,False
15.030000000000001,0.0664287581947411,0.003656052142411899,False
15.040000000000001,0.06815502826082918,0.003751061194891861,False
15.05,0.07004842699874406,0.003855268539727364,False
15.06,0.07212646351558169,0.003969637828960831,False
15.07,0.07440933381200891,0.004095280593704881,False
15.08,0.07692040812946818,0.004233483066362714,False
15.09,0.07968682682622863,0.004385738975971153,False
15.1,0.08274022995797707,0.004553789702265775,False
15.11,0.08611765728551232,0.004739673809574788,False
15.120000000000001,0.08986266229453188,0.00494578835933696,False
15.13,0.09402669954503122,0.005174965265913189,False
15.14,0.0986708604999106,0.005430566831714198,False
15.15,0.10386805689663955,0.005716605913840237,False
15.16,0.10970578069182907,0.006037897823673065,False
15.17,0.11628960639633372,0.006400253085556108,False
15.18,0.12374765260753691,0.006810722986991583,False
15.19,0.13223627903011959,0.007277913126651225,False
15.200000000000001,0.14194736002483202,0.007812383730057214,False
15.21,0.15311754124080246,0.008427159108607207,False
15.22,0.16603992492854522,0.009138370786358856,False
15.23,0.18107855887287788,0.009966054930174124,False
15.24,0.19868577317436933,0.010935106517442384,False
15.25,0.2194215493269562,0.012076345355672547,False
15.26,0.2439719093240884,0.0134275281672098,False
15.27,0.2731586385111306,0.015033883707704145,False
15.280000000000001,0.3079229849258603,0.016947215623627027,False
15.290000000000001,0.3492479182251358,0.019221623802098832,False
15.3,0.39795423785740597,0.021902282737774337,False
15.31,0.45427300044489277,0.025001909137719124,False
15.32,0.5171041454228138,0.028459958760343355,False
15.33,0.5830332360832647,0.03208851060606328,False
15.34,0.6455995214247243,0.035531983098726946,False
15.35,0.6956803921796457,0.03828829346479787,True
15.36,0.7234061681646828,0.039814242247295996,True
15.370000000000001,0.7213156226146947,0.03969918449603656,True
15.38,0.6883204419014838,0.03788322248780271,True
15.39,0.6316007790485064,0.0347615316640395,False
15.4,0.5630573931117515,0.030989096354205915,False
15.41,0.49344419665503414,0.0271577816802268,False
15.42,0.4293545515244794,0.02363046774641714,False
15.43,0.3735141432384344,0.020557168622732602,False
15.44,0.32625890333459556,0.017956373036818796,False
15.450000000000001,0.2868057487378811,0.01578498229720318,False
15.46,0.2540060864231441,0.013979781072085676,False
15.47,0.22670699924392002,0.012477316042182517,False
15.48,0.2038916087698675,0.011221621076786833,False
15.49,0.1847137566770264,0.010166126000010869,False
15.5,0.1684887813316776,0.009273148959885515,False
15.51,0.15466972511152666,0.008512586946191376,False
15.52,0.1428215616090895,0.007860497328171673,False
15.530000000000001,0.13259816252748463,0.007297830177214872,False
15.540000000000001,0.12372325291633568,0.006809380096567094,False
15.55,0.11597525937933538,0.00638295230926298,False
15.56,0.1091754645829421,0.006008710715577986,False
15.57,0.10317882933403785,0.0056786727659787015,False
15.58,0.09786690429284574,0.005386319341724576,False
15.59,0.09314234319434599,0.0051262927779961364,False
15.6,0.08892464882022556,0.004894162734147713,False
15.610000000000001,0.08514685942056764,0.004686243823670568,False
15.620000000000001,0.08175295336349864,0.004499452773404116,False
15.63,0.078695806787191,0.004331196018442503,False
15.64,0.07593557589556729,0.004179280668236977,False
15.65,0.07343840971525584,0.004041843660356721,False
15.66,0.07117541826508453,0.003917294971437927,False
15.67,0.06912184203554333,0.0038042719076677146,False
15.68,0.06725637923926221,0.00370160207854131,False
15.69,0.06556063839962545,0.003608273268877966,False
15.700000000000001,0.0640186901543362,0.003523408771348877,False
15.71,0.06261669901544206,0.0034462471195839915,False
15.72,0.06134261915936769,0.003376125345310431,False
15.73,0.06018594236395036,0.0033124651055153956,False
15.74,0.05913748791087404,0.003254761119266644,False
15.75,0.05818922730238558,0.0032025715206132174,False
15.76,0.05733413725060426,0.0031555097675302333,False
15.77,0.056566076299816574,0.0031132378515567605,False
15.780000000000001,0.055879681028066716,0.003075460585023105,False
15.790000000000001,0.05527027847170075,0.003041920781143865,False
15.8,0.054733812460076456,0.0030123951996874074,False
15.81,0.05426678159080823,0.0029866911333076783,False
15.82,0.053866187112040886,0.0029646435391310396,False
15.83,0.05352948944410666,0.002946112645830471,False
15.84,0.05325457222300741,0.0029309819746798937,False
15.85,0.05303971273398987,0.0029191567123012527,False
15.860000000000001,0.052883558281626206,0.002910562410140167,False
15.870000000000001,0.05278510776911356,0.0029051439706423484,False
15.88,0.0527436981983796,0.0029028649042573585,False
15.89,0.05275899557103676,0.0029037068286527014,False
15.9,0.05283099003199369,0.002907669201431848,False
15.91,0.052959995337028255,0.0029147692908309524,False
15.92,0.05314665257731828,0.0029250423807065514,False
15.93,0.053391937843306154,0.002938542192333138,False
15.94,0.05369717435747832,0.002955341552157236,False
15.950000000000001,0.05406404972020589,0.002975533340960003,False
15.96,0.05449463800592572,0.0029992317099689254,False
15.97,0.054991427130495936,0.00302657358708015,False
15.98,0.05555735240820453,0.0030577205237419186,False
15.99,0.05619583864474763,0.0030928610116337835,False
16.0,0.05691084864041277,0.0031322131521454876,False
16.01,0.05770694163528682,0.00317602787303694,False
16.02,0.058589343344584204,0.0032245927829858364,False
16.03,0.05956402841172074,0.0032782367095730946,False
16.04,0.06063781770682211,0.003337335054319288,False
16.05,0.06181849512494012,0.003402316220930189,False
16.06,0.06311494512678244,0.003473669185151952,False
16.07,0.06453731693064811,0.003551952531433759,False
16.080000000000002,0.06609722104914259,0.0036378052697562165,False
16.09,0.06780796372788242,0.003731959738478731,False
16.1,0.06968483015658777,0.003835257191482036,False
16.11,0.07174542536342664,0.0039486665600347555,False
16.12,0.07401008820881544,0.004073307237848598,False
16.13,0.07650239520992133,0.004210476810162878,False
16.14,0.0792497777392044,0.004361685022617549,False
16.15,0.0822842808863828,0.004528695546882859,False
16.16,0.08564350298378066,0.004713577689493816,False
16.17,0.08937176269927682,0.00491877062536578,False
16.18,0.09352156026098868,0.0051471638194940635,False
16.19,0.09815541426528539,0.005402198119704332,False
16.2,0.10334818692036457,0.005687993731523598,False
16.21,0.10919003981620296,0.006009512895450645,False
16.22,0.11579021585017497,0.006372768033512361,False
16.23,0.12328189767684743,0.0067850891446849994,False
16.240000000000002,0.131828472455442,0.007255468598986432,False
16.25,0.1416316257249262,0.007795006601612038,False
16.26,0.15294179329129873,0.008417486435434182,False
16.27,0.16607158944558048,0.0091401135123783,False
16.28,0.18141283486899606,0.009984452541464434,False
16.29,0.1994575995257992,0.010977585670483942,False
16.3,0.22082286376518379,0.012153469763734721,False
16.31,0.24627622153563927,0.01355435103469633,False
16.32,0.27675497420204853,0.01523181591605685,False
16.330000000000002,0.3133597573687671,0.017246440297967982,False
16.34,0.35728154832025616,0.01966377222273474,False
16.35,0.409581711223223,0.022542226190959316,False
16.36,0.4706937953745774,0.02590566353738413,False
16.37,0.5395061854778378,0.02969290408046303,False
16.38,0.6120794672280055,0.033687133529201524,False
16.39,0.6806448097732984,0.037460777269056486,False
16.4,0.734125540741107,0.04040420638539499,True
16.41,0.7608016114351209,0.04187238233903944,True
16.42,0.752597920189501,0.04142087423066404,True
16.43,0.7099965474374922,0.03907621441235059,True
16.44,0.6432684883267225,0.03540368958875347,False
16.45,0.5667685297024057,0.031193346881413852,False
16.46,0.49197278014376994,0.027076799051097757,False
16.47,0.4250241956611804,0.023392137130857422,False
16.48,0.3678845716614445,0.02024733282594445,False
16.490000000000002,0.3202479777531226,0.017625548587480187,False
16.5,0.2809029045756484,0.01546010634539948,False
16.51,0.2484456904449812,0.013673752505827901,False
16.52,0.221581789088411,0.012195238880444405,False
16.53,0.19921997905582886,0.010964507707687029,False
16.54,0.18047758896536223,0.0099329792355863,False
16.55,0.16465396622466652,0.009062091514755503,False
16.56,0.15119692951621228,0.008321454037471537,False
16.57,0.13967164016441694,0.007687134505213831,False
16.580000000000002,0.12973466769058314,0.007140231469701055,False
16.59,0.1211134273154288,0.006665742630824548,False
16.6,0.11359023668213501,0.006251687363496001,False
16.61,0.1069900905983935,0.005888433873810791,False
16.62,0.10117132352432993,0.0055681852886278445,False
16.63,0.09601846177178879,0.00528458626070831,False
16.64,0.09143674412411419,0.005032421399028972,False
16.65,0.08734789665081294,0.004807382726456857,False
16.66,0.08368685810067923,0.004605889454590629,False
16.67,0.08039922688778865,0.004424947473045347,False
16.68,0.07743925749914146,0.0042620390773605715,False
16.69,0.07476827863726199,0.004115035908015093,False
16.7,0.07235343640874148,0.003982129779056806,False
16.71,0.07016668954486235,0.003861777377869955,False
16.72,0.06818400134008808,0.003752655791740807,False
16.73,0.06638468611577462,0.0036536265390571957,False
16.740000000000002,0.0647508778084471,0.003563706321900885,False
16.75,0.06326709542388638,0.0034820431098618603,False
16.76,0.06191988609405377,0.003407896494894704,False
16.77,0.0606975304272756,0.003340621474620918,False
16.78,0.059589798411115794,0.0032796550179091024,False
16.79,0.05858774604610721,0.0032245048721671254,False
16.8,0.0576835457274329,0.0031747402280265934,False
16.81,0.05687034398220243,0.0031299838896023963,False
16.82,0.05614214202652589,0.0030899057006897744,False
16.830000000000002,0.05549369545489907,0.003054217023950013,False
16.84,0.05492042935040031,0.0030226660688142787,False
16.85,0.054418367092763556,0.0029950339732800536,False
16.86,0.053984070301143466,0.002971131498529729,False
16.87,0.05361458837153244,0.002950796251611869,False
16.88,0.053307416392620696,0.0029338903692484367,False
16.89,0.053060460387236205,0.0029202986048213406,False
16.9,0.052872008586865485,0.002909926747402797,False
16.91,0.05274070866728557,0.002902700368868497,False
16.92,0.05266554990742898,0.00289856384197168,False
16.93,0.05264585015042481,0.0028974796227154817,False
16.94,0.052681247094454875,0.002899427771026136,False
16.95,0.052771693736359225,0.0029044056999818295,False
16.96,0.052917457980936944,0.0029124281543097146,False
16.97,0.05311912650235141,0.002923527422906802,False
16.98,0.05337761248488754,0.0029377537648694833,False
16.990000000000002,0.05369416788690242,0.002955176084466904,False
17.0,0.05407040061663262,0.002975882876449122,False
17.01,0.054508296663341956,0.0029999834440832783,False
17.02,0.05501024755727742,0.0030276094104723897,False
17.03,0.05557908445556766,0.003058916594547398,False
17.04,0.05621812022296074,0.003094087327072701,False
17.05,0.05693119830577345,0.003133333140530957,False
17.06,0.05772275259366881,0.003176898063747063,False
17.07,0.05859787838041079,0.0032250625273686517,False
17.080000000000002,0.05956241633885743,0.003278147985613686,False
17.09,0.060623053343248544,0.003336522465245799,False
17.1,0.06178744220533187,0.003400607155514137,False
17.11,0.06306434466885161,0.0034708842781681014,False
17.12,0.06446380301054264,0.003547906531893759,False
17.13,0.06599734587259326,0.0036323084207540647,False
17.14,0.06767823714881357,0.003724819952184036,False
17.150000000000002,0.0695217769005935,0.0038262831985593094,False
17.16,0.07154566844180851,0.003937672500517603,False
17.17,0.07377046621937652,0.004060119117045724,False
17.18,0.07622012837685545,0.0041949416370269145,False
17.19,0.07892269862597463,0.004343683507533431,False
17.2,0.0819111570655766,0.004508159860509733,False
17.21,0.08522448335684281,0.004690516026948691,False
17.22,0.0889090010630214,0.004893301525571715,False
17.23,0.09302008291579991,0.005119563915896986,False
17.240000000000002,0.09762433553937602,0.005372969039311798,False
17.25,0.10280241542486956,0.005657956002389444,False
17.26,0.1086526926937783,0.005979938820132237,False
17.27,0.11529605284477265,0.006345570690619011,False
17.28,0.12288224179999747,0.006763093208519803,False
17.29,0.13159832077013367,0.007242801697105105,False
17.3,0.14168001332218036,0.007797669718963843,False
17.31,0.15342703063638197,0.008444192535070564,False
17.32,0.1672238628601896,0.009203531402470055,False
17.330000000000002,0.1835680069079709,0.010103067153034636,False
17.34,0.20310805868842935,0.011178496682597032,False
17.35,0.22669422542317383,0.012476613006991509,False
17.36,0.2554425106282518,0.014058837823035329,False
17.37,0.290808475268905,0.016005281115169002,False
17.38,0.3346504716047108,0.018418221368564056,False
17.39,0.3892202825667479,0.021421590386751763,False
17.400000000000002,0.45692232251625997,0.025147720378184673,False
17.41,0.5394986311575944,0.02969248831190946,False
17.42,0.6360942114183568,0.03500883755216726,False
17.43,0.7399537769217827,0.040724976123591425,True
17.44,0.8354376806869064,0.045980141814073484,True
17.45,0.8997729163570579,0.049520972360911145,True
17.46,0.9117910030378742,0.05018241407307262,True
17.47,0.8645696877830138,0.04758348560448795,True
17.48,0.7732743840048646,0.042558848684560224,True
17.490000000000002,0.6651031214861456,0.03660540642812691,False
17.5,0.5615891665120651,0.03090828928884436,False
17.51,0.4725660265824328,0.026008705880859878,False
17.52,0.3997670387115773,0.02200205420162181,False
17.53,0.3414059856024002,0.01879002587154664,False
17.54,0.2947949146352531,0.01622468353336874,False
17.55,0.2574039025884689,0.014166787323720544,False
17.56,0.22716071308232022,0.012502287176612911,False
17.57,0.20245905634836953,0.011142777417924793,False
17.580000000000002,0.18208081381576963,0.010021216225233413,False
17.59,0.16510829019701573,0.009087096229243571,False
17.6,0.15084963061503334,0.008302339682089637,False
17.61,0.13878127596735826,0.007638131362318395,False
17.62,0.128505414869582,0.007072576849444389,False
17.63,0.11971913985775513,0.006589004968021611,False
17.64,0.11219238527899583,0.0061747535511516806,False
17.650000000000002,0.10575236487326616,0.005820312928725469,False
17.66,0.10027288299570121,0.005518737647142613,False
17.67,0.09566741609732181,0.005265265693455541,False
17.68,0.0918852701706705,0.005057107011977394,False
17.69,0.08891045535717614,0.004893381565834466,False
17.7,0.08676320365173038,0.004775202867160341,False
17.71,0.08550435629633606,0.004705919446910837,False
17.72,0.08524323475097068,0.004691548050977703,False
17.73,0.08615023235297875,0.004741466649730714,False
17.740000000000002,0.08847653818901215,0.004869499984492172,False
17.75,0.09258572263034197,0.005095657946624285,False
17.76,0.09900662533338112,0.005449046384427764,False
17.77,0.10852676999164806,0.005973008388532841,False
17.78,0.12236685792369828,0.0067347279285369325,False
17.79,0.14252746579192654,0.007844311120998256,False
17.8,0.1725330035158553,0.009495731581970767,False
17.81,0.21920423316127288,0.012064384884715104,False
17.82,0.2975584190593372,0.016376779049600106,False
17.830000000000002,0.4477574202189786,0.024643309915162892,False
17.84,0.8213313743838174,0.04520377036317664,True
17.85,2.8965032402552606,0.15941539725902332,True
17.86,13.56399493376438,0.7465241573818747,True
17.87,1.6500954801969439,0.09081661737334452,True
17.88,0.6700191500770282,0.036875970824486154,False
17.89,0.4005420457745722,0.02204470841208801,False
17.900000000000002,0.2806576077528363,0.01544660589771777,False
17.91,0.21605095658564202,0.011890837404779446,False
17.92,0.1777606782239672,0.009783448104691164,False
17.93,0.15399628184644168,0.008475522521700874,False
17.94,0.13901514312479044,0.007651002753342492,False
17.95,0.1296325638234238,0.007134611959831819,False
17.96,0.12390524961970201,0.006819396683589596,False
17.97,0.12056529800797525,0.006635575134347201,False
17.98,0.11874754467685779,0.006535531100088339,False
17.990000000000002,0.11784373996856908,0.006485788229231505,False
18.0,0.11741797062622285,0.006462355081321456,False
18.01,0.11715524373137487,0.0064478953314648915,False
18.02,0.11682957568242786,0.006429971477392874,False
18.03,0.11628386673192659,0.006399937190559383,False
18.04,0.11541668612076092,0.00635221000707033,False
18.05,0.11417277428515779,0.006283748595851471,False
18.06,0.11253525759062014,0.006193624279486129,False
18.07,0.11051847947340052,0.006082626480391129,False
18.080000000000002,0.10816102616632414,0.005952878876368404,False
18.09,0.10551898291890623,0.0058074682419147275,False
18.1,0.10265968010747198,0.005650100251700271,False
18.11,0.09965625254454726,0.005484800040249394,False
18.12,0.09658326385005185,0.0053156713796295284,False
18.13,0.09351350823354905,0.0051467206585352945,False
18.14,0.09051598354867185,0.004981745324901172,False
18.150000000000002,0.08765491132914725,0.004824279951438626,False
18.16,0.08498961559512798,0.004677589565477236,False
18.17,0.08257506328513699,0.004544699392819951,False
18.18,0.08046286888123565,0.00442845014948869,False
18.19,0.07870261006415635,0.004331570451684981,False
18.2,0.07734335383859521,0.00425676080943665,False
18.21,0.07643535090716783,0.004206786880178038,False
18.22,0.07603193474736263,0.004184583988607861,False
18.23,0.0761917465087077,0.004193379578775833,False
18.240000000000002,0.07698151219261427,0.004236846062255553,False
18.25,0.07847972856485341,0.004319303680407372,False
18.26,0.08078178337935879,0.0044460023071052936,False
18.27,0.08400728036379228,0.004623524595354462,False
18.28,0.088310724159295,0.004860374046343334,False
18.29,0.09389738392761703,0.005167848097792893,False
18.3,0.10104735040576679,0.005561362156628365,False
18.31,0.11015304375493626,0.006062513925562265,False
18.32,0.12177977287363619,0.006702416417477744,False
18.330000000000002,0.1367677525333181,0.007527312691837786,False
18.34,0.15641286454754827,0.008608524441378423,False
18.35,0.18280690156913765,0.010061178054393279,False
18.36,0.2195271379758637,0.012082156658134667,False
18.37,0.2731706583144002,0.015034545243892528,False
18.38,0.35721501280233176,0.019660110294836875,False
18.39,0.5035481889272814,0.027713877016008453,False
18.400000000000002,0.8071507196419274,0.044423306983176335,True
18.41,1.7018685938075937,0.09366606402987612,True
18.42,9.06367018131982,0.4988389318882754,True
18.43,12.351753422566675,0.6798057918037888,True
18.44,2.1679053594694313,0.1193154177411963,True
18.45,0.9180289296034909,0.05052573201855601,True
18.46,0.5465998653663792,0.0300833202836089,False
18.47,0.3771426494625978,0.020756871406814717,False
18.48,0.2826427197591324,0.015555860883070198,False
18.490000000000002,0.2233443070696801,0.012292242916295378,False
18.5,0.18311885056214308,0.010078346850185866,False
18.51,0.15427854068219019,0.008491057254686967,False
18.52,0.13272830922416315,0.007304993085601996,False
18.53,0.11610129075464244,0.006389888721928585,False
18.54,0.10294098216191586,0.0056655823261325435,False
18.55,0.09230539491429297,0.005080229497038733,False
18.56,0.0835601569652253,0.004598916180209007,False
18.57,0.07626348095966563,0.004197327641335434,False
18.580000000000002,0.07009887203135225,0.0038580448925383043,False
18.59,0.0648340481930054,0.003568283786103334,False
18.6,0.060294935809820586,0.0033184637984326184,False
18.61,0.0563486849867551,0.0031012732446988366,False
18.62,0.05289226953658044,0.0029110418531284755,False
18.63,0.04984464977005625,0.002743309427000725,False
18.64,0.04714126878074253,0.0025945229356326162,False
18.650000000000002,0.04473011332908325,0.0024618197165104964,False
18.66,0.04256884627091888,0.0023428696522151253,False
18.67,0.04062268619049898,0.002235758471382319,False
18.68,0.03886281785249546,0.0021389002644494363,False
18.69,0.037265185191049176,0.002050971053165003,False
18.7,0.03580956364808619,0.001970857734696978,False
18.71,0.0344788400323043,0.001897618447095443,False
18.72,0.03325844760808782,0.0018304514781742453,False
18.73,0.03213591881678634,0.0017686706485473306,False
18.740000000000002,0.031100528395004566,0.0017116856698624861,False
18.75,0.030143006044370965,0.0016589863309529956,False
18.76,0.02925530379522447,0.0016101296941888172,False
18.77,0.028430405798050663,0.001564729626931842,False
18.78,0.027662172445460372,0.0015224482224477167,False
18.79,0.026945211320210598,0.0014829886972476357,False
18.8,0.026274770173041532,0.0014460895008892938,False
18.81,0.025646647340377995,0.0014115193856189597,False
18.82,0.02505711665866176,0.0013790732738673658,False
18.830000000000002,0.024502864134700538,0.0013485687727637149,False
18.84,0.02398093421228964,0.001319843216801564,False
18.85,0.023488684261153553,0.0012927511630380824,False
18.86,0.023023745443653057,0.0012671622373076038,False
18.87,0.02258398940249905,0.0012429593008070241,False
18.88,0.022167499513222992,0.0012200368679125737,False
18.89,0.021772546050456917,0.001198299739401669,False
18.900000000000002,0.021397564747527666,0.0011776618224332402,False
18.91,0.02104113820625999,0.0011580451073955457,False
18.92,0.02070197952576655,0.0011393787668807867,False
18.93,0.020378918254772168,0.0011215983825405172,False
18.94,0.020070887926814555,0.0011046452590581272,False
18.95,0.019776915154299392,0.0010884658239162864,False
18.96,0.019496110047812393,0.001073011100102809,False
18.97,0.019227657830062275,0.0010582362445656444,False
18.98,0.01897081123718611,0.0010441001300020812,False
18.990000000000002,0.01872488399656251,0.001030564985895917,False
19.0,0.018489244927170145,0.0010175960738177728,False
19.01,0.01826331271297176,0.0010051613997668393,False
19.02,0.018046551238210577,0.000993231457438703,False
19.03,0.017838465440557418,0.000981778999994217,False
19.04,0.017638597637719217,0.0009707788378863603,False
19.05,0.01744652412404046,0.0009602076515467458,False
19.06,0.01726185222739934,0.000950043829405457,False
19.07,0.01708421763157672,0.0009402673205217612,False
19.080000000000002,0.01691328195031761,0.0009308595010672727,False
19.09,0.016748730548800942,0.0009218030544257709,False
19.1,0.016590270574526646,0.0009130818628187608,False
19.11,0.016437629188953137,0.00090468090997977,False
19.12,0.016290551981707074,0.0008965861938769105,False
19.13,0.016148801461381323,0.0008887846436506414,False
19.14,0.016012155762394027,0.0008812640484429255,False
19.150000000000002,0.015880407447677075,0.0008740129915005695,False
19.16,0.01575336240479438,0.0008670207894206748,False
19.17,0.015630838850191963,0.0008602774373473623,False
19.18,0.015512666417070884,0.0008537735587708612,False
19.19,0.015398685325512864,0.0008475003598535565,False
19.2,0.015288745630052234,0.0008414495880184634,False
19.21,0.015182706535293309,0.0008356134942827314,False
19.22,0.015080435722545311,0.0008299847961975228,False
19.23,0.014981808797327379,0.0008245566474402416,False
19.240000000000002,0.014886708749031342,0.000819322608075891,False
19.25,0.014795025455092595,0.0008142766172680322,False
19.26,0.01470665522966916,0.0008094129684393484,False
19.27,0.014621500405886296,0.0008047262862795622,False
19.28,0.014539468951910613,0.0008002115056152338,False
19.29,0.014460474118837222,0.00079586385203046,False
19.3,0.01438443411907822,0.0007916788241662795,False
19.31,0.014311271827290887,0.0007876521772606022,False
19.32,0.014240914478251815,0.0007837799065200499,False
19.330000000000002,0.014173293438049565,0.0007800582345270435,False
19.34,0.014108343954403404,0.0007764835974980483,False
19.35,0.014046004937360562,0.0007730526332137667,False
19.36,0.013986218755606638,0.0007697621698086361,False
19.37,0.013928931046987787,0.0007666092153425025,False
19.38,0.0138740905429608,0.000763590948138846,False
19.39,0.013821648906633592,0.0007607047078709849,False
19.400000000000002,0.013771560583454497,0.0007579479873444337,False
19.41,0.013723782664232452,0.0007553184249579195,False
19.42,0.013678274752605931,0.0007528137974092443,False
19.43,0.01363499883458744,0.0007504320125153808,False
19.44,0.013593919185611423,0.0007481711040966503,False
19.45,0.013555002256091766,0.0007460292256781298,False
19.46,0.01351821657805182,0.0007440046453508301,False
19.47,0.013483532676051433,0.0007420957408693709,False
19.48,0.013450922984678359,0.0007403009951109388,False
19.490000000000002,0.01342036177210764,0.0007386189918682118,False
19.5,0.013391825069758742,0.0007370484119778847,False
19.51,0.013365290607644227,0.0007355880297624423,False
19.52,0.013340737755189722,0.0007342367097730567,False
19.53,0.013318147467395519,0.000732993403826473,False
19.54,0.013297502228665973,0.0007318571479135371,False
19.55,0.013278786008308476,0.0007308270597499849,False
19.56,0.013261984222727235,0.0007299023366956932,False
19.57,0.013247083692662608,0.0007290822534012539,False
19.580000000000002,0.013234072609455975,0.0007283661599512867,False
19.59,0.013222940503700991,0.0007277534801390923,False
19.6,0.013213678217181774,0.000727243709922209,False
19.61,0.013206277878015113,0.0007268364160543103,False
19.62,0.013200732879087141,0.0007265312348984192,False
19.63,0.013197037859444542,0.0007263278714027329,False
19.64,0.013195188688868518,0.0007262260982516176,False
19.650000000000002,0.013195182455266906,0.0007262257551717054,False
19.66,0.013197017454582344,0.0007263267483764687,False
19.67,0.013200693180707164,0.0007265290500111639,False
19.68,0.013206210324772968,0.0007268326981137318,False
19.69,0.01321357077148846,0.0007272377964132424,False
19.7,0.013222777599536455,0.0007277445143517444,False
19.71,0.013233835085107217,0.0007283530872787312,False
19.72,0.013246748707781801,0.0007290638167749428,False
19.73,0.013261525159204165,0.0007298770711296548,False
19.740000000000002,0.013278172354257265,0.0007307932859557789,False
19.75,0.01329669944502046,0.0007318129649580397,False
19.76,0.013317116837357519,0.0007329366808459317,False
19.77,0.013339436210151429,0.0007341650763923492,False
19.78,0.013363670537368312,0.0007354988656479221,False
19.79,0.01338983411288499,0.0007369388353074554,False
19.8,0.01341794258162298,0.000738485846423457,False
19.81,0.01344801296793268,0.0007401408359683231,False
19.82,0.01348006371097136,0.0007419048187814436,False
19.830000000000002,0.013514114702824766,0.0007437788896673081,False
19.84,0.013550187329573651,0.0007457642256556922,False
19.85,0.013588304516593583,0.0007478620884948318,False
19.86,0.013628490777742579,0.0007500738273585719,False
19.87,0.013670772268729885,0.0007524008817836349,False
19.88,0.013715176844522087,0.0007548447848290907,False
19.89,0.01376173412122133,0.0007574071664819605,False
19.900000000000002,0.01381047554223852,0.0007600897572992041,False
19.91,0.013861434449168554,0.0007628943923084923,False
19.92,0.013914646157329067,0.0007658230151656488,False
19.93,0.013970148036102425,0.0007688776825764463,False
19.94,0.014027979597919077,0.0007720605691940006,False
19.95,0.014088182616171998,0.0007753739741084505,False
19.96,0.014150801192208535,0.0007788203245339999,False
19.97,0.014215881879897509,0.0007824021826647416,False
19.98,0.014283473802913053,0.0007861222521296302,False
19.990000000000002,0.014353628777942206,0.0007899833847734809,False
20.0,0.014426401449273204,0.0007939885880643322,False
20.01,0.014501849433324554,0.0007981410330479181,False
20.02,0.01458003347355559,0.0008024440628735114,False
20.03,0.014661017606383985,0.0008069012019255562,False
20.04,0.014744869338277337,0.0008115161655702915,False
20.05,0.014831659834807834,0.0008162928705607881,False
20.06,0.014921464121804999,0.0008212354461078311,False
20.07,0.015014361299423821,0.0008263482456616274,False
20.080000000000002,0.015110434791331144,0.0008316358606263245,False
20.09,0.015209772628879736,0.0008371031360001527,False
20.1,0.015312467655929534,0.0008427551816482104,False
20.11,0.015418617869189011,0.0008485973910338965,False
20.12,0.01552832672511063,0.0008546354581095738,False
20.13,0.015641703481831724,0.0008608753961360336,False
20.14,0.015758863570277323,0.0008673235581069525,False
20.150000000000002,0.015879928995144555,0.0008739866588179469,False
20.16,0.01600502876754579,0.000880871798678035,False
20.17,0.016134299370604416,0.000887986489334721,False
20.18,0.016267885259528516,0.0008953386811966429,False
20.19,0.01640593939791592,0.0009029367929502968,False
20.2,0.01654862387522091,0.0009107897455436682,False
20.21,0.016696110588844997,0.000918906999726591,False
20.22,0.01684858186141357,0.0009272985900239199,False
20.23,0.017006231262792812,0.0009359751699770306,False
20.240000000000002,0.017169264428309267,0.0009449480571763252,False
20.25,0.017337899968765922,0.0009542292833459597,False
20.26,0.017512370466894522,0.000963831649185778,False
20.27,0.017692923564828118,0.0009737687842227458,False
20.28,0.017879823147550215,0.0009840552119446645,False
20.29,0.018073350626823505,0.0009947064204639997,False
20.3,0.018273806360376184,0.001005738940625908,False
20.31,0.018481511317762957,0.0010171704376925447,False
20.32,0.0186968086857323,0.001029019799697964,False
20.330000000000002,0.01892006582563493,0.0010413072451783822,False
20.34,0.01915167636328017,0.0010540544381919962,False
20.35,0.019392062507853025,0.001067284615945662,False
20.36,0.01964167762523644,0.0010810227304233204,False
20.37,0.019901009078338756,0.0010952956047096348,False
20.38,0.02017058134877353,0.001110132104798476,False
20.39,0.020450959552109845,0.0011255633330624192,False
20.400000000000002,0.02074275343533517,0.0011416228482618632,False
20.41,0.021046621602026663,0.0011583468980865845,False
20.42,0.021363276452664757,0.0011757746910567106,False
20.43,0.02169348962035696,0.001193948695689681,False
20.44,0.02203809810245737,0.0012129149779673508,False
20.45,0.022398011124761464,0.0012327235791219783,False
20.46,0.022774217820025176,0.001253428938240335,False
20.47,0.023167796091937483,0.0012750903801118417,False
20.48,0.023579922400650134,0.0012977726537966219,False
20.490000000000002,0.02401188298422287,0.0013215465502223061,False
20.5,0.02446508659822535,0.0013464896033359161,False
20.51,0.024941079032071472,0.0013726868890421048,False
20.52,0.02544155960223889,0.0014002319329436026,False
20.53,0.02596840018299838,0.001429227757739071,False
20.54,0.02652366694896447,0.0014597880798719808,False
20.55,0.02710964541516843,0.0014920386876658479,False
20.56,0.027728869415468625,0.0015261190362144922,False
20.57,0.028384154612498252,0.001562184091675376,False
20.580000000000002,0.029078637454582463,0.0016004064753488267,False
20.59,0.029815820696768913,0.0016409789690276155,False
20.6,0.030599626536437295,0.0016841174394315588,False
20.61,0.031434459184023156,0.0017300642819242928,False
20.62,0.032325278623133884,0.0017790924800627427,False
20.63,0.033277687840617895,0.0018315104064949566,False
20.64,0.034298037066241786,0.0018876675600189535,False
20.650000000000002,0.03539354783283273,0.0019479613935042708,False
20.66,0.03657246250958846,0.0020128455437850574,False
20.67,0.037844224563392044,0.0020828397527361867,False
20.68,0.039219697925743556,0.0021585419406126094,False
20.69,0.04071143475513949,0.002240642942938128,False
20.7,0.042334005007860644,0.0023299446491552495,False
20.71,0.044104404356363154,0.0024273824533069107,False
20.72,0.04604256354111995,0.002534053287330214,False
20.73,0.04817198845513631,0.0026512508495091062,False
20.740000000000002,0.0505205722220106,0.0027805102989683665,False
20.75,0.05312163462260634,0.002923665462796161,False
20.76,0.05601526583457653,0.0030829227916906675,False
20.77,0.05925008244492986,0.0032609580059561687,False
20.78,0.06288554925527359,0.0034610438811378125,False
20.79,0.06699508908294662,0.003687221402735385,False
20.8,0.07167030603074956,0.003944532203099082,False
20.81,0.07702681092576244,0.004239339177208709,False
20.82,0.08321239464956817,0.004579776319796728,False
20.830000000000002,0.09041871290394154,0.004976391822009887,False
20.84,0.0988983500660646,0.005443087218039582,False
20.85,0.1089903302360331,0.005998521441473744,False
20.86,0.12115929441385523,0.006668267027005138,False
20.87,0.13605751669512708,0.007488223307534927,False
20.88,0.15462656335491726,0.0085102114444206,False
20.89,0.1782707984506922,0.009811523688195798,False
20.900000000000002,0.20916785684445877,0.011512010941075056,False
20.91,0.250856159804189,0.013806417964349865,False
20.92,0.3094236668258189,0.017029808937494766,False
20.93,0.3961156386990065,0.021801091407772397,False
20.94,0.5336409113587954,0.029370095878239924,False
20.95,0.773234173900889,0.04255663563345432,True
20.96,1.245339874226451,0.06854000645095644,True
20.97,2.2779922447694143,0.12537429049134685,True
20.98,3.878935861577328,0.21348572745291564,True
20.990000000000002,3.702766829449318,0.2037898790757706,True
21.0,2.009826087577131,0.11061517892326654,True
21.01,1.0991475463265332,0.0604939916202142,True
21.02,0.6939244824509098,0.038191653128592774,True
21.03,0.48754910452953143,0.026833332378736384,False
21.04,0.3686931634378614,0.020291835444642203,False
21.05,0.2939837396824625,0.016180038743903814,False
21.06,0.24415479501155135,0.013437593681418348,False
21.07,0.2096708556810997,0.011539694583285265,False
21.080000000000002,0.18541066491002678,0.010204481870383397,False
21.09,0.16845182837432832,0.009271115172975195,False
21.1,0.15704661232844835,0.008643404137989882,False
21.11,0.15010266588606838,0.008261228842870989,False
21.12,0.14689696252113707,0.008084795939806093,False
21.13,0.146906724683679,0.008085333221794284,False
21.14,0.14970334601329052,0.008239251399425527,False
21.150000000000002,0.15488083054369373,0.008524205595832344,False
21.16,0.16200197290633184,0.00891613325636483,False
21.17,0.17055417058328115,0.009386822179187656,False
21.18,0.1799166639243703,0.009902107497899455,False
21.19,0.1893519099190366,0.010421396918181194,False
21.2,0.19804195164935098,0.010899672390268521,False
21.21,0.20518914172692754,0.01129303364381996,False
21.22,0.21018334722304102,0.011567900677314447,False
21.23,0.2128083788418137,0.011712375039541386,False
21.240000000000002,0.21344016587622086,0.011747146822176865,False
21.25,0.2132072303248727,0.011734326704133206,False
21.26,0.21415000089783381,0.011786214146661828,False
21.27,0.21950864144056156,0.0120811386608191,False
21.28,0.23438907216219118,0.0129001157439122,False
21.29,0.267388982564629,0.014716338060947548,False
21.3,0.3352138405309977,0.01844922761082861,False
21.31,0.4792136556450492,0.026374572700243872,False
21.32,0.849085209111893,0.04673126342002802,True
21.330000000000002,2.7516896648509306,0.15144526509043427,True
21.34,13.20845184597337,0.7269560651404489,True
21.35,1.8054156324969028,0.09936500200385781,True
21.36,0.6866427281105723,0.03779088583623331,True
21.37,0.4025108666122265,0.022153066777307325,False
21.38,0.2790320251686369,0.015357138401242724,False
21.39,0.21304867001535188,0.011725599990356234,False
21.400000000000002,0.17385559352271515,0.00956852321859804,False
21.41,0.1491817581800513,0.00821054467108989,False
21.42,0.13316853163779666,0.007329221689933033,False
21.43,0.12266138532626633,0.006750937888958008,False
21.44,0.11581379442778192,0.006374065732152492,False
21.45,0.11148155902419062,0.006135631671977835,False
21.46,0.10892853775874181,0.005995120557201251,False
21.47,0.10766958663448578,0.005925831425805257,False
21.48,0.10738025028563757,0.005909907166390636,False
21.490000000000002,0.10784194597476086,0.005935317599450564,False
21.5,0.10890744692260346,0.0059939597768593565,False
21.51,0.11047861626411759,0.006080432521394109,False
21.52,0.11249181265200726,0.00619123319217381,False
21.53,0.11490822385823393,0.006324225673255182,False
21.54,0.11770742696205491,0.006478285944482425,False
21.55,0.1208830937905966,0.0066530657210069144,False
21.56,0.12444014560429631,0.006848835855171135,False
21.57,0.12839289805703563,0.007066384240328296,False
21.580000000000002,0.13276389216062,0.00730695147041306,False
21.59,0.13758320110997665,0.0075721926895487065,False
21.6,0.14288805918958566,0.00786415716810012,False
21.61,0.14872269936666374,0.008185279364259097,False
21.62,0.15513828086706333,0.008538374938025384,False
21.63,0.16219280090361687,0.008926635892982857,False
21.64,0.16995084719023923,0.009353616955371312,False
21.650000000000002,0.1784830062017947,0.009823203006372726,False
21.66,0.1878646743948857,0.010339543655044725,False
21.67,0.19817392980787657,0.010906936097168092,False
21.68,0.20948798953257688,0.011529630144445066,False
21.69,0.22187766764672834,0.012211523204680282,False
21.7,0.23539911725421367,0.012955705786884188,False
21.71,0.25008214973300774,0.013763818625510882,False
21.72,0.26591462525644183,0.01463519357862144,False
21.73,0.28282310089462137,0.015565788553777542,False
21.740000000000002,0.3006512046134577,0.0165469972737315,False
21.75,0.3191392216079153,0.017564525765584076,False
21.76,0.3379103180853879,0.018597634156541733,False
21.77,0.35646892857391055,0.019619047915893365,False
21.78,0.3742123024437541,0.02059559334310553,False
21.79,0.3904467631932098,0.021489092433212682,False
21.8,0.4043943880828927,0.022256730505115094,False
21.81,0.4151907042094617,0.022850929399951935,False
21.82,0.4219138328910238,0.02322095150615897,False
21.830000000000002,0.4237087024860688,0.023319736083902795,False
21.84,0.42001524865635836,0.02311645876615698,False
21.85,0.41079935790184774,0.0226092420417605,False
21.86,0.39663927082456163,0.02182991064821129,False
21.87,0.37860629877696766,0.020837426551257646,False
21.88,0.35801054094515267,0.01970389392785893,False
21.89,0.3361390116965172,0.01850014643143759,False
21.900000000000002,0.3140761653007304,0.017285869376964413,False
21.91,0.2926281890601587,0.016105433047643575,False
21.92,0.2723264085056049,0.014988080107315262,False
21.93,0.253472895714257,0.013950435754086114,False
21.94,0.2361989032408285,0.01299972375966131,False
21.95,0.220519285009418,0.012136761642273916,False
21.96,0.20637607853674303,0.011358359309756871,False
21.97,0.19367027808491052,0.010659067764567971,False
21.98,0.18228345803717855,0.010032369193615834,False
21.990000000000002,0.17209164114219408,0.009471440237443843,False
22.0,0.16297365829215135,0.008969612088923483,False
22.01,0.15481579735144857,0.008520626351717336,False
22.02,0.14751405636572196,0.008118759050571309,False
22.03,0.1409749144432368,0.007758863058459718,False
22.04,0.13511522930012287,0.007436362457763004,False
22.05,0.1298616546115355,0.007147220472913265,False
22.06,0.12514982319173487,0.006887894514921632,False
22.07,0.12092344715751109,0.00665528665690231,False
22.080000000000002,0.11713341931986784,0.006446694177196536,False
22.09,0.11373696719380519,0.006259762998448807,False
22.1,0.11069687902489544,0.006092445090284998,False
22.11,0.107980813917977,0.005942960500734663,False
22.12,0.10556069198285943,0.005809763791564731,False
22.13,0.10341216636561987,0.005691514980366009,False
22.14,0.10151416447524854,0.005587054290957196,False
22.150000000000002,0.09984849304706535,0.005495380417185377,False
22.16,0.09839950311263125,0.005415632083811587,False
22.17,0.09715380202465612,0.005347072197171152,False
22.18,0.09610001094913245,0.0052890744982223275,False
22.19,0.09522856004089768,0.005241112289584943,False
22.2,0.09453151732936962,0.005202749017892225,False
22.21,0.09400244721157126,0.005173630485644606,False
22.22,0.09363629429625335,0.005153478458316714,False
22.23,0.09342929128355103,0.005142085594312582,False
22.240000000000002,0.09337888732174864,0.005139311501923357,False
22.25,0.09348369545873422,0.005145079847203048,False
22.26,0.09374345837644756,0.005159376468088853,False
22.27,0.09415902931667108,0.005182248324610304,False
22.28,0.09473237167994322,0.005213803476814588,False
22.29,0.09546657188758859,0.00525421179265653,False
22.3,0.0963658696011516,0.00530370661119129,False
22.31,0.09743570309585109,0.0053625872398017724,False
22.32,0.09868277258434582,0.005431222439360698,False
22.330000000000002,0.10011511910422655,0.005510054765976443,False
22.34,0.1017422235905847,0.005599606023668758,False
22.35,0.10357512583402584,0.0057004838114834795,False
22.36,0.10562656042300989,0.005813389005376849,False
22.37,0.10791112162075286,0.00593912483257677,False
22.38,0.11044545378168738,0.006078607351569599,False
22.39,0.11324844983260021,0.006232876375944094,False
22.400000000000002,0.11634149992922375,0.0064031091597513195,False
22.41,0.11974874636766143,0.006590634427113032,False
22.42,0.12349737264299333,0.006796948281194888,False
22.43,0.1276179015238908,0.007023730609395446,False
22.44,0.13214450851210519,0.007272862335275399,False
22.45,0.13711532310166943,0.007546441999017291,False
22.46,0.14257270239687783,0.007846800816590078,False
22.47,0.14856342430539038,0.00817651331255459,False
22.48,0.15513875678344313,0.008538401131125289,False
22.490000000000002,0.1623543048136625,0.008935524614259255,False
22.5,0.1702695118326739,0.00937115536163308,False
22.51,0.17894664439952174,0.009848720349646475,False
22.52,0.1884490144697674,0.010371704090385176,False
22.53,0.19883813383818302,0.010943492020144727,False
22.54,0.21016940918966087,0.01156713356713227,False
22.55,0.22248594852554834,0.012245001274580046,False
22.56,0.2358100663053354,0.012978323267620034,False
22.57,0.25013224513690624,0.013766575735740328,False
22.580000000000002,0.26539775729907944,0.014606746618988099,False
22.59,0.2814919033700752,0.015492523183569615,False
22.6,0.2982259674354786,0.01641351903597168,False
22.61,0.315327008967975,0.0173547122967138,False
22.62,0.3324346580257144,0.018296269217073793,False
22.63,0.3491056555554123,0.01921379406460919,False
22.64,0.36482158925326025,0.020078754883198886,False
22.650000000000002,0.3789906787088346,0.02085858174234646,False
22.66,0.3909394013639436,0.02151620585349167,False
22.67,0.39991171326253977,0.022010016682275868,False
22.68,0.4051180636652293,0.022296559575161183,False
22.69,0.40586916355584957,0.022337898002054806,False
22.7,0.40176860174700707,0.022112214605379512,False
22.71,0.392872285826438,0.0216225863816271,False
22.72,0.3797214794197787,0.02089880295944479,False
22.73,0.36323020856840205,0.019991169763133684,False
22.740000000000002,0.3444881974422718,0.01895966214816489,False
22.75,0.3245659307131436,0.017863196582103825,False
22.76,0.3043795650938637,0.01675219575542089,False
22.77,0.28462966941228685,0.01566521700734071,False
22.78,0.26579792814185454,0.014628770897430421,False
22.79,0.2481771974435556,0.013658975405671868,False
22.8,0.2319140170597643,0.012763895667611998,False
22.81,0.21705058658733875,0.011945854230453178,False
22.82,0.20356009260234842,0.01120337535870568,False
22.830000000000002,0.1913737157144355,0.010532671426552091,False
22.84,0.18039992060242052,0.009928704587189318,False
22.85,0.17053749358864115,0.009385904324276025,False
22.86,0.1616839051465465,0.008898627700846448,False
22.87,0.15374036208823344,0.008461437417512417,False
22.88,0.1466146140608354,0.008069256274136499,False
22.89,0.1402222906495423,0.0077174407602240615,False
22.900000000000002,0.13448731582723164,0.007401803865066098,False
22.91,0.12934176633878425,0.007118607283609998,False
22.92,0.12472541878721422,0.006864536489353127,False
22.93,0.12058514187285159,0.006636667284895646,False
22.94,0.11687422803256116,0.006432429017241655,False
22.95,0.11355172831359911,0.006249567971125701,False
22.96,0.11058181805530268,0.0060861124579158305,False
22.97,0.10793321415543582,0.005940340743591125,False
22.98,0.10557864954126937,0.00581075212510703,False
22.990000000000002,0.10349440736831741,0.005696041294003018,False
23.0,0.10165991224910349,0.005595075838782794,False
23.01,0.1000573721834302,0.005506876537762748,False
23.02,0.09867147297367668,0.005430600540548828,False
23.03,0.09748911241259728,0.005365526738480074,False
23.04,0.09649917534374769,0.005311043384586715,False
23.05,0.09569234252263939,0.005266637573845325,False
23.06,0.09506093071325732,0.005231886442540596,False
23.07,0.09459875984044859,0.005206449856706203,False
23.080000000000002,0.09430104449251095,0.005190064440732214,False
23.09,0.09416430824280676,0.005182538861867548,False
23.1,0.0941863174193695,0.005183750185085258,False
23.11,0.09436603424222313,0.005193641293892309,False
23.12,0.09470358654046908,0.005212219223643159,False
23.13,0.09520025531182501,0.005239554476851742,False
23.14,0.09585847732433787,0.005275781166382434,False
23.150000000000002,0.0966818644717483,0.005321098080714917,False
23.16,0.09767523853580043,0.005375770597164002,False
23.17,0.09884468320733614,0.005440133544974439,False
23.18,0.10019761193184125,0.005514594939349099,False
23.19,0.10174285453319361,0.005599640748976587,False
23.2,0.1034907632056122,0.005695840729530223,False
23.21,0.10545333387488194,0.005803855103048747,False
23.22,0.10764435396274002,0.0059244426904728215,False
23.23,0.1100795787915831,0.006058470620464312,False
23.240000000000002,0.11277690458209567,0.006206923850709508,False
23.25,0.11575659872324952,0.006370917841332685,False
23.26,0.11904152790185656,0.006551711110505499,False
23.27,0.12265741913353517,0.006750719600857703,False
23.28,0.12663312755743028,0.006969531418145858,False
23.29,0.13100091641417624,0.007209922240453494,False
23.3,0.13579672615274818,0.007473870129075832,False
23.31,0.14106041125807497,0.007763568562845969,False
23.32,0.1468359104268944,0.008081435804135631,False
23.330000000000002,0.15317129721867248,0.008430117686539418,False
23.34,0.16011863086671793,0.008812479403937857,False
23.35,0.16773350132323323,0.00923158047105574,False
23.36,0.1760741126751276,0.009690624277244675,False
23.37,0.1851996980623795,0.010192870848044884,False
23.38,0.19516800038895288,0.010741498190594896,False
23.39,0.206031482753182,0.011339393726371117,False
23.400000000000002,0.2178319068196009,0.01198885590001168,False
23.41,0.23059290902688506,0.012691185594667293,False
23.42,0.2443103784148976,0.01344615655464654,False
23.43,0.25894073521666483,0.014251370272063075,False
23.44,0.27438789238617156,0.0151015383859722,False
23.45,0.2904905364926787,0.015987782658543177,False
23.46,0.30701230814196256,0.01689709453304374,False
23.47,0.323637597800049,0.01781210374779491,False
23.48,0.3399739717824741,0.018711211855801293,False
23.490000000000002,0.3555579811919446,0.01956891193235296,False
23.5,0.36985664786451733,0.020355870357326673,False
23.51,0.3822588820476855,0.021038454468309736,False
23.52,0.3920676819849302,0.02157830324765802,False
23.53,0.3985268854598412,0.021933799652294892,False
23.54,0.40092197260301604,0.022065618516880575,False
23.55,0.39874997573440424,0.02194607791397602,False
23.56,0.39189067315253157,0.02156856117903437,False
23.57,0.38068569447448697,0.02095187064597564,False
23.580000000000002,0.36588078043830047,0.02013704978899763,False
23.59,0.34846410483671114,0.01917848491623256,False
23.6,0.3294768848331301,0.01813348169384756,False
23.61,0.3098620204581899,0.017053934689357623,False
23.62,0.2903788997597649,0.015981638486536456,False
23.63,0.27157899180443007,0.014946944392816523,False
23.64,0.253821955995766,0.01396964705089074,False
23.650000000000002,0.23731107154201042,0.013060934377031855,False
23.66,0.22213304148697913,0.01222557826307875,False
23.67,0.2082939297794206,0.011463912451726847,False
23.68,0.19574800526404917,0.01077342002872393,False
23.69,0.1844191646554906,0.01014991248314343,False
23.7,0.17421593675791663,0.009588355497461357,False
23.71,0.16504146799675024,0.009083418523155418,False
23.72,0.1567998302157373,0.008629821944126778,False
23.73,0.14939975621044296,0.00822254266996439,False
23.740000000000002,0.14275664509863542,0.007856924505894496,False
23.75,0.13679344222647394,0.007528726580344101,False
23.76,0.13144081800569818,0.0072341331876372315,False
23.77,0.12663692959206235,0.006969740671445782,False
23.78,0.12232695047485902,0.006732531534719074,False
23.79,0.11846249363915802,0.0065198426921547785,False
23.8,0.11500099849074634,0.006329331728270754,False
23.81,0.11190512505205279,0.0061589435556514485,False
23.82,0.10914218808028563,0.0060068792704006954,False
23.830000000000002,0.10668363560104385,0.005871567452097346,False
23.84,0.1045045790051775,0.005751638301647192,False
23.85,0.10258338080571792,0.005645900952583092,False
23.86,0.10090128878495788,0.005553323335548538,False
23.87,0.09944212032501656,0.005473014804739202,False
23.88,0.09819198791599434,0.005404211030643271,False
23.89,0.09713906580575879,0.005346261157101538,False
23.900000000000002,0.09627338978170973,0.0052986167818585015,False
23.91,0.09558668858228168,0.0052608226779252976,False
23.92,0.09507224394352458,0.005232509090936867,False
23.93,0.09472477474103327,0.005213385362649394,False
23.94,0.09454034442056415,0.005203234836181623,False
23.95,0.09451628850533417,0.005201910866220354,False
23.96,0.09465116167750422,0.005209333906534018,False
23.97,0.09494470209990541,0.0052254895463407745,False
23.98,0.0953978129012598,0.0052504274913070985,False
23.990000000000002,0.09601255953220357,0.0052842614180307265,False
24.0,0.09679218364043338,0.005327169737689714,False
24.01,0.09774113221562884,0.005379397200097054,False
24.02,0.09886510356961876,0.005441257424319787,False
24.03,0.10017110820987782,0.005513136248985172,False
24.04,0.10166755034223371,0.005595496217960601,False
24.05,0.10336432529580201,0.005688881942348196,False
24.060000000000002,0.10527293346376891,0.005793926371465232,False
24.07,0.1074066215281006,0.005911358565455216,False
24.080000000000002,0.10978053616349571,0.006042012154721414,False
24.09,0.11241190593955631,0.006186835351311078,False
24.1,0.11532024683509336,0.006346902259845191,False
24.11,0.11852757583102232,0.006523424633071102,False
24.12,0.12205866041497279,0.0067177656038949676,False
24.13,0.1259412711818679,0.006931453587807666,False
24.14,0.13020644348386154,0.007166196683361938,False
24.150000000000002,0.13488873074884072,0.007423896614110761,False
24.16,0.14002642865600093,0.007706661066600936,False
24.17,0.1456617364646562,0.008016812569457354,False
24.18,0.15184080692527055,0.008356891240345886,False
24.19,0.158613615342219,0.008729647579555761,False
24.2,0.1660335439798826,0.00913801959687914,False
24.21,0.17415654616067486,0.009585086805915922,False
24.22,0.18303969839680076,0.010073990537475219,False
24.23,0.19273889854755027,0.010607807252622498,False
24.240000000000002,0.20330540829143476,0.011189358250063895,False
24.25,0.21478089812872936,0.011820936957012963,False
24.26,0.22719067032523999,0.012503935939063602,False
24.27,0.24053482594095257,0.013238360758273395,False
24.28,0.25477748057574306,0.014022236438118346,False
24.29,0.2698346035453373,0.014850938165917654,False
24.3,0.2855619435479706,0.0157165267554635,False
24.310000000000002,0.3017452641692277,0.016607211236652094,False
24.32,0.31809544973183257,0.017507079495211922,False
24.330000000000002,0.3342496883063547,0.018396163382287962,False
24.34,0.3497763653808547,0.019250708048264533,False
24.35,0.36417680668151453,0.020043267862714324,False
24.36,0.37687753755112857,0.02074228039234679,False
24.37,0.38721923557123744,0.021311458384380807,False
24.38,0.3944714950930822,0.021710602364830325,False
24.39,0.39791220942235694,0.021899969610836862,False
24.400000000000002,0.3969802898546206,0.021848679377137328,False
24.41,0.39144908265270717,0.02154425727908461,False
24.42,0.38153145138214684,0.02099841872903847,False
24.43,0.3678578951872695,0.020245864627784348,False
24.44,0.3513414724013358,0.019336847139688744,False
24.45,0.33299604366156776,0.018327166304607238,False
24.46,0.31377673164921305,0.017269389390390966,False
24.47,0.29447937895869963,0.01620731733659462,False
24.48,0.27570160241022734,0.015173841293304544,False
24.490000000000002,0.25784858886604495,0.014191261606576576,False
24.5,0.24116298961920515,0.013272933121570147,False
24.51,0.22576273893278545,0.012425346608651975,False
24.52,0.21167713356840717,0.011650114479238473,False
24.53,0.19887682138799465,0.010945621274148826,False
24.54,0.18729666461771657,0.010308281993391467,False
24.55,0.17685211233648218,0.009733443191913419,False
24.560000000000002,0.16745033330638556,0.009215995699297349,False
24.57,0.15899741798666728,0.008750770998367609,False
24.580000000000002,0.15140277948146388,0.008332783440984804,False
24.59,0.14458163589538697,0.007957366869919805,False
24.6,0.13845622536113644,0.007620241490558552,False
24.61,0.13295621186032736,0.007317536206139743,False
24.62,0.12801859953050979,0.007045783901454058,False
24.63,0.12358736100682673,0.0068019009878136204,False
24.64,0.11961292251592157,0.006583159064067882,False
24.650000000000002,0.11605158756633634,0.006387153198142961,False
24.66,0.11286495203152419,0.006211769734854644,False
24.67,0.11001934738008476,0.0060551556528654375,False
24.68,0.10748532081310672,0.005915689952905052,False
24.69,0.10523716592156905,0.005791957826472937,False
24.7,0.10325250251966704,0.005682727531045486,False
24.71,0.10151190759544386,0.005586930078636068,False
24.72,0.0999985920883045,0.005503641446537869,False
24.73,0.09869811949176392,0.005432067090010058,False
24.740000000000002,0.09759816641012325,0.0053715287639902395,False
24.75,0.0966883155194353,0.005321453128247911,False
24.76,0.09595988174231761,0.005281362180534739,False
24.77,0.09540576578588358,0.00525086519572394,False
24.78,0.09502033391295198,0.005229652108755576,False
24.79,0.09479932003529101,0.005217488126123893,False
24.8,0.09473974882536965,0.005214209494164214,False
24.810000000000002,0.09483987839163893,0.005219720344061549,False
24.82,0.0950991603764576,0.00523399049575257,False
24.830000000000002,0.09551821755119949,0.005257054224823294,False
24.84,0.09609883690741805,0.005289009882266198,False
24.85,0.09684397960519085,0.00533002044200914,False
24.86,0.09775780585620529,0.0053803148704104535,False
24.87,0.09884571661562615,0.005440190420862162,False
24.88,0.10011441044035901,0.005510015763108987,False
24.89,0.10157195724041132,0.005590235042315966,False
24.900000000000002,0.10322789496530788,0.005681373200417016,False
24.91,0.1050933337158277,0.005784041706132303,False
24.92,0.10718109086705262,0.005898945991761052,False
24.93,0.10950584074389189,0.006026893690901736,False
24.94,0.11208428274406942,0.006168803891468758,False
24.95,0.114935342780916,0.006325718222537542,False
24.96,0.11808037612940987,0.006498812018420486,False
24.97,0.12154340524288862,0.006689407407430348,False
24.98,0.12535136185358278,0.006898986636413167,False
24.990000000000002,0.1295343398683115,0.00712920598941654,False
25.0,0.13412583669225997,0.0073819090694720564,False
25.01,0.1391629710687196,0.007659138787882325,False
25.02,0.14468664207705,0.007963146115021908,False
25.03,0.15074158344161526,0.008296393069348531,False
25.04,0.1573762506533541,0.008661546504891572,False
25.05,0.1646424440181773,0.009061457364895336,False
25.060000000000002,0.17259453975981676,0.009499118363880971,False
25.07,0.18128815488376362,0.009977590505510236,False
25.080000000000002,0.19077801609590447,0.010499885793856991,False
25.09,0.20111475773819837,0.011068791000786761,False
25.1,0.21234031929262542,0.011686614357510127,False
25.11,0.22448164084229827,0.012354838570482201,False
25.12,0.23754241536296203,0.013073666890708302,False
25.13,0.25149294462337707,0.013841464811012614,False
25.14,0.2662586082895154,0.014654125437942598,False
25.150000000000002,0.28170818136774123,0.015504426516677324,False
25.16,0.2976440573588348,0.016381492340904344,False
25.17,0.31379677420008983,0.017270492476058434,False
25.18,0.32982526735794304,0.018152655688828578,False
25.19,0.345321100597292,0.019005502796809955,False
25.2,0.3598106364153053,0.019802966123080523,False
25.21,0.37274827884212297,0.020515017598943735,False
25.22,0.3835041026083283,0.021106987908076396,False
25.23,0.3913701109853038,0.021539910900473202,False
25.240000000000002,0.3956235870437017,0.021774010267654128,False
25.25,0.39566444363799097,0.021776258899769828,False
25.26,0.3911871599727892,0.02152984179095742,False
25.27,0.3823036632099544,0.021040919097616413,False
25.28,0.3695496419609415,0.02033897361528295,False
25.29,0.35377267465730994,0.019470653678575613,False
25.3,0.3359593085922528,0.01849025607766313,False
25.310000000000002,0.317070612913608,0.01745067535720428,False
25.32,0.29792994889196156,0.016397227007343862,False
25.330000000000002,0.27917186752112566,0.015364834931274454,False
25.34,0.2612389895894135,0.014377859733128455,False
25.35,0.2444068368521121,0.013451465355918993,False
25.36,0.2288196622664798,0.01259359107696761,False
25.37,0.21452645329955744,0.01180693302877314,False
25.38,0.20151178286092994,0.011090642147639437,False
25.39,0.18971984544164813,0.010441647055204225,False
25.400000000000002,0.17907197481568582,0.009855618183491009,False
25.41,0.16947874944680466,0.009327634022478727,False
25.42,0.16084795858208323,0.008852619551499621,False
25.43,0.15308957250519167,0.008425619788009785,False
25.44,0.14611863546046053,0.008041959005998878,False
25.45,0.1398567657823303,0.007697323298898689,False
25.46,0.13423275859339498,0.00738779375038946,False
25.47,0.12918262747552167,0.0071098487278611995,False
25.48,0.12464931897087385,0.006860348169352432,False
25.490000000000002,0.12058224899888119,0.006636508069243199,False
25.5,0.11693675529598217,0.006435870342077495,False
25.51,0.113673533377178,0.0062562717794725125,False
25.52,0.11075808376893462,0.006095813627371213,False
25.53,0.10816019451434351,0.005952833104580881,False
25.54,0.10585347031441387,0.005825877488033261,False
25.55,0.1038149078465679,0.00571368073950818,False
25.560000000000002,0.10202452180799765,0.005615142924110973,False
25.57,0.10046501389438264,0.005529311991791485,False
25.580000000000002,0.09912148896162648,0.00545536815568383,False
25.59,0.09798120687812663,0.005392610234752778,False
25.6,0.0970333713377214,0.005340444030651931,False
25.61,0.09626895059321773,0.0052983724614009495,False
25.62,0.09568052650176145,0.005265987253267016,False
25.63,0.0952621694785596,0.005242962058569167,False
25.64,0.09500933646224236,0.0052290468399786095,False
25.650000000000002,0.09491879045504342,0.005224063442236384,False
25.66,0.09498853914877406,0.005227902214299483,False
25.67,0.09521779168484942,0.00524051962953423,False
25.68,0.09560693254749013,0.005261936848871475,False
25.69,0.09615751167180175,0.0052922391763830885,False
25.7,0.09687225045595069,0.005331576390175223,False
25.71,0.09775506352661846,0.00538016394029775,False
25.72,0.09881109610651125,0.005438285005346944,False
25.73,0.10004677808859251,0.005506293468559277,False
25.740000000000002,0.10146989363991349,0.005584617748610603,False
25.75,0.10308967038533397,0.005673765708037494,False
25.76,0.10491688377250596,0.005774330397192601,False
25.77,0.10696397872818265,0.005886996749865966,False
25.78,0.10924522468145033,0.0060125501153279895,False
25.79,0.11177687137206996,0.00615188483358263,False
25.8,0.11457733440753745,0.006306014447906457,False
25.810000000000002,0.11766740618876646,0.006476083313605399,False
25.82,0.12107047455769025,0.006663378631764198,False
25.830000000000002,0.12481276307264365,0.0068693436733281085,False
25.84,0.12892356948336242,0.0070955909040965855,False
25.85,0.13343550560403677,0.007343915186661949,False
25.86,0.138384708544399,0.007616305405974751,False
25.87,0.14381099847960152,0.007914953152554421,False
25.88,0.14975794137033221,0.008242256174428138,False
25.89,0.15627275264443247,0.008600813076037795,False
25.900000000000002,0.16340595585652568,0.008993404531825348,False
25.91,0.17121067439739499,0.009422954303907737,False
25.92,0.17974139210090698,0.009892461029365465,False
25.93,0.18905197109786565,0.01040488912848987,False
25.94,0.19919265842731904,0.010963004057082835,False
25.95,0.2102057860366928,0.011569135646549973,False
25.96,0.2221198420762691,0.01222485180461232,False
25.97,0.2349417086916951,0.01293053130522293,False
25.98,0.24864703330525068,0.013684833850950892,False
25.990000000000002,0.26316918872732276,0.014484092468546253,False
26.0,0.27838790132205055,0.015321687635139481,False
26.01,0.2941194306397561,0.01618750679281216,False
26.02,0.3101105998988306,0.017067615803098297,False
26.03,0.32603824465987175,0.017944228603558418,False
26.04,0.3415128919189195,0.018795909694730596,False
26.05,0.3560813072144685,0.01959771432574137,False
26.060000000000002,0.36922087630120237,0.020320879277419265,False
26.07,0.38032671186611705,0.02093211325218887,False
26.080000000000002,0.3887117599710512,0.021393602732368528,False
26.09,0.39365680722320956,0.021665764234282816,False
26.1,0.39453355035854576,0.02171401771222521,False
26.11,0.39097269087470315,0.02151803801459839,False
26.12,0.3829998079089315,0.021079232945222334,False
26.13,0.3710656418626265,0.020422409988912024,False
26.14,0.3559559678019013,0.019590815996760096,False
26.150000000000002,0.3386285291628318,0.01863716247559739,False
26.16,0.3200460425328385,0.017614434640526918,False
26.17,0.30105413031051964,0.016569173171610815,False
26.18,0.28231942681547484,0.0155380677481177,False
26.19,0.26431801365284924,0.014547320563491428,False
26.2,0.2473552909038007,0.013613739979823262,False
26.21,0.23159969352842144,0.012746596183903336,False
26.22,0.2171184329384006,0.011949588302922625,False
26.23,0.203909035184112,0.01122258017764713,False
26.240000000000002,0.19192440725309415,0.010562979941033404,False
26.25,0.18109139275149908,0.009966761270781771,False
26.26,0.17132377221328746,0.009429178889814996,False
26.27,0.16253093763451157,0.008945245988264053,False
26.28,0.15462339491741064,0.008510037062525636,False
26.29,0.1475160388019996,0.008118868158292077,False
26.3,0.1411299230393284,0.007767394295912202,False
26.310000000000002,0.13539304347590106,0.007451652569156756,False
26.32,0.13024050314025587,0.007168071231119781,False
26.330000000000002,0.12561430475838922,0.006913458274850715,False
26.34,0.1214629333700337,0.006684978461727454,False
26.35,0.11774084139976353,0.006480124981217297,False
26.36,0.11440789766906857,0.0062966891260501255,False
26.37,0.11142883994436054,0.006132730161999375,False
26.38,0.10877276227287137,0.005986547112290806,False
26.39,0.10641263975462097,0.005856652602387306,False
26.400000000000002,0.1043248995528125,0.0057417492496068005,False
26.41,0.10248904286141683,0.005640708857280608,False
26.42,0.1008873088617876,0.005552553919870051,False
26.43,0.09950438418081052,0.005476441632359597,False
26.44,0.09832714949538966,0.005411649944079998,False
26.45,0.09734446443858555,0.005357565720546685,False
26.46,0.09654698251026281,0.005313674556662035,False
26.47,0.09592699590471163,0.005279552236463801,False
26.48,0.09547830653132947,0.005254857634465939,False
26.490000000000002,0.09519612018771109,0.005239326891242938,False
26.5,0.09507696225684782,0.005232768773640605,False
26.51,0.09511861316863389,0.005235061122758776,False
26.52,0.09532006181086598,0.005246148289823671,False
26.53,0.09568147651641763,0.005266039539403524,False
26.54,0.09620419154627181,0.005294808305472683,False
26.55,0.09689071064681849,0.005332592387195275,False
26.560000000000002,0.09774472509277285,0.005379594941956705,False
26.57,0.09877114838969735,0.0054360863952929404,False
26.580000000000002,0.09997616562973138,0.005502407157291145,False
26.59,0.10136730067466505,0.005578971320157232,False
26.6,0.10295350123017985,0.005666271340462954,False
26.61,0.10474523672174123,0.00576488342595994,False
26.62,0.10675462246405197,0.005875474369517405,False
26.63,0.1089955561661031,0.005998809061976486,False
26.64,0.11148387606485662,0.006135759195383679,False
26.650000000000002,0.11423754949285499,0.006287313641222066,False
26.66,0.11727685735290466,0.006454588603379398,False
26.67,0.12062462172526334,0.006638840145007962,False
26.68,0.12430642946078546,0.006841476494462859,False
26.69,0.12835087240234463,0.0070640712664139125,False
26.7,0.13278977486089918,0.007308375981488965,False
26.71,0.13765840476464256,0.007576331687329644,False
26.72,0.14299563209964541,0.007870077678718978,False
26.73,0.14884399756909913,0.008191955276393185,False
26.740000000000002,0.15524963445163942,0.00854450352634343,False
26.75,0.16226195901508456,0.008930442161058129,False
26.76,0.16993301732529484,0.009352635649718454,False
26.77,0.1783163326437427,0.00981402976220018,False
26.78,0.18746505235806396,0.010317549581339569,False
26.79,0.1974291455835427,0.010865945266795681,False
26.8,0.20825135370084827,0.011461569184029088,False
26.810000000000002,0.21996161104626707,0.012106068834773763,False
26.82,0.23256967792326574,0.012799981398699619,False
26.830000000000002,0.24605598042882992,0.013542229583200324,False
26.84,0.26036098174803457,0.014329536649320124,False
26.85,0.27537408468385,0.015155815638185577,False
26.86,0.2909237712930088,0.0160116266842778,False
26.87,0.30677119747113163,0.016883824479401226,False
26.88,0.3226089199948286,0.01775548821265872,False
26.89,0.3380640470547103,0.018606094966933436,False
26.900000000000002,0.35270108909861164,0.01941167662128709,False
26.91,0.36601752345282457,0.02014457574017897,False
26.92,0.37743091501701126,0.02077273673271329,False
26.93,0.38627443842988385,0.021259459405223856,False
26.94,0.3918354167862017,0.02156552002393841,False
26.95,0.3934648329712576,0.021655198511029653,False
26.96,0.3907397198464245,0.021505215944004192,False
26.97,0.38360856752473427,0.021112737363460064,False
26.98,0.3724426811987729,0.020498198363584696,False
26.990000000000002,0.35796701979449774,0.01970149864605002,False
27.0,0.3411082145093937,0.018773637387520744,False
27.01,0.32282674706312603,0.01776747680226007,False
27.02,0.3039866299530249,0.016730569709676044,False
27.03,0.2852833737925814,0.015701195059091632,False
27.04,0.26722422000665114,0.01470726999284791,False
27.05,0.25014292844789665,0.013767163715150089,False
27.060000000000002,0.23423117805113344,0.01289142569582618,False
27.07,0.21957385869774682,0.012084728035351069,False
27.080000000000002,0.2061811521477393,0.011347631109177832,False
27.09,0.19401453151359582,0.010678014505703607,False
27.1,0.18300629290173762,0.010072151992918417,False
27.11,0.17307341319271727,0.009525474211677605,False
27.12,0.16412691108433888,0.009033083881204457,False
27.13,0.15607786700886725,0.008590087118413466,False
27.14,0.14884107434330707,0.008191794390261782,False
27.150000000000002,0.14233707161068654,0.007833832360396038,False
27.16,0.13649310754937588,0.007512197003855166,False
27.17,0.13124342372014627,0.007223269160968598,False
27.18,0.12652912521609408,0.006963807421593892,False
27.19,0.12229781251339007,0.006730927863216714,False
27.2,0.11850309329901257,0.006522077183321349,False
27.21,0.11510404665184712,0.006335003209424438,False
27.22,0.1120646853079133,0.006167725303664447,False
27.23,0.10935344029007651,0.006018505998269536,False
27.240000000000002,0.1069426859411204,0.005885824854712835,False
27.25,0.10480830873476524,0.005768354732282823,False
27.26,0.10292932016082641,0.005664940482370495,False
27.27,0.10128751965987894,0.005574580397340679,False
27.28,0.09986719611093664,0.005496409781252907,False
27.29,0.09865487105554831,0.005429686817637383,False
27.3,0.09763907706999235,0.005373780371723496,False
27.310000000000002,0.0968101693556059,0.0053281596209010865,False
27.32,0.09616016607337144,0.005292385267184865,False
27.330000000000002,0.09568261487715855,0.00526610219157916,False
27.34,0.09537248410716738,0.00524903346567087,False
27.35,0.09522607476740809,0.005240975507117334,False
27.36,0.09524095273397393,0.005241794348580219,False
27.37,0.09541589931517268,0.005251422916694111,False
27.38,0.09575087882571737,0.0052698592474411145,False
27.39,0.09624702290788126,0.00529716562323129,False
27.400000000000002,0.09690663039967592,0.005333468565647542,False
27.41,0.09773318268795515,0.00537895968043731,False
27.42,0.09873137537157291,0.005433897400163787,False
27.43,0.09990716474091346,0.005498609542308617,False
27.44,0.10126783204999047,0.005573496846627587,False
27.45,0.10282206080894837,0.005659037229112655,False
27.46,0.10458003429567676,0.005755791148757136,False
27.47,0.1065535608118696,0.005864408501297149,False
27.48,0.10875619205114899,0.005985635133860459,False
27.490000000000002,0.1112033891977637,0.006120321986571989,False
27.5,0.11391269316707245,0.006269434462111544,False
27.51,0.11690391554780392,0.006434062934639117,False
27.52,0.12019935450463293,0.006615434632465859,False
27.53,0.12382400998022616,0.006814925482169817,False
27.54,0.12780581993399376,0.007034073110512831,False
27.55,0.13217588535912944,0.007274589228745978,False
27.560000000000002,0.13696867577124155,0.007538370942126267,False
27.57,0.14222218961430724,0.007827509578209508,False
27.580000000000002,0.1479780304991763,0.008144294882803285,False
27.59,0.15428134399515323,0.008491211541153294,False
27.6,0.16118053915676842,0.00887092385155951,False
27.61,0.16872668471870453,0.009286242493642039,False
27.62,0.17697243580976027,0.009740065457694319,False
27.63,0.185970299735792,0.01023528259825052,False
27.64,0.19577000038211442,0.01077463057820145,False
27.650000000000002,0.206414668280655,0.011360483180799151,False
27.66,0.2179355529183408,0.01199456028997242,False
27.67,0.2303450434278665,0.012677543768763136,False
27.68,0.24362790100841347,0.013408594916405324,False
27.69,0.25773102967595013,0.014184791479172624,False
27.7,0.2725526226113184,0.015000530295882886,False
27.71,0.2879322873793518,0.015846983817713083,False
27.72,0.303644253372613,0.016711726264994196,False
27.73,0.3193954394645449,0.017578627276271793,False
27.740000000000002,0.33482807408332826,0.01842799610980705,False
27.75,0.34952278103459605,0.01923675147858573,False
27.76,0.3629952291308761,0.019978237155339466,False
27.77,0.3746838154039494,0.020621544091172252,False
27.78,0.38394154421922816,0.021131063464840866,False
27.79,0.39006484413981196,0.02146807268195812,False
27.8,0.3923898408286993,0.021596033964940226,False
27.810000000000002,0.39044768099298677,0.021489142946332786,False
27.82,0.38411655190782734,0.021140695396134324,False
27.830000000000002,0.3736917703386037,0.020566944719076604,False
27.84,0.3598371675970096,0.01980442632475141,False
27.85,0.34344533736338767,0.018902266060547793,False
27.86,0.3254707677599132,0.017912996269969093,False
27.87,0.30679238355409655,0.016884990501860746,False
27.88,0.28813213938746235,0.015857983110523523,False
27.89,0.27002686523611363,0.014861519708995819,False
27.900000000000002,0.25283788333411433,0.0139154864574867,False
27.91,0.23677979221743478,0.013031694256252543,False
27.92,0.2219551037301426,0.012215785069064932,False
27.93,0.2083867289476065,0.011469019857116925,False
27.94,0.1960448295130588,0.010789756401117494,False
27.95,0.18486728380569856,0.010174575701660487,False
27.96,0.17477438366253384,0.009619090845487337,False
27.97,0.16567887563832365,0.009118499648211714,False
27.98,0.15749249894357342,0.008667944484050873,False
27.990000000000002,0.1501300139640378,0.008262734004216288,False
28.0,0.1435115009532902,0.007898469650491844,False
28.01,0.13756350712970883,0.00757110878822784,False
28.02,0.13221945173594843,0.0072769869996758395,False
28.03,0.12741957552089875,0.007012815303617648,False
28.04,0.12311062142652196,0.006775662581266322,False
28.05,0.11924537682778025,0.006562930382438399,False
28.060000000000002,0.1157821535992958,0.006372324309884215,False
28.07,0.11268425622056352,0.006201824745293784,False
28.080000000000002,0.10991947081537737,0.006049658727462968,False
28.09,0.10745958638719787,0.00591427360243374,False
28.1,0.10527996091031132,0.005794313142371166,False
28.11,0.10335912996769621,0.005688596006091551,False
28.12,0.10167846387340064,0.005596096868041808,False
28.13,0.1002218649000936,0.00551592975455487,False
28.14,0.09897550429326926,0.0054473335698506575,False
28.150000000000002,0.0979275973603218,0.005389659717570906,False
28.16,0.09706820941567036,0.005342361420544264,False
28.17,0.09638909237108037,0.005304984727176869,False
28.18,0.09588354775854792,0.005277160972616899,False
28.19,0.09554631383015763,0.005258600565048074,False
28.2,0.09537347455218133,0.005249087976980634,False
28.21,0.09536238863243804,0.00524847783911671,False
28.22,0.0955116369647775,0.005256692047842416,False
28.23,0.09582098767430969,0.005273717841415527,False
28.240000000000002,0.09629137718746862,0.005299606758114996,False
28.25,0.09692490746366858,0.005334474483879093,False
28.26,0.09772485887886247,0.005378501561380243,False
28.27,0.09869571836641863,0.005431934938819799,False
28.28,0.0998432232450013,0.005495090382091392,False
28.29,0.10117442018541219,0.005568355720150152,False
28.3,0.10269774463328193,0.005652195216214426,False
28.310000000000002,0.10442311063090248,0.005747154511306964,False
28.32,0.10636202472666387,0.005853866893510162,False
28.330000000000002,0.10852771652319404,0.005973060482968753,False
28.34,0.11093528372412953,0.006105566214856387,False
28.35,0.11360186820942746,0.006252327530065913,False
28.36,0.11654683749757956,0.0064144103623796165,False
28.37,0.11979198909403126,0.006593014385231843,False
28.38,0.12336177008235882,0.006789485097390203,False
28.39,0.12728350232901367,0.007005326217591716,False
28.400000000000002,0.13158760287808455,0.0072422118144510675,False
28.41,0.13630778876289334,0.007501997578715193,False
28.42,0.1414812378438885,0.007786729675328863,False
28.43,0.14714867082285374,0.008098649257266225,False
28.44,0.15335430386009083,0.008440189857713712,False
28.45,0.16014559699923245,0.008813963544078837,False
28.46,0.1675726972055527,0.00922273026438424,False
28.47,0.17568743754539679,0.009669342764916456,False
28.48,0.18454171094551405,0.010156657086510415,False
28.490000000000002,0.19418499312524978,0.010687396233699476,False
28.5,0.20466074035949947,0.011263951917713092,False
28.51,0.21600139361942652,0.011888109598423572,False
28.52,0.22822172568066293,0.012560682327880454,False
28.53,0.24131047278290146,0.013281050180375023,False
28.54,0.25522045807502436,0.01404661667461983,False
28.55,0.269857994816885,0.014852225555758738,False
28.560000000000002,0.28507301516725514,0.015689617511600164,False
28.57,0.3006519478582299,0.016547038179834755,False
28.580000000000002,0.31631517381040025,0.01740909811224589,False
28.59,0.3317191124231259,0.018256887598262436,False
28.6,0.3464594395703129,0.01906815377440167,False
28.61,0.36006880518122564,0.01981717500633226,False
28.62,0.37200522937239083,0.0204741222445888,False
28.63,0.38164152497180426,0.02100447687003382,False
28.64,0.3882853459521083,0.021370134103270565,False
28.650000000000002,0.39126300580907564,0.021534016132609798,False
28.66,0.39006630348697824,0.02146815300032442,False
28.67,0.384508671116891,0.021162276535287572,False
28.68,0.37481187841204333,0.02062859231919622,False
28.69,0.36157757298829696,0.01990021334580075,False
28.7,0.3456610103202361,0.019024210472590276,False
28.71,0.3280067028814048,0.01805256701140561,False
28.72,0.30950527746468215,0.017034300557678076,False
28.73,0.29090278188995666,0.016010471486527875,False
28.740000000000002,0.27276452030005144,0.015012192549098479,False
28.75,0.2554789380197565,0.01406084268427875,False
28.76,0.23928357883543716,0.013169495634415511,False
28.77,0.22429882110642116,0.01234477668606357,False
28.78,0.21056061907880702,0.011588664659873045,False
28.79,0.1980481278891703,0.010900012313148869,False
28.8,0.18670507047249915,0.010275722314408462,False
28.810000000000002,0.1764552644687794,0.009711601800679325,False
28.82,0.16721334713078814,0.009202952646279934,False
28.830000000000002,0.15889183875695714,0.00874496021431164,False
28.84,0.15140555783647924,0.00833293635383584,False
28.85,0.14467419292303568,0.007962460948575292,False
28.86,0.1386236392828533,0.007629455482266302,False
28.87,0.13318652996575642,0.007330212267316765,False
28.88,0.12830226780933976,0.00706139620622589,False
28.89,0.1239167601973607,0.006820030193431614,False
28.900000000000002,0.11998198895974377,0.006603471443815715,False
28.91,0.11645551055312194,0.006409383984045621,False
28.92,0.11329993314566408,0.006235709872793062,False
28.93,0.11048240437831687,0.0060806410085525375,False
28.94,0.10797413571468345,0.005942592951195542,False
28.95,0.10574996252649191,0.005820180710311193,False
28.96,0.10378795004276314,0.005712197057755977,False
28.97,0.10206904439913417,0.005617593322389279,False
28.98,0.10057676511590923,0.005535462464929665,False
28.990000000000002,0.09929693854035185,0.005465024407367832,False
29.0,0.09821746580060588,0.005405613261802628,False
29.01,0.09732812660346093,0.005356666532021519,False
29.02,0.09662041060102446,0.005317715832396188,False
29.03,0.09608737682143045,0.005288379151343842,False
29.04,0.095723537386643,0.00526835445148194,False
29.05,0.09552476314464,0.005257414475888824,False
29.060000000000002,0.09548820966127317,0.005255402674903713,False
29.07,0.09561226174658971,0.0052622301530113515,False
29.080000000000002,0.09589649555721975,0.005277873583063942,False
29.09,0.09634165708565447,0.0053023740223914675,False
29.1,0.09694965680098327,0.0053358366178429305,False
29.11,0.09772357908109251,0.00537843112490806,False
29.12,0.09866770828827635,0.005430393342845643,False
29.13,0.09978756898603691,0.005492027328103168,False
29.14,0.10108998383258924,0.005563708580612622,False
29.150000000000002,0.10258314489326435,0.005645887968624717,False
29.16,0.10427670201612912,0.005739096592654616,False
29.17,0.10618187900616977,0.005843952179382464,False
29.18,0.1083115896226428,0.005961165465821559,False
29.19,0.11068058489955214,0.0060915483074233424,False
29.2,0.11330562018113866,0.006236022871241261,False
29.21,0.11620563125470078,0.006395631329786169,False
29.22,0.11940194085844989,0.006571547226638262,False
29.23,0.12291846164323703,0.006765086646890058,False
29.240000000000002,0.1267819223561266,0.006977720665654575,False
29.25,0.13102208313716193,0.007211087197394173,False
29.26,0.13567193773995206,0.007467002125573284,False
29.27,0.1407678739704569,0.007747468132758204,False
29.28,0.1463497627190472,0.008054679600691441,False
29.29,0.15246092321422153,0.008391020697953949,False
29.3,0.1591478973653798,0.008759052960425636,False
29.310000000000002,0.16645993518824648,0.009161486970546947,False
29.32,0.17444806110199354,0.009601130968936835,False
29.330000000000002,0.1831635493099058,0.010080806943629762,False
29.34,0.1926555883975955,0.010603222096125459,False
29.35,0.20296788551306708,0.011170781945004173,False
29.36,0.2141339207466188,0.011785329140334784,False
29.37,0.2261706314080413,0.012447795864043158,False
29.38,0.2390703941074441,0.013157762546176474,False
29.39,0.25279151162212576,0.013912934288793947,False
29.400000000000002,0.26724786925739236,0.014708571581138714,False
29.41,0.2822991022001345,0.015536949138414942,False
29.42,0.2977431954155837,0.016386948620904472,False
29.43,0.31331337667801185,0.017243887635109145,False
29.44,0.3286796664067823,0.018089605032370996,False
29.45,0.34345213706980604,0.018902640297277402,False
29.46,0.3571795912439449,0.019658160791821203,False
29.47,0.3693389287989609,0.02032737655509051,False
29.48,0.37932277135168563,0.020876859188009605,False
29.490000000000002,0.38645205989606485,0.02126923519148898,False
29.5,0.39004773191819797,0.021467130873377115,False
29.51,0.3895681273661194,0.021440734786835846,False
29.52,0.38476684461754723,0.02117648567912586,False
29.53,0.3757940383993219,0.02068264764437864,False
29.54,0.36318771802936684,0.019988831203291625,False
29.55,0.3477621087915054,0.019139849026976356,False
29.560000000000002,0.3304476222842479,0.01818690835474455,False
29.57,0.31214304019803424,0.017179475604668638,False
29.580000000000002,0.2936164206518629,0.01615982253686837,False
29.59,0.27546042583177016,0.015160567612291526,False
29.6,0.25809041846083586,0.014204571227773197,False
29.61,0.24176713962456012,0.013306183839804874,False
29.62,0.22662929088956915,0.012473039192770777,False
29.63,0.21272636670513,0.011707861322046514,False
29.64,0.20004696819814097,0.01101002286569492,False
29.650000000000002,0.18854103790969742,0.01037676880187236,False
29.66,0.17813621275061947,0.009804116469538384,False
29.67,0.16874924149023898,0.009287483954947889,False
29.68,0.1602935873638456,0.008822108517796606,False
29.69,0.15268424258332586,0.008403311568354725,False
29.7,0.14584058597714364,0.008026655943939564,False
29.71,0.1396879174650323,0.00768803036208975,False
29.72,0.1341581229739018,0.007383686015667876,False
29.73,0.12918979472556916,0.0071102431931591124,False
29.740000000000002,0.12472802037961557,0.0068646796736867065,False
29.75,0.12072398966354284,0.006644309077041417,False
29.76,0.11713451145652516,0.006446754285328531,False
29.77,0.11392150059704947,0.006269919198302792,False
29.78,0.11105147154415969,0.006111960865906436,False
29.79,0.10849505898007616,0.005971263103584782,False
29.8,0.10622657782651945,0.005846412276821342,False
29.810000000000002,0.1042236229603511,0.005736175270611751,False
29.82,0.10246671743009411,0.005639480128289793,False
29.830000000000002,0.1009389992984808,0.005555398816221423,False
29.84,0.09962594932237478,0.005483132236073063,False
29.85,0.09851515641319208,0.005421997316412397,False
29.86,0.09759611497933979,0.005371415859005791,False
29.87,0.09686005359000237,0.005330905108954666,False
29.88,0.09629978990364034,0.005300069770367806,False
29.89,0.09590961137456538,0.0052785954407865475,False
29.900000000000002,0.09568517738043185,0.0052662432245569974,False
29.91,0.09562344211078226,0.005262845488832312,False
29.92,0.09572259641915098,0.0052683026632759184,False
29.93,0.09598202686767798,0.005282580985992165,False
29.94,0.09640229186470438,0.005305711190206651,False
29.95,0.09698511288205121,0.005337788020889935,False
29.96,0.09773338223063245,0.005378970662705422,False
29.97,0.09865118519709067,0.005429483958347568,False
29.98,0.09974383851759652,0.00548962052603167,False
29.990000000000002,0.10101794306826176,0.005559743659426103,False
30.0,0.10248145342289221,0.005640291155915541,False
30.01,0.10414376807949306,0.0057317802824142115,False
30.02,0.10601582637733505,0.005834813109408816,False
30.03,0.10811023607094929,0.005950083532272641,False
30.04,0.11044141064804298,0.006078384828857684,False
30.05,0.11302572546009206,0.00622061825248364,False
30.060000000000002,0.11588170338688963,0.006377803250392814,False
30.07,0.11903019534786584,0.006551087398585801,False
30.080000000000002,0.12249459638677944,0.0067417582945155825,False
30.09,0.126301055238713,0.006951255091065907,False
30.1,0.13047869143479823,0.007181180445385177,False
30.11,0.13505979005410554,0.007433311237483058,False
30.12,0.14007996563690525,0.007709607591555681,False
30.13,0.14557825434195923,0.008012217948063942,False
30.14,0.15159709163812665,0.008343477835942196,False
30.150000000000002,0.1581821098150916,0.008705898728157819,False
30.16,0.16538166230502124,0.009102141861712256,False
30.17,0.17324595283634248,0.009534970308712531,False
30.18,0.1818256030368923,0.01000717014127463,False
30.19,0.19116945510600933,0.010521429496771352,False
30.2,0.2013213599144524,0.011080161803879395,False
30.21,0.21231568184405633,0.011685258381588366,False
30.22,0.22417129008744813,0.012337757737225577,False
30.23,0.2368838884638608,0.013037423421076718,False
30.240000000000002,0.25041686357604404,0.013782240334664925,False
30.25,0.2646911977955014,0.01456785956980941,False
30.26,0.2795757216632154,0.015387061928158556,False
30.27,0.2948794853544776,0.016229338068055356,False
30.28,0.3103481466639502,0.01708068970938739,False
30.29,0.3256649789851327,0.01792368510994353,False
30.3,0.3404540932140812,0.018737636389939038,False
30.310000000000002,0.35427996265620026,0.019498573384220654,False
30.32,0.3666379255216001,0.020178720926305353,False
30.330000000000002,0.3769405818222969,0.020745750171835907,False
30.34,0.3845240762803534,0.021163124392185872,False
30.35,0.3887081437975332,0.021393403708341932,False
30.36,0.38892317299466017,0.021405238310977924,False
30.37,0.38486757114958237,0.02118202938434108,False
30.38,0.3766215757216339,0.020728192972672976,False
30.39,0.3646578300550854,0.020069742037202704,False
30.400000000000002,0.3497455169340541,0.019249010236457108,False
30.41,0.3327963565542867,0.01831617608747497,False
30.42,0.3147136408668507,0.017320954240396858,False
30.43,0.29628498206219744,0.016306692656475448,False
30.44,0.2781294167218381,0.01530746136925601,False
30.45,0.2606890873354658,0.014347594658659221,False
30.46,0.24424834454760982,0.013442742384947104,False
30.47,0.22896484556938632,0.012601581557898742,False
30.48,0.21490228789065818,0.011827617908324225,False
30.490000000000002,0.2020593129885643,0.011120776666943624,False
30.5,0.19039257218400035,0.010478672044297418,False
30.51,0.1798339025676162,0.00989755254543771,False
30.52,0.1703024493967392,0.009372968152582954,False
30.53,0.16171282635889764,0.00890021944308657,False
30.54,0.15398034632724672,0.008474645475513704,False
30.55,0.14702418107346457,0.008091797691358154,False
30.560000000000002,0.14076910398671802,0.0077475358293960595,False
30.57,0.13514630054588864,0.007438072531799256,False
30.580000000000002,0.13009358143342228,0.007159985073322566,False
30.59,0.1255552335825497,0.006910207163361474,False
30.6,0.12148166478249102,0.006686009386021482,False
30.61,0.11782894127998564,0.006484973751005948,False
30.62,0.1145582875971772,0.00630496616499833,False
30.63,0.11163558398940075,0.0061441087731512545,False
30.64,0.10903088797343888,0.006000753625346564,False
30.650000000000002,0.10671799061217128,0.005873458255349558,False
30.66,0.10467401536374486,0.0057609636025948135,False
30.67,0.1028790597306388,0.00566217428955793,False
30.68,0.10131587700432108,0.005576141105875932,False
30.69,0.0999696015583116,0.00550204588924957,False
30.7,0.09882750760053148,0.005439188247850695,False
30.71,0.09787880310274015,0.00538697421877766,False
30.72,0.09711445417844586,0.005344906602309141,False
30.73,0.09652703663919703,0.005312576791979629,False
30.740000000000002,0.09611061261481886,0.005289657984104034,False
30.75,0.09586062983141312,0.005275899634321892,False
30.76,0.09577384135971104,0.00527112304077226,False
30.77,0.09584824449427197,0.005275217980176609,False
30.78,0.09608303705222851,0.005288140302644581,False
30.79,0.09647859063954162,0.005309910460323809,False
30.8,0.09703643949278302,0.005340612893282984,False
30.810000000000002,0.09775928521718544,0.005380396290280821,False
30.82,0.0986510161330462,0.005429474653537741,False
30.830000000000002,0.09971674276708256,0.005488129252080313,False
30.84,0.1009628477934599,0.005556711370355072,False
30.85,0.10239705359376298,0.005635646026539458,False
30.86,0.10402850524871678,0.005725436540172866,False
30.87,0.10586786500256086,0.005826669731210303,False
30.88,0.10792743273745074,0.005940022550594825,False
30.89,0.11022129843350777,0.006066270471230173,False
30.900000000000002,0.11276546091134179,0.006206294023235476,False
30.91,0.1155780265761684,0.006361089732262859,False
30.92,0.11867938742027215,0.006531779916252713,False
30.93,0.12209242317452051,0.00671962381128485,False
30.94,0.1258427104766798,0.006926029083614705,False
30.95,0.1299587304134959,0.007152563252206131,False
30.96,0.13447206474761716,0.0074009644885097104,False
30.970000000000002,0.1394175566970495,0.007673150465312063,False
30.98,0.14483340661301178,0.007971223622576091,False
30.990000000000002,0.15076116090608424,0.008297470557967314,False
31.0,0.15724552928233923,0.008654351968044191,False
31.01,0.16433394579544702,0.009044478489799753,False
31.02,0.1720757542419032,0.009470565867104501,False
31.03,0.180520864520615,0.009935361000514557,False
31.04,0.18971768135221656,0.01044152794980443,False
31.05,0.19971006868452823,0.010991480863375525,False
31.060000000000002,0.21053309636047363,0.011587149886812968,False
31.07,0.2222073155597967,0.012229666099287495,False
31.080000000000002,0.23473145374442825,0.012918959463880449,False
31.09,0.248073591278657,0.01365327321355751,False
31.1,0.26216138579500786,0.014428625827742623,False
31.11,0.27687242586310895,0.015238280125364975,False
31.12,0.29202645055833365,0.01607231505178522,False
31.13,0.30738128136180554,0.016917401782005775,False
31.14,0.3226333049087107,0.0177568302897811,False
31.150000000000002,0.3374205719480776,0.018570679905653854,False
31.16,0.35132307974304283,0.019335834859471802,False
31.17,0.3638544072607659,0.020025523904751347,False
31.18,0.37444757820563906,0.0206085422597596,False
31.19,0.3824558387073352,0.02104929440927873,False
31.2,0.3872017527763806,0.02131049618049007,False
31.21,0.38809312479025687,0.021359554790790516,False
31.220000000000002,0.384777742024261,0.02117708544176249,False
31.23,0.3772675547010447,0.02076374584007273,False
31.240000000000002,0.3659678743448128,0.02014184319282075,False
31.25,0.3515983967280111,0.01935098753250213,False
31.26,0.3350470689278534,0.018440048970529754,False
31.27,0.317217477407144,0.017458758366142402,False
31.28,0.29891415196508647,0.016451394778228844,False
31.29,0.2807813126780513,0.015453414269109168,False
31.3,0.2632877975751679,0.014490620366162553,False
31.310000000000002,0.2467421073588409,0.013579992080958888,False
31.32,0.23132166157874842,0.012731294086846501,False
31.330000000000002,0.21710520138053477,0.011948860075167093,False
31.34,0.2041021642788533,0.01123320946020155,False
31.35,0.19227653414376977,0.010582360015387366,False
31.36,0.18156483563893985,0.009992818236619717,False
31.37,0.171888976922625,0.009460286168418895,False
31.38,0.163164988705955,0.008980142377134572,False
31.39,0.15530869453273244,0.008547754027209007,False
31.400000000000002,0.14823918986463389,0.008158668360247995,False
31.41,0.14188081126026678,0.007808721073101467,False
31.42,0.1361641018358067,0.007494089454103385,False
31.43,0.1310261273875294,0.007211309781567386,False
31.44,0.1264103963951614,0.0069572729209960585,False
31.45,0.12226654588878222,0.006729207036078136,False
31.46,0.11854990503148574,0.006524653569504828,False
31.470000000000002,0.11522100807867751,0.006341440437618426,False
31.48,0.11224509942468414,0.006177654789568845,False
31.490000000000002,0.10959165441482949,0.006031616634157124,False
31.5,0.10723393683444189,0.005901854485274132,False
31.51,0.10514859353723628,0.005787083051386084,False
31.52,0.1033152901719415,0.005686183186951955,False
31.53,0.10171639226470634,0.005598184340095477,False
31.54,0.10033668240623025,0.005522248987379706,False
31.55,0.0991631163862049,0.005457659212132105,False
31.560000000000002,0.09818461216425374,0.005403805089998195,False
31.57,0.09739187049640238,0.005360174816726632,False
31.580000000000002,0.09677722262880913,0.005326346325660226,False
31.59,0.09633450324323484,0.0053019802950117064,False
31.6,0.09605894670675996,0.005286814437739753,False
31.61,0.09594710361054314,0.00528065890807685,False
31.62,0.09599677659460111,0.005283392769505552,False
31.63,0.09620697410104827,0.005294961449466765,False
31.64,0.09657788053432405,0.005315375097062538,False
31.650000000000002,0.09711084275874361,0.005344707839919201,False
31.66,0.09780837163691225,0.005383097868857368,False
31.67,0.0986741589175873,0.005430748367352394,False
31.68,0.09971310947759775,0.005487929286039008,False
31.69,0.1009313887021797,0.005554979950391806,False
31.7,0.10233648621753423,0.005632312568386105,False
31.71,0.1039372919319522,0.005720416415587728,False
31.720000000000002,0.10574419397178869,0.005819863225273772,False
31.73,0.10776919971706042,0.005931313849891698,False
31.740000000000002,0.11002604847024439,0.00605552446203334,False
31.75,0.1125303764318304,0.006193355634225618,False
31.76,0.11529987407340535,0.006345781000302781,False
31.77,0.11835447021824791,0.006513897386684951,False
31.78,0.12171652856216016,0.0066989356283323346,False
31.79,0.1254110465615134,0.00690227151498427,False
31.8,0.12946586207189145,0.0071254371639693555,False
31.810000000000002,0.13391184405096082,0.007370131515955422,False
31.82,0.138783049962202,0.0076382289980085,False
31.830000000000002,0.1441168254416967,0.007931785008972656,False
31.84,0.1499538004926796,0.008253035710028816,False
31.85,0.15633772492039036,0.008604388967491565,False
31.86,0.1633150615677055,0.008988401965641591,False
31.87,0.17093422419384113,0.00940773926171155,False
31.88,0.1792443155775941,0.009865103334635224,False
31.89,0.18829317476757887,0.010363127111189073,False
31.900000000000002,0.19812451267175094,0.010904216316890484,False
31.91,0.20877388289728516,0.011490327722349276,False
31.92,0.22026325014205203,0.012122670202800948,False
31.93,0.2325940239748787,0.012801321336951933,False
31.94,0.24573860078632068,0.013524761899722753,False
31.95,0.2596309027221808,0.014289355151740752,False
31.96,0.27415689581880553,0.015088824984157093,False
31.970000000000002,0.2891467210721867,0.015913822834807006,False
31.98,0.3043702419576991,0.01675168263621055,False
31.990000000000002,0.31953702370973325,0.017586419675181843,False
32.0,0.334299243138522,0.018398890740968683,False
32.01,0.3482526011888456,0.019166844349918798,False
32.02,0.36092912607495486,0.01986452465025394,False
32.03,0.3717830366159179,0.020461893379780733,False
32.04,0.3801866501885533,0.02092440465112146,False
32.05,0.38546953042611076,0.021215159531018588,False
32.06,0.38702231970398826,0.021300620688510883,False
32.07,0.38444685359248254,0.021158874272492148,False
32.08,0.37768842090891247,0.020786909133242125,False
32.09,0.3670827531366344,0.020203202987977835,False
32.1,0.35329499416274407,0.01944436348675197,False
32.11,0.3371834637819838,0.018557630138622397,False
32.12,0.3196470804450363,0.017592476888560905,False
32.13,0.30150411110532055,0.01659393884981382,False
32.14,0.28342253261739603,0.015598779591000535,False
32.15,0.2658977643168739,0.014634265599897982,False
32.160000000000004,0.24926312374917797,0.013718741737364133,False
32.17,0.23371680211443713,0.012863115890006077,False
32.18,0.2193536500182564,0.012072608368563553,False
32.19,0.20619486821718455,0.011348386003088896,False
32.2,0.19421257901706585,0.010688914483650482,False
32.21,0.18334862946275393,0.010090993235045215,False
32.22,0.17352817105301585,0.009550502806138896,False
32.230000000000004,0.16466900408617033,0.009062919156386363,False
32.24,0.15668771470189075,0.00862365142136321,False
32.25,0.14950349786060999,0.00822825231880712,False
32.26,0.14304037274761425,0.00787254007823245,False
32.27,0.1372283182325428,0.007552660933429712,False
32.28,0.13200370556347762,0.007265112936732097,False
32.29,0.1273092941960216,0.007006745729459673,False
32.3,0.12309396553885021,0.0067747458880228996,False
32.31,0.11931231808738052,0.006566614641217705,False
32.32,0.11592419666853548,0.006380141961180451,False
32.33,0.1128942045504124,0.006213379711275378,False
32.34,0.11019123065521845,0.006064615625223419,False
32.35,0.10778800361019794,0.005932348763318645,False
32.36,0.10566068538488275,0.00581526714736468,False
32.37,0.10378850345572282,0.005712227516049822,False
32.38,0.10215342707708727,0.005622237507812834,False
32.39,0.10073988089610283,0.005544439899008588,False
32.4,0.09953449542048903,0.005478098870359058,False
32.410000000000004,0.09852589332523033,0.005422588245873177,False
32.42,0.09770450477113078,0.005377381328499159,False
32.43,0.09706241182640644,0.005342042337526227,False
32.44,0.09659321795016745,0.005316219225322304,False
32.45,0.09629194062082032,0.005299637767903055,False
32.46,0.09615492498355302,0.005292096812332178,False
32.47,0.09617977646207425,0.00529346456786094,False
32.480000000000004,0.096365311800052,0.005303675911386557,False
32.49,0.0967115263053371,0.005322730584666328,False
32.5,0.09721957760443442,0.005350692300209386,False
32.51,0.0978917840956662,0.005387688656143158,False
32.52,0.09873163943933252,0.005433911933711072,False
32.53,0.09974384115020317,0.00548962067092294,False
32.54,0.10093433547609901,0.005555142132545946,False
32.55,0.10231037545475359,0.005630875505391124,False
32.56,0.1038805964166351,0.005717296053776469,False
32.57,0.10565511296480279,0.005814960457025654,False
32.58,0.10764561793085163,0.0059245122557251,False
32.59,0.10986551636863702,0.006046689226361962,False
32.6,0.11233006466191608,0.006182331037417732,False
32.61,0.11505652938683272,0.006332387992712902,False
32.62,0.11806436929508307,0.006497931047248901,False
32.63,0.12137541375744708,0.006680161628238526,False
32.64,0.1250140666289056,0.006880422855268994,False
32.65,0.12900750035364733,0.007100210223295961,False
32.660000000000004,0.13338584212914328,0.007341181848590934,False
32.67,0.13818232870380853,0.007605166988369492,False
32.68,0.14343340560242498,0.007894171501879668,False
32.69,0.1491787288644857,0.008210377946075533,False
32.7,0.15546101539921744,0.008556137339578237,False
32.71,0.16232566399915874,0.008933948304328547,False
32.72,0.16982004118638724,0.00934641776057045,False
32.730000000000004,0.1779922943295211,0.009796195604146822,False
32.74,0.18688951160246633,0.010285873435800624,False
32.75,0.19655502043905057,0.01081783587571106,False
32.76,0.20702457672341895,0.011394050827243863,False
32.77,0.21832122459323433,0.012015786574966767,False
32.78,0.2304486719878282,0.012683247193438822,False
32.79,0.24338321281351885,0.013395127965893547,False
32.8,0.25706462291102633,0.014148114323873785,False
32.81,0.27138690083860967,0.014936372245960084,False
32.82,0.28619039645583705,0.015751115037145273,False
32.83,0.30125706005225467,0.016580341854229484,False
32.84,0.31630995627988606,0.01740881095403109,False
32.85,0.33101593759367043,0.01821818683203429,False
32.86,0.3449870579622684,0.018987118029058395,False
32.87,0.35777456898851884,0.019690906694602647,False
32.88,0.3688550117154145,0.02030074311893831,False
32.89,0.3776224298991742,0.020783277173544397,False
32.9,0.3834177677651797,0.021102236280967357,False
32.910000000000004,0.38562032171414545,0.021223458659689037,False
32.92,0.3837909472265281,0.021122775029639537,False
32.93,0.3778099185102575,0.02079359601973176,False
32.94,0.3679406562591733,0.02025041956456873,False
32.95,0.35478767901473607,0.01952651666557661,False
32.96,0.3391725359078559,0.018667103077825736,False
32.97,0.3219833221923043,0.017721057067950248,False
32.980000000000004,0.30404801764741474,0.01673394831583535,False
32.99,0.2860564283479161,0.01574374180902405,False
33.0,0.2685303653658083,0.014779156562285935,False
33.01,0.2518287781163245,0.01385994814255081,False
33.02,0.23617192433842818,0.012998238916701706,False
33.03,0.22167215915930735,0.012200212595147033,False
33.04,0.208363731814428,0.011467754159543894,False
33.05,0.19622798706532504,0.010799836878000698,False
33.06,0.18521295755398576,0.010193600613194976,False
33.07,0.17524769792181366,0.009645140731992833,False
33.08,0.1662522666691241,0.009150057478939967,False
33.09,0.15814436482815608,0.008703821350165198,False
33.1,0.15084353472236658,0.008302004181290738,False
33.11,0.14427364807579937,0.007940416085978624,False
33.12,0.13836423263059852,0.007615178469229996,False
33.13,0.13305103709055913,0.007322755120290256,False
33.14,0.1282761153599862,0.0070599568489191035,False
33.15,0.12398761702661287,0.006823929954159227,False
33.160000000000004,0.12013941961425112,0.00661213598455582,False
33.17,0.11669067955269656,0.006422327024802204,False
33.18,0.11360535478189991,0.006252519421215229,False
33.19,0.11085173892154628,0.006100968143738205,False
33.2,0.10840201621414623,0.0059661422912595415,False
33.21,0.10623185214417206,0.005846702560440631,False
33.22,0.10432002561379408,0.00574148100170221,False
33.230000000000004,0.1026480987838697,0.00564946284820036,False
33.24,0.10120012800319227,0.005569770606184843,False
33.25,0.0999624095917667,0.005501650063625109,False
33.26,0.09892326202381074,0.005444458302174897,False
33.27,0.09807283734360825,0.005397653318030839,False
33.28,0.09740296139587173,0.005360785228660682,False
33.29,0.09690700019140469,0.005333488917944934,False
33.3,0.09657974878069185,0.005315477920091617,False
33.31,0.0964173417170879,0.005306539491781828,False
33.32,0.09641718272136954,0.005306530741104372,False
33.33,0.09657789250609979,0.0053153757559554265,False
33.34,0.09689927333606328,0.005333063653544503,False
33.35,0.09738228945412251,0.005359647503088596,False
33.36,0.09802906306080691,0.005395244104540062,False
33.37,0.09884288519275482,0.0054400345873054905,False
33.38,0.09982824165815578,0.0054942658376595545,False
33.39,0.10099085329032215,0.005558252714188451,False
33.4,0.10233773145803947,0.005632381102923566,False
33.410000000000004,0.10387725202194018,0.005717111987692415,False
33.42,0.10561923819469611,0.00581298601051075,False
33.43,0.107575068095992,0.005920629391105996,False
33.44,0.10975779314406403,0.00604076044285478,False
33.45,0.11218227236178713,0.006174196964612481,False
33.46,0.11486533467798536,0.006321865173321187,False
33.47,0.11782593488513209,0.006484808287483161,False
33.480000000000004,0.12108534291823217,0.006664196944538525,False
33.49,0.12466732800583007,0.006861339336019155,False
33.5,0.12859835060037464,0.007077691770856512,False
33.51,0.13290773726377417,0.0073148683005910455,False
33.52,0.13762783203002413,0.007574649049945796,False
33.53,0.14279409161057874,0.007858985456662457,False
33.54,0.14844508901266662,0.0081700004706433,False
33.55,0.15462237463168174,0.008509980908866793,False
33.56,0.16137011968543105,0.00888135783101077,False
33.57,0.16873444402832674,0.009286669544234868,False
33.58,0.17676229820259032,0.009728500074420967,False
33.59,0.1854997298498303,0.010209383754338955,False
33.6,0.19498933820265898,0.01073166512601987,False
33.61,0.2052666817190495,0.01129730122704783,False
33.62,0.2163554286242761,0.011907594690018609,False
33.63,0.2282610915845543,0.012562848916586478,False
33.64,0.24096336299940405,0.013261946233498769,False
33.65,0.25440741680669526,0.014001869168393239,False
33.660000000000004,0.2684949670822414,0.014777208340250937,False
33.67,0.2830765009660869,0.015579734981489662,False
33.68,0.297946345503398,0.01639812943075203,False
33.69,0.3128417849995733,0.017217932554611567,False
33.7,0.32744546712177514,0.018021678172638264,False
33.71,0.34138719815632546,0.018788991863319802,False
33.72,0.35423908328436704,0.01949632349849295,False
33.730000000000004,0.36550217267338286,0.020116212281754114,False
33.74,0.3745957307393335,0.0206166961588078,False
33.75,0.38087751183591756,0.020962427734415468,False
33.76,0.38372216877567955,0.021118989657017646,False
33.77,0.3826551902402072,0.021060266157338706,False
33.78,0.377493477307585,0.020776179985345162,False
33.79,0.3684244446021704,0.02027704591520294,False
33.8,0.35598406252886905,0.019592362251567685,False
33.81,0.34094767544186283,0.018764801768464512,False
33.82,0.32418427863726984,0.0178421915245418,False
33.83,0.3065259266154956,0.016870325460879902,False
33.84,0.2886815370869114,0.015888220415731284,False
33.85,0.27119887482552746,0.014926023822677156,False
33.86,0.2544635684625564,0.014004959597708646,False
33.87,0.23871970583810045,0.01313846164949715,False
33.88,0.2240990989073061,0.012333784537575393,False
33.89,0.21065087704669866,0.011593632204741378,False
33.9,0.19836717480166588,0.01091757175848036,False
33.910000000000004,0.18720347394573916,0.010303153040733088,False
33.92,0.17709370870020502,0.009746739976727585,False
33.93,0.16796092620656444,0.009244097297420359,False
33.94,0.15972447416005878,0.008790786126643666,False
33.95,0.1523046199681172,0.008382418206603586,False
33.96,0.14562534939114063,0.008014809927202736,False
33.97,0.1396159148271293,0.007684067539274473,False
33.980000000000004,0.1342115565093619,0.00738662684727612,False
33.99,0.12935369189597223,0.007119263632758943,False
34.0,0.12498977839900483,0.006879086099361202,False
34.01,0.12107299032699421,0.0066635170926357176,False
34.02,0.1175617984074116,0.006470270958147151,False
34.03,0.11441951096869622,0.006297328289420599,False
34.04,0.11161381458895119,0.0061429106465368845,False
34.05,0.10911633465608032,0.006005456370597611,False
34.06,0.10690222488317806,0.00588359799180595,False
34.07,0.10494979863548894,0.005776141938738708,False
34.08,0.10324019576294269,0.005682050201745481,False
34.09,0.10175708842073491,0.005600424142140248,False
34.1,0.10048642516909506,0.005530490408171852,False
34.11,0.09941620703173017,0.005471588609910165,False
34.12,0.09853629593784712,0.005423160776433402,False
34.13,0.09783825091646123,0.0053847423404232595,False
34.14,0.09731519058890736,0.005355954570139224,False
34.15,0.0969616787535902,0.005336498272324799,False
34.160000000000004,0.09677363108568056,0.005326148657221035,False
34.17,0.09674824196924825,0.005324751311612764,False
34.18,0.09688392879437968,0.005332219133098521,False
34.19,0.09718029342843063,0.005348530209576582,False
34.2,0.09763809951156874,0.005373726569655444,False
34.21,0.09825926511689007,0.005407913778687261,False
34.22,0.09904687024255127,0.005451261351113749,False
34.230000000000004,0.10000517883755253,0.0055040039627033705,False
34.24,0.10113967565955535,0.005566443479102027,False
34.25,0.10245711820246013,0.005638951813780981,False
34.26,0.10396560240690501,0.005721974544558023,False
34.27,0.10567464656899811,0.005816035531698253,False
34.28,0.10759528665875619,0.00592174216397304,False
34.29,0.10974018882666457,0.006039791550704857,False
34.300000000000004,0.11212378903831494,0.006170978206865286,False
34.31,0.11476242262905538,0.006316201183398818,False
34.32,0.11767449512541613,0.006476473468754009,False
34.33,0.12088064731842714,0.006652931074054908,False
34.34,0.12440393636046006,0.006846843000162245,False
34.35,0.1282700102543858,0.007059620841066231,False
34.36,0.13250727651815647,0.007292828066711084,False
34.37,0.137147041023295,0.007548187664275281,False
34.38,0.142223594806292,0.007827586916026832,False
34.39,0.14777421415732483,0.008133077404206138,False
34.4,0.1538390253734613,0.008466867567422449,False
34.410000000000004,0.16046066256268277,0.008831303867149093,False
34.42,0.16768363050781676,0.009228835721545104,False
34.43,0.17555324639240766,0.009661957261021587,False
34.44,0.184114008320234,0.01013311753614149,False
34.45,0.1934072007674194,0.010644588728434047,False
34.46,0.2034675265778627,0.011198280784889571,False
34.47,0.21431856309608177,0.011795491336282436,False
34.480000000000004,0.2259668842583639,0.012436582193588794,False
34.49,0.23839488354511135,0.013120584343455923,False
34.5,0.2515525584746134,0.013844745789830418,False
34.51,0.26534904099350765,0.014604065410454378,False
34.52,0.2796450922482507,0.015390879890181796,False
34.53,0.29424817035938866,0.01619459226513721,False
34.54,0.30891126267055163,0.017001607652982514,False
34.550000000000004,0.32333503587229756,0.017795451589690054,False
34.56,0.33716988028791745,0.01855688254128756,False
34.57,0.3500121634814944,0.019263685712975546,False
34.58,0.36139159155754286,0.019889977450582536,False
34.59,0.3707584542383115,0.020405503245469567,False
34.6,0.37749500654322193,0.02077626415017646,False
34.61,0.3809801889025468,0.02096807879157246,False
34.62,0.38071117670052057,0.020953273116074665,False
34.63,0.37644305484242957,0.020718367685242992,False
34.64,0.3682814247645577,0.02026917450532082,False
34.65,0.35668188656806665,0.01963076852533929,False
34.660000000000004,0.3423594420290175,0.018842501433426202,False
34.67,0.3261513062487371,0.01795045119563193,False
34.68,0.3088847762754337,0.017000149916239462,False
34.69,0.29128335059496335,0.01603141691840236,False
34.7,0.27391982313416463,0.015075777169925073,False
34.71,0.25720795017576364,0.014156002653680775,False
34.72,0.24141832711701225,0.013286986179782662,False
34.730000000000004,0.2267052862780065,0.012477221765353203,False
34.74,0.21313577059461625,0.011730393761428867,False
34.75,0.20071525375836372,0.011046803424606356,False
34.76,0.18940874806059005,0.010424525129739627,False
34.77,0.1791566931082122,0.009860280840197378,False
34.78,0.169886352431588,0.009350067345127961,False
34.79,0.16151962162130445,0.008889585997362191,False
34.800000000000004,0.15397813854171064,0.00847452396520313,False
34.81,0.14718645244732298,0.008100728651685726,False
34.82,0.14107384554949828,0.0077643079484866874,False
34.83,0.13557524839816995,0.007461680615962423,False
34.84,0.13063156494661213,0.007189594173800011,False
34.85,0.12618963032599684,0.00694512257704751,False
34.86,0.12220194815143554,0.006725651758176825,False
34.87,0.11862631200253303,0.0065288587944372835,False
34.88,0.1154253723929525,0.006352688075077601,False
34.89,0.11256619108802483,0.006195326772239752,False
34.9,0.11001981009189238,0.006055181119222803,False
34.910000000000004,0.10776084564559736,0.0059308540652788224,False
34.92,0.10576711818539326,0.0058211249095584065,False
34.93,0.10401931716739357,0.005724930854001406,False
34.94,0.10250070600930748,0.005641350764159371,False
34.95,0.10119686082709035,0.005569590789995114,False
34.96,0.10009544295285983,0.005508971845908183,False
34.97,0.09918600395562663,0.005458918879623911,False
34.980000000000004,0.09845981753603601,0.005418951620152472,False
34.99,0.09790973798749897,0.0053886767878873545,False
35.0,0.09753008214145263,0.0053677815972043115,False
35.01,0.09731653247951495,0.005356028424026668,False
35.02,0.0972660602004512,0.005353250571647395,False
35.03,0.09737686573445664,0.0053593489968024165,False
35.04,0.09764833697135578,0.005374290010668108,False
35.050000000000004,0.09808102251758405,0.00539810380700073,False
35.06,0.09867662064729602,0.005430883854036478,False
35.07,0.09943798241752595,0.005472787065941168,False
35.08,0.10036912961161727,0.0055240347903661585,False
35.09,0.10147528657411942,0.0055849145605515954,False
35.1,0.10276292675332523,0.005655782656896858,False
35.11,0.10423983119951426,0.0057370673265394485,False
35.12,0.10591516657526526,0.0058292730768233336,False
35.13,0.10779957580619683,0.0059329856644609194,False
35.14,0.10990527728501852,0.006048877555445199,False
35.15,0.11224619093673834,0.00617771486332444,False
35.160000000000004,0.11483806627799106,0.006320364397227691,False
35.17,0.1176986336080342,0.00647780198299225,False
35.18,0.12084775496171887,0.006651120771190903,False
35.19,0.12430758783498463,0.006841540248122986,False
35.2,0.12810274412139508,0.007050414983234583,False
35.21,0.1322604378813057,0.007279242761918201,False
35.22,0.1368106041507041,0.007529671124417402,False
35.230000000000004,0.14178596665327342,0.0078035010925084575,False
35.24,0.1472220231663395,0.008102686364083213,False
35.25,0.15315689746368255,0.008429325164497582,False
35.26,0.15963100113958759,0.008785641634317774,False
35.27,0.16668641491255903,0.0091739517780157,False
35.28,0.17436588086886082,0.00959660799988587,False
35.29,0.18271126487765774,0.010055914479696408,False
35.300000000000004,0.19176131802082416,0.01055400396807758,False
35.31,0.20154855340651204,0.011092665895118788,False
35.32,0.21209504730065531,0.01167311527644817,False
35.33,0.2234070506253793,0.012295696145250286,False
35.34,0.23546840412353054,0.012959519141429584,False
35.35,0.24823303865180493,0.013662048748823284,False
35.36,0.2616172168986378,0.014398676301159945,False
35.37,0.2754926226840739,0.015162339636547931,False
35.38,0.2896817368998316,0.015943268602213213,False
35.39,0.30395662678177776,0.016728918419459303,False
35.4,0.31804089630694365,0.017504077028037145,False
35.410000000000004,0.3316118828916338,0.01825098598623482,False
35.42,0.34429788406207473,0.01894918783462497,False
35.43,0.3556666037334258,0.019574890211735096,False
35.44,0.36521091332299066,0.020100182185739415,False
35.45,0.37235174533502446,0.02049319350923374,False
35.46,0.376487254157726,0.020720800291327675,False
35.47,0.377097322745487,0.020754376751702913,False
35.480000000000004,0.37387663052850223,0.020577118904349555,False
35.49,0.3668377716304289,0.020189719894435906,False
35.5,0.3563342921189402,0.01961163790382904,False
35.51,0.3429947382899862,0.01887746635402839,False
35.52,0.3276007421875276,0.01803022407583193,False
35.53,0.3109576926488663,0.017114237407170895,False
35.54,0.29379443715519965,0.01616962006486823,False
35.550000000000004,0.27670646365903157,0.015229146032115818,False
35.56,0.2601379832129679,0.014317263436723026,False
35.57,0.2443910295234157,0.013450595364976564,False
35.58,0.22964830828812413,0.012639197424957022,False
35.59,0.21600030671383166,0.011888049778194552,False
35.6,0.20347089401612367,0.011198466119226732,False
35.61,0.19203878752624287,0.010569275109783498,False
35.62,0.1816542193976614,0.009997737667472433,False
35.63,0.1722511655253061,0.00948022001112159,False
35.64,0.1637559079054283,0.009012664909000864,False
35.65,0.15609277109049255,0.008590907397175824,False
35.660000000000004,0.14918778432608285,0.00821087633323002,False
35.67,0.14297087616761958,0.007868715181800774,False
35.68,0.1373770652359458,0.007560847550419821,False
35.69,0.13234698337657025,0.007284005982727635,False
35.7,0.12782697340749727,0.007035237338239251,False
35.71,0.12376892367762446,0.006811893686903465,False
35.72,0.12012995501450244,0.00661161507958742,False
35.730000000000004,0.1168720314340504,0.006432308122633513,False
35.74,0.11396154205565691,0.006272122967641635,False
35.75,0.1113688869662819,0.00612943051859334,False
35.76,0.10906808053110818,0.0060028005991850635,False
35.77,0.10703638521295135,0.005890981799277653,False
35.78,0.10525397774731259,0.005792883102109543,False
35.79,0.1037036520845038,0.005707557535066248,False
35.800000000000004,0.10237055574063343,0.005634187659179653,False
35.81,0.10124195853685118,0.005572072841186038,False
35.82,0.10030705361099797,0.0055206183017665784,False
35.83,0.09955678500429883,0.005479325626403517,False
35.84,0.0989837016266043,0.005447784728037505,False
35.85,0.09858183481797733,0.005425667108401478,False
35.86,0.0983465969280792,0.005412720276115118,False
35.87,0.09827469974502345,0.005408763257238236,False
35.88,0.09836409044083116,0.005413683069888676,False
35.89,0.09861390480401042,0.005427432150294925,False
35.9,0.09902443543330954,0.005450026602269696,False
35.910000000000004,0.09959711492950289,0.005481545272133057,False
35.92,0.10033451311589345,0.0055221295957367045,False
35.93,0.10124034788447286,0.005571984195406132,False
35.94,0.10231950937171401,0.005631378210508295,False
35.95,0.10357809661116577,0.005700647314707418,False
35.96,0.10502346913350837,0.005780196555887005,False
35.97,0.10666430847633956,0.00587050374147559,False
35.980000000000004,0.10851069551672501,0.005972123694612953,False
35.99,0.11057419795038,0.0060856930687584075,False
36.0,0.11286796950386481,0.006211935808051184,False
36.01,0.11540686544861424,0.006351669504877943,False
36.02,0.11820755552665815,0.006505811614987038,False
36.03,0.1212886542906126,0.006675386631035284,False
36.04,0.12467084523256455,0.006861532914292894,False
36.050000000000004,0.1283770011607942,0.007065509319839932,False
36.06,0.13243228652368888,0.007288700828186936,False
36.07,0.13686422717345492,0.007532622384873544,False
36.08,0.14170272802983297,0.007798919872629731,False
36.09,0.14698000340657505,0.008089366276740938,False
36.1,0.15273038141604314,0.00840585092002693,False
36.11,0.158989932407458,0.008750359013127346,False
36.12,0.16579583208102613,0.009124936602093311,False
36.13,0.17318538429478444,0.00953163678642273,False
36.14,0.1811945739848824,0.009972440075859866,False
36.15,0.18985601842523797,0.010449141633485107,False
36.160000000000004,0.1991961752969472,0.010963197615702445,False
36.17,0.20923166415360342,0.011515522716029751,False
36.18,0.21996463600061247,0.012106235319758818,False
36.19,0.23137721889098686,0.012734351805159411,False
36.2,0.2434253047975193,0.013397444590386694,False
36.21,0.2560322434156136,0.014091295058113604,False
36.22,0.2690833509731011,0.014809591335857025,False
36.230000000000004,0.28242238322781066,0.015543734179677235,False
36.24,0.29585084683973406,0.01628279907403739,False
36.25,0.30912993049647447,0.017013642515520483,False
36.26,0.32198269685745146,0.017721022651277552,False
36.27,0.3340921519514975,0.018387493024097687,False
36.28,0.3450912998126338,0.018992855207514148,False
36.29,0.35454816560320235,0.019513334520596462,False
36.300000000000004,0.3619602047808809,0.01992127232421685,False
36.31,0.36678246141418164,0.020186675775591845,False
36.32,0.36850427150465004,0.02028143936354917,False
36.33,0.3667623301863987,0.0201855678093967,False
36.34,0.36144690616024333,0.019893021810844652,False
36.35,0.3527527511388805,0.01941451995477908,False
36.36,0.3411522851775202,0.01877606291322678,False
36.37,0.3273061139802151,0.018014008567401044,False
36.38,0.31194887864984294,0.017168789498778207,False
36.39,0.29578721910259287,0.016279297182221052,False
36.4,0.2794309068862366,0.015379091729858685,False
36.410000000000004,0.26336018850067966,0.01449460455923647,False
36.42,0.24792209668429785,0.013644935376883719,False
36.43,0.23334447854664622,0.012842624247309675,False
36.44,0.21975810422725878,0.012094868391443941,False
36.45,0.2072201561837242,0.011404814971031777,False
36.46,0.19573540842133727,0.010772726733906503,False
36.47,0.18527357756100654,0.010196936967999197,False
36.480000000000004,0.1757826337448139,0.009674582096168262,False
36.49,0.16719850792694588,0.009202135938208407,False
36.5,0.15945186958688712,0.008775782737134958,False
36.51,0.15247266029185153,0.008391666673717775,False
36.52,0.14619298081704063,0.008046050765465556,False
36.53,0.14054881208788716,0.007735411582449949,False
36.54,0.13548093359963234,0.007456489794537706,False
36.550000000000004,0.13093530855470029,0.007206311368269297,False
36.56,0.12686312311147122,0.006982189727001061,False
36.57,0.12322061626131706,0.006781716387815406,False
36.58,0.11996878794841621,0.0066027448972557955,False
36.59,0.1170730441773359,0.006443371299045551,False
36.6,0.11450282390260469,0.006301913599138624,False
36.61,0.11223122628437239,0.006176891250918762,False
36.62,0.11023465436504436,0.00606700554416297,False
36.63,0.10849248789586087,0.005971121598336015,False
36.64,0.10698678256359644,0.005888251808873321,False
36.65,0.10570200132692374,0.005817541060689567,False
36.660000000000004,0.10462477632016758,0.00575825362403051,False
36.67,0.10374369918471232,0.005709761614902958,False
36.68,0.10304913865056499,0.005671534955276719,False
36.69,0.10253308278034758,0.005643132690637336,False
36.7,0.10218900389400379,0.005624195555821597,False
36.71,0.10201174427349033,0.00561443968452499,False
36.72,0.1019974194689137,0.005613651287543242,False
36.730000000000004,0.10214333944684546,0.0056216823129972195,False
36.74,0.10244794381016958,0.005638446881015403,False
36.75,0.10291075097667682,0.005663918486666557,False
36.76,0.10353231914588479,0.005698127851683225,False
36.77,0.10431421836490581,0.005741161387045599,False
36.78,0.10525901190869925,0.00579316016820295,False
36.79,0.10637024669187214,0.00585431940736608,False
36.800000000000004,0.10765244844838572,0.005924888188211916,False
36.81,0.10911112617901375,0.006005169710659123,False
36.82,0.11075277957490959,0.006095521699440359,False
36.83,0.11258490467777559,0.006196356715622103,False
36.84,0.11461600617191517,0.006308142833124641,False
36.85,0.11685560196212529,0.006431403890676408,False
36.86,0.1193142243012762,0.006566719553872804,False
36.87,0.1220034084519649,0.006714724691145473,False
36.88,0.12493566635595257,0.00687610792460214,False
36.89,0.12812443899210116,0.007051609007941349,False
36.9,0.13158401578924717,0.007242014391163543,False
36.910000000000004,0.13532941687654812,0.007448150739961082,False
36.92,0.13937622008637215,0.0076708754144435235,False
36.93,0.1437403309133369,0.00791106380832969,False
36.94,0.14843766588759444,0.008169591922703206,False
36.95,0.1534837474334805,0.008447314068171258,False
36.96,0.15889319389394907,0.008745034797242845,False
36.97,0.16467908512167684,0.009063473988246282,False
36.980000000000004,0.17085220547759342,0.009403225182095968,False
36.99,0.17742016169716862,0.009764707032132214,False
37.0,0.18438639516322047,0.010148108942392771,False
37.01,0.19174911755524937,0.010553332488743699,False
37.02,0.19950023804444084,0.010979932374707617,False
37.03,0.20762436625905895,0.011427061557481275,False
37.04,0.21609800703378576,0.011893426929202484,False
37.050000000000004,0.2248890886967996,0.012377263355196733,False
37.06,0.2339569351762049,0.012876332138793481,False
37.07,0.24325273966048896,0.013387947090266403,False
37.08,0.25272044686061174,0.013909023084059068,False
37.09,0.26229765928458904,0.014436125937590779,False
37.1,0.2719158214680351,0.014965482550787817,False
37.11,0.2814985009795433,0.015492886297451108,False
37.12,0.2909562528833197,0.01601341437971382,False
37.13,0.3001767913560277,0.01652088690145673,False
37.14,0.30901007132834973,0.017007045803790217,False
37.15,0.3172501632597288,0.017460557303599866,False
37.160000000000004,0.32461851056423596,0.017866090429323883,False
37.17,0.3307561821030173,0.018203890619913003,False
37.18,0.33523345142719957,0.018450306939436008,False
37.19,0.33758341568307987,0.018579642367130073,False
37.2,0.33736192670212023,0.018567452236148183,False
37.21,0.3342331165023249,0.01839525131677186,False
37.22,0.3280838932320655,0.01805681535135017,False
37.230000000000004,0.3191934290101137,0.017567509188642524,False
37.24,0.30854663181292785,0.016981539395432118,False
37.25,0.29853815011106083,0.016430700692996493,False
37.26,0.2946818559493626,0.01621846110106681,False
37.27,0.3096288245804991,0.017041100243683754,False
37.28,0.37175237231258385,0.020460205702712144,False
37.29,0.5476479858889954,0.030141005891263697,False
37.300000000000004,1.0676181993206495,0.05875870497927207,True
37.31,4.373767888119121,0.24071989138939226,True
37.32,16.598944693079844,0.9135592619239342,True
37.33,2.251157793578076,0.12389739772028333,True
37.34,0.9181582594893797,0.05053284997197304,True
37.35,0.5927186655997227,0.03262156942420372,False
37.36,0.463773857278935,0.02552480959419038,False
37.37,0.3963186550345121,0.02181226485626881,False
37.38,0.3519412010315897,0.019369854517864892,False
37.39,0.31838063225189933,0.017522775139565412,False
37.4,0.2917937462184045,0.016059507658968204,False
37.410000000000004,0.2710192959519319,0.014916140306209542,False
37.42,0.2556685735205805,0.014071279689243262,False
37.43,0.24555934414862363,0.013514896118213295,False
37.44,0.24060896484378969,0.013242441155106331,False
37.45,0.2408723845840012,0.013256939037224353,False
37.46,0.24662821531694532,0.013573723783084716,False
37.47,0.2584984701697977,0.014227029246940005,False
37.480000000000004,0.2776207895127292,0.015279467957244603,False
37.49,0.3059095762771737,0.016836403270609656,False
37.5,0.34644617587234255,0.019067423777745122,False
37.51,0.4039781252403109,0.022233820568232546,False
37.52,0.48518423219764356,0.026703176452440386,False
37.53,0.5972260467157893,0.03286964301211803,False
37.54,0.7405671408181518,0.040758733948490465,True
37.550000000000004,0.8917690735346926,0.04908046334804579,True
37.56,0.9906682368884557,0.05452359532715442,True
37.57,0.9774767676577065,0.053797573937423564,True
37.58,0.862046863232635,0.047444636432036134,True
37.59,0.71077447250337,0.039119029221493955,True
37.6,0.5749286057654215,0.031642454532726155,False
37.61,0.46942695316701644,0.02583594010294218,False
37.62,0.39086982753226757,0.021512376705344578,False
37.63,0.3322070397640874,0.018283741747711295,False
37.64,0.28757088594451624,0.015827093298516146,False
37.65,0.2528507551092907,0.01391619488381423,False
37.660000000000004,0.22527628371820826,0.012398573480901664,False
37.67,0.20297120351197717,0.01117096455833842,False
37.68,0.18463982313364313,0.010162056905585077,False
37.69,0.16936651482950446,0.009321456944595827,False
37.7,0.15648946934304836,0.008612740554012744,False
37.71,0.14552032864129485,0.008009029880308802,False
37.72,0.13609196718319413,0.0074901193655695425,False
37.730000000000004,0.12792379134519866,0.00704056592540807,False
37.74,0.12079815541586186,0.006648390951594373,False
37.75,0.11454400012407254,0.006304179822635873,False
37.76,0.10902528229866255,0.006000445104762519,False
37.77,0.10413264965993396,0.005731168355851772,False
37.78,0.09977735710305197,0.005491465294765804,False
37.79,0.09588675556668108,0.005277337521360491,False
37.800000000000004,0.09240090431101838,0.0050854860657900975,False
37.81,0.08926999634504433,0.004913169691259403,False
37.82,0.08645237992971784,0.004758096003120448,False
37.83,0.08391302360568309,0.004618336968311794,False
37.84,0.08162231422425133,0.004492262762362094,False
37.85,0.07955510770066146,0.00437848952551756,False
37.86,0.07768997376613702,0.004275837796017925,False
37.87,0.0760085911586729,0.004183299223097259,False
37.88,0.07449525995794673,0.004100009727268152,False
37.89,0.07313650649202622,0.004025227755497354,False
37.9,0.0719207616872998,0.003958316578490014,False
37.910000000000004,0.07083809844019245,0.0038987298363670694,False
37.92,0.0698800165864066,0.003845999703976652,False
37.93,0.06903926659079095,0.0037997271872800093,False
37.94,0.06830970536680828,0.003759574188060258,False
37.95,0.06768617858992998,0.003725257026782395,False
37.96,0.06716442545586236,0.0036965412007537663,False
37.97,0.06674100268078192,0.003673237201310625,False
37.980000000000004,0.0664132248704656,0.003655197231902662,False
37.99,0.06617911982758895,0.0036423127483323167,False
38.0,0.06603739713822544,0.003634512729843986,False
38.01,0.06598742875982014,0.00363176261074066,False
38.02,0.06602924192231396,0.003634063889681754,False
38.03,0.06616352373528021,0.0036414543832469504,False
38.04,0.06639163620049647,0.0036540090521859636,False
38.050000000000004,0.06671564583183816,0.003671841631614231,False
38.06,0.0671383663809584,0.003695106982514241,False
38.07,0.06766341420201791,0.00372400413885466,False
38.08,0.06829528032464618,0.0037587802742835397,False
38.09,0.06903942892513525,0.003799736121706053,False
38.1,0.06990240972799737,0.0038472321595503095,False
38.11,0.07089200303915913,0.003901696593986717,False
38.12,0.07201739847332438,0.003963635195579697,False
38.13,0.0732894121167471,0.00403364325131633,False
38.14,0.07472075774496056,0.004112420491667874,False
38.15,0.07632637960014267,0.004200789405720624,False
38.160000000000004,0.07812386690304154,0.004299718054747242,False
38.17,0.08013397040114086,0.004410348501565942,False
38.18,0.08238125134730986,0.004534032528501329,False
38.19,0.0848949028133096,0.00467237684017134,False
38.2,0.08770979650670609,0.0048273006773479135,False
38.21,0.09086782845072897,0.005001109879394145,False
38.22,0.09441966827827804,0.005196593160489753,False
38.230000000000004,0.09842705406780611,0.005417148410948054,False
38.24,0.10296583913333754,0.005666950383975107,False
38.25,0.10813008805912698,0.00595117612990476,False
38.26,0.11403765802232065,0.006276312176510735,False
38.27,0.12083791226001886,0.006650579056553818,False
38.28,0.1287225519241021,0.0070845274626268285,False
38.29,0.13794107752798979,0.007591889201727361,False
38.300000000000004,0.14882323747856357,0.008190812699359656,False
38.31,0.16181220796146692,0.00890568912716413,False
38.32,0.17751444875994118,0.009769896327058377,False
38.33,0.196775690329462,0.01082998092625136,False
38.34,0.22079767193488528,0.01215208327620075,False
38.35,0.2513163582180048,0.013831745991585199,False
38.36,0.29086383561936785,0.016008327993259377,False
38.37,0.34310860744810817,0.018883733392443976,False
38.38,0.41312878628671107,0.022737447232833136,False
38.39,0.5069824515828392,0.027902889180027066,False
38.4,0.6286691697577355,0.03460018412843125,False
38.410000000000004,0.7709352954851685,0.042430111826817746,True
38.42,0.9004002768638429,0.049555500519907765,True
38.43,0.958889131153898,0.05277456266777284,True
38.44,0.9107817571248277,0.05012686801466525,True
38.45,0.7867729785216223,0.043301773386808365,True
38.46,0.6473433893436168,0.03562796068756369,False
38.47,0.5282960619575457,0.0290759303897474,False
38.480000000000004,0.4365598604638906,0.024027027698771623,False
38.49,0.36747004648216747,0.020224518525166216,False
38.5,0.31495952255061505,0.017334486877181535,False
38.51,0.27430106946674254,0.015096759896516498,False
38.52,0.24220117023269136,0.013330071664564125,False
38.53,0.21640423102000375,0.011910280636712537,False
38.54,0.1953464042073047,0.010751317035324578,False
38.550000000000004,0.17792123441704927,0.009792284666289596,False
38.56,0.16332926165454642,0.008989183498509705,False
38.57,0.1509814540523066,0.008309594873566348,False
38.58,0.14043609923970443,0.007729208184083419,False
38.59,0.1313567026900372,0.007229503717082772,False
38.6,0.12348325789593675,0.006796171445188644,False
38.61,0.11661228134632785,0.006418012207874341,False
38.62,0.11058267135272919,0.006086159421007857,False
38.63,0.1052655346227889,0.005793519160053316,False
38.64,0.100556756269031,0.005534361234235545,False
38.65,0.09637150072342243,0.005304016532333909,False
38.660000000000004,0.09264009152238534,0.005098650257629904,False
38.67,0.08930488822321837,0.004915090042164911,False
38.68,0.08631789519690317,0.004750694341417133,False
38.69,0.08363891257844082,0.004603250667805169,False
38.7,0.08123409360817722,0.0044708961908093755,False
38.71,0.07907481012413631,0.004352055296858608,False
38.72,0.07713675351640704,0.00424539010838659,False
38.730000000000004,0.07539921732126227,0.0041497609998286025,False
38.74,0.07384452127596099,0.004064194899216577,False
38.75,0.0724575467144137,0.0039878597176623756,False
38.76,0.07122535981639613,0.003920043614053417,False
38.77,0.07013690511389996,0.0038601381265036816,False
38.78,0.06918275571967174,0.003807624425634511,False
38.79,0.06835490950053061,0.003762062096526903,False
38.800000000000004,0.0676466232449136,0.003723080011769304,False
38.81,0.0670522779972919,0.0036903689198423783,False
38.82,0.06656727094598124,0.0036636754949279622,False
38.83,0.06618792995920049,0.0036427976332139345,False
38.84,0.06591144753976243,0.003627580817946029,False
38.85,0.06573583219073886,0.003617915442730738,False
38.86,0.06565987605849904,0.0036137350306990903,False
38.87,0.06568313698611253,0.003615015246776387,False
38.88,0.06580593439793829,0.003621773671181553,False
38.89,0.06602936137716593,0.0036340704641410594,False
38.9,0.06635531018600947,0.0036520097704486605,False
38.910000000000004,0.06678651191831055,0.003675741901833225,False
38.92,0.06732659611277063,0.003705466617903484,False
38.93,0.06798017098365723,0.0037414375418206008,False
38.94,0.06875292084128141,0.003783967522047433,False
38.95,0.06965173533286796,0.0038334357454027812,False
38.96,0.07068486800585681,0.0038902964639398268,False
38.97,0.0718621321983259,0.003955089776204426,False
38.980000000000004,0.07319514771454579,0.004028455203564317,False
38.99,0.07469764209940005,0.004111148271506435,False
39.0,0.07638582901466993,0.004204061334404137,False
39.01,0.07827887752671628,0.004308249403792202,False
39.02,0.08039950324754355,0.004424962683109504,False
39.03,0.08277471367747977,0.004555687589265206,False
39.04,0.08543675725523038,0.004702198985686274,False
39.050000000000004,0.08842433922502713,0.004866627100227955,False
39.06,0.09178419787934754,0.005051544277142784,False
39.07,0.09557316432650698,0.005260078340899537,False
39.08,0.09986088615320661,0.005496062498914589,False
39.09,0.1047334723336207,0.005764235947103476,False
39.1,0.11029843483540805,0.006070515841986597,False
39.11,0.11669147959662027,0.006422371056971113,False
39.12,0.1240859858667509,0.0068293438986391,False
39.13,0.1327064464007351,0.00730378981724947,False
39.14,0.14284784599675837,0.007861943946992503,False
39.15,0.15490409287698767,0.008525485889274341,False
39.160000000000004,0.16941043147206156,0.009323873993167437,False
39.17,0.18710767999160324,0.010297880810741643,False
39.18,0.20904055104909344,0.011505004387911404,False
39.19,0.2367081416654605,0.013027750811257191,False
39.2,0.272289105670326,0.014986027064107081,False
39.21,0.3189530007780068,0.017554276694509277,False
39.22,0.3811915578648944,0.020979711945173868,False
39.230000000000004,0.46480084344317657,0.02558133202616172,False
39.24,0.5752528133735001,0.031660298008237574,False
39.25,0.7114838863901285,0.03915807336790019,True
39.26,0.8524371074822974,0.04691574248528976,True
39.27,0.9472452853858241,0.052133718123584895,True
39.28,0.9430683803571778,0.0519038330106664,True
39.29,0.8429694644531077,0.04639467002328489,True
39.300000000000004,0.7036503521946255,0.038726937663177766,True
39.31,0.5744262652421847,0.03161480712223541,False
39.32,0.47196264237251645,0.025975497309853702,False
39.33,0.3944378069375196,0.021708748263434097,False
39.34,0.33575769497296015,0.018479159830724515,False
39.35,0.29061270501318487,0.015994506470537715,False
39.36,0.25520389703508334,0.014045705201528922,False
39.37,0.22692153919219857,0.012489123717937005,False
39.38,0.20396332587367255,0.011225568184607897,False
39.39,0.1850613162700189,0.010185254703137471,False
39.4,0.16930473487873013,0.00931805674974762,False
39.410000000000004,0.15602630699234094,0.008587249400021514,False
39.42,0.14472830563005143,0.00796543915987704,False
39.43,0.13503346001790179,0.007431862106295172,False
39.44,0.12665163003643884,0.006970549742586319,False
39.45,0.11935675635681749,0.006569060398666667,False
39.46,0.11297061035900736,0.006217584872229726,False
39.47,0.10735115467408494,0.0059083058257086395,False
39.480000000000004,0.10238407921043721,0.005634931952947783,False
39.49,0.09797656147518287,0.0053923545648314,False
39.5,0.09405261025136274,0.0051763913183635,False
39.51,0.09054954924410762,0.004983592686436213,False
39.52,0.08741533413091009,0.004811094295817603,False
39.53,0.08460648530754696,0.004656503151297595,False
39.54,0.08208648006996426,0.004517809145897946,False
39.550000000000004,0.07982449184984544,0.0043933156719415025,False
39.56,0.07779439435340081,0.004281584811650198,False
39.57,0.0759739686742021,0.004181393698864005,False
39.58,0.07434426864756473,0.0040916995899299025,False
39.59,0.07288910948937032,0.004011611719819933,False
39.6,0.07159465454276477,0.003940368557830981,False
39.61,0.07044907912944745,0.0038773193069045232,False
39.62,0.0694422971889326,0.003821908858619908,False
39.63,0.06856573824203539,0.003773665517891501,False
39.64,0.06781216581055656,0.0037321910092984914,False
39.65,0.06717553008766883,0.0036971523684770544,False
39.660000000000004,0.0666508490654042,0.0036682753997113586,False
39.67,0.06623411411934678,0.0036453394795804336,False
39.68,0.06592221670355553,0.0036281735224527475,False
39.69,0.06571289328925688,0.0036166529500666128,False
39.7,0.06560468722466245,0.0036106975924017496,False
39.71,0.0655969263893854,0.0036102704578411665,False
39.72,0.0656897150861993,0.0036153772869163625,False
39.730000000000004,0.06588394062226798,0.003626066914519716,False
39.74,0.06618129672795967,0.003642432558810195,False
39.75,0.06658432075354588,0.003664613868415115,False
39.76,0.06709644676188879,0.0036927998445024294,False
39.77,0.0677220827792139,0.0037272330924461284,False
39.78,0.06846670770737985,0.0037682151556051825,False
39.79,0.0693369920108833,0.0038161131575970833,False
39.800000000000004,0.07034095388195793,0.0038713683971859647,False
39.81,0.07148814980248265,0.003934506836274423,False
39.82,0.07278991236474776,0.004006152188890058,False
39.83,0.07425964645320186,0.004087042222196352,False
39.84,0.07591319517936371,0.004178048896521706,False
39.85,0.0777692991870069,0.004280203644225848,False
39.86,0.07985016996394861,0.004394728923169303,False
39.87,0.082182216930983,0.00452307823364469,False
39.88,0.08479696905700385,0.004666986841482724,False
39.89,0.08773225775728327,0.004828536881448752,False
39.9,0.09103374619696912,0.0050102415258088985,False
39.910000000000004,0.09475692795518377,0.005215154985184497,False
39.92,0.09896976625026815,0.005447017764091563,False
39.93,0.10375622104067048,0.00571045078266022,False
39.94,0.1092210244625164,0.0060112182032964435,False
39.95,0.11549623468907638,0.006356588136686467,False
39.96,0.12275036637509822,0.0067558351557902765,False
39.97,0.13120131388532555,0.0072209515540164766,False
39.980000000000004,0.14113494588771813,0.0077676707393700565,False
39.99,0.15293232480430904,0.008416965316522964,False
40.0,0.16711022212857385,0.009197276936007337,False
40.01,0.1843823437624081,0.010147885964679167,False
40.02,0.2057528758712703,0.011324059986659805,False
40.03,0.23265958860139185,0.01280492982971537,False
40.04,0.2671885180556364,0.014705305057810092,False
40.050000000000004,0.3123741809376592,0.017192196941319654,False
40.06,0.37253410910486273,0.020503230298563158,False
40.07,0.4533248896032395,0.024949727781811364,False
40.08,0.5604136305019339,0.030843591090878305,False
40.09,0.6940261814916792,0.038197250357955334,True
40.1,0.8363123665638433,0.04602828206629584,True
40.11,0.9396857192127412,0.05171766084878562,True
40.12,0.9486040645071216,0.05220850150735554,True
40.13,0.8577076127589277,0.04720581628211926,True
40.14,0.7202042489582814,0.0396380176136806,True
40.15,0.5886669443290458,0.03239857407347492,False
40.160000000000004,0.4831456631477831,0.02659097934165973,False
40.17,0.40306497776258066,0.022183563497604995,False
40.18,0.34246724064292905,0.018848434366150683,False
40.19,0.29590744837533134,0.016285914263469016,False
40.2,0.2594444600130208,0.014279093869055574,False
40.21,0.23036396011134974,0.012678584889853696,False
40.22,0.206791604287408,0.011381228679172033,False
40.230000000000004,0.1874098963067869,0.010314513947302165,False
40.24,0.17127346657850862,0.009426410209068785,False
40.25,0.1576904652253374,0.008678839991783332,False
40.26,0.14614542113077947,0.008043433214007831,False
40.27,0.13624805220913683,0.007498709846695552,False
40.28,0.12769854945463308,0.007028169244829621,False
40.29,0.12026357485527936,0.006618969140063894,False
40.300000000000004,0.11375935751967574,0.006260995299053137,False
40.31,0.10803959296069213,0.005946195534037823,False
40.32,0.10298665295017138,0.005668095917953088,False
40.33,0.09850510998066962,0.005421444389003462,False
40.34,0.09451690927689879,0.0052019450317424935,False
40.35,0.0909577265963569,0.005006057620656422,False
40.36,0.08777419096570753,0.004830844767380449,False
40.37,0.08492174690420407,0.004673854263484571,False
40.38,0.0823629932003725,0.004533027651411332,False
40.39,0.08006638119682924,0.004406628581730876,False
40.4,0.07800518716286796,0.004293186255416438,False
40.410000000000004,0.07615669514607275,0.004191450450293854,False
40.42,0.07450154290446903,0.004100355522985516,False
40.43,0.07302319556801772,0.004018991440718362,False
40.44,0.07170752001584928,0.003946580356243127,False
40.45,0.07054243952304433,0.0038824576005638094,False
40.46,0.0695176522778337,0.003826056190915521,False
40.47,0.06862440231166234,0.0037768942233990374,False
40.480000000000004,0.06785529264691118,0.003734564589156593,False
40.49,0.0672041337848756,0.0036987266355760586,False
40.5,0.06666582146723547,0.0036690994386258274,False
40.51,0.06623623928099634,0.0036454564425045196,False
40.52,0.06591218284564707,0.003627621287115225,False
40.53,0.0656913030084574,0.0036154646816943395,False
40.54,0.0655720656946542,0.0036089021950781114,False
40.550000000000004,0.06555372787909247,0.0036078929332509515,False
40.56,0.06563632889124696,0.003612439060796607,False
40.57,0.06582069534091908,0.0036225860719952298,False
40.58,0.06610846236138491,0.0036384239599865317,False
40.59,0.06650211179451537,0.0036600893183714755,False
40.6,0.06700502516904384,0.0036877682569872207,False
40.61,0.06762155525234238,0.0037217003399157775,False
40.62,0.06835712651392167,0.0037621841147126773,False
40.63,0.06921835434620018,0.003809583673983015,False
40.64,0.07021319785553859,0.0038643370645705458,False
40.65,0.07135115190160421,0.003926966856864538,False
40.660000000000004,0.07264348193264816,0.003998093069473395,False
40.67,0.07410351905296453,0.004078449408908265,False
40.68,0.07574702452238047,0.004168903330610501,False
40.69,0.07759264618736329,0.004270481159636913,False
40.7,0.07966249009342871,0.0043843995506001165,False
40.71,0.08198284273401331,0.004512105238216478,False
40.72,0.08458508934131698,0.004655325577453075,False
40.730000000000004,0.08750689103728614,0.004816133330609244,False
40.74,0.09079370619730374,0.004997030398898044,False
40.75,0.09450077980540783,0.005201057310966085,False
40.76,0.09869576921886865,0.005431937737595719,False
40.77,0.10346225296201671,0.005694271605855318,False
40.78,0.1089044802191116,0.0059937964978375585,False
40.79,0.1151538888123652,0.0063377463818500065,False
40.800000000000004,0.12237818087753123,0.00673535111209093,False
40.81,0.13079416560872165,0.007198543257227408,False
40.82,0.14068623053577922,0.007742974707585448,False
40.83,0.15243336201987612,0.008389503807282313,False
40.84,0.16654934365428972,0.009166407761221204,False
40.85,0.18374345117740865,0.010112723112510371,False
40.86,0.20501310255862926,0.011283344942783002,False
40.87,0.23178546564925753,0.01275682055929196,False
40.88,0.2661297054790215,0.014647030989554933,False
40.89,0.3110537692080709,0.017119525190951012,False
40.9,0.37083613997467396,0.020409778850050797,False
40.910000000000004,0.45108852155068985,0.024826644369868357,False
40.92,0.5574726194603292,0.030681726109329288,False
40.93,0.6903909103931334,0.037997175254200974,True
40.94,0.8325700294299475,0.04582231434888199,True
40.95,0.9372071600611597,0.05158124791946863,True
40.96,0.9485750289800289,0.052206903473553334,True
40.97,0.8597671688564823,0.04731916846101756,True
40.980000000000004,0.7230343310110628,0.039793777375468416,True
40.99,0.5913652460500002,0.032547081016188625,False
41.0,0.48543572272397706,0.02671701778415552,False
41.01,0.40494795546142637,0.022287197297740126,False
41.02,0.3440088482181521,0.018933280114156837,False
41.03,0.29717406314125216,0.016355625180162352,False
41.04,0.2604912036559264,0.014336703697121034,False
41.050000000000004,0.2312346618573553,0.012726505866707625,False
41.06,0.2075207198619367,0.011421357151098406,False
41.07,0.1880244419056645,0.010348336809785903,False
41.08,0.17179465049269627,0.009455094706835103,False
41.09,0.1581349899384888,0.008703305382587534,False
41.1,0.14652651443405754,0.008064407518296707,False
41.11,0.13657624117442563,0.007516772444917583,False
41.12,0.12798227626604725,0.007043784771070372,False
41.13,0.12050965170932726,0.00663251251847242,False
41.14,0.11397332075928934,0.006272771234383638,False
41.15,0.10822597303351307,0.005956453369394947,False
41.160000000000004,0.10314918185837246,0.00567704105224704,False
41.17,0.09864688257093594,0.005429247153897229,False
41.18,0.09464050814879471,0.005208747566257289,False
41.19,0.09106532020977968,0.00501197927073019,False
41.2,0.08786761104818633,0.004835986346148031,False
41.21,0.08500254954894951,0.004678301413942631,False
41.22,0.08243250784136519,0.0045368535418695765,False
41.230000000000004,0.08012574999755001,0.004409896073657058,False
41.24,0.0780553966699604,0.004295949645564973,False
41.25,0.076198602045158,0.004193756888233479,False
41.26,0.07453589516502224,0.004102246174853853,False
41.27,0.07305064978867565,0.004020502443858906,False
41.28,0.07172865578367359,0.0039477436094987285,False
41.29,0.0705577711180131,0.0038833014084589963,False
41.300000000000004,0.06952763887731356,0.0038266058252819602,False
41.31,0.06862945617986191,0.003777172374100039,False
41.32,0.06785578632555493,0.0037345917598415827,False
41.33,0.06720040608196387,0.0036985214732851014,False
41.34,0.06665818256641165,0.003668679014994834,False
41.35,0.06622497532736231,0.003644836506155642,False
41.36,0.06589755987788574,0.0036268164800698265,False
41.37,0.06567357022017853,0.003614488718868302,False
41.38,0.06555145886322765,0.003607768052995183,False
41.39,0.06553047230787766,0.0036066130119747825,False
41.4,0.06561064141351813,0.003611025294221168,False
41.410000000000004,0.06579278781935852,0.0036210501204470796,False
41.42,0.06607854427759291,0.0036367773527441693,False
41.43,0.0664703913105046,0.0036583435120870053,False
41.44,0.06697171271244436,0.0036859348330059607,False
41.45,0.06758686868604276,0.0037197912887987766,False
41.46,0.0683212907107656,0.0037602118128292113,False
41.47,0.06918160697890467,0.0038075612021714112,False
41.480000000000004,0.07017579346815579,0.0038622784322199966,False
41.49,0.07131336630731622,0.00392488724395737,False
41.5,0.07260561967233847,0.003996009237083875,False
41.51,0.07406591936040388,0.004076380027509664,False
41.52,0.0757100717236653,0.004166869552430956,False
41.53,0.07755678034712041,0.004268507204596612,False
41.54,0.07962822248581843,0.004382513557791827,False
41.550000000000004,0.08195077369751412,0.004510340248582708,False
41.56,0.08455593276119897,0.004653720881232601,False
41.57,0.08748150501450196,0.004814736155266671,False
41.58,0.09077313463696911,0.004995898198036879,False
41.59,0.0944863063753831,0.0052002607340574086,False
41.6,0.09868899046673747,0.005431564654131184,False
41.61,0.10346517764266508,0.005694432572057922,False
41.62,0.10891966537696139,0.005994632246245302,False
41.63,0.11518462911920647,0.0063394382419380115,False
41.64,0.12242877550749483,0.006738135698319844,False
41.65,0.13087029790174262,0.0072027333646533225,False
41.660000000000004,0.14079551758021364,0.007748989559342438,False
41.67,0.15258615537284942,0.008397913123979861,False
41.68,0.16675990816326616,0.00917799663997011,False
41.69,0.18403170945480077,0.010128588037902139,False
41.7,0.20540718784641493,0.011305034289383129,False
41.71,0.23232536451183974,0.012786535075216567,False
41.72,0.2668720317109653,0.014687886538934774,False
41.730000000000004,0.3120766361716639,0.01717582091369633,False
41.74,0.37223932764481504,0.020487006355532474,False
41.75,0.45297332898586795,0.024930378873548455,False
41.76,0.5598620685395139,0.03081323467071963,False
41.77,0.6930289354167916,0.03814236473691277,True
41.78,0.8346417680185318,0.045936337017845726,True
41.79,0.9374665800726766,0.051595525667761176,True
41.800000000000004,0.9464612852522921,0.05209056895979279,True
41.81,0.8562605254321528,0.04712617266292345,True
41.82,0.719596806264609,0.03960458567513551,True
41.83,0.5887051306337264,0.03240067574035584,False
41.84,0.4835691625376343,0.026614287557764515,False
41.85,0.40366918895286624,0.022216817583286332,False
41.86,0.3431237379866265,0.01888456613475723,False
41.87,0.29654714384277925,0.01632112130403115,False
41.88,0.2600354097882957,0.014311618083728049,False
41.89,0.23089474948043387,0.012707798044859853,False
41.9,0.2072611857825811,0.011407073124832625,False
41.910000000000004,0.18782197095517758,0.010337193377748024,False
41.92,0.17163356425376247,0.00944622897300277,False
41.93,0.15800449976610084,0.008696123570262757,False
41.94,0.14641903117364738,0.008058491941742588,False
41.95,0.13648632715843276,0.007511823830195027,False
41.96,0.12790595880557382,0.007039584472548317,False
41.97,0.12044398483174094,0.006628898398097308,False
41.980000000000004,0.11391608617226469,0.006269621203580742,False
41.99,0.10817547938906036,0.005953674341124716,False
42.0,0.10310412396886098,0.005674561192650718,False
42.01,0.09860624300060426,0.005427010466170171,False
42.02,0.09460348681679669,0.00520671001619848,False
42.03,0.0910312830049065,0.005010105958640966,False
42.04,0.08783605260323511,0.004834249458037961,False
42.050000000000004,0.08497306551255293,0.004676678695448953,False
42.06,0.08240477387018058,0.004535327142046328,False
42.07,0.08009950613617228,0.0044084516852893885,False
42.08,0.0780304354565798,0.004294575850537979,False
42.09,0.07617475925050164,0.004192444647829572,False
42.1,0.0745130426562375,0.004100988437000964,False
42.11,0.07302869018257531,0.004019293848860121,False
42.12,0.07170751816553224,0.003946580254406877,False
42.13,0.07053740793463875,0.0038821806760800485,False
42.14,0.06950802320512785,0.0038255262338178363,False
42.15,0.06861058013033096,0.003776133489388005,False
42.160000000000004,0.06783765961839716,0.0037335941168276225,False
42.17,0.06718305517296055,0.0036975665280210577,False
42.18,0.06664165022670805,0.0036677691214843273,False
42.19,0.06620932040856391,0.0036439749034256255,False
42.2,0.06588285748275781,0.003626007301565413,False
42.21,0.0656599123932665,0.0036137370304625666,False
42.22,0.06553895518134634,0.003607079885488029,False
42.230000000000004,0.06551925095045641,0.003605995420001733,False
42.24,0.06560085142218837,0.003610486480614711,False
42.25,0.06578460041408789,0.0036205995086729934,False
42.26,0.06607215510917795,0.0036364257108723874,False
42.27,0.06646602461058877,0.0036581031811969453,False
42.28,0.06696962365991886,0.0036858198574265732,False
42.29,0.06758734803966725,0.003719817671074969,False
42.300000000000004,0.06832467228003479,0.003760397924897347,False
42.31,0.06918827162127761,0.0038079280053555766,False
42.32,0.07018617864727553,0.0038628500032895437,False
42.33,0.07132797604801701,0.003925691323022534,False
42.34,0.07262503604400616,0.003997077859607653,False
42.35,0.07409081936926593,0.004077750454011982,False
42.36,0.07574124427947827,0.004168585202287459,False
42.37,0.0775951515163695,0.0042706190459037875,False
42.38,0.0796748841409824,0.004385081684142022,False
42.39,0.0820070230257429,0.004513436053510706,False
42.4,0.08462331967171823,0.004657429667385915,False
42.410000000000004,0.08756189587485588,0.004819160642269209,False
42.42,0.0908687944970569,0.005001163047868807,False
42.43,0.09460000753490715,0.005206518526302357,False
42.44,0.09882415727755522,0.0054390038554906995,False
42.45,0.10362608225550662,0.005703288309700627,False
42.46,0.1091116951042547,0.006005201022705329,False
42.47,0.1154146562379143,0.006352098288023762,False
42.480000000000004,0.12270567844145654,0.006753375657525208,False
42.49,0.13120570245758553,0.007221193088698883,False
42.5,0.14120486923727837,0.0077715191239991184,False
42.51,0.15309029523581572,0.008425659565071983,False
42.52,0.16738740898274393,0.009212532521382967,False
42.53,0.18482238325619543,0.010172104501615995,False
42.54,0.20641733931178582,0.011360630186845234,False
42.550000000000004,0.23363553216615887,0.012858643020475001,False
42.56,0.2685977545833942,0.01478286547541371,False
42.57,0.31438104105576675,0.01730264888161965,False
42.58,0.3753393097629266,0.02065762065831885,False
42.59,0.4571091247310808,0.025158001447050972,False
42.6,0.5651469238089993,0.031104098250822932,False
42.61,0.6990331980948858,0.03847282247877657,True
42.62,0.8397543819104021,0.04621772091663697,True
42.63,0.9390387225570915,0.05168205197134602,True
42.64,0.9430917215542436,0.05190511764454874,True
42.65,0.8497331553551046,0.04676692456009807,True
42.660000000000004,0.7128376477625737,0.039232580588877186,True
42.67,0.5832258830214906,0.03209911335207826,False
42.68,0.47951535282647595,0.02639117726514152,False
42.69,0.4007214200200866,0.022054580666401178,False
42.7,0.34095277906912647,0.018765082657764543,False
42.71,0.29491341612438504,0.016231205522263217,False
42.72,0.25877837297373546,0.014242434310557238,False
42.730000000000004,0.22990772145476226,0.01265347479652668,False
42.74,0.20647215371357397,0.011363647017455028,False
42.75,0.18718122953137323,0.010301928770687863,False
42.76,0.1711060166008812,0.009417194232945058,False
42.77,0.1575648344832004,0.008671925628841363,False
42.78,0.14604863848520724,0.008038106569218608,False
42.79,0.1361712885872467,0.00749448499270313,False
42.800000000000004,0.12763569849672554,0.007024710104759038,False
42.81,0.12021035589737009,0.006616040118200942,False
42.82,0.11371273198854917,0.006258429160868428,False
42.83,0.10799738309524234,0.00594387242168103,False
42.84,0.10294728514513604,0.005665929224613442,False
42.85,0.09846744127761638,0.005419371209461313,False
42.86,0.09448010812466512,0.0051999195997590635,False
42.87,0.09092118922357044,0.005004046706352372,False
42.88,0.08773748301195271,0.004828824464779346,False
42.89,0.08488456181202486,0.0046718077005256636,False
42.9,0.08232512221942061,0.004530943339062176,False
42.910000000000004,0.08002769199062582,0.004404499236563629,False
42.92,0.07796560834286312,0.004291007948405962,False
42.93,0.0761162049729787,0.004189221984970851,False
42.94,0.07446016111224024,0.0040980779854513745,False
42.95,0.07298097767269862,0.0040166678864201315,False
42.96,0.0716645533794835,0.003944215593342144,False
42.97,0.0704988405080196,0.0038800580333188386,False
42.980000000000004,0.06947356477983434,0.003823629738940585,False
42.99,0.06857999683608204,0.003774450270831774,False
43.0,0.06781076643208503,0.003732113991440595,False
43.01,0.06715971133621378,0.0036962817488580936,False
43.02,0.06662175568181987,0.003666674181650475,False
43.03,0.06619281327049394,0.0036430663969422004,False
43.04,0.06586971228727877,0.0036252838269529163,False
43.050000000000004,0.06565013887621472,0.003613199123554066,False
43.06,0.06553259814657791,0.0036067300121618356,False
43.07,0.06551639063751001,0.0036058379964165293,False
43.08,0.06560160395359013,0.0036105278978279544,False
43.09,0.06578912024115532,0.0036208482672510896,False
43.1,0.06608063782645979,0.003636892575789549,False
43.11,0.06647870882380823,0.0036588012846415384,False
43.12,0.0669867970092733,0.0036867650303066025,False
43.13,0.06760935202385224,0.0037210287085188013,False
43.14,0.0683519084833669,0.0037618969289770505,False
43.15,0.06922121198194779,0.0038097409502227224,False
43.160000000000004,0.07022537455288927,0.0038650072357681755,False
43.17,0.07137407167282356,0.003928228296652776,False
43.18,0.07267878491746897,0.004000036046533259,False
43.19,0.0741531034406416,0.004081178394241177,False
43.2,0.07581310038158601,0.004172539960184425,False
43.21,0.07767780080851802,0.0042751678306446154,False
43.22,0.07976977282659975,0.004390304090698607,False
43.230000000000004,0.08211587133034896,0.004519426758260692,False
43.24,0.0847481870111477,0.004664302014788527,False
43.25,0.08770526265390263,0.004827051146832728,False
43.26,0.0910336703050092,0.00501023734892873,False
43.27,0.09479007378387688,0.005216979238434125,False
43.28,0.09904395631728831,0.005451100976857328,False
43.29,0.1038812731222345,0.005717333297750671,False
43.300000000000004,0.10940940316856307,0.006021586037808834,False
43.31,0.11576395674367354,0.006371322806095933,False
43.32,0.12311827619719184,0.0067760838783290376,False
43.33,0.13169690186079136,0.007248227323257016,False
43.34,0.14179497712142813,0.007803997003350334,False
43.35,0.15380668509352208,0.008465087649312112,False
43.36,0.1682675941600793,0.00926097543964259,False
43.37,0.18591863363953476,0.010232439041528332,False
43.38,0.20780363846248462,0.011436928195684684,False
43.39,0.23541787276295584,0.012956738037370005,False
43.4,0.27092855159453266,0.014911145991829786,False
43.410000000000004,0.3174761187401783,0.017472993258159864,False
43.42,0.3794864685400136,0.020885868621158103,False
43.43,0.46262736033786467,0.025461709624966498,False
43.44,0.5721832088767471,0.031491355604349625,False
43.45,0.7070020234927203,0.038911404231017806,True
43.46,0.8464969957205293,0.04658881542955417,True
43.47,0.9410818697535405,0.05179450105044729,True
43.480000000000004,0.9387149487273819,0.05166423236977682,True
43.49,0.8413474672535041,0.0463053998563007,True
43.5,0.7041844127728103,0.03875633085633857,True
43.51,0.5761832062517533,0.031711504217238964,False
43.52,0.47425486874704786,0.026101655006839856,False
43.53,0.39684941604212803,0.021841476450339476,False
43.54,0.3380654875852504,0.018606174249685522,False
43.550000000000004,0.29271560394709045,0.01611024411732681,False
43.56,0.25707027827311385,0.014148425579107785,False
43.57,0.22855500247835686,0.012579024946097897,False
43.58,0.2053829892086647,0.01130370246437549,False
43.59,0.1862914771503606,0.010252959300427996,False
43.6,0.17036988054634242,0.009376679373531108,False
43.61,0.15694895569682962,0.008638029391465137,False
43.62,0.14552826596166638,0.008009466728112945,False
43.63,0.13572775953300228,0.00747007440016671,False
43.64,0.127254730739464,0.0070037427101700455,False
43.65,0.11988087280045577,0.0065979062946116065,False
43.660000000000004,0.11342603937003838,0.006242650404940953,False
43.67,0.10774658132740281,0.005930068997297537,False
43.68,0.10272684414600798,0.005653796771606043,False
43.69,0.09827288833688883,0.005408663562425758,False
43.7,0.09430779589811229,0.005190436019120609,False
43.71,0.09076812141639196,0.0049956222844667695,False
43.72,0.08760118168296949,0.004821322822728747,False
43.730000000000004,0.08476296562477444,0.00466511538814489,False
43.74,0.08221650770033088,0.004524965501209918,False
43.75,0.07993061180750079,0.004399156216143775,False
43.76,0.07787884290215816,0.004286232622417679,False
43.77,0.0760387239410221,0.004184957646744766,False
43.78,0.0743910929305697,0.004094276666859375,False
43.79,0.07291958481708213,0.004013288996201419,False
43.800000000000004,0.0716102127265283,0.003941224836536567,False
43.81,0.07045102736581146,0.0038774265323581695,False
43.82,0.06943183999823468,0.003821333324235498,False
43.83,0.068543996519581,0.003772468914596192,False
43.84,0.06778019342663563,0.0037304313391509714,False
43.85,0.06713432871466436,0.003694884760709923,False
43.86,0.0666013815198273,0.0036655528450392377,False
43.87,0.06617731660594811,0.0036422135040814468,False
43.88,0.06585901029239341,0.0036246948192340906,False
43.89,0.06564419504103855,0.0036128719915720668,False
43.9,0.0655314210461935,0.003606665227865106,False
43.910000000000004,0.06552003405517808,0.0036060385198845727,False
43.92,0.06561016776409322,0.003610999225888088,False
43.93,0.06580275128988572,0.0036215984818609727,False
43.94,0.06609953331869932,0.0036379325305736163,False
43.95,0.06650312081791314,0.0036601448521832673,False
43.96,0.06701703484855004,0.003688429235992121,False
43.97,0.06764579063747103,0.0037230341873958407,False
43.980000000000004,0.06839499580015249,0.0037642683337891485,False
43.99,0.06927147770846229,0.0038125074345302335,False
44.0,0.07028344399920465,0.003868203214879928,False
44.01,0.07144067944991611,0.003931894201492162,False
44.02,0.07275479387946182,0.004004219366166027,False
44.03,0.0742395279858588,0.0040859349582999535,False
44.04,0.07591113472198402,0.004177935494738772,False
44.050000000000004,0.07778885619242916,0.0042812800068362045,False
44.06,0.0798955217464921,0.004397224957812074,False
44.07,0.08225830625764893,0.004527265976323187,False
44.08,0.08490969414959482,0.004673190913747068,False
44.09,0.08788871790426099,0.004837148008182192,False
44.1,0.09124256400060429,0.005021734270805214,False
44.11,0.09502867505811817,0.005230111181941404,False
44.12,0.09931753286910366,0.0054661578613386845,False
44.13,0.10419638674655415,0.005734676265956092,False
44.14,0.1097743142161549,0.006041669716227551,False
44.15,0.11618918456040371,0.006394726149958117,False
44.160000000000004,0.12361738609752564,0.006803553484415379,False
44.17,0.13228763023561657,0.0072807393526710205,False
44.18,0.14250086019428052,0.007842846823683096,False
44.19,0.15465945549457558,0.008512021735338786,False
44.2,0.1693107573344818,0.00931838820878512,False
44.21,0.18721284474414684,0.010303668783139321,False
44.22,0.20943480917081467,0.011526703246805567,False
44.230000000000004,0.23750916854073748,0.013071837079058561,False
44.24,0.2736571362714612,0.015061319623325228,False
44.25,0.3210926143812091,0.017672035013504027,False
44.26,0.3843235631033187,0.02115208871049617,False
44.27,0.46904768467856006,0.025815066231332156,False
44.28,0.5803309691859497,0.03193978543118744,False
44.29,0.7161354121557499,0.039414080272184474,True
44.300000000000004,0.8540392752442788,0.047003921295761024,True
44.31,0.9430718187597829,0.0519040222506816,True
44.32,0.9334364005133541,0.05137371591227892,True
44.33,0.8317470900930919,0.045777022080783804,True
44.34,0.6944403484260193,0.038220044941939146,True
44.35,0.5682856926039567,0.03127684726328675,False
44.36,0.4683418730323977,0.025776220342123658,False
44.37,0.39247483764578966,0.021600711950855757,False
44.38,0.33478495381108037,0.018425622891218935,False
44.39,0.2902053682813613,0.015972087801703037,False
44.4,0.25511055947559963,0.014040568164595046,False
44.410000000000004,0.22699715233050613,0.01249328525254666,False
44.42,0.20412477523105907,0.011234453903459266,False
44.43,0.1852610572355257,0.010196247884475103,False
44.44,0.169515684453698,0.009329666821446404,False
44.45,0.1562332310877502,0.008598637920639645,False
44.46,0.14492288817824564,0.007976148436424343,False
44.47,0.13521143709589484,0.007441657464434928,False
44.480000000000004,0.12681111612339518,0.006979327408551296,False
44.49,0.11949724832574947,0.006576792681761583,False
44.5,0.11309239589332655,0.006224287605740973,False
44.51,0.10745495571979971,0.005914018743515375,False
44.52,0.10247083936049299,0.005639706987753605,False
44.53,0.09804731966599771,0.005396248896776661,False
44.54,0.09410842681375316,0.005179463305076112,False
44.550000000000004,0.09059146505762675,0.004985899615001222,False
44.56,0.08744434920531406,0.004812691203961301,False
44.57,0.08462354942372781,0.004657442312290767,False
44.58,0.08209249098657696,0.004518139969853669,False
44.59,0.0798202978631731,0.004393084846702926,False
44.6,0.07778079890547651,0.004280836556408621,False
44.61,0.07595173678663827,0.00418017011825876,False
44.62,0.07431413365441668,0.004090041044606241,False
44.63,0.07285178034541642,0.004009557228656227,False
44.64,0.07155082265319379,0.003937956173825515,False
44.65,0.07039942556198885,0.0038745865141108777,False
44.660000000000004,0.06938749958214821,0.0038188929523599144,False
44.67,0.0685064776652711,0.003770403982307703,False
44.68,0.0677491336882017,0.003728721898445919,False
44.69,0.06710943505839431,0.003693514683836413,False
44.7,0.06658242418064621,0.003664509486373338,False
44.71,0.06616412444385757,0.0036414874445586604,False
44.72,0.06585146716228679,0.0036242796665541936,False
44.730000000000004,0.06564223740965977,0.003612764249043214,False
44.74,0.06553503691144955,0.0036068642349258323,False
44.75,0.06552926224151503,0.0036065464133232684,False
44.76,0.06562509867773235,0.0036118209814090703,False
44.77,0.06582352916021555,0.003622742037444406,False
44.78,0.06612635767969013,0.003639408868008403,False
44.79,0.06653625070387359,0.0036619682279896986,False
44.800000000000004,0.06705679599614689,0.0036906175778008005,False
44.81,0.0676925795616891,0.0037256093182770644,False
44.82,0.06844928897509096,0.003767256477538129,False
44.83,0.06933384328840489,0.003815939860761859,False
44.84,0.07035455325439458,0.0038721168684216706,False
44.85,0.07152132479803684,0.003936332694786106,False
44.86,0.07284590809262104,0.0040092340363672724,False
44.87,0.0743422093785241,0.00409158625354981,False
44.88,0.07602667879383204,0.004184294715698233,False
44.89,0.07791879461982912,0.00428843145266761,False
44.9,0.08004167277611558,0.004405268699701756,False
44.910000000000004,0.08242283686865409,0.00453632127871337,False
44.92,0.0850952011513955,0.0046834006977291434,False
44.93,0.08809833276980754,0.004848684621225841,False
44.94,0.09148008852735595,0.005034806953157035,False
44.95,0.09529876122067751,0.005244975965208406,False
44.96,0.09962592238437187,0.005483130753481096,False
44.97,0.10455023425472246,0.005754151038260782,False
44.980000000000004,0.11018262911900664,0.0060641422208463115,False
44.99,0.11666344429257634,0.006420828072634232,False
45.0,0.1241723981906696,0.006834099790071957,False
45.01,0.1329427636892108,0.007316796056599718,False
45.02,0.14328183333116973,0.007885829390087837,False
45.03,0.15560096513673743,0.008563839779780265,False
45.04,0.1704604063432137,0.009381661658953704,False
45.050000000000004,0.18863705093571861,0.010382053088964633,False
45.06,0.21122770177301936,0.011625379016420117,False
45.07,0.23980572724317695,0.013198233215196076,False
45.08,0.2766513763617433,0.015226114182104714,False
45.09,0.3250582005114762,0.01789028972820122,False
45.1,0.3896207179881999,0.02144362922686082,False
45.11,0.4760586394461916,0.026200929476335302,False
45.12,0.5891709346017255,0.03242631228153812,False
45.13,0.7259033131082492,0.03995167808636549,True
45.14,0.8618285273633183,0.04743261983945674,True
45.15,0.944666426282226,0.05199178496681794,True
45.160000000000004,0.9273364616529977,0.05103799242225659,True
45.17,0.8213545113588883,0.04520504375725438,True
45.18,0.6841170897418838,0.037651881799130406,True
45.19,0.5599787710285806,0.030819657647706892,False
45.2,0.4621237430605908,0.025433991945522077,False
45.21,0.38786260685492824,0.021346867731537475,False
45.22,0.33131497723988507,0.01823464513366329,False
45.230000000000004,0.2875421214803651,0.015825510183256387,False
45.24,0.2530260543968536,0.013925842863895066,False
45.25,0.225336670242428,0.012401896985468754,False
45.26,0.20278149106610951,0.01116052331853497,False
45.27,0.1841596178209855,0.01013562775487007,False
45.28,0.1686018151025148,0.009279370020932941,False
45.29,0.15546707955369118,0.008556471093596198,False
45.300000000000004,0.14427468693833986,0.007940473262052964,False
45.31,0.1346585987815106,0.007411230797451532,False
45.32,0.12633626141042478,0.0069531927398043605,False
45.33,0.11908683377861841,0.006554204618623074,False
45.34,0.11273574361662876,0.006204658466859671,False
45.35,0.1071435587940324,0.005896880331951899,False
45.36,0.10219785421708372,0.005624682652728671,False
45.37,0.09780719275554531,0.005383032986540365,False
45.38,0.09389661530938931,0.005167805795205963,False
45.39,0.09040422557588527,0.004975594480192617,False
45.4,0.08727857715827401,0.0048035675764210115,False
45.410000000000004,0.08447665490929648,0.004649357651086944,False
45.42,0.08196230216731805,0.004510974743158112,False
45.43,0.07970498550125395,0.004386738378406692,False
45.44,0.07767881681472447,0.004275223748770571,False
45.45,0.07586177420800833,0.004175218830785153,False
45.46,0.07423507735707194,0.004085690008200727,False
45.47,0.07278268419425349,0.00400575437070198,False
45.480000000000004,0.07149088304857942,0.003934657266457365,False
45.49,0.07034796152239015,0.003871754078019262,False
45.5,0.069343936498163,0.0038164953626583687,False
45.51,0.06847033437056783,0.003768414756953733,False
45.52,0.06772001187244224,0.00372711911555803,False
45.53,0.0670870108272009,0.0036922805171784078,False
45.54,0.06656644143028352,0.0036636298407154463,False
45.550000000000004,0.06615438965729048,0.0036409516692671793,False
45.56,0.06584784555497997,0.003624080343467131,False
45.57,0.06564465045166742,0.003612897056093076,False
45.58,0.06554346064856513,0.0036073278537404165,False
45.59,0.06554372687197135,0.003607342505928432,False
45.6,0.06564568943945596,0.003612954239060716,False
45.61,0.06585038764755546,0.0036242202530975295,False
45.62,0.06615968473690158,0.0036412430955663076,False
45.63,0.06657631078323774,0.003664173022162655,False
45.64,0.06710392144666252,0.0036932112301435813,False
45.65,0.06774717881704485,0.003728614307831924,False
45.660000000000004,0.06851185586182512,0.0037706999831297566,False
45.67,0.06940496629657301,0.003819854271228867,False
45.68,0.07043493072950094,0.0038765406187378035,False
45.69,0.07161178138880725,0.003941311171299425,False
45.7,0.07294741615401082,0.004014820754761559,False
45.71,0.07445591603591414,0.00409784434838185,False
45.72,0.07615393756408206,0.004191298680731711,False
45.730000000000004,0.07806120772630237,0.004296269469773134,False
45.74,0.08020114252804104,0.004414045466632545,False
45.75,0.08260163304278625,0.004546161717602422,False
45.76,0.08529604486400184,0.0046944545711676885,False
45.77,0.08832450660560602,0.004861132593450528,False
45.78,0.09173558039995487,0.005048868507724197,False
45.79,0.09558845303848605,0.0052609197886355,False
45.800000000000004,0.09995584244775849,0.005501288626476903,False
45.81,0.10492789851343952,0.005774936617574896,False
45.82,0.11061750744711764,0.006088076701730595,False
45.83,0.11716760749935554,0.0064485757985042035,False
45.84,0.12476143040137706,0.006866518467380261,False
45.85,0.1336370641653828,0.00735500840336593,False
45.86,0.14410850891512764,0.007931327290725218,False
45.87,0.1565966185408797,0.00861863774470146,False
45.88,0.17167529206767124,0.009448525554597628,False
45.89,0.1901413391291514,0.010464844883089129,False
45.9,0.21312088037097443,0.011729574245370971,False
45.910000000000004,0.24223043255480686,0.013331682180526936,False
45.92,0.2798123095115437,0.015400083058362636,False
45.93,0.3292428088862326,0.018120598811638126,False
45.94,0.39520299668219466,0.021750862156293113,False
45.95,0.48342131477479555,0.026606150432447604,False
45.96,0.5983798919813978,0.03293314741247086,False
45.97,0.7358990850243259,0.0405018172779141,True
45.980000000000004,0.8694531461267953,0.04785225742599063,True
45.99,0.9456364716380747,0.052045173536736565,True
46.0,0.9205087798896652,0.05066221600829204,True
46.01,0.8104936875592558,0.044607294541401235,True
46.02,0.6735808968509779,0.0370719993560666,False
46.03,0.5515731982746298,0.030357038548533156,False
46.04,0.4558416410465372,0.025088242707518874,False
46.050000000000004,0.38319737294102213,0.02109010636930055,False
46.06,0.32779855885895964,0.01804111134943222,False
46.07,0.28483850787192105,0.015676710889185156,False
46.08,0.2509069893288321,0.01380921547852173,False
46.09,0.22364692535919284,0.012308898176393161,False
46.1,0.2014136036626998,0.011085238640517156,False
46.11,0.18303758979151336,0.01007387448576677,False
46.12,0.1676707787087587,0.00922812839464698,False
46.13,0.15468666975028683,0.008513519531483124,False
46.14,0.14361469610503805,0.0079041492215976,False
46.15,0.13409607433854057,0.007380271033175186,False
46.160000000000004,0.1258535177673997,0.006926623886520312,False
46.17,0.11867007294125007,0.006531267273507167,False
46.18,0.11237407591299377,0.006184753292976403,False
46.19,0.10682830011617402,0.005879529380407402,False
46.2,0.10192201303688746,0.005609501129466329,False
46.21,0.09756509076795501,0.00536970837360967,False
46.22,0.09368360431590451,0.005156082268825953,False
46.230000000000004,0.09021647302325514,0.004965261107404369,False
46.24,0.08711290227808673,0.004794449296671195,False
46.25,0.08433040258672006,0.0046413083343178315,False
46.26,0.08183324463069594,0.004503871779079235,False
46.27,0.07959124517786163,0.0043804784306925105,False
46.28,0.07757880549170111,0.00426971940664915,False
46.29,0.07577414465894801,0.004170395946701706,False
46.300000000000004,0.07415868453118388,0.004081485561778077,False
46.31,0.0727165540130457,0.0040021147513977316,False
46.32,0.07143418736131343,0.003931536895182522,False
46.33,0.07029999764033375,0.003869114280761023,False
46.34,0.06930411083005059,0.0038143034698218574,False
46.35,0.0684381488765481,0.003766643357825355,False
46.36,0.067695053352352,0.003725745468762167,False
46.37,0.06706894229532476,0.003691286075968438,False
46.38,0.06655499519941432,0.0036629998723398645,False
46.39,0.06614936207178698,0.0036406749650918983,False
46.4,0.06584909320148007,0.003624149010423787,False
46.410000000000004,0.06565208720668143,0.00361330635418686,False
46.42,0.0655570562960212,0.0036080761199636614,False
46.43,0.06556350677094402,0.0036084311359733247,False
46.44,0.06567173448916422,0.0036143876853928893,False
46.45,0.06588283654683444,0.0036260061493110342,False
46.46,0.06619873735339339,0.003643392441814406,False
46.47,0.06662223055308528,0.003666700317230222,False
46.480000000000004,0.06715704238586509,0.003696134857332413,False
46.49,0.06780791230611075,0.003731956908368947,False
46.5,0.06858069865876824,0.003774488897179838,False
46.51,0.06948251359372597,0.0038241222565051107,False
46.52,0.07052188902628552,0.0038813265589826553,False
46.53,0.07170898580231443,0.003946661029010342,False
46.54,0.0730558528368831,0.004020788805008247,False
46.550000000000004,0.07457674794218241,0.0041044945968854996,False
46.56,0.07628853973287514,0.004198706805781205,False
46.57,0.07821120759901011,0.0043045250411683856,False
46.58,0.0803684745574547,0.004423254951218099,False
46.59,0.08278860534875226,0.004556452147807285,False
46.6,0.08550542726059433,0.004705978389773497,False
46.61,0.08855964194254763,0.004874073781510403,False
46.62,0.09200053155403241,0.005063450674557121,False
46.63,0.09588819710377264,0.0052774168595103406,False
46.64,0.10029652887642011,0.00552003904995686,False
46.65,0.10531719887510141,0.005796362615289969,False
46.660000000000004,0.11106509452841808,0.006112710636670446,False
46.67,0.11768582002251882,0.0064770967592601095,False
46.68,0.12536621004767362,0.006899803839282707,False
46.69,0.13434929672905446,0.0073942076818271285,False
46.7,0.14495597018032422,0.007977969176836502,False
46.71,0.15761684562598313,0.008674788175954507,False
46.72,0.1729198638819015,0.00951702328918515,False
46.730000000000004,0.191682311507038,0.010549655671619204,False
46.74,0.2150604294518725,0.011836321575371365,False
46.75,0.24471493273422507,0.013468422087317843,False
46.76,0.2830513016187124,0.015578348080236957,False
46.77,0.3335287288207311,0.01835648379857093,False
46.78,0.40091062775043934,0.022064994128081272,False
46.79,0.4909164310994426,0.02701866056873556,False
46.800000000000004,0.6076627028417063,0.03344404723140082,False
46.81,0.7457608748582266,0.041044582472237766,True
46.82,0.8765707123358358,0.04824398826508046,True
46.83,0.945828213496135,0.05205572646968311,True
46.84,0.9130763944814067,0.050253158405326855,True
46.85,0.7994508499548675,0.04399952779731318,True
46.86,0.6631283894362039,0.0364967227263977,False
46.87,0.5433130980960144,0.02990242585103199,False
46.88,0.44968428442550323,0.024749359105330635,False
46.89,0.3786246328453235,0.020838435606849125,False
46.9,0.32434949558928244,0.017851284601211964,False
46.910000000000004,0.28218506664355825,0.015530672941896117,False
46.92,0.24882656901931324,0.013694714992039118,False
46.93,0.22198796858537959,0.012217593858325255,False
46.94,0.20007101214048237,0.011011346176702052,False
46.95,0.1819369155427526,0.010013296468735618,False
46.96,0.1667581954258322,0.009177902375715667,False
46.97,0.15392253256694988,0.008471463568641766,False
46.980000000000004,0.14296930298468313,0.007868628598233634,False
46.99,0.1335468387542645,0.007350042650330897,False
47.0,0.12538302356895725,0.006900729208237074,False
47.01,0.1182647232895828,0.006508957967979289,False
47.02,0.1120231347224955,0.006165438476227603,False
47.03,0.10652320131077163,0.0058627375996869405,False
47.04,0.1016558573258434,0.0055948526672035676,False
47.050000000000004,0.0973322727713594,0.005356894725449184,False
47.06,0.09347953383557409,0.00514485080316122,False
47.07,0.09003736419282517,0.004955403460791456,False
47.08,0.0869556121256883,0.004785792488772262,False
47.09,0.0841923066479417,0.0046337079219881455,False
47.1,0.0817121402324361,0.0044972065333822525,False
47.11,0.0794852752884374,0.004374646145823887,False
47.12,0.07748639869971054,0.004264633596542025,False
47.13,0.07569396737452495,0.004165983214318114,False
47.14,0.07408960287872737,0.004077683501791881,False
47.15,0.07265760293092044,0.0039988702495289815,False
47.160000000000004,0.07138454577807912,0.003928804761966898,False
47.17,0.07025896846578805,0.003866856150313071,False
47.18,0.06927110455077384,0.003812486896979881,False
47.19,0.06841267048602542,0.0037652410988220694,False
47.2,0.06767669155965124,0.003724734887300666,False
47.21,0.06705736098739333,0.0036906486733310063,False
47.22,0.06654992679217947,0.0036627209214512256,False
47.230000000000004,0.06615060219019339,0.003640743217723436,False
47.24,0.06585649677930554,0.003624556482538364,False
47.25,0.0656655660612057,0.003614048192455404,False
47.26,0.06557657729768766,0.003609150501028493,False
47.27,0.06558909139382664,0.003609839241707118,False
47.28,0.06570346004053967,0.003616133770570869,False
47.29,0.06592083660223132,0.003628097565554858,False
47.300000000000004,0.06624320481636009,0.0036458398059931916,False
47.31,0.06667342369524372,0.0036695178438881262,False
47.32,0.06721528838161792,0.0036993405532289815,False
47.33,0.06787361308140792,0.003735572894378789,False
47.34,0.06865434304880809,0.0037785420774183198,False
47.35,0.06956468587064643,0.0038286447876685146,False
47.36,0.0706132840369141,0.0038863566834873887,False
47.37,0.07181042652866564,0.003952244041473362,False
47.38,0.073168310449555,0.00402697815592964,False
47.39,0.07470136987934371,0.004111353438037014,False
47.4,0.076426681647357,0.004206309748484388,False
47.410000000000004,0.07836447690223888,0.00431296055283026,False
47.42,0.08053878160571806,0.004432628172479375,False
47.43,0.08297823173765524,0.004566888651277276,False
47.44,0.08571711135918852,0.004717628887588178,False
47.45,0.08879669150770103,0.004887120323310811,False
47.46,0.09226696898384325,0.005078114641828991,False
47.47,0.09618895235306614,0.005293969583110828,False
47.480000000000004,0.10063769776971757,0.005538816026934328,False
47.49,0.10570639118254864,0.005817782666004772,False
47.5,0.11151191192816753,0.0061373022105010435,False
47.51,0.11820252040575696,0.006505534496084647,False
47.52,0.12596864307187314,0.006932960059700489,False
47.53,0.13505824471292316,0.007433226186247808,False
47.54,0.14579909454183515,0.008024372371958487,False
47.550000000000004,0.15863155407244042,0.008730634876847485,False
47.56,0.17415758869147013,0.009585144183880694,False
47.57,0.19321491641076854,0.010634005937889856,False
47.58,0.2169897754876128,0.011942507358443563,False
47.59,0.24718670654411318,0.013604461570499308,False
47.6,0.2862732587124871,0.015755675542853693,False
47.61,0.3377883684490507,0.01859092239131665,False
47.62,0.4065691925320762,0.02237642562936316,False
47.63,0.49830468208540296,0.027425289137144288,False
47.64,0.6167021481934334,0.03394155289675606,False
47.65,0.755115879490666,0.04155945563347369,True
47.660000000000004,0.8828603280032736,0.048590151033447604,True
47.67,0.9451407758640389,0.05201789183456572,True
47.68,0.9052033680311048,0.04981984915789958,True
47.69,0.7885142017039101,0.043397605416775835,True
47.7,0.6530358283136166,0.035941256528964266,False
47.71,0.5354203998990534,0.029468033925959185,False
47.72,0.44382338397140825,0.024426791617333347,False
47.730000000000004,0.374278110891516,0.020599215255105198,False
47.74,0.3210736453432015,0.017670991010967595,False
47.75,0.2796670114350637,0.015392086260616611,False
47.76,0.24685444400721568,0.013586174774345358,False
47.77,0.22041751264433493,0.012131160377347218,False
47.78,0.19880212617618578,0.01094151025963368,False
47.79,0.1808986504240531,0.009956153274812217,False
47.800000000000004,0.16589923303775167,0.009130627500126593,False
47.81,0.15320505729516995,0.008431975746261755,False
47.82,0.14236498599414302,0.007835368689603654,False
47.83,0.13303412994896913,0.007321824598737362,False
47.84,0.12494530828669675,0.006876638589370114,False
47.85,0.11788902943448251,0.006488280834142108,False
47.86,0.11169922060690422,0.006147611153717776,False
47.870000000000005,0.10624289611081345,0.005847310389323742,False
47.88,0.10141258061425033,0.0055814634007655085,False
47.89,0.09712067908516366,0.005345249203678795,False
47.9,0.09329524610788464,0.005134708124599263,False
47.910000000000004,0.08987677267179218,0.0049465649548419005,False
47.92,0.08681572044983013,0.004778093244120909,False
47.93,0.08407061282914742,0.004627010236241608,False
47.94,0.08160654431452487,0.004491394830854598,False
47.95,0.07939400693860481,0.004369622992373364,False
47.96,0.07740795973185301,0.004260316536216385,False
47.97,0.07562708615404838,0.004162302259923428,False
47.980000000000004,0.07403319788605282,0.0040745791295303075,False
47.99,0.07261075346972017,0.003996291786862406,False
48.0,0.07134646829244475,0.003926709084180432,False
48.01,0.07022899721575834,0.0038652066169504173,False
48.02,0.06924867626869091,0.003811252507372303,False
48.03,0.06839731168025191,0.0037643957933206702,False
48.04,0.06766800840804835,0.0037242569910418263,False
48.050000000000004,0.06705503124117605,0.003690520450647331,False
48.06,0.06655369322705197,0.0036629282154404417,False
48.07,0.06616026771807915,0.0036412751812117594,False
48.08,0.06587192083698146,0.003625405379321071,False
48.09,0.06568666186632019,0.0036152092462757783,False
48.1,0.06560331059536821,0.003610621826594631,False
48.11,0.06562148021768063,0.0036116218315380834,False
48.120000000000005,0.06574157456773852,0.003618231487020932,False
48.13,0.06596480164910035,0.0036305172781637488,False
48.14,0.06629320239623579,0.0036485915322633723,False
48.15,0.06672969535988273,0.003672614878149363,False
48.160000000000004,0.06727814181191302,0.0037027998293728275,False
48.17,0.06794343063368087,0.003739415456222519,False
48.18,0.06873158609609441,0.0037827933176370464,False
48.19,0.06964990854505772,0.003833335204136184,False
48.2,0.07070714555434816,0.003891522557594185,False
48.21,0.07191370722665803,0.003957928320803978,False
48.22,0.07328193381645619,0.004033231666687275,False
48.230000000000004,0.07482642598800386,0.004118236174767516,False
48.24,0.07656446066238501,0.00421389271822162,False
48.25,0.0785165076643144,0.004321327898668175,False
48.26,0.08070688378598946,0.004441880044003507,False
48.27,0.08316457876589939,0.00457714466795377,False
48.28,0.08592431400889067,0.004729032739051668,False
48.29,0.08902790441545372,0.004899845631892741,False
48.300000000000004,0.09252603123100796,0.0050923726997771455,False
48.31,0.09648057227896445,0.0053100195241879275,False
48.32,0.10096770054146316,0.005556978451965748,False
48.33,0.10608205421562061,0.005838458103484144,False
48.34,0.11194242394808288,0.006160996382054445,False
48.35,0.11869962099026468,0.006532893515075424,False
48.36,0.1265475235251394,0.006964820012812363,False
48.370000000000005,0.1357388369029714,0.007470684067475093,False
48.38,0.14660794577812594,0.008068889270598442,False
48.39,0.15960458125608165,0.008784187558186907,False
48.4,0.17534417661185403,0.0096504506479239,False
48.410000000000004,0.19468404135103187,0.010714862445391838,False
48.42,0.21883906327120037,0.012044286960333769,False
48.43,0.24955535976107232,0.013734825586082846,False
48.44,0.28935857404125476,0.01592548262677793,False
48.45,0.34186004698931777,0.01881501613407059,False
48.46,0.41195689262483226,0.022672949499477492,False
48.47,0.5052831616496287,0.02780936503822872,False
48.480000000000004,0.6251045783871023,0.034403999038244544,False
48.49,0.763522241550506,0.04202211817382509,True
48.5,0.8879767799879393,0.048871746170078736,True
48.51,0.9435085641900365,0.05192805949162003,True
48.52,0.897110055729144,0.04937441599634554,True
48.53,0.7780126325603487,0.0428196285674503,True
48.54,0.6436042474635983,0.035422168827942475,False
48.550000000000004,0.528134909591292,0.029067061016453236,False
48.56,0.4384457820843406,0.024130823524077492,False
48.57,0.37030497022945474,0.020380544760211273,False
48.58,0.31808885278235527,0.017506716417654472,False
48.59,0.2773802261496128,0.015266228025880398,False
48.6,0.24506976010462386,0.01348795078848564,False
48.61,0.21900173651449925,0.012053240038425827,False
48.620000000000005,0.1976629307823478,0.010878812147047303,False
48.63,0.17997065782466842,0.009905079170413389,False
48.64,0.16513520205856677,0.00908857738246326,False
48.65,0.1525702156428344,0.00839703584604099,False
48.660000000000004,0.141833309967827,0.007806106735475545,False
48.67,0.1325858477836571,0.007297152408327157,False
48.68,0.12456519027655344,0.006855717962474158,False
48.69,0.11756520000116974,0.006470458172306877,False
48.7,0.11142231195004862,0.006132370879540417,False
48.71,0.10600544280583948,0.005834241626818385,False
48.72,0.10120857597130174,0.005570235558605226,False
48.730000000000004,0.09694524778161401,0.005335593957809099,False
48.74,0.09314439986587061,0.005126405971416248,False
48.75,0.08974722473326945,0.004939435000420765,False
48.76,0.0867047443077846,0.004771985429178882,False
48.77,0.08397593346702119,0.0046217993502616385,False
48.78,0.0815262532599144,0.004486975836879661,False
48.79,0.07932649575914714,0.004365907366806959,False
48.800000000000004,0.07735186775661233,0.004257229391554586,False
48.81,0.07558125874256079,0.004159780048000405,False
48.82,0.0739966530210857,0.004072567802877692,False
48.83,0.0725826549386554,0.0039947453226880075,False
48.84,0.0713261041907059,0.003925588301257284,False
48.85,0.07021576248522819,0.00386447821458036,False
48.86,0.06924205846346204,0.0038108882819729035,False
48.870000000000005,0.0683968795494586,0.0037643720100563787,False
48.88,0.06767340262532748,0.003724553873599561,False
48.89,0.06706595705569453,0.0036911217767696823,False
48.9,0.06656991462455726,0.0036638209955663064,False
48.910000000000004,0.0661816028868578,0.0036424494089354396,False
48.92,0.06589823884484483,0.0036268538485029096,False
48.93,0.06571788039173228,0.0036169274261698115,False
48.94,0.06563939454372934,0.0036126077856927317,False
48.95,0.06566244131535372,0.0036138762152263075,False
48.96,0.06578747181634913,0.0036207575425829175,False
48.97,0.06601574282334938,0.0036333209372161153,False
48.980000000000004,0.06634934682251581,0.003651681563682954,False
48.99,0.06679125712397227,0.0036760030646156884,False
49.0,0.06734539359075388,0.0037065011782583704,False
49.01,0.06801671069881707,0.003743448585042297,False
49.02,0.06881130615975524,0.003787180885874977,False
49.03,0.06973656272559868,0.0038381044066777546,False
49.04,0.07080132291424933,0.003896705814782645,False
49.050000000000004,0.07201610577216884,0.003963564048941439,False
49.06,0.07339337937525756,0.004039365317008173,False
49.07,0.07494789543364495,0.004124921511646339,False
49.08,0.07669711042146267,0.004221193388127936,False
49.09,0.07866170959517456,0.004329319404829519,False
49.1,0.08086627063045279,0.004450652247940605,False
49.11,0.08334010273737605,0.004586805014005711,False
49.120000000000005,0.08611832143477816,0.004739710362483682,False
49.13,0.08924323196189345,0.004911696654836349,False
49.14,0.09276613290799698,0.005105587221234539,False
49.15,0.09674968718853269,0.0053248308524201605,False
49.160000000000004,0.1012710765012637,0.005573675412106617,False
49.17,0.10642625142319871,0.005857401750368058,False
49.18,0.11233573157270763,0.0061826429282599415,False
49.19,0.1191526348841168,0.0065578261265251975,False
49.2,0.1270739627656651,0.006993793748969394,False
49.21,0.13635671020063805,0.007504690077147153,False
49.22,0.14734123972693156,0.00810924770850103,False
49.230000000000004,0.1604857437146721,0.008832684263260006,False
49.24,0.17641778293987814,0.009709538922676418,False
49.25,0.19601223234022203,0.010787962344344116,False
49.26,0.22050948671417483,0.012136222371643404,False
49.27,0.25169222679226233,0.013852432741473719,False
49.28,0.29213603637744917,0.016078346347260904,False
49.29,0.3455113929309301,0.019015975952006423,False
49.300000000000004,0.41675477497878266,0.022937011459024843,False
49.31,0.5114189348791397,0.028147060751211102,False
49.32,0.6323172126341225,0.03480096215494088,False
49.33,0.7703814190671397,0.04239962802552751,True
49.34,0.8914832666674578,0.049064733341379,True
49.35,0.9408790993851612,0.05178334113929018,True
49.36,0.8890996022726892,0.04893354315276014,True
49.370000000000005,0.7683716345718471,0.04228901513572668,True
49.38,0.6352204096545583,0.0349607459590471,False
49.39,0.5217673561388455,0.028716608771455796,False
49.4,0.43379619672097086,0.02387492341407934,False
49.410000000000004,0.36689981901384766,0.020193134808025197,False
49.42,0.3155522675193272,0.017367109894255117,False
49.43,0.27545353765198827,0.01516018850623666,False
49.44,0.24357958940696559,0.0134059359816491,False
49.45,0.21783074647702308,0.011988792038017523,False
49.46,0.19673011598876441,0.010827472642633324,False
49.47,0.1792188832464877,0.009863703610612753,False
49.480000000000004,0.1645233406393742,0.00905490224968507,False
49.49,0.15206811412492294,0.008369401589731592,False
49.5,0.1414184794833809,0.007783275631558914,False
49.51,0.13224126481763232,0.007278187530382574,False
49.52,0.12427778727458536,0.006839900109037841,False
49.53,0.11732481883062593,0.006457228268309789,False
49.54,0.11122096569037435,0.006121289347323742,False
49.550000000000004,0.1058367842399674,0.005824959133394602,False
49.56,0.10106751258848048,0.0055624718264958945,False
49.57,0.09682765718390739,0.005329122101818468,False
49.58,0.09304691746086985,0.0051210408138348635,False
49.59,0.08966708415835947,0.0049350242884255964,False
49.6,0.08663965543353959,0.004768403120483105,False
49.61,0.08392398861044395,0.004618940451354936,False
49.620000000000005,0.08148585465444184,0.00448475241118118,False
49.63,0.07929629871863031,0.004364245406570514,False
49.64,0.07733073570330462,0.004256066342735538,False
49.65,0.07556822783752909,0.004159062863612898,False
49.660000000000004,0.07399090377691477,0.004072251380637692,False
49.67,0.07258348962458533,0.003994791261455573,False
49.68,0.07133292830220121,0.003925963881173731,False
49.69,0.07022807017333323,0.0038651555951409395,False
49.7,0.06925942051627061,0.0038118438405606667,False
49.71,0.06841893376068525,0.0037655858118554133,False
49.72,0.06769984608175203,0.003726009247117614,False
49.730000000000004,0.06709653978451843,0.00369280496420651,False
49.74,0.0666044347607266,0.0036657208868367147,False
49.75,0.06621990293246689,0.0036445573357973735,False
49.76,0.06594020264822632,0.0036291634182950604,False
49.77,0.06576343136703341,0.0036194344238221,False
49.78,0.06568849467606451,0.0036153101189727015,False
49.79,0.06571509017904795,0.003616773860706004,False
49.800000000000004,0.06584370754495737,0.0036238525990260253,False
49.81,0.06607564317482394,0.0036366176842017772,False
49.82,0.06641302984119728,0.0036551864980398944,False
49.83,0.06685888518284616,0.0036797251228966547,False
49.84,0.06741717793142815,0.0037104519866077365,False
49.85,0.068092913587074,0.0037476425778315797,False
49.86,0.06889224877969012,0.003791635740174041,False
49.870000000000005,0.06982263259010654,0.003842841450107177,False
49.88,0.0708929824841261,0.0039017504998848126,False
49.89,0.07211390600616699,0.00396894669893753,False
49.9,0.07349797246094816,0.004045121826469024,False
49.910000000000004,0.07506005430528424,0.004131094420700957,False
49.92,0.0768177506351871,0.004227833086412754,False
49.93,0.07879191917140958,0.004336485773930699,False
49.94,0.08100734558828257,0.004458416617105871,False
49.95,0.08349359386466128,0.00459525273424018,False
49.96,0.08628609328318165,0.004748944053470255,False
49.97,0.08942754122897635,0.004921840518865982,False
49.980000000000004,0.09296972868382253,0.005116792560497556,False
49.99,0.0969759450443037,0.0053372834488679835,False
50.0,0.10152417810749498,0.005587605413131129,False
50.01,0.10671142657455131,0.0058730969891682295,False
50.02,0.11265959054608157,0.006200467215897112,False
50.03,0.11952363016676416,0.006578244664140657,False
50.04,0.12750303692525655,0.007017408784731904,False
50.050000000000004,0.13685822048791008,0.007532291793783904,False
50.06,0.14793429014773057,0.008141887536798951,False
50.07,0.1611961187173683,0.008871781306786087,False
50.08,0.1772807828050169,0.009757036009654805,False
50.09,0.19707678072027926,0.010846552095099347,False
50.1,0.22184395568123272,0.012209667792852262,False
50.11,0.2533920788792825,0.013945987822637729,False
50.120000000000005,0.294331844370528,0.016199197447531156,False
50.13,0.348370306952675,0.019173322544329133,False
50.14,0.4204526347105949,0.02314053126523885,False
50.15,0.5160229761311805,0.028400454241330704,False
50.160000000000004,0.6374699118311964,0.03508455223626438,False
50.17,0.7747676634701249,0.0426410345892279,True
50.18,0.8927168138237467,0.049132624309779986,True
50.19,0.9371665805817891,0.05157901453897918,True
50.2,0.8816081415099912,0.048521234208327324,True
50.21,0.7602179836152717,0.04184026110421407,True
50.22,0.6284685489720802,0.034589142524265516,False
50.230000000000004,0.516795965003701,0.028442997376265638,False
50.24,0.430255397199964,0.02368004776042527,False
50.25,0.36436745321639313,0.02005376051215153,False
50.26,0.31371120680843384,0.0172657830873225,False
50.27,0.2740905384204837,0.015085172859461517,False
50.28,0.24255380601348805,0.013349479746800034,False
50.29,0.2170480375447983,0.011945713938316243,False
50.300000000000004,0.19612625910769438,0.010794238057135365,False
50.31,0.17874910826180362,0.00983784851583331,False
50.32,0.16415579484463771,0.009034673562188887,False
50.33,0.15177969680589337,0.00835352791113511,False
50.34,0.14119215852034192,0.007770819561864434,False
50.35,0.13206427683841912,0.007268446609459641,False
50.36,0.12414043536555915,0.006832340646014499,False
50.370000000000005,0.11721963827677395,0.00645143942625251,False
50.38,0.11114214098125329,0.006116951056883144,False
50.39,0.10577973559029173,0.005821819336060788,False
50.4,0.10102859581029926,0.0055603299564066155,False
50.410000000000004,0.09680394581996242,0.00532781709499151,False
50.42,0.09303604089459254,0.005120442198197286,False
50.43,0.08966710634536355,0.00493502550953594,False
50.44,0.08664898372284645,0.004768916523307909,False
50.45,0.08394130382462713,0.004619893432076406,False
50.46,0.0815100570932154,0.00448608444538646,False
50.47,0.07932646646515694,0.004365905754548074,False
50.480000000000004,0.077366092016986,0.004258012254865998,False
50.49,0.07560811527783616,0.004161258156217383,False
50.5,0.07403476371526495,0.0040746653083691305,False
50.51,0.0726308459984815,0.003997397623172172,False
50.52,0.07138337468141713,0.003928740308098176,False
50.53,0.07028125915633217,0.003868082967269076,False
50.54,0.06931505534375358,0.0038149058250947676,False
50.550000000000004,0.0684767614690367,0.0037687684863890736,False
50.56,0.06775965208016338,0.003729300801175871,False
50.57,0.06715814351333546,0.0036961954602934876,False
50.58,0.06666768614363411,0.0036692020651738376,False
50.59,0.06628467970347889,0.0036481224672084206,False
50.6,0.06600640837162752,0.0036328071952293106,False
50.61,0.06583099377119872,0.003623152868652439,False
50.620000000000005,0.06575736470963779,0.003619100532050354,False
50.63,0.06578524175128578,0.0036206348060697844,False
50.64,0.06591513690192305,0.0036277838700698086,False
50.65,0.066148369859566,0.003640620356520026,False
50.660000000000004,0.06648709822238616,0.0036592630135595244,False
50.67,0.06693436377559914,0.0036838792524971475,False
50.68,0.06749416210236993,0.003714688979000073,False
50.69,0.06817152926831113,0.0037519693639649523,False
50.7,0.06897265429136619,0.003796061033544169,False
50.71,0.06990502309780897,0.003847375992079447,False
50.72,0.07097759514139054,0.0039064073427232705,False
50.730000000000004,0.07220102524816055,0.003973741497154322,False
50.74,0.07358793914344425,0.004050073339807889,False
50.75,0.07515327446991489,0.004136224996552078,False
50.76,0.07691470850582281,0.0042331693750969745,False
50.77,0.07889319127325972,0.004342059505775126,False
50.78,0.08111362117547775,0.004464265726720595,False
50.79,0.08360569931299967,0.004601422703026471,False
50.800000000000004,0.08640502432370492,0.004755489683665986,False
50.81,0.08955450350816767,0.004928828165864924,False
50.82,0.09310619267954617,0.005124303155268346,False
50.83,0.09712371749062894,0.00534541642897568,False
50.84,0.10168549703398357,0.005596483953432472,False
50.85,0.10688909054208817,0.005882875114588524,False
50.86,0.11285713402559268,0.006211339453781928,False
50.870000000000005,0.11974556421842435,0.006590459290562962,False
50.88,0.12775518499874536,0.007031286305994326,False
50.89,0.13714818513878343,0.007548250633176045,False
50.9,0.14827210771046426,0.00816048006596164,False
50.910000000000004,0.1615951773628709,0.008893744373016538,False
50.92,0.1777590723143906,0.009783359719941733,False
50.93,0.19765854233589059,0.010878570619288727,False
50.94,0.22256159728923935,0.012249164769910675,False
50.95,0.2542876886556148,0.013995279667472847,False
50.96,0.29545595095079447,0.016261065114228077,False
50.97,0.3497711842654882,0.01925042289423711,False
50.980000000000004,0.42213931249176034,0.023233361269637105,False
50.99,0.517867998408014,0.028501999081718053,False
51.0,0.6390163872054399,0.035169665894246895,False
51.01,0.7750300051255581,0.04265547313658984,True
51.02,0.8904565519063196,0.049008225846671645,True
51.03,0.932117606151401,0.05130113317727905,True
51.04,0.875302971680636,0.048174215382605697,True
51.050000000000004,0.7546131643976339,0.041531787607714206,True
51.06,0.6243846364433033,0.03436437545716958,False
51.07,0.5140881180477594,0.028293965090646647,False
51.08,0.42852066842512876,0.023584573164390416,False
51.09,0.3632683900398808,0.019993271164008754,False
51.1,0.31302162773452863,0.017227830593266796,False
51.11,0.2736673652511093,0.015061882597614878,False
51.120000000000005,0.24230690302662297,0.01333589090036323,False
51.13,0.2169198330227549,0.011938657921762243,False
51.14,0.19607927885299423,0.010791652395962173,False
51.15,0.17875848034476163,0.009838364328937584,False
51.160000000000004,0.16420469912792973,0.009037365116487988,False
51.17,0.15185656960884603,0.008357758774146342,False
51.18,0.14128891474639158,0.007776144752597392,False
51.19,0.13217519076479017,0.007274551000225813,False
51.2,0.12426139563969789,0.006838997959524941,False
51.21,0.11734765897746029,0.006458485325795675,False
51.22,0.11127503042488796,0.006124264918353806,False
51.230000000000004,0.10591586809774922,0.00582931168664911,False
51.24,0.10116675501437584,0.005567933850680498,False
51.25,0.09694321289347678,0.005335481963285403,False
51.26,0.0931757155555451,0.0051281294989581885,False
51.27,0.08980665023355532,0.004942705612931647,False
51.28,0.08678797868709871,0.004776566415472824,False
51.29,0.0840794215830026,0.0046274950452953895,False
51.300000000000004,0.08164703698251179,0.004493623433489492,False
51.31,0.0794620985968508,0.004373370565860751,False
51.32,0.07750020459465524,0.004265393434196111,False
51.33,0.07574056518233974,0.0041685478266896645,False
51.34,0.07416542935344694,0.004081856777838037,False
51.35,0.07275962171847773,0.0040044850768560505,False
51.36,0.07151016642955611,0.003935718569547302,False
51.370000000000005,0.07040598124745048,0.0038749473206128857,False
51.38,0.06943762787537326,0.003821651872725453,False
51.39,0.06859710830347565,0.0037753920379026084,False
51.4,0.06787769915653608,0.0037357977804692763,False
51.410000000000004,0.06727381748512926,0.0037025618305808593,False
51.42,0.06678091331660745,0.00367543377053125,False
51.43,0.06639538502547816,0.003654215376976285,False
51.44,0.06611451441495807,0.003638757048004936,False
51.45,0.06593642013548852,0.0036289552394253273,False
51.46,0.06586002715582576,0.00362475078453935,False
51.47,0.06588505095078385,0.0036261280238804746,False
51.480000000000004,0.06601199812012787,0.0036331148392758895,False
51.49,0.06624218132553358,0.0036457834759347847,False
51.5,0.06657774917507983,0.003664252187206814,False
51.51,0.06702173498766016,0.0036886879184382508,False
51.52,0.06757812330399918,0.00371930996755139,False
51.53,0.0682519358790806,0.0037563947178260917,False
51.54,0.06904934624528587,0.0038002819431329324,False
51.550000000000004,0.06997782132233704,0.003851382601746444,False
51.56,0.07104629777793307,0.003910188542738847,False
51.57,0.0722654040606318,0.003977284726045813,False
51.58,0.07364773259791324,0.004053364203482816,False
51.59,0.07520818183288674,0.004139246943484142,False
51.6,0.07696438042431232,0.004235903177879782,False
51.61,0.07893722029562614,0.004344482739415579,False
51.620000000000005,0.08115152716613239,0.00446635196590539,False
51.63,0.083636912697733,0.004603140599991995,False
51.64,0.08642886358211554,0.004756801729444866,False
51.65,0.0895701472040513,0.004929689150917255,False
51.660000000000004,0.09311264098379712,0.00512465805181033,False
51.67,0.09711974190717336,0.005345197624036297,False
51.68,0.1016695726284513,0.00559560751891006,False
51.69,0.10685930148269887,0.005881235608486642,False
51.7,0.11281104111048469,0.006208802629285878,False
51.71,0.11968001500221086,0.006586851645939105,False
51.72,0.12766603083400638,0.0070263795113491,False
51.730000000000004,0.13702985401440876,0.007541738020678973,False
51.74,0.1481169339744596,0.008151939739672494,False
51.75,0.16139231220313205,0.008882579244809419,False
51.76,0.17749266918624512,0.009768697640537114,False
51.77,0.1973046114709928,0.010859091259263935,False
51.78,0.22208242647995344,0.012222792555353612,False
51.79,0.25362173852028025,0.013958627643783172,False
51.800000000000004,0.2944995776190893,0.016208429014090905,False
51.81,0.34834679462625256,0.019172028491967988,False
51.82,0.4199466250999904,0.02311268191849195,False
51.83,0.5144370242787595,0.028313167908944243,False
51.84,0.6337637629583039,0.034880576219023275,False
51.85,0.7676763675740429,0.0422507495943264,True
51.86,0.8819254795820213,0.04853869960388256,True
51.870000000000005,0.9248196093543087,0.05089947194575182,True
51.88,0.8712634497351625,0.04795189144844795,True
51.89,0.7536669120838766,0.041479708539958145,True
51.9,0.6251652609366253,0.0344073388352123,False
51.910000000000004,0.5155314920394323,0.02837340433831536,False
51.92,0.43012406051268737,0.023672819358300286,False
51.93,0.36483841951459467,0.020079681173478598,False
51.94,0.3144904880149421,0.017308672534634514,False
51.95,0.2750158355544773,0.015136098613021256,False
51.96,0.24353538753693152,0.013403503234958834,False
51.97,0.21803670641850287,0.012000127494313284,False
51.980000000000004,0.19709571721864164,0.01084759430674516,False
51.99,0.1796860609929269,0.00988941576069915,False
52.0,0.16505431976678714,0.009084125848456298,False
52.01,0.15263801285188255,0.008400767213872123,False
52.02,0.1420107536581595,0.007815872737457635,False
52.03,0.1328448219924666,0.007311405620891688,False
52.04,0.12488516038624939,0.0068733282179847645,False
52.050000000000004,0.11793096908206231,0.006490589074466827,False
52.06,0.11182249860319288,0.00615439602814102,False
52.07,0.10643142563125116,0.005857686524236328,False
52.08,0.1016537538629156,0.005594736898516139,False
52.09,0.09740451470262067,0.005360870718298326,False
52.1,0.09361376592372672,0.005152238560012434,False
52.11,0.09022354103606343,0.004965650110963559,False
52.120000000000005,0.08718550067979604,0.004798444908651881,False
52.13,0.08445910782943328,0.004648391909130142,False
52.14,0.08201019901396682,0.004513610850975929,False
52.15,0.07980985684561515,0.004392510202442682,False
52.160000000000004,0.07783351369143074,0.004283737830064223,False
52.17,0.07606023485627557,0.004186141547060456,False
52.18,0.07447214205761851,0.004098737383010635,False
52.19,0.07305394732225744,0.004020683930839004,False
52.2,0.07179257445514833,0.003951261513523071,False
52.21,0.07067685093392125,0.003889855226833753,False
52.22,0.06969725643057091,0.0038359410986760416,False
52.230000000000004,0.06884571776685512,0.0037890748040104406,False
52.24,0.06811544174325686,0.0037488824642289056,False
52.25,0.06750077975313715,0.0037150531958983373,False
52.26,0.06699711927822348,0.0036873331389772356,False
52.27,0.06660079799270137,0.003665520729346323,False
52.28,0.06630903807359158,0.0036494630834363363,False
52.29,0.06611989856363767,0.003639053376415252,False
52.300000000000004,0.06603224330734316,0.003634229077477889,False
52.31,0.06604572479271666,0.00363497106054098,False
52.32,0.06616078369758258,0.0036413035792733856,False
52.33,0.06637866171230213,0.003653294972822617,False
52.34,0.06670142956622274,0.0036710592083118417,False
52.35,0.067132035904387,0.0036947585708765663,False
52.36,0.06767436960969006,0.0037246070937010135,False
52.370000000000005,0.0683333453010133,0.0037608752635950944,False
52.38,0.06911501413957105,0.0038038961194642915,False
52.39,0.07002670097825751,0.0038540728006242328,False
52.4,0.07107717762381745,0.003911888082663587,False
52.410000000000004,0.0722768788127082,0.003977916264148476,False
52.42,0.07363816801725033,0.00405283779584591,False
52.43,0.07517567086451131,0.004137457631162023,False
52.44,0.07690668742850976,0.004232727917546182,False
52.45,0.07885171223981167,0.004339776616357589,False
52.46,0.08103508598187084,0.004459943370400166,False
52.47,0.08348582413976588,0.004594825110419989,False
52.480000000000004,0.08623867322849339,0.004746334186941845,False
52.49,0.08933547424484954,0.004916773410828595,False
52.5,0.09282693446128831,0.0051089335678352246,False
52.51,0.09677495602060192,0.005326221577915165,False
52.52,0.10125573070910392,0.005572830822837941,False
52.53,0.10636390261624556,0.00585397024727463,False
52.54,0.11221823715007072,0.006176176365474832,False
52.550000000000004,0.11896945287093666,0.0065477443033820455,False
52.56,0.12681119454558804,0.006979331724688372,False
52.57,0.13599563855008898,0.007484817708350432,False
52.58,0.1468560277365074,0.008082543004313821,False
52.59,0.15983968413567098,0.008797126959885338,False
52.6,0.17555698408218717,0.009662162972961677,False
52.61,0.19485462900490522,0.0107242511103972,False
52.620000000000005,0.21892516316845081,0.01204902565668093,False
52.63,0.24946747977850695,0.013729988918843165,False
52.64,0.2889075367087593,0.015900658799709786,False
52.65,0.340649293167409,0.01874837964672958,False
52.660000000000004,0.40917674132048026,0.0225199377857449,False
52.67,0.49938468602358393,0.027484729518378336,False
52.68,0.6135349414891176,0.03376723874169043,False
52.69,0.7433590555965136,0.04091239309076944,True
52.7,0.8588551932649416,0.04726897588771211,True
52.71,0.9112767049204248,0.05015410855020515,True
52.72,0.8710441817186897,0.047939823553109044,True
52.730000000000004,0.7625022339807088,0.04196597982407752,True
52.74,0.6367426306160061,0.03504452472232024,False
52.75,0.5264262271088302,0.028973019935143358,False
52.76,0.43942689557489684,0.02418482125302166,False
52.77,0.37261233901302016,0.0205075358528305,False
52.78,0.3210043022943112,0.017667174564456378,False
52.79,0.28052452741326933,0.015439281529871536,False
52.800000000000004,0.24824312156298647,0.013662603683915085,False
52.81,0.22210164032781557,0.012223850031536358,False
52.82,0.20064024593858143,0.011042675205026989,False
52.83,0.18280551806437942,0.010061101910179946,False
52.84,0.16782354191441815,0.009236536052121106,False
52.85,0.1551162095114337,0.008537160192646597,False
52.86,0.1442451250017041,0.007938846256149074,False
52.870000000000005,0.13487327888781894,0.007423046187110044,False
52.88,0.12673836250930515,0.006975323254117424,False
52.89,0.11963388487601911,0.006584312773449593,False
52.9,0.11339558921727806,0.00624097451411804,False
52.910000000000004,0.10789155868495046,0.005938048143574959,False
52.92,0.10301491003954048,0.005669651108730904,False
52.93,0.098678337196793,0.005430978328096156,False
52.94,0.09480999241339726,0.005218075503818439,False
52.95,0.09135034375689226,0.005027666165659098,False
52.96,0.08824975605697283,0.004857018533352103,False
52.97,0.085466612294596,0.004703842123140605,False
52.980000000000004,0.08296584183162861,0.004566206745673379,False
52.99,0.08071775931469044,0.0044424786025358,False
53.0,0.07869714202424483,0.004331269506137049,False
53.01,0.07688249197860006,0.004231396267988325,False
53.02,0.07525544222246958,0.004141848022493913,False
53.03,0.07380027687396734,0.0040617598116868,False
53.04,0.0725035414807371,0.003990391140325184,False
53.050000000000004,0.07135372560965005,0.003927108506521564,False
53.06,0.07034100354479808,0.003871371130489101,False
53.07,0.06945702266149441,0.003822719307241419,False
53.08,0.06869473057798794,0.0037807648935087824,False
53.09,0.06804823491295955,0.0037451835891848645,False
53.1,0.0675126902845747,0.0037157087180722105,False
53.11,0.06708420824194732,0.003692126270763164,False
53.120000000000005,0.0667597879938295,0.0036742710921416435,False
53.13,0.06653726478326705,0.003662024040069283,False
53.14,0.06641527380656886,0.003655309999586924,False
53.15,0.06639323065139836,0.003654096806282145,False
53.160000000000004,0.06647132586518513,0.0036583949473499066,False
53.17,0.06665053284119006,0.0036682579956194114,False
53.18,0.06693263257344914,0.003683783971996632,False
53.19,0.06732025406159074,0.0037051175692318903,False
53.2,0.06781692989342078,0.003732453211029123,False
53.21,0.06842717262666817,0.0037660392558824655,False
53.22,0.06915657714254439,0.0038061836303284907,False
53.230000000000004,0.07001194277912624,0.0038532605508243218,False
53.24,0.07100143246231957,0.00390771928186861,False
53.25,0.07213476799155275,0.003970094883977223,False
53.26,0.0734234716851752,0.0040410215131668,False
53.27,0.07488116892901624,0.004121249072377065,False
53.28,0.07652396133588221,0.004211663749120726,False
53.29,0.07837089542203876,0.004313313810119771,False
53.300000000000004,0.08044454829484382,0.004427441835906616,False
53.31,0.08277176998812721,0.00455552557687695,False
53.32,0.08538462588051754,0.004699329821345628,False
53.33,0.08832160624931011,0.004860972965991915,False
53.34,0.09162919113784619,0.005043013141761735,False
53.35,0.09536389511402876,0.0052485607516292564,False
53.36,0.09959496809655974,0.005481427116481883,False
53.370000000000005,0.10440800106572466,0.005746322923307421,False
53.38,0.10990980149297451,0.006049126555135088,False
53.39,0.11623507143186744,0.006397251634391105,False
53.4,0.12355567093543905,0.006800156855354446,False
53.410000000000004,0.13209365838733064,0.007270063687330199,False
53.42,0.1421399003100428,0.007822980606190017,False
53.43,0.15408097707268445,0.008480183908903826,False
53.44,0.16843854543971137,0.009270384117587686,False
53.45,0.18592736225733567,0.01023291944011892,False
53.46,0.2075407740270299,0.011422460875979704,False
53.47,0.23467464269217078,0.012915832743240726,False
53.480000000000004,0.2692978778852173,0.014821398294137778,False
53.49,0.3141552720879168,0.017290223192188904,False
53.5,0.372902475175797,0.02052350413175575,False
53.51,0.44981563255903345,0.024756588137425248,False
53.52,0.5481086999382851,0.03016636229762624,False
53.53,0.6650356031261605,0.036601690407364454,False
53.54,0.7829557047946772,0.04309168136993433,True
53.550000000000004,0.8641881144984987,0.04756248488338086,True
53.56,0.8694957215486028,0.04785460065754189,True
53.57,0.7962644147223592,0.043824155358100685,True
53.58,0.6830567039464095,0.037593521145331016,True
53.59,0.5704790762778856,0.03139756493584493,False
53.6,0.4766799181783293,0.02623512291154913,False
53.61,0.40321835931797795,0.02219200518731072,False
53.620000000000005,0.34621640406000265,0.01905477778300428,False
53.63,0.3015381110439129,0.01659581011087169,False
53.64,0.265992691942897,0.014639490149625052,False
53.65,0.23729043494633437,0.013059798596808291,False
53.660000000000004,0.21379828046954608,0.011766856442855267,False
53.67,0.1943365483194742,0.010695737405619528,False
53.68,0.17803876702736063,0.009798753330816975,False
53.69,0.16425814212790193,0.009040306468996376,False
53.7,0.1525046814683805,0.008393429029273303,False
53.71,0.14240218932412047,0.007837416256319715,False
53.72,0.13365829473628768,0.007356176874316627,False
53.730000000000004,0.12604323090262928,0.0069370651642643045,False
53.74,0.1193745570831591,0.0065700401006127266,False
53.75,0.11350603055154282,0.006247052894742975,False
53.76,0.10831938697354795,0.005961594610099681,False
53.77,0.10371820580485937,0.005708358530929064,False
53.78,0.09962328180183232,0.005482985423239898,False
53.79,0.09596909710249182,0.005281869368057487,False
53.800000000000004,0.09270110843657561,0.0051020084570891615,False
53.81,0.08977364240749168,0.004940888954958867,False
53.82,0.08714824892947495,0.004796394677016198,False
53.83,0.08479240325089069,0.004666735552347183,False
53.84,0.08267847618661564,0.004550390948258872,False
53.85,0.08078291035498551,0.004446064332676244,False
53.86,0.07908555836381188,0.004352646849760709,False
53.870000000000005,0.07756914723196295,0.004269187843179242,False
53.88,0.07621884382819488,0.004194870939079066,False
53.89,0.07502189945299173,0.004128994484871079,False
53.9,0.07396735937897633,0.004070955563150449,False
53.910000000000004,0.07304582385302807,0.004020236837924926,False
53.92,0.0722492519230932,0.003976395757793849,False
53.93,0.07157080020089732,0.003939055681901031,False
53.94,0.07100469018280407,0.003907898577647733,False
53.95,0.07054610061113394,0.003882659096562189,False
53.96,0.07019108010783041,0.0038631197659021476,False
53.97,0.06993647748486573,0.0038491071531354766,False
53.980000000000004,0.06977988885432879,0.00384048895502806,False
53.99,0.06971961777129812,0.00383717180401955,False
54.0,0.06975464879586106,0.003839099813151209,False
54.01,0.06988463378001564,0.003846253821335534,False
54.02,0.07010988970404872,0.0038586512742765904,False
54.03,0.07043140867679908,0.003876346774856384,False
54.04,0.07085088181023841,0.003899433397124697,False
54.050000000000004,0.07137073560715855,0.0039280446889751195,False
54.06,0.07199418354655607,0.0039623575112596255,False
54.07,0.07272529643497429,0.0040025959097287084,False
54.08,0.07356909124152615,0.004049036004261353,False
54.09,0.0745316450272442,0.004102012259216241,False
54.1,0.07562023716170413,0.004161925310634987,False
54.11,0.07684352537588797,0.004229251655696908,False
54.120000000000005,0.07821176660196649,0.004304555807119938,False
54.13,0.0797370880708234,0.004388505213606399,False
54.14,0.08143382747910846,0.00448188898168151,False
54.15,0.08331895605839078,0.004585641160230478,False
54.160000000000004,0.08541260532942783,0.004700869731572944,False
54.17,0.08773873466176932,0.00482889335206729,False
54.18,0.0903259705350173,0.004971287542691526,False
54.19,0.09320868077707373,0.005129943812097108,False
54.2,0.09642834691658372,0.005307145187030208,False
54.21,0.10003534718183227,0.005505664343579581,False
54.22,0.1040912862189443,0.005728891828318252,False
54.230000000000004,0.10867208584598956,0.005981006164722396,False
54.24,0.11387213783501254,0.0062672024106222,False
54.25,0.11980998759567303,0.006594004972174545,False
54.26,0.1266362698274442,0.006969704359855573,False
54.27,0.1345450521091105,0.007404981507743676,False
54.28,0.14379050589676665,0.007913825298392865,False
54.29,0.15471219386214674,0.008514924306860305,False
54.300000000000004,0.167774839678004,0.00923385561791428,False
54.31,0.1836335231502339,0.010106672982864938,False
54.32,0.20324576803937566,0.011186075818219008,False
54.33,0.22807530445645702,0.012552623715240378,False
54.34,0.2604880884716425,0.014336532246133772,False
54.35,0.30458842732797936,0.016763690945745972,False
54.36,0.36818302592239055,0.02026375890961359,False
54.370000000000005,0.46811084390942065,0.02576350514853922,False
54.38,0.6480782724301489,0.03566840658714022,False
54.39,1.0629061268521016,0.058499365754634894,True
54.4,2.847388169562111,0.1567122418138171,True
54.410000000000004,15.05390860646061,0.8285248182869142,True
54.42,3.605054915336428,0.19841208995792614,True
54.43,1.2672501004416488,0.06974588371965337,True
54.44,0.9488924925968082,0.0522243757787387,True
54.45,1.1185370304505273,0.061561134329159224,True
54.46,1.9655399034751884,0.10817779182368391,True
54.47,4.169421173516726,0.2294732225667307,True
54.480000000000004,4.671281548774807,0.25709420706225605,True
54.49,2.5449082783268957,0.14006459876823965,True
54.5,1.3210622481482999,0.07270755308179813,True
54.51,0.8084969244104506,0.044497398309912506,True
54.52,0.5574523771803799,0.03068061203113503,False
54.53,0.4157860493639619,0.022883695523943055,False
54.54,0.3273615461055457,0.018017059395778405,False
54.550000000000004,0.2679952605883761,0.014749705899333441,False
54.56,0.22589991087956415,0.012432896167059027,False
54.57,0.1947634778162832,0.010719234405170409,False
54.58,0.17094996251922312,0.009408605454905499,False
54.59,0.15223952862287762,0.008378835761911214,False
54.6,0.13721112796117269,0.007551714829209502,False
54.61,0.12491844515293264,0.006875160117990862,False
54.620000000000005,0.1147099082756324,0.006313310940986389,False
54.63,0.10612386942579509,0.005840759495123826,False
54.64,0.09882504868020653,0.005439052915787198,False
54.65,0.0925646337307759,0.005094497272865887,False
54.660000000000004,0.08715445602427994,0.004796736298068234,False
54.67,0.08244982437707718,0.004537806595324278,False
54.68,0.07833783740036794,0.004311494389521855,False
54.69,0.07472925587839083,0.004112888205046516,False
54.7,0.07155274093453125,0.003938061750638692,False
54.71,0.06875069896557418,0.003783845236253443,False
54.72,0.06627623841353912,0.0036476578823357282,False
54.730000000000004,0.06409090964351377,0.0035273835290488102,False
54.74,0.062163005783920755,0.0034212771192982934,False
54.75,0.06046627127112242,0.0033278936206570125,False
54.76,0.05897891123955491,0.0032460335049822823,False
54.77,0.05768282616482371,0.003174700625323029,False
54.78,0.05656301745001848,0.003113069501061259,False
54.79,0.05560712471276578,0.0030604598514919644,False
54.800000000000004,0.05480506624337188,0.0030163168076498574,False
54.81,0.054148761732319674,0.0029801956520101158,False
54.82,0.053631922026938846,0.0029517502472864326,False
54.83,0.05324989485625216,0.0029307245455601704,False
54.84,0.05299955909495583,0.00291694676886703,False
54.85,0.05287926227600649,0.002910325970065467,False
54.86,0.05288879908479534,0.002910850849216482,False
54.870000000000005,0.05302942939921716,0.0029185907464583166,False
54.88,0.05330393871682183,0.00293369896774703,False
54.89,0.05371674282620314,0.0029564185456755457,False
54.9,0.05427404477503618,0.002987090878553246,False
54.910000000000004,0.054984051706674995,0.0030261676644828513,False
54.92,0.05585726519840823,0.0030742268807619688,False
54.93,0.0569068657188859,0.003131993943339285,False
54.94,0.05814921243636055,0.0032003692148553672,False
54.95,0.0596044986923871,0.0032804640800727885,False
54.96,0.061297608047098086,0.003373648060202027,False
54.97,0.06325924711956835,0.0034816111612511074,False
54.980000000000004,0.06552744874533178,0.003606446603590463,False
54.99,0.06814959506875656,0.0037507621672710372,False
55.0,0.07118517462096144,0.003917831933843596,False
55.01,0.07470959281244913,0.00411180600516327,False
55.02,0.07881953063399032,0.004338005431224721,False
55.03,0.08364062661763759,0.004603345003704978,False
55.04,0.08933872701175084,0.004916952433976422,False
55.050000000000004,0.09613677748036294,0.00529109802476305,False
55.06,0.10434090587871833,0.0057426301927963235,False
55.07,0.11438203438935145,0.00629526568382737,False
55.08,0.1268848267862369,0.006983384236258521,False
55.09,0.14278716585591844,0.007858604282591893,False
55.1,0.16355860621421794,0.009001805978464538,False
55.11,0.19162689582322148,0.010546605748136569,False
55.120000000000005,0.23128213680276452,0.012729118754267037,False
55.13,0.29080875198836553,0.016005296345030347,False
55.14,0.3882915533308743,0.021370475739951017,False
55.15,0.5710909835105086,0.031431242590065564,False
55.160000000000004,1.0073593910944016,0.055442229541496954,True
55.17,2.8408145819680732,0.1563504500287583,True
55.18,10.526348558075561,0.5793406386538963,True
55.19,4.621906930667696,0.2543767668568848,True
55.2,1.2874613265302879,0.07085825279669553,True
55.21,0.6765394892962586,0.03723483196865861,False
55.22,0.4430463451476092,0.024384025584463075,False
55.230000000000004,0.3242867497536752,0.017847831246777326,False
55.24,0.25386621157845307,0.013972082753774456,False
55.25,0.20789034424552363,0.01144170023828271,False
55.26,0.17582455690750332,0.009676889429210949,False
55.27,0.152359390946063,0.008385432647287147,False
55.28,0.1345507536979701,0.007405295307169282,False
55.29,0.12064462670153243,0.006639941162674635,False
55.300000000000004,0.10953577556485306,0.0060285412193108465,False
55.31,0.10049573358938288,0.005531002717461693,False
55.32,0.09302631751009076,0.0051199070504434315,False
55.33,0.08677617737914024,0.004775916904652249,False
55.34,0.081490981225815,0.004485034563260511,False
55.35,0.07698248067952733,0.00423689936505316,False
55.36,0.07310864092857661,0.004023694113205701,False
55.370000000000005,0.06976049926806553,0.0038394218066976574,False
55.38,0.06685324852020816,0.0036794148968277993,False
55.39,0.06432005000469394,0.0035399947704926123,False
55.4,0.062107653789395215,0.003418230701095222,False
55.410000000000004,0.0601732438268986,0.0033117662137273317,False
55.42,0.058482128903697944,0.003218692001502754,False
55.43,0.057006029631638824,0.003137451646381203,False
55.44,0.05572179201228522,0.003066770817366769,False
55.45,0.054610411203957966,0.0030056035413895702,False
55.46,0.05365628452426299,0.0029530910906644665,False
55.47,0.05284663660147506,0.0029085303446389223,False
55.480000000000004,0.05217107467975021,0.0028713493152417845,False
55.49,0.05162124547814276,0.0028410882613680317,False
55.5,0.05119057152715876,0.0028173851775837454,False
55.51,0.05087405123878735,0.0027999647905425683,False
55.52,0.050668111633902134,0.002788630453515813,False
55.53,0.05057050570598236,0.002783258497580146,False
55.54,0.05058024882353092,0.0027837947313854323,False
55.550000000000004,0.05069759155446,0.0027902529454852964,False
55.56,0.05092402622739405,0.0028027152734528002,False
55.57,0.051262329280402794,0.002821334522635679,False
55.58,0.051716640538892675,0.0028463385373886643,False
55.59,0.05229258444090297,0.002878036870973056,False
55.6,0.0529974370386063,0.00291682997684993,False
55.61,0.053840354625727796,0.0029632217916906924,False
55.620000000000005,0.05483266913391315,0.00301783599316292,False
55.63,0.055988275087497735,0.003081437296833253,False
55.64,0.0573241297391636,0.0031549589822282473,False
55.65,0.05886090376272792,0.0032395387051365717,False
55.660000000000004,0.060623829370399514,0.0033365651755990406,False
55.67,0.06264381580801223,0.0034477395516309805,False
55.68,0.06495892902656554,0.0035751568761849717,False
55.69,0.06761637917643815,0.003721415463246196,False
55.7,0.07067522219176119,0.003889765585443103,False
55.71,0.07421009028624823,0.004084314790052741,False
55.72,0.0783164298602909,0.004310316178685322,False
55.730000000000004,0.08311799634438818,0.004574580902401123,False
55.74,0.08877781582190508,0.004886081458617729,False
55.75,0.09551460879695133,0.005256855609132455,False
55.76,0.10362810083516927,0.005703399406651719,False
55.77,0.11353930213037423,0.006248884068926775,False
55.78,0.1258570614493526,0.006926818920814916,False
55.79,0.14149300345949783,0.007787377221742861,False
55.800000000000004,0.1618708244896494,0.008908915216124184,False
55.81,0.18933285900860178,0.010420348409616486,False
55.82,0.22799635988735573,0.012548278828043354,False
55.83,0.2857552790661429,0.01572716739898337,False
55.84,0.3796667941291341,0.02089579323474945,False
55.85,0.5536946110106123,0.03047379514295257,False
55.86,0.9594906259551946,0.052807667251039074,True
55.870000000000005,2.5561173604331784,0.14068151514245528,True
55.88,10.603636760547628,0.583594364087131,True
55.89,5.3589286317126,0.29494036976528004,True
55.9,1.3679421594141157,0.07528769163439619,True
55.910000000000004,0.7011219716760635,0.03858778270585308,True
55.92,0.4541007649621894,0.02499242978084644,False
55.93,0.330343519426887,0.0181811788260731,False
55.94,0.25761395827252576,0.014178348198176009,False
55.95,0.2104109378880296,0.01158042662783553,False
55.96,0.17762665173573852,0.009776071663481893,False
55.97,0.1537095806603389,0.008459743294237217,False
55.980000000000004,0.13560050006246652,0.007463070396591473,False
55.99,0.12148555514637609,0.006686223500715227,False
56.0,0.11022620314964991,0.00606654041302115,False
56.01,0.10107439226405456,0.005562850464503065,False
56.02,0.09351989663905061,0.005147072258418467,False
56.03,0.08720368082920522,0.0047994454929771516,False
56.04,0.08186635104786127,0.004505693863229146,False
56.050000000000004,0.07731623386602625,0.004255268202371465,False
56.06,0.07340892200054767,0.0040402207394191125,False
56.07,0.07003377538058965,0.003854462155844857,False
56.08,0.06710477956133566,0.0036932584583633226,False
56.09,0.06455421326579644,0.003552882458230477,False
56.1,0.062328172885673314,0.0034303674523502546,False
56.11,0.06038335318838023,0.0033233300424373876,False
56.120000000000005,0.0586846942072312,0.0032298406264671103,False
56.13,0.05720363787493822,0.0031483274486828966,False
56.14,0.0559168204364332,0.003077504633673362,False
56.15,0.054805081239008555,0.0030163176329675526,False
56.160000000000004,0.05385270554223587,0.0029639015514210747,False
56.17,0.05304684229196046,0.0029195491031331934,False
56.18,0.052377054943494025,0.002882685890017839,False
56.19,0.05183497519498522,0.002852851344261561,False
56.2,0.05141403811777854,0.0028296841506429407,False
56.21,0.051109281744086,0.0028129112164013296,False
56.22,0.050917201063521066,0.002802339635616443,False
56.230000000000004,0.05083564707913663,0.002797851133536413,False
56.24,0.050863766932419674,0.002799398771225776,False
56.25,0.05100198034821556,0.0028070056491603184,False
56.26,0.0512519928803748,0.00282076563623024,False
56.27,0.05161684552894659,0.0028408461005310338,False
56.28,0.05210100427659081,0.002867492837195942,False
56.29,0.052710492538856436,0.0029010373580870092,False
56.300000000000004,0.05345307722247399,0.0029419071319205527,False
56.31,0.054338515301480185,0.0029906391551240206,False
56.32,0.05537887829228825,0.003047897810031873,False
56.33,0.056588973718992054,0.0031144980611513278,False
56.34,0.05798689293740229,0.003191435605857562,False
56.35,0.05959472379529005,0.003279926097210475,False
56.36,0.06143948332594724,0.0033814564767867704,False
56.370000000000005,0.06355434791609497,0.0034978526796640478,False
56.38,0.06598029317410602,0.0036313698881586575,False
56.39,0.06876830497539306,0.003784814221549374,False
56.4,0.07198240068485628,0.003961709015669283,False
56.410000000000004,0.07570382713767838,0.004166525867969641,False
56.42,0.08003699078159847,0.004405011015883027,False
56.43,0.0851180053701246,0.004684655777833096,False
56.44,0.09112729925313663,0.005015390423074563,False
56.45,0.09830867878268652,0.005410633367967704,False
56.46,0.1069990278548949,0.005888925755289043,False
56.47,0.11767616127042174,0.0064765651686921515,False
56.480000000000004,0.13103905780831215,0.007212021435584259,False
56.49,0.1481488475152265,0.008153696171258204,False
56.5,0.17069099880480768,0.009394352819922921,False
56.51,0.2014980631153875,0.011089887051406316,False
56.52,0.245687755777932,0.013521963533369052,False
56.53,0.3134428594412189,0.017251014002464093,False
56.54,0.4279646772477609,0.023553972972690025,False
56.550000000000004,0.6542359223561662,0.03600730633201036,False
56.56,1.253643985299412,0.06899704138438274,True
56.57,4.689112854542637,0.2580755920139868,True
56.58,10.278658645039286,0.5657084820124105,True
56.59,2.8754779041118734,0.15825822185275407,True
56.6,1.0434322753825185,0.057427579704116535,True
56.61,0.5931960776044656,0.03264784483910212,False
56.620000000000005,0.40305991301769073,0.022183284748281528,False
56.63,0.3014078860430225,0.016588642892840826,False
56.64,0.23929338203969552,0.013170035175224422,False
56.65,0.19791716048154023,0.01089280423513771,False
56.660000000000004,0.16864130772788657,0.009281543584033079,False
56.67,0.14698525449232458,0.008089655281741577,False
56.68,0.13041122335616753,0.007177467191967146,False
56.69,0.117382390047833,0.006460396826291773,False
56.7,0.10691777165794442,0.005884453642592398,False
56.71,0.09836397779479547,0.0054136768701674816,False
56.72,0.0912702790608115,0.005023259629821419,False
56.730000000000004,0.08531647563889928,0.004695579023594089,False
56.74,0.08026935248225356,0.00441779955079744,False
56.75,0.07595538007000943,0.004180370634335479,False
56.76,0.07224303525112884,0.003976053609641879,False
56.77,0.06903102536111916,0.0037992736131621653,False
56.78,0.06624024887058433,0.003645677119045851,False
56.79,0.06380818646838259,0.003511823240128195,False
56.800000000000004,0.061684911943293126,0.0033949641780691895,False
56.81,0.05983020662595329,0.0032928864103481024,False
56.82,0.058211439888173344,0.003203794038902959,False
56.83,0.05680199214207786,0.0031262219964356954,False
56.84,0.055580067562564735,0.003058970701993338,False
56.85,0.05452779169019747,0.0030010563955675217,False
56.86,0.053630520357421205,0.0029516731033357975,False
56.870000000000005,0.05287630790457746,0.0029101633697657453,False
56.88,0.05225549683615733,0.002875995673448488,False
56.89,0.051760402369854415,0.0028487470655651883,False
56.9,0.051385072230462424,0.002828089949618311,False
56.910000000000004,0.05112510694661069,0.002813782191069031,False
56.92,0.05097753142732691,0.002805660049272201,False
56.93,0.05094070992139409,0.0028036334970783774,False
56.94,0.051014300888688885,0.002807683737079125,False
56.95,0.05119924812728003,0.0028178627132674507,False
56.96,0.05149780911711534,0.002834294670994675,False
56.97,0.05191362124832002,0.002857179801989824,False
56.980000000000004,0.052451809890173645,0.002886800192172377,False
56.99,0.053119142975632666,0.0029235283295499016,False
57.0,0.053924244052077394,0.0029678388299323533,False
57.01,0.0548778715373104,0.0030203238063973357,False
57.02,0.05599328581750708,0.003081713073329511,False
57.03,0.05728672445078597,0.0031529003002894753,False
57.04,0.058778021773125855,0.003234977113381933,False
57.050000000000004,0.06049141555178333,0.0033292774911925756,False
57.06,0.06245660720673301,0.0034374361163962237,False
57.07,0.06471016703381473,0.0035614657152892486,False
57.08,0.06729741637469779,0.0037038606471342657,False
57.09,0.07027498110358907,0.003867737440891565,False
57.1,0.07371430797647734,0.004057028325198257,False
57.11,0.07770658526156024,0.00427675204603676,False
57.120000000000005,0.08236975851117534,0.0045333999951029345,False
57.13,0.0878587490007452,0.0048354986039650695,False
57.14,0.09438069081828135,0.005194447950643907,False
57.15,0.10221828492926328,0.005625807101703257,False
57.160000000000004,0.11176672923216208,0.006151326638708203,False
57.17,0.12359428509765336,0.006802282070311455,False
57.18,0.13854595157276206,0.0076251797690565885,False
57.19,0.15793023973706183,0.008692036506984113,False
57.2,0.18387722432025588,0.010120085610301914,False
57.21,0.2200801105321778,0.012112590713416574,False
57.22,0.2734910924417645,0.015052181037631404,False
57.230000000000004,0.3587480854260578,0.019744486303101473,False
57.24,0.5121112776703722,0.02818516535250063,False
57.25,0.850219114674243,0.04679367039515722,True
57.26,1.9982622120973965,0.10997873571897952,True
57.27,10.498849403109983,0.5778271624553546,True
57.28,7.987046300433128,0.4395845795075136,True
57.29,1.6415054637462065,0.09034384701150812,True
57.300000000000004,0.7800772512807229,0.04293325937887928,True
57.31,0.48916953191482815,0.026922516147553335,False
57.32,0.3495516018411502,0.019238337694772994,False
57.33,0.2695254771105167,0.014833924715794311,False
57.34,0.21843039299812073,0.012021794897136489,False
57.35,0.18335063544615274,0.01009110363873335,False
57.36,0.15797742619481314,0.008694633516993676,False
57.370000000000005,0.13889207810124488,0.007644229600340434,False
57.38,0.12409347320649201,0.006829755980774087,False
57.39,0.11233822892021883,0.006182780375247764,False
57.4,0.10281612519305917,0.005658710549497109,False
57.410000000000004,0.0949782975607432,0.0052273385460798825,False
57.42,0.08844073674236783,0.0048675295734945485,False
57.43,0.08292736325533816,0.004564088992984531,False
57.44,0.07823503387405338,0.004305836372379219,False
57.45,0.0742112598829922,0.004084379161370191,False
57.46,0.07073958267302934,0.0038933078054366977,False
57.47,0.06772971748331406,0.0037276532851012465,False
57.480000000000004,0.06511075506922318,0.003583512954841524,False
57.49,0.0628263749741689,0.0034577870950245715,False
57.5,0.06083141402233618,0.0033479900513918408,False
57.51,0.05908936574267182,0.0032521126103838274,False
57.52,0.057570532521312584,0.0031685202988033833,False
57.53,0.056250643224360866,0.0030958773016586784,False
57.54,0.05510980715995771,0.00303308889117576,False
57.550000000000004,0.0541317165538972,0.0029792575332979374,False
57.56,0.05330303432714026,0.0029336491926808877,False
57.57,0.052612921795588276,0.002895667338615675,False
57.58,0.052052675271848224,0.002864832944611291,False
57.59,0.05161544737614893,0.0028407691501307823,False
57.6,0.05129603644176177,0.0028231896700575206,False
57.61,0.05109073196198432,0.002811890288531576,False
57.620000000000005,0.05099720722253163,0.0028067429497383063,False
57.63,0.05101445384669391,0.0028076921554578086,False
57.64,0.05114275418465575,0.002814753445450652,False
57.65,0.05138369068254831,0.002828013913104179,False
57.660000000000004,0.051740192498495895,0.002847634771048684,False
57.67,0.05221662229467596,0.0028738561279484567,False
57.68,0.052818906434977345,0.0029070041542149463,False
57.69,0.05355471831735172,0.0029475011721041043,False
57.7,0.05443372308811501,0.0029958791241037224,False
57.71,0.055467899372314514,0.003052797280068566,False
57.72,0.05667195814780344,0.0031190652908721253,False
57.730000000000004,0.05806388744294094,0.0031956731670370634,False
57.74,0.05966566085422201,0.0032838302735541647,False
57.75,0.06150416539396669,0.0033850163960112856,False
57.76,0.06361242481066458,0.0035010490687067777,False
57.77,0.06603123037760407,0.0036341733286720506,False
57.78,0.06881133916943526,0.0037871827026349863,False
57.79,0.07201647665201749,0.003963584461125891,False
57.800000000000004,0.07572750813507319,0.004167829203507029,False
57.81,0.0800483275416134,0.0044056349592904755,False
57.82,0.08511434398769106,0.004684454265634855,False
57.83,0.09110498821081733,0.005014162486014054,False
57.84,0.0982626147566677,0.0054080981334459245,False
57.85,0.10692192647975189,0.005884682312306892,False
57.86,0.11755734234596615,0.006470025709049666,False
57.870000000000005,0.13086233319218235,0.007202295009425212,False
57.88,0.1478886534678086,0.00813937582220522,False
57.89,0.17030485460149983,0.009373100528292768,False
57.9,0.20091068104469822,0.01105755919316663,False
57.910000000000004,0.24475407548367673,0.013470576394230719,False
57.92,0.3118500218857724,0.017163348700336475,False
57.93,0.424919913874082,0.023386397754396136,False
57.94,0.6471549596033416,0.0356175900442708,False
57.95,1.2291697642760582,0.06765004904796151,True
57.96,4.432781849725315,0.24396785396803972,True
57.97,10.225145533827021,0.562763270778427,True
57.980000000000004,3.008218299628419,0.16556388013391832,True
57.99,1.0675941877286503,0.05875738344873685,True
58.0,0.6022461833799289,0.033145937224216986,False
58.01,0.407619171581509,0.022434213525110252,False
58.02,0.30410452345582967,0.016737058236711913,False
58.03,0.24105766305874204,0.013267136243719366,False
58.04,0.19915447048843488,0.010960902300259949,False
58.050000000000004,0.1695542883962304,0.009331791473940846,False
58.06,0.1476856102804132,0.008128200895856258,False
58.07,0.13096522528234383,0.00720795790087306,False
58.08,0.11783167654046854,0.006485124292055041,False
58.09,0.10728974081491387,0.005904925779513316,False
58.1,0.0986773578173122,0.005430924425802235,False
58.11,0.09153828972019805,0.005038010183227323,False
58.120000000000005,0.08554870961458325,0.004708360528885082,False
58.13,0.08047294058469184,0.00442900446773879,False
58.14,0.07613573800238349,0.0041902970280085945,False
58.15,0.07240435658277841,0.003984932282316523,False
58.160000000000004,0.0691766154736835,0.00380728648375346,False
58.17,0.06637275645533436,0.003652969964076778,False
58.18,0.06392976727483186,0.003518514705992903,False
58.19,0.061797346824353304,0.0034011522779065642,False
58.2,0.059934988018962826,0.0032986532837145197,False
58.21,0.058309836250163685,0.003209209498108228,False
58.22,0.056895096657874095,0.0031313462073000197,False
58.230000000000004,0.055668835462165514,0.003063856237691016,False
58.24,0.05461306935860323,0.0030057498387500775,False
58.25,0.05371306828844731,0.00295621630944534,False
58.26,0.05295681923942837,0.002914594487345984,False
58.27,0.05233461247339343,0.002880349975754838,False
58.28,0.05183872368078137,0.002853057650384064,False
58.29,0.05146317198816694,0.002832388340770534,False
58.300000000000004,0.05120353900046022,0.0028180988708671043,False
58.31,0.05105683958369007,0.0028100249472901985,False
58.32,0.05102143644556671,0.002808076458074059,False
58.33,0.051096994839922034,0.00281223497973045,False
58.34,0.051284474082299004,0.0028225533102905465,False
58.35,0.05158615641387085,0.0028391570578939207,False
58.36,0.052005714282365854,0.002862248343741537,False
58.370000000000005,0.05254831988148936,0.0028921118308376606,False
58.38,0.05322080156086878,0.002929123332353619,False
58.39,0.054031859796634614,0.0029737616980415574,False
58.4,0.054992349802684824,0.003026624368364109,False
58.410000000000004,0.05611565326630997,0.003088447833778378,False
58.42,0.05741816001487083,0.0031601341443160767,False
58.43,0.05891989554678967,0.0032427854471255065,False
58.44,0.06064533912785038,0.00333774901219253,False
58.45,0.06262449914033495,0.0034466764165346003,False
58.46,0.06489433883430931,0.0035716020135442323,False
58.47,0.06750068796701805,0.003715048144248322,False
58.480000000000004,0.07050083843267453,0.0038801679934763597,False
58.49,0.07396711777318898,0.004070942265846985,False
58.5,0.07799190050476809,0.004292454995098894,False
58.51,0.08269475449312017,0.004551286860496102,False
58.52,0.08823286229855021,0.004856088748371127,False
58.53,0.09481658208483354,0.0052184381808129685,False
58.54,0.10273332715868483,0.005654153578402234,False
58.550000000000004,0.11238539174760254,0.00618537608470831,False
58.56,0.12435209726155665,0.0068439899218606624,False
58.57,0.13949640815711511,0.007677490228049462,False
58.58,0.15915750619883223,0.008759581803611699,False
58.59,0.18552114789325833,0.010210562543250404,False
58.6,0.22238980261971547,0.012239709674156418,False
58.61,0.27695303900505086,0.015242716846121359,False
58.620000000000005,0.3644415690736373,0.0200578396406198,False
58.63,0.522930998704775,0.02878065238768141,False
58.64,0.8768161484799706,0.04825749638061618,True
58.65,2.1159150211396995,0.11645401564667118,True
58.660000000000004,10.542228696676961,0.5802146368488534,True
58.67,7.298503878618206,0.40168913986918525,True
58.68,1.5752981360375005,0.08669998178068186,True
58.69,0.7625051979710576,0.041966142953775556,True
58.7,0.48170956743108134,0.02651194066978867,False
58.71,0.34559125928047224,0.0190203715714081,False
58.72,0.2671299700973392,0.014702082742743792,False
58.730000000000004,0.21685244575770843,0.011934949116096749,False
58.74,0.18224714700095118,0.010030370736239844,False
58.75,0.15717098660182952,0.008650249348423036,False
58.76,0.13828261792862134,0.0076106866254243176,False
58.77,0.12362066982506092,0.006803734211549481,False
58.78,0.11196376383378918,0.006162170869384565,False
58.79,0.10251460651145117,0.00564211580872778,False
58.800000000000004,0.09473230483611748,0.005213799797918295,False
58.81,0.08823796843698475,0.004856369775878947,False
58.82,0.08275891988795035,0.004554818343480474,False
58.83,0.07809434467758583,0.004298093234435085,False
58.84,0.07409338996672206,0.004077891932470893,False
58.85,0.07064077271681726,0.003887869583167937,False
58.86,0.06764707050027384,0.0037231046274472488,False
58.870000000000005,0.06504201841927114,0.0035797298828234886,False
58.88,0.06276978602527157,0.0034546725983295346,False
58.89,0.06078558857474928,0.0033454679475563914,False
58.9,0.059053216886797856,0.0032501230789586536,False
58.910000000000004,0.05754321035060571,0.0031670165633209983,False
58.92,0.05623148955279636,0.0030948231374102186,False
58.93,0.055098322102931224,0.003032456785917608,False
58.94,0.0541275328413114,0.0029790272735162066,False
58.95,0.0533058979266361,0.0029338067971485353,False
58.96,0.05262267798148766,0.00289620429166626,False
58.97,0.05206925802945601,0.0028657456129815365,False
58.980000000000004,0.05163887230494282,0.0028420583923720972,False
58.99,0.051326396247592054,0.00282486058843934,False
59.0,0.051128194491381604,0.0028139521208551846,False
59.01,0.05104201561511774,0.002809209077725107,False
59.02,0.05106692885646436,0.0028105802325061845,False
59.03,0.051203298780994985,0.002818085649862913,False
59.04,0.05145279719562831,0.002831817341349218,False
59.050000000000004,0.05181845234845933,0.0028519419732288736,False
59.06,0.05230473861957072,0.00287870580280567,False
59.07,0.0529177115311174,0.0029124421089990037,False
59.08,0.053665194601248876,0.0029535814762585762,False
59.09,0.054557030586269685,0.0030026656222267526,False
59.1,0.055605410601895076,0.003060365511647423,False
59.11,0.0568253029774254,0.003127504959294401,False
59.120000000000005,0.058235010009805854,0.0032050912721500236,False
59.13,0.05985689406744738,0.0032943552121186236,False
59.14,0.0617183277248561,0.0033968032887660288,False
59.15,0.06385294839887631,0.0035142868109720206,False
59.160000000000004,0.06630233185090763,0.003649093991788721,False
59.17,0.06911825070473396,0.0038040742509139747,False
59.18,0.07236576473400982,0.00398280829542885,False
59.19,0.0761275168349397,0.004189844558059391,False
59.2,0.08050981147790788,0.00443103373806987,False
59.21,0.0856513876480912,0.00471401163925636,False
59.22,0.09173637510642206,0.005048912246134502,False
59.230000000000004,0.09901392286987519,0.005449448020325507,False
59.24,0.10782883474570501,0.005934595994254531,False
59.25,0.11867104395050364,0.006531320715127307,False
59.26,0.1322587792157699,0.007279151473629055,False
59.27,0.14968515914161015,0.008238250445125345,False
59.28,0.17269182458975185,0.009504472647486058,False
59.29,0.20421701334947612,0.011239530430246987,False
59.300000000000004,0.24959576683372198,0.013737049477790957,False
59.31,0.31951422970175014,0.017585165157048648,False
59.32,0.43855336622156743,0.02413674465260807,False
59.33,0.6765975324958665,0.03723802650322535,False
59.34,1.3227424803766707,0.07280002834108683,True
59.35,5.278849629199554,0.2905330465417788,True
59.36,10.199099028634013,0.5613297443404636,True
59.370000000000005,2.6668845159233245,0.14677782805186446,True
59.38,1.0086945353465444,0.05551571212849889,True
59.39,0.5809025955029608,0.03197124613702874,False
59.4,0.3971456863488745,0.02185778233530782,False
59.410000000000004,0.29805062313101743,0.016403868578287288,False
59.42,0.23718094262329967,0.01305377244709411,False
59.43,0.19649201611460235,0.01081436829477714,False
59.44,0.16763070160254925,0.009225922663364316,False
59.45,0.14624163568339618,0.0080487285925575,False
59.46,0.1298485225250846,0.007146497719784832,False
59.47,0.11694737301183307,0.006436454711315143,False
59.480000000000004,0.10657593992734105,0.005865640184912622,False
59.49,0.09809211197379089,0.005398714139501668,False
59.5,0.0910522581605795,0.005011260372255186,False
59.51,0.08514081629039022,0.0046859112267707845,False
59.52,0.08012770024645534,0.004410003409875322,False
59.53,0.07584155137833683,0.004174105823079524,False
59.54,0.07215239026049822,0.003971064764129783,False
59.550000000000004,0.06896004674954992,0.00379536714987811,False
59.56,0.06618625202303621,0.0036427052843235603,False
59.57,0.06376911643476928,0.0035096729352906836,False
59.58,0.061659198395734215,0.003393548976683576,False
59.59,0.05981665871879989,0.0032921407716169342,False
59.6,0.058209169460085246,0.0032036690809223905,False
59.61,0.05681035667567728,0.003126682356855151,False
59.620000000000005,0.05559862781766304,0.0030599922062673895,False
59.63,0.05455628037882005,0.0030026243329173024,False
59.64,0.05366881890099823,0.002953780947530108,False
59.65,0.052924429454991956,0.002912811844647262,False
59.660000000000004,0.052313574978217016,0.002879192131149566,False
59.67,0.05182868356088428,0.002852505070404287,False
59.68,0.05146391211110614,0.002832429075056874,False
59.69,0.05121497009979567,0.0028187280064455983,False
59.7,0.051078994234218175,0.0028112442769860847,False
59.71,0.05105446670018553,0.0028098943504514767,False
59.72,0.0511411731904541,0.00281466643197343,False
59.730000000000004,0.051340198105891716,0.002825620203927828,False
59.74,0.051653957047213095,0.0028428886141885776,False
59.75,0.05208626801654162,0.002866681794861445,False
59.76,0.05264246544355061,0.0028972933379623846,False
59.77,0.05332956345771387,0.0029351092814633036,False
59.78,0.05415647642915676,0.0029806202472406423,False
59.79,0.05513431228588422,0.003034437584431188,False
59.800000000000004,0.05627675377049288,0.003097314352729927,False
59.81,0.057600555265333774,0.003170172666250596,False
59.82,0.059126187840382066,0.0032541391951474174,False
59.83,0.060878683009158455,0.0033505916035695073,False
59.84,0.0628887416898387,0.003461219583763429,False
59.85,0.06519420568315434,0.0035881058420810267,False
59.86,0.06784203466901738,0.003733834907316981,False
59.870000000000005,0.07089099262224091,0.0039016409834794763,False
59.88,0.07441535602987981,0.004095612039650091,False
59.89,0.07851011898538937,0.0043209762837365445,False
59.9,0.0832984376413079,0.004584511884224522,False
59.910000000000004,0.08894250852574404,0.004895145682141897,False
59.92,0.09565986029637501,0.005264849843408214,False
59.93,0.10374843295446663,0.0057100221482852195,False
59.94,0.11362645186954368,0.00625368054562241,False
59.95,0.12589822245505508,0.0069290843068792055,False
59.96,0.14146758388652492,0.007785978199892198,False
59.97,0.16174409881358484,0.008901940591096329,False
59.980000000000004,0.18904260645927579,0.010404373725102696,False
59.99,0.22742203955755186,0.012516669851309895,False
60.0,0.2846378809511733,0.01566566894736118,False
60.01,0.3773633962910995,0.02076902069181126,False
60.02,0.5482225772182859,0.030172629783047213,False
60.03,0.9419870413127499,0.05184431914893705,True
60.04,2.4364971103449147,0.13409795278940098,True
60.050000000000004,10.490835847478012,0.577386118876748,True
60.06,5.834173714673734,0.3210965233793081,True
60.07,1.429092340880216,0.07865322574994604,True
60.08,0.7207952824594022,0.03967054643638831,True
60.09,0.4633564449273259,0.02550183639156185,False
60.1,0.33561792727847567,0.018471467409659503,False
60.11,0.26098980659584287,0.014364145401530899,False
60.120000000000005,0.2127476930932185,0.011709035066505688,False
60.13,0.17933840568343726,0.009870281789605572,False
60.14,0.15501858591120488,0.008531787264076711,False
60.15,0.13663596315611284,0.007520059374931487,False
60.160000000000004,0.12232737377436449,0.006732554831934104,False
60.17,0.11092628520803052,0.006105070961822064,False
60.18,0.10166786082057433,0.0055955133058158205,False
60.19,0.0940313476420168,0.005175221084107057,False
60.2,0.0876508568920625,0.004824056806617124,False
60.21,0.08226239083501438,0.0045274907799810245,False
60.22,0.07767109895990687,0.0042747989797336725,False
60.230000000000004,0.0737303307083275,0.0040579101713248454,False
60.24,0.07032783021628061,0.003870646107513242,False
60.25,0.06737639921457718,0.003708207640647351,False
60.26,0.0648074361794699,0.0035668191356756514,False
60.27,0.06256637517371905,0.0034434774367787455,False
60.28,0.060609407257119545,0.003335771423019762,False
60.29,0.05890108696488992,0.0032417502756422654,False
60.300000000000004,0.057412559817870405,0.0031598259252134204,False
60.31,0.056120234011227774,0.0030886999451037395,False
60.32,0.05500477457698882,0.0030273081930199896,False
60.33,0.05405033526031289,0.0029747785356341702,False
60.34,0.05324396850702227,0.0029303983759555075,False
60.35,0.05257517057833013,0.002893589617723608,False
60.36,0.052035531901691676,0.0028638894217020523,False
60.370000000000005,0.051618468800501936,0.0028409354408349763,False
60.38,0.05131902234564661,0.002824454749601791,False
60.39,0.05113371134707694,0.002814255753086653,False
60.4,0.05106043215455732,0.0028102226722932387,False
60.410000000000004,0.0510983993873347,0.0028123122820723385,False
60.42,0.05124812502530948,0.0028205527603586693,False
60.43,0.05151143437830149,0.0028350445670743897,False
60.44,0.051891520021076436,0.0028559634125613635,False
60.45,0.052393036549871555,0.0028835654727140028,False
60.46,0.053022241201480066,0.0029181951282584435,False
60.47,0.05378718861922477,0.0029602956841243123,False
60.480000000000004,0.05469798986013741,0.0030104236244718964,False
60.49,0.05576715348063298,0.003069267385088983,False
60.5,0.05701002800814725,0.0031376717057861516,False
60.51,0.05844537802813062,0.0032166693366057295,False
60.52,0.06009613397327073,0.0033075223041132036,False
60.53,0.06199037619271404,0.003411776071801293,False
60.54,0.06416263510554632,0.0035313310968832236,False
60.550000000000004,0.06665562629875081,0.00366853832520758,False
60.56,0.06952259912033083,0.0038263284512226724,False
60.57,0.0728305533890856,0.004008388956641527,False
60.58,0.076664721151538,0.004219410773746494,False
60.59,0.08113492350593743,0.004465438147115496,False
60.6,0.0863847696633466,0.004754374924088819,False
60.61,0.09260528074827373,0.005096734370464037,False
60.620000000000005,0.10005560505782654,0.005506779280136312,False
60.63,0.10909547156645544,0.0060043081247837,False
60.64,0.12023784619665474,0.006617553107007697,False
60.65,0.13423791910321192,0.007388077770345348,False
60.660000000000004,0.15225097626653128,0.008379465808042481,False
60.67,0.17612939568782798,0.009693666898881974,False
60.68,0.20902335790275348,0.011504058125460934,False
60.69,0.256712929683269,0.014128758117107966,False
60.7,0.3309425964680202,0.018214150342615438,False
60.71,0.45929842437979773,0.02527849434634029,False
60.72,0.7229119992924523,0.039787044581508904,True
60.730000000000004,1.4806768454358417,0.08149229189420495,True
60.74,6.902879421841225,0.37991508173385596,True
60.75,10.143438640359728,0.5582663530122514,True
60.76,2.2717003071579716,0.12502799992970787,True
60.77,0.9312909359673255,0.051255635573836014,True
60.78,0.5515131034495196,0.03035373109826519,False
60.79,0.3823664942739705,0.021044377142783125,False
60.800000000000004,0.28937423101008236,0.015926344342335794,False
60.81,0.23156313030833647,0.012744583847036625,False
60.82,0.19260083027045574,0.010600208362714142,False
60.83,0.16479973326810177,0.00907011412312464,False
60.84,0.14410379556034555,0.007931067880925648,False
60.85,0.12818639241835708,0.007055018750392483,False
60.86,0.11562467452959482,0.006363657104507931,False
60.870000000000005,0.10550327803876004,0.005806603889452554,False
60.88,0.09720861750388007,0.005350089087079986,False
60.89,0.09031517631059933,0.004970693458918452,False
60.9,0.0845193168526914,0.004651705644543199,False
60.910000000000004,0.0795990482510125,0.004380907889906951,False
60.92,0.07538865568572964,0.0041491797170940484,False
60.93,0.07176218760250876,0.003949589106560888,False
60.94,0.06862240836342984,0.0037767844820926306,False
60.95,0.06589322729631449,0.0036265780269575565,False
60.96,0.06351439863957052,0.003495653983767959,False
60.97,0.06143774115866585,0.0033813605927962417,False
60.980000000000004,0.059624395792508576,0.003281559160539499,False
60.99,0.058042807432724046,0.0031945129825234585,False
61.0,0.0566672197789999,0.00311880450437112,False
61.01,0.05547654055931829,0.003053272866713819,False
61.02,0.05445347783554288,0.0029969663698782814,False
61.03,0.05358387833833633,0.0029491060577002044,False
61.04,0.0528562176498996,0.0029090576586151434,False
61.050000000000004,0.05226120753455961,0.00287630997423772,False
61.06,0.05179149477549356,0.0028504583041813985,False
61.07,0.0514414319337951,0.0028311918292818,False
61.08,0.05120690812039828,0.0028182842977590456,False
61.09,0.05108522897783836,0.0028115874197511977,False
61.1,0.05107504032889143,0.0028110266651499823,False
61.11,0.05117629058851964,0.0028165991948599055,False
61.120000000000005,0.0513902308496595,0.002828373865519795,False
61.13,0.05171945217134889,0.0028464932817365124,False
61.14,0.05216796205894388,0.0028711780053411215,False
61.15,0.052741304579467435,0.002902733166200081,False
61.160000000000004,0.053446730531039245,0.0029415578278623733,False
61.17,0.05429342732191852,0.0029881576394559088,False
61.18,0.055292822125237506,0.003043161520471992,False
61.19,0.056458977757249604,0.0031073434487914205,False
61.2,0.05780910666703996,0.003181650749233506,False
61.21,0.05936424055691628,0.0032672409475803087,False
61.22,0.06115010383817391,0.0033655298431269605,False
61.230000000000004,0.06319826663686931,0.0034782549668787317,False
61.24,0.06554767471683619,0.003607559784213744,False
61.25,0.06824670764683181,0.0037561069706179,False
61.26,0.07135598294879579,0.003927232744123534,False
61.27,0.07495223394834391,0.004125160291301282,False
61.28,0.07913376493643656,0.0043553000040257046,False
61.29,0.0840282765578036,0.004624680166859691,False
61.300000000000004,0.08980433525970327,0.0049425782032774335,False
61.31,0.09668860780141038,0.005321469214626314,False
61.32,0.10499250336126306,0.0057784922868168685,False
61.33,0.11515472247039875,0.006337792264045044,False
61.34,0.12781185336216508,0.0070344051734414674,False
61.35,0.14392088548845214,0.007921001024666583,False
61.36,0.16498360282615293,0.009080233786805038,False
61.370000000000005,0.19348559575763047,0.010648903368353632,False
61.38,0.23382916601055612,0.012869300083031804,False
61.39,0.29453968880837855,0.016210636621210486,False
61.4,0.39429739373238404,0.02170102031527716,False
61.410000000000004,0.5822745565542862,0.03204675501717819,False
61.42,1.0344189531308838,0.05693151178076724,True
61.43,2.960795851125038,0.1629538818566522,True
61.44,10.303018991245633,0.5670492069989671,True
61.45,4.46708737187383,0.24585593348594895,True
61.46,1.2774606688589314,0.07030784470690851,True
61.47,0.6740993487261918,0.037100533490086636,False
61.480000000000004,0.44209352304738453,0.024331584934125287,False
61.49,0.32383433208473406,0.017822931449870866,False
61.5,0.25364099242156296,0.01395968732439361,False
61.51,0.2077893273524966,0.011436140552414603,False
61.52,0.1757999182417746,0.009675533386300141,False
61.53,0.15238539924298858,0.008386864070849463,False
61.54,0.13461205833923925,0.0074086693423182585,False
61.550000000000004,0.12073141296762897,0.006644717634833937,False
61.56,0.1096414967939833,0.006034359818615788,False
61.57,0.1006159356238139,0.005537618299589775,False
61.58,0.09315797483652659,0.005127153099646532,False
61.59,0.08691729042081538,0.004783683369845324,False
61.6,0.08164031689596674,0.004493253578813928,False
61.61,0.0771393969819478,0.004245535597300072,False
61.620000000000005,0.07327296371404718,0.004032737977462587,False
61.63,0.06993243305486825,0.0038488845590759313,False
61.64,0.06703331070832881,0.003689325013568443,False
61.65,0.0645090217082908,0.0035503952419234514,False
61.660000000000004,0.062306543135221416,0.003429177011679248,False
61.67,0.060383258848143155,0.003323324850215897,False
61.68,0.05870465808004598,0.0032309393819151848,False
61.690000000000005,0.05724262875992983,0.00315047339740273,False
61.7,0.055974176890745804,0.003080661371709259,False
61.71,0.05488045495739472,0.0030204659905776624,False
61.72,0.05394601989727226,0.0029690373112473906,False
61.730000000000004,0.053158262711160094,0.002925681369841071,False
61.74,0.052506968491195585,0.0028898359665405736,False
61.75,0.05198397832646815,0.0028610520578213005,False
61.76,0.051582930678608106,0.0028389795224915033,False
61.77,0.05129906797048658,0.002823356516877939,False
61.78,0.05112909574969369,0.0028140017235795517,False
61.79,0.05107108840287435,0.002810809162249521,False
61.800000000000004,0.0511244350814716,0.0028137452135001597,False
61.81,0.051289823796675,0.0028228477435335757,False
61.82,0.05156926239820144,0.002838227258754804,False
61.83,0.051966137927734975,0.002860070172418314,False
61.84,0.05248531762556826,0.0028886443637496585,False
61.85,0.053133296062998325,0.0029243072756989963,False
61.86,0.053918398628469075,0.002967517114246447,False
61.870000000000005,0.05485105107219951,0.00301884768338083,False
61.88,0.05594413323136402,0.003079007853139385,False
61.89,0.05721343829777863,0.0031488668364103804,False
61.9,0.05867827106698666,0.0032294871148813116,False
61.910000000000004,0.06036222675812848,0.0033221673030955352,False
61.92,0.06229421458064946,0.0034284984826869775,False
61.93,0.06450980989146127,0.003550438621309839,False
61.940000000000005,0.0670530667916127,0.003690412332864763,False
61.95,0.06997896953460324,0.003851445796122342,False
61.96,0.07335680123326825,0.004037352158881787,False
61.97,0.07727484931927718,0.004252990513236269,False
61.980000000000004,0.08184709442401092,0.004504634032776237,False
61.99,0.08722292179242677,0.004800504461513067,False
62.0,0.09360155541387329,0.005151566527869688,False
62.01,0.10125408753416316,0.005572740387107608,False
62.02,0.11055815713924769,0.006084810227598945,False
62.03,0.12205450841385533,0.006717537089423324,False
62.04,0.136543183158654,0.007514953024644342,False
62.050000000000004,0.1552554602690251,0.008544824162957949,False
62.06,0.1801803085946159,0.00991661775953435,False
62.07,0.2147323249593395,0.011818263626292388,False
62.08,0.26525509410029596,0.014598894837504746,False
62.09,0.34486080321871604,0.018980169322832377,False
62.1,0.485137108609051,0.026700582902572618,False
62.11,0.7829522212412945,0.04309148964494723,True
62.120000000000005,1.7053552073077005,0.09385795743723832,True
62.13,9.039468086548224,0.49750691661589663,True
62.14,9.606894399413044,0.5287364660337652,True
62.15,1.9279898894106915,0.10611114458988134,True
62.160000000000004,0.8543653725582157,0.04702186877537156,True
62.17,0.5208048764650896,0.028663636595414998,False
62.18,0.36651726226983067,0.020172079960071285,False
62.190000000000005,0.27991933143113584,0.015405973244014805,False
62.2,0.22537390920563483,0.01240394651333761,False
62.21,0.18827943835156438,0.010362371097460025,False
62.22,0.16163640763013945,0.008896013571042753,False
62.230000000000004,0.14170324401256504,0.007798948270869052,False
62.24,0.12631248391643973,0.006951884093365865,False
62.25,0.11412838335356519,0.006281305443744412,False
62.26,0.10428629416991167,0.005739624517838529,False
62.27,0.09620368309919615,0.005294780321974711,False
62.28,0.08947485652945047,0.004924444620016875,False
62.29,0.08380928505066215,0.004612627489817207,False
62.300000000000004,0.07899391096308757,0.004347602834414489,False
62.31,0.07486926878367717,0.00412059412182486,False
62.32,0.07131388001206375,0.003924915516822825,False
62.33,0.06823377666397197,0.003755395285665885,False
62.34,0.06555529890145745,0.0036079793979063106,False
62.35,0.0632200398050012,0.0034794533008557465,False
62.36,0.06118123022444732,0.0033672429519417727,False
62.370000000000005,0.05940111121738167,0.003269270205101448,False
62.38,0.05784899655225565,0.003183846176398889,False
62.39,0.056499825118828485,0.0031095915727646934,False
62.4,0.055333068213342954,0.003045376552043262,False
62.410000000000004,0.054331897395976,0.0029902749242057495,False
62.42,0.053482545428639346,0.0029435289791627972,False
62.43,0.05277381476790507,0.0029045224355966153,False
62.440000000000005,0.05219669877864786,0.0028727595936244915,False
62.45,0.0517440909456095,0.002847849330620609,False
62.46,0.051410565095054796,0.0028294930052337104,False
62.47,0.05119221301560007,0.0028174755204938896,False
62.480000000000004,0.05108653124494918,0.002811659092872748,False
62.49,0.051092349862088646,0.0028119793332059516,False
62.5,0.051209800669083184,0.0028184434955086934,False
62.51,0.051440322314392634,0.002831130758948651,False
62.52,0.051786703030764825,0.002850194580019492,False
62.53,0.052253163206670755,0.0028758672370405853,False
62.54,0.052845482214581206,0.002908466810428873,False
62.550000000000004,0.05357117667361276,0.002948406993773875,False
62.56,0.05443973993105299,0.0029962102742277313,False
62.57,0.055462957785646395,0.0030525253090274707,False
62.58,0.05665531955495958,0.00311814954948742,False
62.59,0.058034552977003474,0.0031940586804810635,False
62.6,0.059622319000104916,0.0032814448597227584,False
62.61,0.06144512321491481,0.0033817668804237374,False
62.620000000000005,0.06353551520284995,0.0034968161800593874,False
62.63,0.06593368681460779,0.0036288048051264865,False
62.64,0.06868962356159133,0.0037804838176803976,False
62.65,0.07186604348368976,0.003955305042357561,False
62.660000000000004,0.07554246958692207,0.004157645201897162,False
62.67,0.07982097525664883,0.004393122128535907,False
62.68,0.08483445019427749,0.004669049697931547,False
62.690000000000005,0.09075875634878618,0.004995106857467764,False
62.7,0.09783106787972491,0.005384347006270364,False
62.71,0.10637834453865641,0.005854765090092795,False
62.72,0.11686304661952403,0.006431813623695237,False
62.730000000000004,0.1299594410244165,0.007152602362233916,False
62.74,0.146686988201044,0.008073239543394508,False
62.75,0.16865679546707188,0.009282395985667075,False
62.76,0.19855903650990533,0.010928131287643908,False
62.77,0.24121310310015764,0.013275691226709836,False
62.78,0.30609695140864196,0.01684671587119796,False
62.79,0.4144400692109182,0.02280961655941156,False
62.800000000000004,0.6240807314366746,0.03434764937977826,False
62.81,1.1554641067632647,0.06359349681997091,True
62.82,3.7883547098787846,0.20850039545621102,True
62.83,10.166504000398485,0.559535805599909,True
62.84,3.448732676245234,0.18980855328694815,True
62.85,1.1405433754478311,0.06277230170546609,True
62.86,0.6285826114795571,0.034595420204086166,False
62.870000000000005,0.4206244403429844,0.02314998696435842,False
62.88,0.31169267770328973,0.017154688918773565,False
62.89,0.24596802175969548,0.013537388585273041,False
62.9,0.20256365233280288,0.0111485340869243,False
62.910000000000004,0.17204458297062705,0.009468850287945295,False
62.92,0.14957567126429197,0.008232224540090906,False
62.93,0.13244307273154368,0.007289294470750905,False
62.940000000000005,0.11901494646515723,0.0065502481429409384,False
62.95,0.10825557200452168,0.00595808241356663,False
62.96,0.09947832013255334,0.00547500714040069,False
62.97,0.09221138215290046,0.005075055298889559,False
62.980000000000004,0.08612069466725131,0.004739840978528656,False
62.99,0.08096363792000574,0.004456011069891293,False
63.0,0.07656012995015295,0.004213654367992524,False
63.01,0.0727739751204626,0.004005275047758771,False
63.02,0.06950048021623131,0.003825111088909745,False
63.03,0.06665802369497457,0.0036686702711574712,False
63.04,0.06418218850136787,0.003532407260831302,False
63.050000000000004,0.06202159844101792,0.0034134944565928265,False
63.06,0.060134912562798286,0.0033096565686873856,False
63.07,0.05848862125366525,0.003219049322197169,False
63.08,0.05705540900823358,0.00314016934848036,False
63.09,0.05581292398802972,0.0030717864651707842,False
63.1,0.054742843260615466,0.003012892229566568,False
63.11,0.05383015820484639,0.002962660609344048,False
63.120000000000005,0.053062625055359774,0.0029204177420707163,False
63.13,0.05243034078528432,0.0028856185929816143,False
63.14,0.05192541767896858,0.0028578290443769696,False
63.15,0.051541734708731524,0.0028367122120973444,False
63.160000000000004,0.05127475240846923,0.0028220182566872716,False
63.17,0.05112137897878032,0.0028135770141976962,False
63.18,0.05107988217787976,0.002811293146909511,False
63.190000000000005,0.05114984086549168,0.0028151434764456143,False
63.2,0.0513321345531361,0.0028251764086480607,False
63.21,0.0516289698838708,0.002841513390948628,False
63.22,0.05204394590611287,0.0028643525048564927,False
63.230000000000004,0.05258216164891699,0.0028939743865991894,False
63.24,0.05325037093378449,0.0029307507475294582,False
63.25,0.05405719514934274,0.0029751560846455606,False
63.26,0.055013404068132266,0.003027783135957963,False
63.27,0.05613228413544847,0.0030893631500720493,False
63.28,0.05743011613395464,0.0031607921755058685,False
63.29,0.05892679788085115,0.003243165332192139,False
63.300000000000004,0.06064665524608112,0.0033378214476407894,False
63.31,0.06261950954417315,0.0034464018031859114,False
63.32,0.0648820891873388,0.0035709278274045635,False
63.33,0.0674799261143971,0.003713905470234565,False
63.34,0.07046992497365258,0.0038784666035790016,False
63.35,0.0739239023916036,0.004068563812708252,False
63.36,0.07793354326644872,0.004289243176724127,False
63.370000000000005,0.08261746710891262,0.004547033180097847,False
63.38,0.08813152164775771,0.00485051124378558,False
63.39,0.09468414008961049,0.005211148945645256,False
63.4,0.1025598813583996,0.005644607609051638,False
63.410000000000004,0.11215667187580879,0.006172787985818485,False
63.42,0.1240468998952249,0.006827192716623669,False
63.43,0.13908203986583242,0.007654684561945476,False
63.440000000000005,0.15858121758992366,0.00872786449832848,False
63.45,0.18469287762595163,0.010164976875723618,False
63.46,0.22114426031834133,0.012171158526684206,False
63.47,0.2749564464479908,0.0151328300035228,False
63.480000000000004,0.360924406086457,0.0198642648753533,False
63.49,0.5157323892739436,0.028384461157449123,False
63.5,0.857501465319118,0.04719447050644242,True
63.51,2.0191041116187853,0.11112581528915189,True
63.52,10.333622685884821,0.56873354833534,True
63.53,7.870990262703218,0.4331971813848755,True
63.54,1.6489131493316989,0.09075154520565104,True
63.550000000000004,0.7836288042355966,0.043128726871309135,True
63.56,0.4911458171340692,0.027031285331355345,False
63.57,0.35080520150796807,0.01930733229699272,False
63.58,0.2703933239086831,0.014881688564343456,False
63.59,0.21906889608764255,0.012056936312568935,False
63.6,0.18384172555190886,0.010118131857867049,False
63.61,0.15836805280008154,0.00871613250742923,False
63.620000000000005,0.1392110646379108,0.007661785722755957,False
63.63,0.12435950956728715,0.006844397874334602,False
63.64,0.11256398813871225,0.006195205528101329,False
63.65,0.10301052920142892,0.005669409999714288,False
63.660000000000004,0.09514783359574537,0.005236669332938318,False
63.67,0.08859025781436229,0.004875758793044288,False
63.68,0.08306059358604781,0.0045714216159216834,False
63.690000000000005,0.07835489878679625,0.004312433400277119,False
63.7,0.07432010752042237,0.0040903698294006904,False
63.71,0.07083933646296124,0.003898797973660603,False
63.72,0.0678219837939997,0.0037327313635121926,False
63.730000000000004,0.0651969003003302,0.003588254146236734,False
63.74,0.0629075823474337,0.0034622565206027826,False
63.75,0.06090872566934693,0.0033522450671465897,False
63.76,0.059163714734383956,0.0032562045699179565,False
63.77,0.05764276791220789,0.0031724959316891664,False
63.78,0.05632154919837422,0.0030997797671758172,False
63.79,0.055180118868700424,0.0030369586500026803,False
63.800000000000004,0.054202133225761624,0.0029831330690000607,False
63.81,0.05337422983634891,0.0029375675934013904,False
63.82,0.05268555448834822,0.002899664837879408,False
63.83,0.0521273963167817,0.0028689453809090074,False
63.84,0.05169290912059945,0.0028450324268267436,False
63.85,0.05137690002493046,0.002827640174395119,False
63.86,0.05117567539264212,0.0028165653362079127,False
63.870000000000005,0.051086933750504736,0.002811681245647219,False
63.88,0.05110970110248878,0.0028129342967091447,False
63.89,0.05124430425552873,0.0028203424759288198,False
63.9,0.05149238180042375,0.00283399596673831,False
63.910000000000004,0.05185693270789052,0.0028540598240567746,False
63.92,0.052342405076364555,0.0028807788587200144,False
63.93,0.052954830598577224,0.002914485038142929,False
63.940000000000005,0.053702011157614374,0.002955607756042126,False
63.95,0.05459376942334054,0.0030046876245587674,False
63.96,0.05564227717278681,0.003062394544089923,False
63.97,0.056862484117461136,0.00312955130473844,False
63.980000000000004,0.05827267386200379,0.0032071641847147307,False
63.99,0.05989518965020573,0.003296462893357796,False
64.0,0.061757382301833204,0.003398952742913727,False
64.01,0.06389286547976132,0.003516483734910605,False
64.02,0.06634318613624048,0.0036513424968259516,False
64.03,0.06916008033699836,0.0038063764363049503,False
64.04,0.0724085603336918,0.003985163644951483,False
64.05,0.0761712041407498,0.004192248984581033,False
64.06,0.08055422348556644,0.004433478050144362,False
64.07000000000001,0.08569622293459538,0.004716479247408822,False
64.08,0.0917811283078048,0.0050513753365525925,False
64.09,0.09905777186032678,0.005451861345515377,False
64.1,0.10787044790280054,0.00593688626546065,False
64.11,0.11870824155783902,0.006533367966885235,False
64.12,0.13228791006892904,0.0072807547539100225,False
64.13,0.14969989580127496,0.008239061509453563,False
64.14,0.17268067846879892,0.00950385919631676,False
64.15,0.20415779426019812,0.011236271178017827,False
64.16,0.24944191090160037,0.013728581679723635,False
64.17,0.31915618412646535,0.017565459334929208,False
64.18,0.4376866758400353,0.024089044449980175,False
64.19,0.6741193574687013,0.037101634715036594,False
64.2,1.3120885726459148,0.07221366720409401,True
64.21000000000001,5.1236266096233,0.28199000782337125,True
64.22,10.134153530067067,0.5577553266390276,True
64.23,2.7294737713843324,0.15022256475534687,True
64.24,1.022071530621817,0.05625194435026976,True
64.25,0.5862776422971867,0.03226707360515608,False
64.26,0.39997582750395766,0.022013545349920203,False
64.27,0.299778684823115,0.01649897623682716,False
64.28,0.23833913207859028,0.013117515939436998,False
64.29,0.1973193733396367,0.010859903711023506,False
64.3,0.1682496450019495,0.0092599875684281,False
64.31,0.14672104787942394,0.008075114092362378,False
64.32000000000001,0.13023001777274215,0.007167494145962625,False
64.33,0.11725753275905798,0.006453525032048932,False
64.34,0.10683252500212811,0.0058797619062556,False
64.35,0.09830743989785756,0.005410565183228801,False
64.36,0.091235144305287,0.005021325911629188,False
64.37,0.08529774261699699,0.004694548010720735,False
64.38,0.08026354684404119,0.004417480024787904,False
64.39,0.07596007002535012,0.004180628756295562,False
64.4,0.07225652005817067,0.003976795775520259,False
64.41,0.06905212976058323,0.003800435139991385,False
64.42,0.06626818411376711,0.0036472145963141723,False
64.43,0.06384245478778207,0.003513709272111362,False
64.44,0.06172523956035717,0.0033971836967651905,False
64.45,0.05987649636722982,0.003295434067603257,False
64.46000000000001,0.058263737442146434,0.003206672349283016,False
64.47,0.056860461847724635,0.003129440004696055,False
64.48,0.05564497548691695,0.0030625430517156036,False
64.49,0.05459949376054645,0.0030050026759894173,False
64.5,0.053709454851522155,0.0029560174360331207,False
64.51,0.05296299089851351,0.002914934158115597,False
64.52,0.05235052100496203,0.0028812255366189067,False
64.53,0.05186443778867829,0.002854472882609106,False
64.54,0.05149886963227255,0.002834353038768181,False
64.55,0.051249503532304216,0.0028206286295091453,False
64.56,0.05111345894429903,0.0028131411177603665,False
64.57000000000001,0.051089205538818905,0.0028118062784908073,False
64.58,0.05117652090905879,0.0028166118710550277,False
64.59,0.05137648564704159,0.0028276173682007916,False
64.6,0.051691515769396824,0.002844955740692787,False
64.61,0.05212543414769749,0.002868837388637602,False
64.62,0.052683584964735505,0.0028995564408354243,False
64.63,0.05337299720863588,0.0029374997530365625,False
64.64,0.054202606560023514,0.0029831591199874536,False
64.65,0.05518354919025439,0.0030371474452595445,False
64.66,0.05632954495620777,0.003100219831213622,False
64.67,0.057657396110704764,0.0031733010266195476,False
64.68,0.05918763445092739,0.003257521043886326,False
64.69,0.06094536964097597,0.003354261848351322,False
64.7,0.06296140210441276,0.003465218608757894,False
64.71000000000001,0.0652737015855711,0.003592481073114124,False
64.72,0.06792939311897427,0.003738642870867743,False
64.73,0.07098745652419304,0.00390695008551573,False
64.74,0.07452245296062343,0.004101506353705204,False
64.75,0.07862975722141131,0.0043275608359848354,False
64.76,0.0834330423314378,0.004591920148041309,False
64.77,0.08909521934984604,0.004903550456682329,False
64.78,0.09583482558773607,0.005274479441276851,False
64.79,0.1039512597316413,0.005721185164023886,False
64.8,0.11386491751111652,0.006266805024288835,False
64.81,0.12618344343037244,0.006944782067701601,False
64.82000000000001,0.14181602359283452,0.007805155341982075,False
64.83,0.16218120836871597,0.008925997872444582,False
64.84,0.18960987913465466,0.01043559481874516,False
64.85,0.2281918677459222,0.012559039031072814,False
64.86,0.2857484245520818,0.015726790145795155,False
64.87,0.3791133808865951,0.02086533492533634,False
64.88,0.5513902228764302,0.03034696809689781,False
64.89,0.9493410097984831,0.05224906090488972,True
64.9,2.466482813781997,0.1357482816269729,True
64.91,10.419652859224795,0.5734684072744399,True
64.92,5.751011516091612,0.31651950970997955,True
64.93,1.4256031260450128,0.07846118917241161,True
64.94,0.720387955555565,0.03964812830845838,True
64.95,0.4633748809556037,0.025502851058740856,False
64.96000000000001,0.335717935179952,0.018476971563468593,False
64.97,0.26109994567907713,0.014370207147108642,False
64.98,0.21285050261073818,0.011714693413387415,False
64.99,0.17943010676318624,0.009875328759294437,False
65.0,0.15509925647674394,0.008536227145266482,False
65.01,0.1367067290801673,0.00752395413249252,False
65.02,0.12238954084240902,0.006735976332628809,False
65.03,0.11098107351257397,0.006108086356112861,False
65.04,0.10171633807087345,0.005598181357419235,False
65.05,0.09407442835818121,0.005177592125639518,False
65.06,0.08768932152773719,0.004826173792053661,False
65.07000000000001,0.08229690823674514,0.0045293905207556195,False
65.08,0.07770224730633596,0.004276513297173731,False
65.09,0.0737586150996191,0.004059466864723739,False
65.1,0.07035369700000695,0.0038720697425868155,False
65.11,0.06740024764123138,0.003709520191020589,False
65.12,0.06482962768931246,0.003568040494004606,False
65.13,0.0625872408071342,0.003444625822595722,False
65.14,0.06062925387110336,0.003336863724871355,False
65.15,0.05892020205413714,0.0032428023164284233,False
65.16,0.057431215832665854,0.003160852699832055,False
65.17,0.0561386917603893,0.0030897158077391397,False
65.18,0.05502328624243921,0.003028327023056389,False
65.19,0.0540691471358896,0.002975813888392134,False
65.2,0.05326332338358986,0.0029314636139618185,False
65.21000000000001,0.05259531023305362,0.002894698047713875,False
65.22,0.05205669887873582,0.0028650543926253946,False
65.23,0.05164090920294951,0.0028421704975133584,False
65.24,0.05134298778365452,0.002825773739951058,False
65.25,0.0511594616246757,0.002815672975990424,False
65.26,0.05108823781569583,0.0028117530177300537,False
65.27,0.0511285450397502,0.00281397141405212,False
65.28,0.05128091269451888,0.0028223573015169773,False
65.29,0.051547187669633156,0.002837012327738953,False
65.3,0.0519305890556082,0.002858113662412235,False
65.31,0.052435803778178275,0.002885919260755884,False
65.32000000000001,0.053069128382587205,0.002920775666922675,False
65.33,0.05383866544642281,0.002963128824009454,False
65.34,0.05475458487777568,0.0030135384551733774,False
65.35,0.055829467145039086,0.0030726969540353965,False
65.36,0.057078749328579786,0.0031414539341105196,False
65.37,0.058521305809404935,0.003220848188279921,False
65.38,0.060180204430363905,0.0033121493057781753,False
65.39,0.06208369800918291,0.0034169122422838807,False
65.4,0.06426653529619623,0.003537049471348527,False
65.41,0.0667717131672419,0.0036749274201686583,False
65.42,0.06965284485198645,0.003833496810216582,False
65.43,0.07297740779055611,0.004016471410140732,False
65.44,0.07683127166072794,0.004228577245655522,False
65.45,0.08132512036470613,0.004475906047643499,False
65.46000000000001,0.08660375369848157,0.0047664271898930684,False
65.47,0.09285987125332645,0.005110746316294893,False
65.48,0.10035504264315602,0.005523259483215724,False
65.49,0.10945259297018597,0.006023963083098329,False
65.5,0.12067100183317937,0.0066413927757889655,False
65.51,0.13477425029926265,0.007417595931931558,False
65.52,0.15293230596557725,0.008416964279692116,False
65.53,0.17702350459697963,0.009742876140205897,False
65.54,0.2102473242484069,0.011571421792972943,False
65.55,0.2584865252425331,0.014226371831716487,False
65.56,0.33372791076361846,0.018367446212874814,False
65.57000000000001,0.4642407760401503,0.025550507490457973,False
65.58,0.7337025499864865,0.0403809261631437,True
65.59,1.51686350805738,0.08348390409650389,True
65.6,7.212979267018246,0.39698210562729375,True
65.61,10.053014203802176,0.5532896461764341,True
65.62,2.2175248103509877,0.12204633285433142,True
65.63,0.9208777870761639,0.05068252512668334,True
65.64,0.5477100443023073,0.030144421411907308,False
65.65,0.3805320577617884,0.020943414913129208,False
65.66,0.28834093011939355,0.015869474365569344,False
65.67,0.2309205765123168,0.012709219492103694,False
65.68,0.19217288430517296,0.010576655419595411,False
65.69,0.16449997728362917,0.009053616396251303,False
65.7,0.1438855536999834,0.007919056462334895,False
65.71000000000001,0.1280225617632831,0.007046001971609415,False
65.72,0.11549860558343504,0.00635671862404819,False
65.73,0.10540427376652636,0.00580115497257612,False
65.74,0.09712955138846285,0.005345737510315358,False
65.75,0.09025115808518556,0.004967170075725117,False
65.76,0.08446690879547537,0.004648821252375238,False
65.77,0.07955578604917563,0.0043785268599131726,False
65.78,0.07535274540502775,0.004147203316175791,False
65.79,0.0717323081313728,0.003947944624450587,False
65.8,0.06859757938830144,0.003775417965087361,False
65.81,0.06587271894466173,0.0036254493049245845,False
65.82000000000001,0.06349766853461115,0.0034947332058136256,False
65.83,0.06142438965766271,0.0033806257637075533,False
65.84,0.05961413384394314,0.0032809943717333014,False
65.85,0.05803543316047368,0.0031941071233053675,False
65.86,0.056662601197054754,0.003118550310602121,False
65.87,0.0554746028279443,0.0030531662194252978,False
65.88,0.0544541939159213,0.0029970057809296517,False
65.89,0.05358726195518633,0.002949292282461433,False
65.9,0.05286231839746461,0.0029093934266139964,False
65.91,0.05227010733260807,0.002876799794108005,False
65.92,0.051803305732092776,0.0028511083460360407,False
65.93,0.05145629513761901,0.0028320098582448622,False
65.94,0.05122499349911604,0.002819279666171828,False
65.95,0.05110673595848296,0.0028127711035170746,False
65.96000000000001,0.051100199517429314,0.002812411356173193,False
65.97,0.051205366255486016,0.0028181994378479324,False
65.98,0.05142352453145116,0.002830206256188402,False
65.99,0.051757307394873185,0.0028485767268411426,False
66.0,0.052210770467178855,0.0028735340598105108,False
66.01,0.05278951374568402,0.002905386463209086,False
66.02,0.053500853731310714,0.002944536616683423,False
66.03,0.054354056000726195,0.0029914944715309054,False
66.04,0.05536064156451195,0.0030468941117923,False
66.05,0.05653478691486352,0.003111515771752754,False
66.06,0.05789384366321251,0.003186314435335992,False
66.07000000000001,0.0594590153012307,0.0032724570831278296,False
66.08,0.06125624063756601,0.003371371314251088,False
66.09,0.06331735963288164,0.003484809510649378,False
66.1,0.06568166194522837,0.0036149340646719607,False
66.11,0.06839797080073975,0.0037644320694597577,False
66.12,0.071527482450397,0.003936671594664944,False
66.13,0.07514769760042667,0.004135918061330127,False
66.14,0.079357953754808,0.004367638726470415,False
66.15,0.08428736761401254,0.0046389398103766685,False
66.16,0.09010648700723504,0.004959207786215874,False
66.17,0.097044814976123,0.005341073856345383,False
66.18,0.10541793136237967,0.005801906648265034,False
66.19,0.11567086062672367,0.006366199057480506,False
66.2,0.12845013592875937,0.007069534451911797,False
66.21000000000001,0.14472907810182262,0.007965481674552171,False
66.22,0.16603774052189818,0.009138250562756627,False
66.23,0.1949139499129157,0.010727515966443219,False
66.24,0.23586491466542475,0.012981341967199281,False
66.25,0.2976512221292554,0.01638188666973056,False
66.26,0.39956772140217184,0.021991084337125242,False
66.27,0.5928069045045696,0.03262642584551696,False
66.28,1.0631250993107833,0.05851141738330369,True
66.29,3.1307342142569934,0.17230681172454398,True
66.3,10.22272388156416,0.5626299898443193,True
66.31,4.198102596882688,0.23105176749507542,True
66.32000000000001,1.2463129771226698,0.06859356329930333,True
66.33,0.6644245925734013,0.03656806210388326,False
66.34,0.4377255658770549,0.02409118484831108,False
66.35,0.3214456678224142,0.01769146608259491,False
66.36,0.25217320558919837,0.013878904462589407,False
66.37,0.20681385539047092,0.01138245331734434,False
66.38,0.175114082880589,0.009637786935670226,False
66.39,0.15188232851953112,0.00835917647219092,False
66.4,0.1342306652687526,0.0073876785396847664,False
66.41,0.12043454137842562,0.006628378656969166,False
66.42,0.10940540426904409,0.006021365949618855,False
66.43,0.10042483272575452,0.00552710053320578,False
66.44,0.09300101029267635,0.005118514212326916,False
66.45,0.08678679992188747,0.004776501539548704,False
66.46000000000001,0.08153076184507586,0.0044872239767348495,False
66.47,0.07704669741028936,0.004240433673422932,False
66.48,0.07319406572995693,0.004028395654173636,False
66.49,0.06986502067857993,0.0038451743713582643,False
66.5,0.06697560910284595,0.003686149279382237,False
66.51,0.06445966017522585,0.0035476785218820227,False
66.52,0.062264457895250334,0.0034268607583585234,False
66.53,0.06034762264066783,0.003321363533517704,False
66.54,0.05867482912487042,0.0032292976800613613,False
66.55,0.057218112720867464,0.003149124103518978,False
66.56,0.05595459818091082,0.00307958381454903,False
66.57000000000001,0.05486553587985707,0.0030196448864824384,False
66.58,0.053935564337048554,0.002968461866599698,False
66.59,0.0531521438822332,0.00292534460669488,False
66.6,0.05250512027737282,0.0028897342460464685,False
66.61,0.05198638842147909,0.002861184702676746,False
66.62,0.051589636339365336,0.0028393485832122513,False
66.63,0.05131015274123598,0.0028239665915044685,False
66.64,0.05114468857517949,0.0028148599088681655,False
66.65,0.05109136332676652,0.0028119250370746366,False
66.66,0.05114961277248507,0.0028151309228476224,False
66.67,0.051320174206759384,0.0028245181447999488,False
66.68,0.051605109073967835,0.002840200159036183,False
66.69,0.052007863948157276,0.002862366655304718,False
66.7,0.052533373211256,0.002891289208118019,False
66.71000000000001,0.05318820925634828,0.0029273295435186843,False
66.72,0.05398078793545387,0.002970950846347786,False
66.73,0.05492164241643657,0.003022732832559399,False
66.74,0.056023780972843724,0.0030833914409677393,False
66.75,0.057303153147805264,0.003153804489597942,False
66.76,0.0587792544336182,0.003235044955550843,False
66.77,0.060475916914467666,0.003328424489756115,False
66.78,0.06242234560192876,0.003435550453965506,False
66.79,0.06465449188734858,0.0035584015117116367,False
66.8,0.06721689005261487,0.0036994287046989024,False
66.81,0.07016514874953445,0.0038616925768257585,False
66.82000000000001,0.07356937402562302,0.004049051567903235,False
66.83,0.0775189526547557,0.004266425274729624,False
66.84,0.08212936267432039,0.0045201692839133036,False
66.85,0.08755206720768884,0.004818619700053372,False
66.86,0.09398923785966236,0.005172903480042532,False
66.87,0.10171625643723523,0.005598176864533231,False
66.88,0.11111718668745876,0.006115577642690719,False
66.89,0.12274273117840746,0.0067554149360243565,False
66.9,0.13740900081304264,0.007562605194823194,False
66.91,0.1563744949860811,0.008606412688559047,False
66.92,0.18167713027919033,0.009998998617997095,False
66.93,0.2168263873952522,0.011933514937068344,False
66.94,0.268368661435825,0.014770256832474354,False
66.95,0.349911148977302,0.019258126158582183,False
66.96000000000001,0.4945052317913555,0.027216178071921344,False
66.97,0.8048997377852963,0.044299419268531114,True
66.98,1.7906898826889652,0.09855453812349892,True
66.99,9.522742562430949,0.5241049854484389,True
67.0,9.18215121642043,0.5053597950503547,True
67.01,1.8439595711328955,0.10148635205249186,True
67.02,0.8345703116692569,0.04593240426122111,True
67.03,0.5128253814851487,0.028224467619363185,False
67.04,0.36240456787491737,0.019945728819959225,False
67.05,0.2774792153936885,0.015271676115649259,False
67.06,0.22378792557992588,0.012316658432238685,False
67.07000000000001,0.18718065548800164,0.010301897176954131,False
67.08,0.1608384207914572,0.008852094618311046,False
67.09,0.14110236429094072,0.007765877539859205,False
67.1,0.12584691756302277,0.006926260629822334,False
67.11,0.11375925590243777,0.0062609897063259715,False
67.12,0.10398806066899324,0.005723210584180829,False
67.13,0.09595894697821163,0.005281310733745649,False
67.14,0.08927141301145834,0.004913247660597064,False
67.15,0.08363835524741459,0.004603219993871953,False
67.16,0.07884904558377462,0.004339629851104372,False
67.17,0.07474564441184425,0.004113790183865203,False
67.18,0.07120783456290426,0.003919079073358747,False
67.19,0.06814249437940308,0.003750371365286642,False
67.2,0.06547659265705184,0.0036036476274306875,False
67.21000000000001,0.06315219700385073,0.003475719423763445,False
67.22,0.06112290231795779,0.003364032747908479,False
67.23,0.05935123328080692,0.003266525063662275,False
67.24,0.05780672747578882,0.00318151980523414,False
67.25,0.05646450327381466,0.003107647557692815,False
67.26,0.05530417815393637,0.0030437865243736466,False
67.27,0.054309044174834044,0.002989017147146722,False
67.28,0.05346543542304074,0.0029425872925450515,False
67.29,0.05276224142568946,0.002903885471369793,False
67.3,0.05219053127445694,0.002872420151528578,False
67.31,0.051743266484639866,0.0028478039546061197,False
67.32000000000001,0.051415083132471145,0.0028297416653144413,False
67.33,0.05120213211857785,0.002818021440042565,False
67.34,0.051101967022799726,0.0028125086347009242,False
67.35,0.05111347529407942,0.0028131420176063255,False
67.36,0.051236847715680635,0.002819932088933376,False
67.37,0.05147358548827727,0.0028329614705478023,False
67.38,0.051826544704666105,0.0028523873537696356,False
67.39,0.0523000211317732,0.002878446165536547,False
67.4,0.05289987972235923,0.0029114606963640986,False
67.41,0.053633735404529786,0.002951850050492251,False
67.42,0.054511197075592085,0.0030001430746214542,False
67.43,0.05554418733638992,0.003056995955191778,False
67.44,0.056747360689828205,0.00312321523485429,False
67.45,0.05813864448800978,0.0031997875846810466,False
67.46000000000001,0.059739946934308535,0.0032879187706092434,False
67.47,0.06157808023531866,0.00338908446112984,False
67.48,0.06368598080263099,0.0035050973837637547,False
67.49,0.06610433255755838,0.0036381966671913918,False
67.5,0.0688837573679736,0.0037911683967396317,False
67.51,0.07208780573941062,0.003967510213614225,False
67.52,0.07579710642991225,0.004171659698037855,False
67.53,0.08011522816034465,0.004409316981310578,False
67.54,0.08517711821566117,0.004687909182705343,False
67.55,0.09116153252918821,0.005017274526370356,False
67.56,0.09830981176080007,0.005410695723898658,False
67.57000000000001,0.10695508303336096,0.005886507155825749,False
67.58,0.11756923055787509,0.006470680002819417,False
67.59,0.13084147425399376,0.007201146992094687,False
67.6,0.1478160887238188,0.008135382062650813,False
67.61,0.17014767649892523,0.009364449887301205,False
67.62,0.20060802249058227,0.011040901717018258,False
67.63,0.24418360730186953,0.01343917942889592,False
67.64,0.3107366016021988,0.017102069177373988,False
67.65,0.4225363888213661,0.02325521523477221,False
67.66,0.641028274734209,0.035280394529099354,False
67.67,1.2059689315122915,0.06637314042228704,True
67.68,4.168940535007973,0.22944676957412016,True
67.69,10.114540379991388,0.5566758739847507,True
67.7,3.184608057607528,0.17527187664152263,True
67.71000000000001,1.1009662353908127,0.06059408715459628,True
67.72,0.6150281090231546,0.033849418485978174,False
67.73,0.4141785549497014,0.022795223549501756,False
67.74,0.3080443503246447,0.0169538952340593,False
67.75,0.24366788084481966,0.01341079529423141,False
67.76,0.20100314688777737,0.011062648253279697,False
67.77,0.17092821654865947,0.009407408617806196,False
67.78,0.14874439382774166,0.00818647336642108,False
67.79,0.13180443117901047,0.007254145434703486,False
67.8,0.11851189547484317,0.006522561630339146,False
67.81,0.10785119778104804,0.005935826792864932,False
67.82000000000001,0.09914779112665702,0.005456815752920678,False
67.83,0.09193744886184166,0.005059978780482916,False
67.84,0.08589104710071019,0.004727201821927369,False
67.85,0.08076928841951242,0.0044453146196344285,False
67.86,0.07639438793930527,0.004204532393559841,False
67.87,0.07263177705635353,0.003997448865980561,False
67.88,0.06937793981276805,0.003818366809522488,False
67.89,0.06655212300867822,0.0036628417950344996,False
67.9,0.06409056124438298,0.0035273643541398826,False
67.91,0.061942375283995384,0.003409134236699633,False
67.92,0.060066608887744594,0.00330589732639081,False
67.93,0.05843005455257952,0.0032158259755804704,False
67.94,0.057005637419442035,0.0031374300601242668,False
67.95,0.055771199988504286,0.0030694900935088637,False
67.96000000000001,0.05470857869412528,0.0030110064041329807,False
67.97,0.053802897538077286,0.0029611602588655314,False
67.98,0.053042025160613876,0.002919283981763194,False
67.99,0.052416155474729435,0.002884837873358753,False
68.0,0.051917486228223314,0.0028573925196205587,False
68.01,0.05153997350176703,0.0028366152802161717,False
68.02,0.05127914923421044,0.0028222602456180875,False
68.03,0.05113198956245829,0.0028141609909005925,False
68.04,0.051096828826085516,0.0028122258427954964,False
68.05,0.051173313021351585,0.0028164353179319034,False
68.06,0.05136239139021292,0.0028268416599190995,False
68.07000000000001,0.051666344880270595,0.0028435704057020806,False
68.08,0.05208885377457168,0.0028668241077157344,False
68.09,0.05263510779115458,0.0028968883934543635,False
68.1,0.05331196416929191,0.002934140666094168,False
68.11,0.05412816409542157,0.00297906201596819,False
68.12,0.055094618267043434,0.0030322529372005663,False
68.13,0.05622478150122261,0.003094453945105649,False
68.14,0.057535137819006134,0.003166572273870896,False
68.15,0.059045833663513785,0.0032497167271008254,False
68.16,0.060781502789861136,0.0033452430774398986,False
68.17,0.06277235167968741,0.003454813804737401,False
68.18,0.06505559750502292,0.0035804772375370793,False
68.19,0.06767739900212272,0.003724773822945916,False
68.2,0.070695476699353,0.0038908803366124304,False
68.21000000000001,0.07418272442226392,0.004082808649815172,False
68.22,0.07823227250263895,0.004305684394257844,False
68.23,0.08296471500772462,0.004566144728452821,False
68.24,0.08853865151777511,0.004872918527527862,False
68.25,0.09516643852652677,0.005237693296036399,False
68.26,0.10313837513283779,0.005676446280447638,False
68.27,0.11286104192728233,0.006211554533707145,False
68.28,0.1249203404976115,0.006875264432434818,False
68.29,0.14018974370894927,0.0077156494680921915,False
68.3,0.16002603572817178,0.008807383227765692,False
68.31,0.18664624945001138,0.010272484970656606,False
68.32000000000001,0.22391273338977663,0.012323527503300602,False
68.33,0.279141442790156,0.015363160439595448,False
68.34,0.3678679052620133,0.020246415554163334,False
68.35000000000001,0.5290606534720554,0.029118011357699536,False
68.36,0.8906962037685634,0.04902141561158974,True
68.37,2.168922001020773,0.11937137083474883,True
68.38,10.41025457991952,0.5729511523968416,True
68.39,7.042665498363436,0.38760851449456113,True
68.4,1.5638111367935135,0.08606776962833747,True
68.41,0.7607123735632189,0.041867470937387234,True
68.42,0.48135256375436797,0.026492292190838176,False
68.43,0.3455830737010521,0.019019921060123696,False
68.44,0.26722259503941453,0.014707180559218437,False
68.45,0.21697229800444556,0.011941545446893293,False
68.46000000000001,0.18236929959648923,0.010037093671768893,False
68.47,0.15728667386625803,0.008656616450299661,False
68.48,0.13838904734178697,0.007616544201188102,False
68.49,0.12371738730952704,0.00680905727005457,False
68.5,0.11205123839737886,0.00616698522350332,False
68.51,0.10259364736672054,0.005646465995244868,False
68.52,0.09480381504687034,0.005217735518927272,False
68.53,0.08830284176609511,0.004859940221576336,False
68.54,0.08281800066453464,0.004558069983367721,False
68.55,0.0781484159436343,0.00430106916494247,False
68.56,0.07414317375905759,0.004080631892475747,False
68.57000000000001,0.07068693553837635,0.0038904102551185716,False
68.58,0.06769023043106018,0.003725480028729855,False
68.59,0.06508275256136445,0.003581971775514497,False
68.60000000000001,0.06280863728089629,0.0034568108622414647,False
68.61,0.060823072193779804,0.003347530940594138,False
68.62,0.05908982583086319,0.003252137932344729,False
68.63,0.05757942037595397,0.003169009461342111,False
68.64,0.05626776406246168,0.003096819584466899,False
68.65,0.05513511586986252,0.0030344818114347526,False
68.66,0.054165296149481575,0.0029811056598580887,False
68.67,0.05334508040973182,0.0029359632908895015,False
68.68,0.05266373210419532,0.0028984637951909257,False
68.69,0.052112643088203695,0.0028681334046743775,False
68.7,0.0516850581373189,0.0028446003307734235,False
68.71000000000001,0.05137586784335135,0.0028275833660221165,False
68.72,0.05118145632706619,0.0028168835025903748,False
68.73,0.05109959717861467,0.0028123782051378042,False
68.74,0.05112939054820405,0.0028140179484609836,False
68.75,0.05127123909719329,0.002821824893909366,False
68.76,0.051526860857924614,0.0028358935971542635,False
68.77,0.05189934023993199,0.0028563938154272,False
68.78,0.052393219760014924,0.0028835755560853524,False
68.79,0.05301463723200353,0.002917776627150625,False
68.8,0.053771516398963964,0.002959433129170434,False
68.81,0.05467382196980821,0.0030090934917158902,False
68.82000000000001,0.055733894253436285,0.003067436890704443,False
68.83,0.056966885233710206,0.0031352972487407897,False
68.84,0.05839132391908795,0.003213694350371721,False
68.85000000000001,0.06002985583961273,0.0033038745419219397,False
68.86,0.06191020903650591,0.003407363896846184,False
68.87,0.06406647136864392,0.0035260385150876457,False
68.88,0.06654079582273305,0.0036622183785569415,False
68.89,0.06938570256734287,0.0038187940497158256,False
68.9,0.07266723216580068,0.003999400215552289,False
68.91,0.07646933316609349,0.004208657168196744,False
68.92,0.0809000761350014,0.004452512807895194,False
68.93,0.08610063317310862,0.004738736850277073,False
68.94,0.09225855675523935,0.005077651656410543,False
68.95,0.09962792664056061,0.005483241062108442,False
68.96000000000001,0.10856084859567505,0.00597488397911513,False
68.97,0.1195584229403794,0.006580159560609796,False
68.98,0.13335661930867831,0.007339573506687943,False
68.99,0.15107805815135603,0.00831491169165679,False
69.0,0.17451625741557605,0.009604884302359793,False
69.01,0.20670727784565113,0.011376587588830657,False
69.02,0.2531879974099661,0.013934755752170095,False
69.03,0.3251144297605619,0.017893384428029614,False
69.04,0.44836563405311514,0.024676784295111717,False
69.05,0.6974997428260855,0.03838842541080256,True
69.06,1.3887352293684534,0.07643208376244134,True
69.07000000000001,5.848808873936373,0.32190200141067293,True
69.08,10.099237758917324,0.555833660731293,True
69.09,2.5111163570553523,0.13820478639904168,True
69.10000000000001,0.981764224535436,0.05403354351339198,True
69.11,0.5713832217765926,0.03144732656284854,False
69.12,0.39261033583636096,0.02160816939042551,False
69.13,0.29550671268642487,0.016263858897483215,False
69.14,0.23559934100072638,0.012966725539131453,False
69.15,0.19543652331677625,0.01075627693781575,False
69.16,0.1668889206016071,0.009185097121966346,False
69.17,0.14569936851592685,0.008018883731788405,False
69.18,0.12943962767573733,0.00712399329654099,False
69.19,0.11663126363355551,0.006419056939610604,False
69.2,0.10632653772434633,0.0058519137886444885,False
69.21000000000001,0.0978920244456532,0.0053877018843309,False
69.22,0.09088952594498073,0.005002304048493492,False
69.23,0.0850070066605442,0.004678546720837379,False
69.24,0.08001674321501803,0.004403896646727457,False
69.25,0.07574900393570169,0.004169012271956244,False
69.26,0.07207495737908942,0.003966803075974514,False
69.27,0.06889526082042331,0.003791801514430175,False
69.28,0.06613225394514126,0.003639733381886438,False
69.29,0.06372450248420157,0.003507217508846065,False
69.3,0.06162291168255887,0.003391551857980004,False
69.31,0.059787911002361645,0.0032905585781042184,False
69.32000000000001,0.05818738381521791,0.003202470060260924,False
69.33,0.05679512541986299,0.003125844071345008,False
69.34,0.05558968134100874,0.003059499817337837,False
69.35000000000001,0.05455346372930651,0.00300246931244472,False
69.36,0.05367207443808722,0.002953960123141279,False
69.37,0.05293378466951682,0.002913326729360387,False
69.38,0.05232913292683454,0.002880048396913377,False
69.39,0.05185061722252847,0.0028537122374931267,False
69.4,0.051492460615119126,0.002834000304477622,False
69.41,0.051250437654910275,0.002820680040991882,False
69.42,0.05112175051437065,0.002813597462472328,False
69.43,0.051104949714324235,0.002812672793659103,False
69.44,0.051199893884611464,0.0028178982539359687,False
69.45,0.05140774741401074,0.002829337927988588,False
69.46000000000001,0.05173101513311507,0.0028471296746525737,False
69.47,0.052173616621715185,0.002871489216583003,False
69.48,0.05274100382114799,0.002902716613307508,False
69.49,0.0534403278579273,0.002941205442730027,False
69.5,0.0542806661198035,0.002987455298758893,False
69.51,0.05527332091074872,0.0030420882284378048,False
69.52,0.05643221080275044,0.003105870270848584,False
69.53,0.05777437701490063,0.0031797393267929876,False
69.54,0.05932064531114417,0.0032648415877844076,False
69.55,0.061096488186998775,0.0033625789883816254,False
69.56,0.06313316165371557,0.0034746717715938955,False
69.57000000000001,0.0654692134334735,0.0036032414957054212,False
69.58,0.06815251215635341,0.0037509227155734276,False
69.59,0.0712430074544161,0.003921014890448533,False
69.60000000000001,0.07481654401910676,0.004117692298974271,False
69.61,0.07897022464858061,0.004346299206238193,False
69.62,0.08383009055262533,0.004613772566168077,False
69.63,0.08956236694256953,0.004929260947192965,False
69.64,0.09639033666043012,0.005305053209365405,False
69.65,0.10462037781816265,0.00575801154284285,False
69.66,0.11468347149426111,0.006311855934844506,False
69.67,0.12720390724540961,0.007000945527904833,False
69.68,0.14311819296881387,0.007876823084481127,False
69.69,0.1638921212863272,0.009020161710636094,False
69.7,0.19194368919518465,0.01056404116493109,False
69.71000000000001,0.23153705485591122,0.01274314872742436,False
69.72,0.29088194286147806,0.016009324564971828,False
69.73,0.3878166247920184,0.021344337008034845,False
69.74,0.5686830353330646,0.0312987158903017,False
69.75,0.9953463746209489,0.05478106687929814,True
69.76,2.714104775821003,0.14937669843655607,True
69.77,10.309957298039176,0.5674310719036652,True
69.78,5.026205476353534,0.2766282224658464,True
69.79,1.348303663919896,0.07420684403952015,True
69.8,0.6971666214146548,0.03837009134460831,True
69.81,0.4529548174850835,0.024929360052574807,False
69.82000000000001,0.3300033427036381,0.018162456455346455,False
69.83,0.25756525467699987,0.014175667689167492,False
69.84,0.21048183201668064,0.011584328441417222,False
69.85000000000001,0.1777495928900656,0.009782837999070319,False
69.86,0.1538550496106608,0.008467749496399233,False
69.87,0.1357546853401442,0.007471556320912523,False
69.88,0.12164175742042935,0.006694820434847698,False
69.89,0.1103811788456443,0.0060750698397447535,False
69.9,0.10122667421135421,0.005571231634869721,False
69.91,0.09366897467992115,0.005155277094780355,False
69.92,0.08734958210288507,0.004807475489001675,False
69.93,0.0820094165673959,0.004513567787315856,False
69.94,0.077456995758296,0.004263015341288229,False
69.95,0.07354803458297278,0.0040478771049576754,False
69.96000000000001,0.07017197587057743,0.0038620683223792506,False
69.97,0.06724286563853676,0.0037008583279395132,False
69.98,0.06469303062443336,0.003560522575481512,False
69.99,0.06246860869524907,0.0034380966445920484,False
70.0,0.06052633339076452,0.003331199270907941,False
70.01,0.05883118339421787,0.003237902979587617,False
70.02,0.05735464088448739,0.003156638229910425,False
70.03,0.0560733856063823,0.003086121540575963,False
70.04,0.05496830472561686,0.0030253009949048146,False
70.05,0.05402373702763325,0.0029733146436660613,False
70.06,0.05322689193737757,0.0029294585295586875,False
70.07000000000001,0.052567401857779895,0.002893162049179752,False
70.08,0.05203697760950968,0.0028639689893969625,False
70.09,0.05162914512071112,0.002841523035491788,False
70.10000000000001,0.051339048024198725,0.002825556906663934,False
70.11,0.051163303727421394,0.0028158844345267035,False
70.12,0.05109990638642942,0.0028123952230668502,False
70.13,0.05114817055912211,0.002815051547477696,False
70.14,0.051308713220921856,0.002823887364352381,False
70.15,0.051583472877304845,0.0028390093635838358,False
70.16,0.05197576695174242,0.0028606001268357754,False
70.17,0.05249039066487277,0.0028889235695743923,False
70.18,0.05313376257528432,0.0029243329512240106,False
70.19,0.05391412472477084,0.002967281890599385,False
70.2,0.05484181005659047,0.003018339083855058,False
70.21000000000001,0.05592959179318394,0.0030782075332529864,False
70.22,0.057193139291248425,0.0031477496361445555,False
70.23,0.058651608227070266,0.00322801966711248,False
70.24,0.06032841398451387,0.003320306343071984,False
70.25,0.06225224245646861,0.0034261884549414176,False
70.26,0.06445838938546901,0.003547608581185564,False
70.27,0.06699055081228246,0.003686971629073564,False
70.28,0.06990324646862188,0.0038472782114024897,False
70.29,0.07326514672730239,0.004032307752483043,False
70.3,0.07716371477828424,0.004246873980461382,False
70.31,0.08171180275580979,0.0044971879596172725,False
70.32000000000001,0.08705721700297568,0.004791384535641436,False
70.33,0.09339692066721038,0.005140304006571976,False
70.34,0.10099868278790607,0.005558683627729418,False
70.35000000000001,0.11023510665451841,0.0060670304369043904,False
70.36,0.12163903577687783,0.006694670643236237,False
70.37,0.13599759263040473,0.007484925255438756,False
70.38,0.15451985753148043,0.008504338655812384,False
70.39,0.1791542725678064,0.009860147620456759,False
70.4,0.21323558583478427,0.011735887311701053,False
70.41,0.26293370879418765,0.014471132314880428,False
70.42,0.34092892441280837,0.018763769764528114,False
70.43,0.47750580821947214,0.026280577578117865,False
70.44,0.7641841817740257,0.04205854950323898,True
70.45,1.6284563478228773,0.08962566034771095,True
70.46000000000001,8.270025548364599,0.4551589619553232,True
70.47,9.809108628930646,0.5398657688710494,True
70.48,2.044111873476008,0.11250217221346759,True
70.49,0.8828510871770276,0.04858964244434384,True
70.5,0.5327137727138214,0.02931906877309168,False
70.51,0.37285966210363164,0.02052114782059674,False
70.52,0.2837957923613042,0.01561932275819916,False
70.53,0.2279627428666446,0.012546428641709417,False
70.54,0.19011819029764432,0.010463570836466464,False
70.55,0.16300265848774886,0.008971208178179492,False
70.56,0.1427538210940419,0.007856769080618983,False
70.57000000000001,0.1271422641849049,0.006997552867112314,False
70.58,0.11479794144573706,0.006318156039237675,False
70.59,0.10483602626014873,0.005769880226975402,False
70.60000000000001,0.09666151627201912,0.005319978172993686,False
70.61,0.08986069126436586,0.004945679879376517,False
70.62,0.08413767360050997,0.004630701072612402,False
70.63,0.07927573521528357,0.004363113649143317,False
70.64,0.07511282634063848,0.0041339988452026265,False
70.65,0.07152560787410563,0.003936568423254663,False
70.66,0.06841874512330183,0.0037655754297840254,False
70.67,0.06571755674337945,0.0036169096134741376,False
70.68,0.063362859717982,0.0034873137074480512,False
70.69,0.061307286721369744,0.0033741807472304802,False
70.7,0.05951261179276505,0.003275406883380387,False
70.71000000000001,0.05794777904719099,0.003189282887276163,False
70.72,0.05658743159987731,0.003114413187249624,False
70.73,0.05541080162741965,0.003049654780671877,False
70.74,0.05440086461677072,0.00299407068619491,False
70.75,0.05354369117286721,0.0029468942690652265,False
70.76,0.052827948312222865,0.0029075017937249007,False
70.77,0.05224451429871144,0.002875391225455641,False
70.78,0.05178618414568916,0.002850166022043337,False
70.79,0.051447445745361274,0.0028315228125676255,False
70.8,0.05122431535081657,0.0028192423427954695,False
70.81,0.05111422113392975,0.002813183066535386,False
70.82000000000001,0.051115930748863204,0.0028132771589361775,False
70.83,0.051229517318082174,0.0028195286444528092,False
70.84,0.051456363217188966,0.002832013605153044,False
70.85000000000001,0.05179920112198088,0.0028508824398321437,False
70.86,0.05226219509653087,0.0028763643268729182,False
70.87,0.05285106597049238,0.002908774124660187,False
70.88,0.05357326735799365,0.002948522059165997,False
70.89,0.05443822352916925,0.0029961268157301397,False
70.9,0.05545764215640622,0.003052232751734516,False
70.91,0.05664592263811353,0.0031176323695957476,False
70.92,0.058020686178376676,0.003193295490859495,False
70.93,0.05960346579235888,0.003280407232158366,False
70.94,0.06142061024011803,0.0033804177551885503,False
70.95,0.0635044738165376,0.003495107749403526,False
70.96000000000001,0.06589499982718276,0.0036266755820745654,False
70.97,0.06864185445325857,0.003777854740220465,False
70.98,0.07180733639750858,0.003952073969339784,False
70.99,0.07547040859702349,0.004153679167552057,False
71.0,0.07973238363509727,0.004388246294686601,False
71.01,0.08472509467057822,0.004663031077268291,False
71.02,0.09062290429929705,0.0049876299424977495,False
71.03,0.09766080452654895,0.005374976189863887,False
71.04,0.10616248674815901,0.005842884884006588,False
71.05,0.11658535304598085,0.006416530149909528,False
71.06,0.12959553372913502,0.007132573927521154,False
71.07000000000001,0.1461987864319973,0.008046370290195164,False
71.08,0.1679818204250009,0.009245247256476567,False
71.09,0.19758825900865473,0.010874702422500174,False
71.10000000000001,0.23974046949521138,0.013194641612165367,False
71.11,0.3036889940415953,0.01671418866566419,False
71.12,0.41003504061960494,0.02256717616678156,False
71.13,0.6143891695671518,0.03381425305416109,False
71.14,1.1249927850629746,0.061916440918099676,True
71.15,3.5423331537077782,0.19496006048740644,True
71.16,10.136107138889585,0.5578628477776897,True
71.17,3.6909628163081125,0.20314021936954144,True
71.18,1.1787493601168908,0.06487505171763372,True
71.19,0.6421556121386826,0.03534244001127989,False
71.2,0.4272932176743069,0.023517017725011413,False
71.21000000000001,0.3155792651899949,0.017368595770167406,False
71.22,0.24848419391760063,0.01367587162874072,False
71.23,0.20431245289241098,0.011244783154442054,False
71.24,0.17332356430520057,0.009539241825819061,False
71.25,0.15054742925301992,0.008285707368509577,False
71.26,0.13320349874577492,0.007331146181275519,False
71.27,0.11962404552166499,0.006583771243041017,False
71.28,0.10875271728480632,0.005985443892487344,False
71.29,0.09989037147355821,0.005497685288073543,False
71.3,0.09255726830230401,0.005094091900384506,False
71.31,0.08641412837257988,0.004755990744927681,False
71.32000000000001,0.08121479211315659,0.004469833890773372,False
71.33,0.07677670925405282,0.004225574284148475,False
71.34,0.07296192184355751,0.004015619107143654,False
71.35000000000001,0.06966445198968631,0.0038341356344518693,False
71.36,0.06680172407718168,0.003676579136301292,False
71.37,0.06430860076336421,0.0035393646364297437,False
71.38,0.06213315371727482,0.003419634145454099,False
71.39,0.060233612838201146,0.003315088754432683,False
71.4,0.058576130790119016,0.0032238656011240657,False
71.41,0.05713312308005515,0.0031444465125656175,False
71.42,0.05588202104860031,0.003075589373176273,False
71.43,0.054804325214500224,0.0030162760235035416,False
71.44,0.05388488171734843,0.002965672437662995,False
71.45,0.053111325523564804,0.002923098078960283,False
71.46000000000001,0.05247365198924294,0.002888002319914446,False
71.47,0.05196388647391435,0.0028599462587280975,False
71.48,0.05157583319492694,0.0028385888969383022,False
71.49,0.051304886963720264,0.002823676777910312,False
71.5,0.0511478979096561,0.0028150365416174114,False
71.51,0.05110308096352456,0.002812569942867511,False
71.52,0.05116996634963447,0.0028162511265269483,False
71.53,0.051349387550682614,0.002826125965140718,False
71.54,0.05164350679300638,0.002842313461569147,False
71.55,0.052055878964455495,0.0028650092668479057,False
71.56,0.05259155777682977,0.0028944915230701917,False
71.57000000000001,0.053257250014468675,0.002931129352795561,False
71.58,0.054061525558077285,0.002975394418171005,False
71.59,0.05501509766165053,0.0030278763465850936,False
71.60000000000001,0.056131187859500845,0.0030893028141251505,False
71.61,0.05742600245147769,0.0031605657699844986,False
71.62,0.05891934921909591,0.003242755378784783,False
71.63,0.06063544602638313,0.0033372045236939128,False
71.64,0.06260397951752333,0.0034455470741687234,False
71.65,0.06486151038565403,0.00356979522799984,False
71.66,0.0674533537849794,0.003712443003909187,False
71.67,0.07043613302162899,0.0038766067895172973,False
71.68,0.07388129226696716,0.004066218671210819,False
71.69,0.07788001186567599,0.0042862969588841416,False
71.7,0.08255021724656979,0.004543331936690969,False
71.71000000000001,0.08804677845343227,0.00484584721655418,False
71.72,0.09457671801103679,0.005205236736367456,False
71.73,0.1024225045956334,0.005637046778148303,False
71.74,0.11197886746148954,0.006163002130602036,False
71.75,0.12381312680410979,0.006814326502745276,False
71.76,0.1387683712358982,0.007637421122169641,False
71.77,0.15814911991299405,0.008704083056669755,False
71.78,0.1840767194113536,0.010131065259403141,False
71.79,0.22022397060983115,0.012120508367748906,False
71.8,0.27349061329207036,0.015052154666578966,False
71.81,0.3583599057569427,0.01972312198515429,False
71.82000000000001,0.5105308368696055,0.028098182332907534,False
71.83,0.8437601157311282,0.04643818524737554,True
71.84,1.9529532015960434,0.10748505512919018,True
71.85000000000001,10.11208047702853,0.5565404878396248,True
71.86,8.259126130183523,0.4545590886131911,True
71.87,1.7067162442451371,0.0939328650848633,True
71.88,0.799852040480082,0.04402160819621098,True
71.89,0.4983298976395606,0.027426676930372783,False
71.9,0.35475799236893085,0.019524882796030547,False
71.91,0.27286158986723197,0.015017534985246585,False
71.92,0.22074287659363537,0.012149067494629408,False
71.93,0.18504471561558478,0.010184341049776205,False
71.94,0.15927024600590856,0.00876578668571996,False
71.95,0.13991005945143145,0.007700256432655653,False
71.96000000000001,0.12491506288709786,0.006874973967585713,False
71.97,0.11301463433469859,0.0062200078281153615,False
71.98,0.10338218616402273,0.005689864954334243,False
71.99,0.0954585534527588,0.00525377048054059,False
72.0,0.0888529905352996,0.004890218863552434,False
72.01,0.08328486694943922,0.004583764991486666,False
72.02,0.07854787816862761,0.004323054443053766,False
72.03,0.07448728627647794,0.004099570878251414,False
72.04,0.07098499851713329,0.003906814803715782,False
72.05,0.06794952090920103,0.0037397506478694573,False
72.06,0.06530903484856948,0.0035944257165997804,False
72.07000000000001,0.06300652641825519,0.0034677021241626953,False
72.08,0.06099629670674839,0.0033570647309127894,False
72.09,0.05924142134269381,0.003260481323232507,False
72.10000000000001,0.05771187350972852,0.003176299309544391,False
72.11,0.056383120601856046,0.003103168484167201,False
72.12,0.05523506378900691,0.003039982663984882,False
72.13,0.05425122861756958,0.002985835141374736,False
72.14,0.05341814456688328,0.0029399845367406433,False
72.15,0.05272486691455977,0.0029018284833242434,False
72.16,0.05216260835928535,0.0028708833527593433,False
72.17,0.05172445699232891,0.0028467687330164045,False
72.18,0.051405163124673615,0.00282919569596703,False
72.19,0.05120098320614509,0.0028179582071314675,False
72.2,0.051109571162325895,0.0028129271451677973,False
72.21000000000001,0.05112991235075955,0.002814046667007029,False
72.22,0.051262296020235854,0.0028213326920895738,False
72.23,0.05150832510941499,0.0028348734416539733,False
72.24,0.05187096389290884,0.0028548320610432983,False
72.25,0.05235462597216211,0.002881451462475934,False
72.26,0.05296530751205674,0.0029150616580138045,False
72.27,0.053710773188405246,0.0029560899935897698,False
72.28,0.0546008047109836,0.003005074827016843,False
72.29,0.05564752890796085,0.0030626835848330623,False
72.3,0.0568658433696933,0.003129736188539584,False
72.31,0.05827397170560846,0.003207235614378935,False
72.32000000000001,0.059894183219826314,0.003296407502258446,False
72.33,0.06175374078405902,0.0033987523240105026,False
72.34,0.06388614671150665,0.0035161139527900382,False
72.35000000000001,0.06633280691317993,0.0036507712535611622,False
72.36,0.06914527519046246,0.0038055616026518415,False
72.37,0.07238832357854354,0.003984049870826753,False
72.38,0.07614420727266279,0.004190763152840531,False
72.39,0.08051869669055768,0.0044315227552008075,False
72.4,0.08564977880528735,0.004713923093070346,False
72.41,0.09172049484876442,0.005048038241387024,False
72.42,0.09897837818019381,0.005447491740509467,False
72.43,0.10776575616643544,0.005931124326543948,False
72.44,0.11856863446524216,0.006525684384896718,False
72.45,0.13209875040543817,0.007270343937694908,False
72.46000000000001,0.14943796605597554,0.008224645632467635,False
72.47,0.1723072192609586,0.009483305051183935,False
72.48,0.2036037870220147,0.011205780176753973,False
72.49,0.24857369482223,0.013680797506974944,False
72.5,0.31768375450105385,0.017484420946845013,False
72.51,0.43486925227119966,0.02393398137557005,False
72.52,0.6675112711788607,0.03673794421872491,False
72.53,1.2887291662974292,0.07092803113401297,True
72.54,4.868927682427822,0.2679720947425159,True
72.55,10.083532065750193,0.5549692635227313,True
72.56,2.8350736974166133,0.1560344878787182,True
72.57000000000001,1.0427113276302284,0.05738790076616921,True
72.58,0.5942315015595235,0.03270483166336424,False
72.59,0.404052397226178,0.0222379082895814,False
72.60000000000001,0.30221852592766135,0.01663325823365858,False
72.61,0.2399484029758852,0.013206085686511422,False
72.62,0.19845361019417135,0.010922328919543395,False
72.63,0.16908832287870554,0.009306146041526731,False
72.64,0.14736395555683288,0.008110497923932333,False
72.65,0.13073682401078915,0.007195387336844916,False
72.66,0.11766600359979507,0.006476006119050613,False
72.67,0.10716768222048904,0.005898208017541333,False
72.68,0.09858649765219939,0.00542592373769142,False
72.69,0.09147032554670433,0.005034269626142385,False
72.7,0.08549796313319166,0.0047055675851803746,False
72.71000000000001,0.08043546328208202,0.004426941822339085,False
72.72,0.07610875454067687,0.004188811934117587,False
72.73,0.07238590754661181,0.003983916899219874,False
72.74,0.06916532224748154,0.0038066649363247182,False
72.75,0.06636766240800143,0.0036526896020292066,False
72.76,0.06393022885432821,0.003518540110031039,False
72.77,0.06180295726294163,0.003401461060677433,False
72.78,0.059945523087175864,0.0032992331042584746,False
72.79,0.05832521585257624,0.0032100559481981882,False
72.8,0.056915356716675386,0.003132461263992314,False
72.81,0.055694107750637246,0.0030652471534167,False
72.82000000000001,0.05464356744322333,0.003007428367607834,False
72.83,0.05374907733058681,0.002958198145915538,False
72.84,0.052998689296413805,0.0029168988975999846,False
72.85000000000001,0.0523827547912423,0.002882999593617572,False
72.86,0.051893609132507706,0.0028560783913827597,False
72.87,0.05152533141516282,0.002835809420923397,False
72.88,0.05127356569657208,0.0028219529433998955,False
72.89,0.05113539364968235,0.0028143483422936747,False
72.9,0.05110925118771903,0.002812909534664775,False
72.91,0.051194885121380984,0.0028176225856856914,False
72.92,0.05139334752767499,0.002828545398717847,False
72.93,0.05170702740103763,0.0028458094573003806,False
72.94,0.052139721390477275,0.0028696237183236254,False
72.95,0.0526967475301805,0.002900280871442026,False
72.96000000000001,0.0533851079517925,0.0029381662943007265,False
72.97,0.0542137103717157,0.0029837702425739563,False
72.98,0.055193660010320784,0.0030377039163779255,False
72.99,0.05633864270352537,0.003100720545655312,False
73.0,0.057665420905601304,0.0031737426887756865,False
73.01,0.05919448128305846,0.003257897874282706,False
73.02,0.06095087658857274,0.0033545649352688927,False
73.03,0.06296533894182853,0.003465435281224148,False
73.04,0.06527575178182456,0.0035925939101535105,False
73.05,0.06792912891897215,0.0037386283300422027,False
73.06,0.07098430461687581,0.0039067766133959285,False
73.07000000000001,0.07451564631306713,0.004101131734954875,False
73.08,0.07861826413018295,0.004326928288546794,False
73.09,0.08341546298714003,0.004590952630340712,False
73.10000000000001,0.0890696307071168,0.004902142129707476,False
73.11,0.09579853877085263,0.005272482316865478,False
73.12,0.10390043746982543,0.0057183880495776185,False
73.13,0.11379393849454218,0.006262898538714438,False
73.14,0.12608381379867956,0.006939298732798205,False
73.15,0.14167441035773648,0.007797361347548877,False
73.16,0.16197568017749572,0.008914686178469602,False
73.17,0.18930218597304452,0.010418660251950875,False
73.18,0.2277100877438474,0.012532523213878204,False
73.19,0.28494309948365854,0.01568246731752377,False
73.2,0.37762733533876475,0.02078354715515194,False
73.21000000000001,0.5481699288360005,0.0301697321640629,False
73.22,0.939938518129394,0.05173157419062648,True
73.23,2.410028044820064,0.13264116981844623,True
73.24,10.381223066774062,0.5713533395110165,True
73.25,5.975954757805597,0.3288997534950365,True
73.26,1.4542768326273794,0.08003930939067651,True
73.27,0.7294821882027505,0.04014864931256721,True
73.28,0.46763672401691214,0.02573741092224518,False
73.29,0.3381433051765659,0.018610457111192764,False
73.3,0.26264962484367094,0.014455497132707272,False
73.31,0.21391946554396576,0.011773526128741335,False
73.32000000000001,0.18020849784269805,0.00991816921651841,False
73.33,0.15568924670959067,0.008568698549420656,False
73.34,0.1371678611989112,0.00754933354822277,False
73.35000000000001,0.12275875538230935,0.006756296863168533,False
73.36,0.11128245864914699,0.0061246737469388135,False
73.37,0.10196625282619715,0.005611935963126946,False
73.38,0.09428436550209948,0.005189146475978931,False
73.39,0.08786759034625846,0.0048359852067721065,False
73.4,0.08244966682560095,0.00453779792413385,False
73.41,0.07783415885417391,0.004283773338008274,False
73.42,0.07387327849718218,0.004065777615845832,False
73.43,0.07045393716143987,0.003877586679331112,False
73.44,0.06748831580935506,0.0037143672154644745,False
73.45,0.06490734271104821,0.0035723177103704705,False
73.46000000000001,0.06265609072819157,0.003448415128737029,False
73.47,0.06069046992978744,0.0033402328846838243,False
73.48,0.05897481385029313,0.00324580799619368,False
73.49,0.05748009250515031,0.003163542734509911,False
73.5,0.05618257359406272,0.0030921309405276282,False
73.51,0.05506280884180857,0.0030305022358411058,False
73.52,0.05410486031330803,0.0029777794412996594,False
73.53,0.05329570591258827,0.002933245857341625,False
73.54,0.05262478134092543,0.0028963200546578876,False
73.55,0.05208362802417343,0.0028665364971016197,False
73.56,0.0516656229122274,0.0028435306706101893,False
73.57000000000001,0.05136577606268383,0.0028270279427787363,False
73.58,0.05118058240358601,0.002816835404298327,False
73.59,0.05110792116570842,0.00281283633399155,False
73.60000000000001,0.051146995823690186,0.002814986893341304,False
73.61,0.051298313184314326,0.002823314975568465,False
73.62,0.05156369931030733,0.0028379210820330585,False
73.63,0.05194635367354884,0.0028589813026747134,False
73.64,0.0524509443702046,0.002886752556385963,False
73.65,0.05308374956188317,0.0029215803755359674,False
73.66,0.05385285305354292,0.002963909670028811,False
73.67,0.05476840539051909,0.003014299097350018,False
73.68,0.05584296581950511,0.0030734398831378275,False
73.69,0.05709194848413004,0.0031421803785336723,False
73.7,0.05853420109100039,0.0032215579083346877,False
73.71000000000001,0.06019276068613595,0.003312840366804508,False
73.72,0.06209584146345004,0.003417580583875627,False
73.73,0.06427814608104801,0.0035376884963128053,False
73.74,0.06678261176644189,0.0036755272484363735,False
73.75,0.06966277371342965,0.003834043266843766,False
73.76,0.07298600682783898,0.004016944676983814,False
73.77,0.07683804067187357,0.004228949793003591,False
73.78,0.08132936418209798,0.004476139615424821,False
73.79,0.08660450062627521,0.004766468298699471,False
73.8,0.0928557453967457,0.005110519240745066,False
73.81,0.10034406306143193,0.005522655197897497,False
73.82000000000001,0.10943184181983936,0.006022820998107671,False
73.83,0.12063606085211868,0.006639469722398589,False
73.84,0.13471819345005523,0.0074145107205079025,False
73.85000000000001,0.15284380435368902,0.008412093399721692,False
73.86,0.17688301645254975,0.009735144067600827,False
73.87,0.21001878055395945,0.011558843390389085,False
73.88,0.25809717746284244,0.014204943224246385,False
73.89,0.33301210794113717,0.018328050437403515,False
73.9,0.4627485051869916,0.025468377096965512,False
73.91,0.7298106756329978,0.04016672833746168,True
73.92,1.5004769206372843,0.082582032382021,True
73.93,6.975840992387668,0.3839306815065938,True
73.94,10.019364351594815,0.5514376528892209,True
73.95,2.262990588562522,0.12454864149826847,True
73.96000000000001,0.9316932500117969,0.051277777808075894,True
73.97,0.5522228836444986,0.030392795405246312,False
73.98,0.3829493537843123,0.021076456092012662,False
73.99,0.289830276376912,0.01595144379753781,False
74.0,0.2319237717029727,0.012764432535757207,False
74.01,0.19289146415733938,0.010616204034975294,False
74.02,0.1650382241598689,0.00908323999149079,False
74.03,0.1443025734743242,0.007942008058613982,False
74.04,0.12835425203970924,0.00706425727215545,False
74.05,0.11576798639980564,0.006371544587043451,False
74.06,0.10562677061755055,0.005813400573893582,False
74.07000000000001,0.09731588361290015,0.005355992712231933,False
74.08,0.0904090066268758,0.00497585761580123,False
74.09,0.08460192394291603,0.004656252106608753,False
74.10000000000001,0.07967222021930787,0.004384935069380434,False
74.11,0.07545386390414498,0.004152768594157524,False
74.12,0.07182066333824144,0.003952807446700227,False
74.13,0.06867519869713178,0.0037796899136839273,False
74.14,0.06594123611763324,0.003629220297546486,False
74.15,0.06355841773818152,0.003498076671232807,False
74.16,0.06147847357763984,0.003383602390651606,False
74.17,0.05966247402828596,0.0032836548796117276,False
74.18,0.058078807882609794,0.00319649434610016,False
74.19,0.05670167395771703,0.003120700765528743,False
74.2,0.055509944237537474,0.003055111311276634,False
74.21000000000001,0.054486299022455116,0.0029987727557567474,False
74.22,0.053616563301234196,0.0029509049461917984,False
74.23,0.052889196712070236,0.0029108727335040974,False
74.24,0.052294899984990074,0.002878164312011404,False
74.25,0.051826313409413974,0.0028523746239290503,False
74.26,0.05147778736493063,0.002833192730028759,False
74.27,0.05124521300481681,0.002820392490935451,False
74.28,0.051125902368640716,0.002813825968861903,False
74.29,0.051118512277019655,0.0028134192389901117,False
74.3,0.05122300703378779,0.002819170336703439,False
74.31,0.05144065921676567,0.002831149301108345,False
74.32000000000001,0.05177408767863067,0.002849500266495489,False
74.33,0.05222733506723107,0.0028744457288399326,False
74.34,0.05280598944557253,0.0029062932394233656,False
74.35000000000001,0.05351735594769394,0.002945444852291043,False
74.36,0.054370689343730676,0.002992409923979207,False
74.37,0.05537749962226258,0.0030478219319086323,False
74.38,0.056551952318394175,0.0031124605073169754,False
74.39,0.05791138717469774,0.0031872799808992996,False
74.4,0.05947699463900368,0.0032734466153450563,False
74.41,0.0612746983656927,0.00337238717572879,False
74.42,0.06333632037968136,0.0034858530568610295,False
74.43,0.06570112794412482,0.0036160054185389247,False
74.44,0.06841791485445428,0.0037655297341202595,False
74.45,0.07154783909521045,0.003937791967179877,False
74.46000000000001,0.07516834823039717,0.004137054613961812,False
74.47,0.0793787048299143,0.004368780807320057,False
74.48,0.08430791766278281,0.004640070827301793,False
74.49,0.09012637381097689,0.0049603022999987895,False
74.5,0.09706333157290178,0.005342092957788237,False
74.51,0.10543398532669866,0.0058027902133389216,False
74.52,0.11568273353180453,0.006366852508805461,False
74.53,0.1284550511874273,0.007069804973933762,False
74.54,0.14472238820396993,0.007965113481377385,False
74.55,0.16601130169737027,0.009136795444165147,False
74.56,0.19485262270853868,0.010724140689484202,False
74.57000000000001,0.23573828201886649,0.012974372462253978,False
74.58,0.29739139577771284,0.01636758655762509,False
74.59,0.3989987172906249,0.021959767950102564,False
74.60000000000001,0.5913543061132359,0.03254647891281756,False
74.61,1.0579734145778692,0.058227883135236226,True
74.62,3.0864371166328968,0.1698688239753762,True
74.63,10.192232666895627,0.5609518390893884,True
74.64,4.282882046150924,0.23571779009662652,True
74.65,1.2598236412982764,0.06933715228165081,True
74.66,0.6692519387584807,0.03683374566988316,False
74.67,0.44012833639023885,0.024223426583986726,False
74.68,0.32286593296077154,0.017769633483928262,False
74.69,0.25310537566738506,0.013930208483680028,False
74.7,0.20747010707466693,0.011418571565542395,False
74.71000000000001,0.17559975202478934,0.009664516800316372,False
74.72,0.1522553661840288,0.00837970741676298,False
74.73,0.13452549070651812,0.007403904903125435,False
74.74,0.12067284936559652,0.006641494458780421,False
74.75,0.10960153581017276,0.006032160478383579,False
74.76,0.1005886454819465,0.005536116326884692,False
74.77,0.09313950562460488,0.005126136606133029,False
74.78,0.08690509132575985,0.0047830119659409715,False
74.79,0.08163267535749322,0.004492833010014109,False
74.8,0.07713515703517287,0.004245302242546627,False
74.81,0.07327134860529116,0.004032649086416177,False
74.82000000000001,0.0699329302627719,0.003848911924001466,False
74.83,0.06703559580316894,0.0036894507787658196,False
74.84,0.06451290667898557,0.0035506090597911613,False
74.85000000000001,0.062311941159870265,0.0034294741037839108,False
74.86,0.06039015927766618,0.003323704630462086,False
74.87,0.058713109197156756,0.0032314045076477487,False
74.88,0.05725272546188563,0.0031510290914999847,False
74.89,0.055986051719658175,0.003081314928916494,False
74.9,0.05489427214355866,0.0030212264496687186,False
74.91,0.053961971255080024,0.0029699152291472928,False
74.92,0.05317656478257909,0.0029266886644110797,False
74.93,0.05252786104930213,0.0028909858342168887,False
74.94,0.05200772409346307,0.0028623589580954326,False
74.95,0.05160981557452961,0.002840459191598732,False
74.96000000000001,0.051329402236541456,0.0028250260296223033,False
74.97,0.0511632159831559,0.00281587960532895,False
74.98,0.051109360527242034,0.002812915552404805,False
74.99,0.051167257929340675,0.002816102062686425,False
75.0,0.05133763392769764,0.002825479078767058,False
75.01,0.05162254016294367,0.0028411595171805555,False
75.02,0.052025414972425764,0.0028633326143505007,False
75.03,0.05255118590857154,0.0028922695689128372,False
75.04,0.05320641974119626,0.002928331797421243,False
75.05,0.053999528065406456,0.0029719822504282504,False
75.06,0.054941040994783086,0.0030238004757887904,False
75.07000000000001,0.05604396461528746,0.003084502291918494,False
75.08,0.057324247517873496,0.003154965464437404,False
75.09,0.05880138577747132,0.0032362630025128446,False
75.10000000000001,0.06049921291555808,0.0033297066361790023,False
75.11,0.06244693668359959,0.0034369038779835086,False
75.12,0.06468051231089796,0.003559833602689241,False
75.13,0.06724448012990217,0.0037009471850064793,False
75.14,0.07019445472039516,0.003863305495092824,False
75.15,0.07360054954683891,0.00405076738096718,False
75.16,0.07755215946889298,0.00426825288444669,False
75.17,0.08216476804297683,0.004522117895891715,False
75.18,0.08758984082019881,0.0048206986535171545,False
75.19,0.09402954067697598,0.005175121633829974,False
75.2,0.10175921990556318,0.005600541453074317,False
75.21000000000001,0.11116286749649239,0.006118091786026725,False
75.22,0.12279102031986594,0.006758072634645892,False
75.23,0.1374594303715345,0.007565380695982263,False
75.24,0.15642582095975283,0.008609237525890098,False
75.25,0.18172637256135937,0.010001708774804385,False
75.26,0.21686645772053745,0.011935720295148,False
75.27,0.2683818635837327,0.014770983441588453,False
75.28,0.3498486149305657,0.019254684460411734,False
75.29,0.49420651037121976,0.027199737284561296,False
75.3,0.8036498427199497,0.044230628557163996,True
75.31,1.7824447077435468,0.09810074686888316,True
75.32000000000001,9.393202213909944,0.5169754487596664,True
75.33,9.196077003601838,0.5061262312361721,True
75.34,1.8618308069164433,0.10246993464005799,True
75.35000000000001,0.8397434670223403,0.046217120191876085,True
75.36,0.5151821054268887,0.028354175081167797,False
75.37,0.36373469968009,0.020018935535968202,False
75.38,0.2783287542524665,0.015318432346671854,False
75.39,0.22437574771400168,0.012349010510330294,False
75.4,0.18761070494061796,0.010325565890103512,False
75.41,0.161166140065784,0.008870131366062671,False
75.42,0.14135994661023932,0.007780054146737182,False
75.43,0.12605431144298695,0.006937675006061963,False
75.44,0.11392947554240153,0.0062703581168801125,False
75.45,0.10412995984687208,0.005731020316100994,False
75.46000000000001,0.09607876301369746,0.005287905071576699,False
75.47,0.08937367207755273,0.004918875712179473,False
75.48,0.08372642679318794,0.004608067204212183,False
75.49,0.07892549459923419,0.004343837390043108,False
75.5,0.07481246267880855,0.0041174676734755155,False
75.51,0.07126659628230406,0.0039223131532353205,False
75.52,0.06819446412347473,0.0037532316339310857,False
75.53,0.06552280107757916,0.0036061908090203702,False
75.54,0.06319349573344075,0.003477992389763409,False
75.55,0.06116000396605018,0.0033660747183393807,False
75.56,0.059384740984099266,0.003268369233472738,False
75.57000000000001,0.0578371576829141,0.0031831945983053617,False
75.58,0.05649230271759994,0.0031091775609439834,False
75.59,0.05532973696726163,0.0030451932096219447,False
75.60000000000001,0.05433270659180407,0.0029903194600697527,False
75.61,0.05348750789939716,0.002943802099605491,False
75.62,0.052782999023612207,0.0029050279112169198,False
75.63,0.052210223126797795,0.002873503935734325,False
75.64,0.05176212028267166,0.002848841614658181,False
75.65,0.051433308616604105,0.0028307447447354873,False
75.66,0.0512199240098054,0.0028190006557287793,False
75.67,0.05111950775062726,0.002813474027059537,False
75.68,0.051130937348791886,0.002814103080017808,False
75.69,0.05125439551741111,0.002820897870619724,False
75.7,0.0514913772464588,0.002833940678911538,False
75.71000000000001,0.05184473428434011,0.002853388457110176,False
75.72,0.052318759621468265,0.0028794774793418475,False
75.73,0.05291931711961314,0.0029125304760770463,False
75.74,0.05365402255437101,0.0029529665981992393,False
75.75,0.054532487515708945,0.003001314840605306,False
75.76,0.055566639457345086,0.003058231656823881,False
75.77,0.05677113976312977,0.003124523968213928,False
75.78,0.05816392636059475,0.0032011790278893854,False
75.79,0.059766920954390186,0.003289403344859749,False
75.8,0.06160695326800563,0.0033906735516966643,False
75.81,0.06371698261757767,0.003506803636522871,False
75.82000000000001,0.06613772285483256,0.0036400343753046037,False
75.83,0.0689198334911369,0.0037931539251608378,False
75.84,0.0721269136761086,0.003969662604530985,False
75.85000000000001,0.07583965596423262,0.004174001504814592,False
75.86,0.08016171094765918,0.004411875263277078,False
75.87,0.08522813467237512,0.004690716985092985,False
75.88,0.09121782750331187,0.005020372843520113,False
75.89,0.09837232461182048,0.005414136255516476,False
75.9,0.10702501998422195,0.005890356289032176,False
75.91,0.11764816843778836,0.006475024521862333,False
75.92,0.13093151442479029,0.007206102550023058,False
75.93,0.14792008692176722,0.008141105831162362,False
75.94,0.17026958395690342,0.009371159331147958,False
75.95,0.2007533724692256,0.011048901371313475,False
75.96000000000001,0.24436006993005896,0.013448891435975087,False
75.97,0.31095381498738417,0.017114023991581708,False
75.98,0.42279969055412725,0.023269706622091844,False
75.99,0.6412849231062159,0.03529451973414341,False
76.0,1.2055086487382518,0.06634780775210208,True
76.01,4.145409198275933,0.22815167093896607,True
76.02,10.078362025904413,0.5546847190608417,True
76.03,3.2082634156895846,0.17657380106319986,True
76.04,1.1063635767797277,0.06089114165455279,True
76.05,0.617253507069993,0.033971898139639786,False
76.06,0.415376836179512,0.022861173580429894,False
76.07000000000001,0.3087904436941977,0.01699495811610501,False
76.08,0.2441765076783889,0.01343878868557417,False
76.09,0.20137190522029016,0.011082943675447056,False
76.10000000000001,0.1712076600365823,0.009422788401960949,False
76.11,0.14896327793451297,0.008198520132449058,False
76.12,0.1319803090919844,0.0072638252607006275,False
76.13,0.1186560919350335,0.006530497798220857,False
76.14,0.107971353122224,0.005942439805127494,False
76.15,0.09924925422600722,0.0054623999967306795,False
76.16,0.09202408327444814,0.005064746895052933,False
76.17,0.08596571946019069,0.004731311578714592,False
76.18,0.0808341762369682,0.004448885862729628,False
76.19,0.07645117998319587,0.004207658068032477,False
76.2,0.07268180764745068,0.004000202409095587,False
76.21000000000001,0.06942228122454082,0.0038208072361978467,False
76.22,0.06659165032628275,0.0036650172674976187,False
76.23,0.06412599886098828,0.003529314740954762,False
76.24,0.061974331049591706,0.003410892992221275,False
76.25,0.06009559901489764,0.0033074928615079344,False
76.26,0.058456522836044716,0.00321728271550906,False
76.27,0.05702996969494894,0.003138769240178423,False
76.28,0.05579373515779237,0.0030707303658877904,False
76.29,0.054729617626308694,0.003012164327827079,False
76.3,0.05382271018863932,0.0029622506914658495,False
76.31,0.05306085582905913,0.0029203203688278217,False
76.32000000000001,0.05243422748288073,0.002885832505893137,False
76.33,0.051935005828429234,0.00285835674917426,False
76.34,0.05155713290672604,0.0028375596856358696,False
76.35000000000001,0.051296129201381366,0.0028231947752862677,False
76.36,0.051148961840677486,0.0028150950973904803,False
76.37,0.051113958354498425,0.0028131686038940693,False
76.38,0.05119075975424432,0.0028173955370734923,False
76.39,0.05138031210779055,0.0028278279658455353,False
76.4,0.051684895121090535,0.0028445913588183974,False
76.41,0.052108189692207936,0.002867888302275751,False
76.42,0.05265538790433714,0.0028980045538834365,False
76.43,0.05333335186429331,0.002935317784713515,False
76.44,0.0541508297130236,0.0029803094678556704,False
76.45,0.055118742395394216,0.0030335806614202802,False
76.46000000000001,0.05625055736721198,0.003095872576322519,False
76.47,0.057562776359492,0.0031680934214567092,False
76.48,0.059075567885079616,0.0032513532150830336,False
76.49,0.060813594123698876,0.0033470092942565126,False
76.5,0.06280709724195013,0.0034567261028263935,False
76.51,0.06509334104678342,0.0035825545359913294,False
76.52,0.06771854364272377,0.003727038308321019,False
76.53,0.07074050152573744,0.0038933583765071696,False
76.54,0.07423220915547754,0.00408553215044651,False
76.55,0.0782869286958665,0.004308692517513134,False
76.56,0.08302543026912602,0.004569486325790423,False
76.57000000000001,0.08860655394462351,0.004876655686250991,False
76.58,0.09524298735835407,0.005241906328587465,False
76.59,0.10322549986670507,0.005681241380921724,False
76.60000000000001,0.11296135214402495,0.006217075326098785,False
76.61,0.12503746340631142,0.006881710548137034,False
76.62,0.14032887921225562,0.007723307095131636,False
76.63,0.16019492160400017,0.008816678231690578,False
76.64,0.18685693215627003,0.010284080354651712,False
76.65,0.22418505364874516,0.012338515244954681,False
76.66,0.27951052231389356,0.015383473539225057,False
76.67,0.3684021213508704,0.020275817306194453,False
76.68,0.529911369899923,0.029164832398815076,False
76.69,0.8922567711789062,0.049107304855631244,True
76.7,2.1718390608293783,0.11953191760775231,True
76.71000000000001,10.357845318924758,0.5700666939762821,True
76.72,7.036705702084913,0.38728050405834985,True
76.73,1.5686262862237788,0.08633278191923333,True
76.74,0.7625953336724227,0.04197110376943791,True
76.75,0.4823399328611496,0.026546634211316984,False
76.76,0.34619062171323317,0.01905335879510349,False
76.77,0.2676347733438448,0.014729865694601371,False
76.78,0.21727074275613423,0.011957971007199633,False
76.79,0.1825955920882176,0.010049548174482458,False
76.8,0.15746421064442073,0.008666387575574287,False
76.81,0.1385320102203384,0.007624412476203586,False
76.82000000000001,0.12383488540726474,0.006815524035106897,False
76.83,0.1121494014585703,0.006172387842488346,False
76.84,0.10267676174939049,0.005651040377260785,False
76.85000000000001,0.09487497667517432,0.005221652054938009,False
76.86,0.08836434980056837,0.004863325450915597,False
76.87,0.08287160457718205,0.0045610201920574835,False
76.88,0.07819547581152335,0.004303659207801814,False
76.89,0.07418476766696135,0.004082921104260453,False
76.9,0.07072393307083492,0.003892446495317622,False
76.91,0.06772334454382652,0.0037273025364240155,False
76.92,0.06511257636821373,0.0035836131940189127,False
76.93,0.06283567140196193,0.0034582987442812055,False
76.94,0.060847744559282164,0.0033488888382457675,False
76.95,0.05911250679536283,0.0032533862288823194,False
76.96000000000001,0.057600434603741,0.0031701660253756684,False
76.97,0.05628739907040827,0.003097900240116956,False
76.98,0.05515362917534897,0.003035500731734127,False
76.99,0.054182921158451344,0.0029820756908138842,False
77.0,0.053362030574628995,0.0029368961803242985,False
77.01,0.0526802048296047,0.002899370407698234,False
77.02,0.05212882268133556,0.002869023884005027,False
77.03,0.0517011188023923,0.0028454842646380013,False
77.04,0.05139197551397048,0.002828469886939814,False
77.05,0.051197771050338126,0.0028177814191041287,False
77.06,0.051116274809938536,0.0028132960950907255,False
77.07000000000001,0.05114658480702414,0.0028149642721392327,False
77.08,0.051289103074240436,0.0028228080769964825,False
77.09,0.05154554897179709,0.002836922138415878,False
77.10000000000001,0.0519190102461469,0.0028574763972835774,False
77.11,0.05241403462853878,0.0028847211479453958,False
77.12,0.05303676773352296,0.002918994627752948,False
77.13,0.053795143732626165,0.002960733511206809,False
77.14,0.05469914119430205,0.00301048699066831,False
77.15,0.05576111784776358,0.003068935200819961,False
77.16,0.056996247825226776,0.003136913283249612,False
77.17,0.05842308876071885,0.003215442597974929,False
77.18,0.060064321822712624,0.003305771452759612,False
77.19,0.06194771967471129,0.003409428376943373,False
77.2,0.06410742792347764,0.0035282926487507594,False
77.21000000000001,0.0665856728526925,0.0036646882841518545,False
77.22,0.06943506895931656,0.003821511037177934,False
77.23,0.07272178031042154,0.004002402392115955,False
77.24,0.07652991828147479,0.004211991602663195,False
77.25,0.08096777061623567,0.004456238521876185,False
77.26,0.0861768061324065,0.00474292919586057,False
77.27,0.09234498755192097,0.0050824085645323515,False
77.28,0.09972697667929682,0.0054886924978445415,False
77.29,0.10867572507489923,0.0059812064576529505,False
77.3,0.11969360044315899,0.00658759935042484,False
77.31,0.1335185387157701,0.00734848509575394,False
77.32000000000001,0.15127634532338768,0.00832582486028767,False
77.33,0.17476596995958996,0.00961862777892536,False
77.34,0.20703335783012675,0.011394534114676358,False
77.35000000000001,0.25363493114707775,0.013959353728882122,False
77.36,0.32576986095182314,0.017929457518602667,False
77.37,0.44942844695635004,0.02473527853010048,False
77.38,0.69953083564104,0.03850021105062715,True
77.39,1.3940351125467314,0.07672377443640625,True
77.4,5.864268450080769,0.32275285303005447,True
77.41,10.058531188544459,0.5535932855102831,True
77.42,2.5108871412569496,0.13819217100574518,True
77.43,0.9827660918766031,0.054088683475941764,True
77.44,0.5720082039292952,0.031481723823921205,False
77.45,0.3930207797858453,0.021630759071786906,False
77.46000000000001,0.2957956745256584,0.016279762544941262,False
77.47,0.23581394543312878,0.012978536763910873,False
77.48,0.19560239340333352,0.010765405961175513,False
77.49,0.16702106162081812,0.009192369792260298,False
77.5,0.14580713479306065,0.008024814884787528,False
77.51,0.1295291587404875,0.007128920834703494,False
77.52,0.11670676487830167,0.006423212315913134,False
77.53,0.10639099529848817,0.005855461352356955,False
77.54,0.09794762509479985,0.005390761987785433,False
77.55,0.09093791457740408,0.005004967222818099,False
77.56,0.08504945020013906,0.004680882693962339,False
77.57000000000001,0.08005423834190321,0.00440596027312518,False
77.58,0.0757823499820305,0.004170847544621796,False
77.59,0.07210480662002823,0.00396844589429973,False
77.60000000000001,0.06892215441331341,0.003793281662194111,False
77.61,0.06615664752814063,0.003641075936132665,False
77.62,0.06374678526494502,0.0035084438904688735,False
77.63,0.06164342065939944,0.0033926806144215565,False
77.64,0.05980694151859688,0.003291605964229503,False
77.65,0.058205198134075195,0.003203450510300843,False
77.66,0.056811959051612404,0.003126770547122887,False
77.67,0.05560574808721327,0.00306038408589078,False
77.68,0.05456896000297647,0.0030033221837927645,False
77.69,0.05368718265248053,0.0029547916367974394,False
77.7,0.052948675846165666,0.0029141462978691107,False
77.71000000000001,0.052343969169198645,0.00288086494199347,False
77.72,0.05186555402875189,0.002854534317325386,False
77.73,0.05150764853129365,0.0028348362046958053,False
77.74,0.05126602396860672,0.0028215378678899125,False
77.75,0.0511378809517695,0.002814485236409592,False
77.76,0.05112177021074648,0.0028135985465054937,False
77.77,0.05121755207979935,0.002818870111367934,False
77.78,0.05142639440644674,0.002830364206041917,False
77.79,0.05175080753501508,0.0028482189928234454,False
77.8,0.05219471865137723,0.0028726506129849796,False
77.81,0.052763589651542826,0.002903959673931359,False
77.82000000000001,0.05346458481490095,0.002942540477463807,False
77.83,0.05430679791407703,0.00298889351926813,False
77.84,0.055301552197178055,0.0030436419990943395,False
77.85000000000001,0.056462791585924106,0.003107553351202291,False
77.86,0.0578075901770082,0.003181567285884495,False
77.87,0.05935681416826001,0.003266832220021718,False
77.88,0.06113598693741857,0.003364752888587189,False
77.89,0.06317642870211107,0.0034770530683286387,False
77.9,0.06551676963140438,0.003605858855175252,False
77.91,0.06820498384510794,0.003753810609842421,False
77.92,0.07130115745124498,0.0039242153028341475,False
77.93,0.07488131604888473,0.004121257169441123,False
77.94,0.0790428024806794,0.004350293686125329,False
77.95,0.08391198386511704,0.0046182797439133965,False
77.96000000000001,0.08965553603073217,0.004934388711938845,False
77.97,0.09649737639500239,0.005310944375504005,False
77.98,0.10474480287998775,0.00576485954852921,False
77.99,0.11483016410497474,0.006319929483835191,False
78.0,0.1273798576880756,0.00701062934573237,False
78.01,0.14333377268684475,0.007888687986240343,False
78.02,0.16416339983150782,0.00903509211929119,False
78.03,0.1922969422537704,0.01058348322040155,False
78.04,0.23201831000161466,0.012769635657999483,False
78.05,0.29157954539694675,0.016047718647800767,False
78.06,0.3889232141008126,0.021405240573345016,False
78.07000000000001,0.5707072363658859,0.03141012222580813,False
78.08,1.000141178658907,0.055044959416985374,True
78.09,2.7345127767965147,0.15049989745030445,True
78.10000000000001,10.268316309268924,0.5651392689203951,True
78.11,4.989776353926592,0.27462326595733,True
78.12,1.346897030054257,0.07412942686512435,True
78.13,0.6971256506066521,0.03836783642649084,True
78.14,0.45306887238480154,0.02493563731368579,False
78.15,0.33012769992331076,0.018169300727191424,False
78.16,0.25767616303530505,0.014181771773482968,False
78.17,0.21057687578819279,0.01158955938346556,False
78.18,0.17783057076232003,0.00978729479355797,False
78.19,0.15392431233743384,0.008471561522206874,False
78.2,0.13581432502326504,0.007474838721444646,False
78.21000000000001,0.12169348279365998,0.0066976672540078955,False
78.22,0.11042635498976419,0.00607755620774235,False
78.23,0.10126639086825186,0.005573417528035365,False
78.24,0.09370410860199407,0.005157210767101754,False
78.25,0.08738084671027058,0.004809196205118005,False
78.26,0.08203739992591814,0.0045151079127172256,False
78.27,0.07748218900645293,0.004264401906857142,False
78.28,0.07357085343816436,0.004049132990611385,False
78.29,0.07019277676079974,0.003863213144912865,False
78.3,0.06726195814390089,0.0037019091257722214,False
78.31,0.06471068675212485,0.0035614943191242866,False
78.32000000000001,0.062485070571346564,0.003439002659983725,False
78.33,0.060541818766155844,0.0033320515424453607,False
78.34,0.05884589029505609,0.003238712406073661,False
78.35000000000001,0.05736875161218592,0.0031574148447025,False
78.36,0.05608706940459461,0.00308687465836907,False
78.37,0.05498172039183247,0.003026039355466451,False
78.38,0.05403703532608564,0.0029740465446358904,False
78.39,0.05324021712969433,0.0029301919106912225,False
78.4,0.052580893425067256,0.0028939045871230456,False
78.41,0.05205077171550624,0.002864728178220477,False
78.42,0.05164337624043915,0.0028423062763227856,False
78.43,0.051353849946773215,0.002826371562879268,False
78.44,0.05117881114136837,0.0028167379190042834,False
78.45,0.051116256166437876,0.0028132950690048495,False
78.46000000000001,0.0511655034521186,0.0028160055011913604,False
78.47,0.05132717529497828,0.0028249034650178408,False
78.48,0.05160321745067317,0.002840096049406754,False
78.49,0.051996956865736486,0.0028617663601443735,False
78.5,0.05251320054861812,0.002890178961464918,False
78.51,0.05315838196423227,0.0029256879331949837,False
78.52,0.05394076170058695,0.002968747914880832,False
78.53,0.054870695666576444,0.0030199288666410687,False
78.54,0.055960985302730165,0.0030799353437819415,False
78.55,0.057227334736279285,0.003149631657327298,False
78.56,0.05868894373536473,0.0032300745085516026,False
78.57000000000001,0.06036928213114385,0.0033225556109960494,False
78.58,0.06229710398383654,0.0034286575073172658,False
78.59,0.06450779228725073,0.00355032757804489,False
78.60000000000001,0.06704515451269064,0.0036899768632716154,False
78.61,0.06996385406143514,0.0038506138829636194,False
78.62,0.0733327500082708,0.004036028447057734,False
78.63,0.07723955622525219,0.004251048080538007,False
78.64,0.08179746204978502,0.004501902406398552,False
78.65,0.08715473841969952,0.0047967518403184105,False
78.66,0.09350899874872455,0.005146472469165181,False
78.67,0.10112894649531855,0.005565852976058461,False
78.68,0.11038856363759339,0.006075476277937495,False
78.69,0.12182279583144229,0.006704784280152503,False
78.7,0.1362220942577934,0.007497281194012576,False
78.71000000000001,0.1548010606960256,0.008519815287622577,False
78.72,0.17951782692079052,0.009880156630217473,False
78.73,0.21372539787159073,0.011762845189511978,False
78.74,0.26363139884268183,0.01450953121418032,False
78.75,0.34200432271946346,0.018822956664747842,False
78.76,0.479375225941463,0.026383465075239382,False
78.77,0.7681744696336381,0.04227816373169118,True
78.78,1.6415136243929855,0.09034429615057003,True
78.79,8.322846929601681,0.45806610231569017,True
78.8,9.73642136382282,0.5358652660986739,True
78.81,2.035047722478192,0.11200330681879077,True
78.82000000000001,0.8814875426394084,0.04851459678545282,True
78.83,0.5323570264532544,0.029299434461602377,False
78.84,0.37275452226781547,0.020515361219545707,False
78.85000000000001,0.28377389738434877,0.01561811772020686,False
78.86,0.22797230095302504,0.012546954691919267,False
78.87,0.19014004088034483,0.01046477343112375,False
78.88,0.1630288688396099,0.008972650722277547,False
78.89,0.14278088878471248,0.007858258810235427,False
78.9,0.12716860940750385,0.006999002834116707,False
78.91,0.11482287643465941,0.006319528390944195,False
78.92,0.10485929626468027,0.005771160942620756,False
78.93,0.09668308223919314,0.005321165103212352,False
78.94,0.08988062210012743,0.004946776816558039,False
78.95,0.08415609101088697,0.004631714715114482,False
78.96000000000001,0.07929278489680389,0.004364052015693345,False
78.97,0.0751286627875085,0.0041348704387274915,False
78.98,0.07154038643267162,0.003937381793580638,False
78.99,0.06843261806217392,0.0037663389573474363,False
79.0,0.06573067148096359,0.0036176314117697056,False
79.01,0.06337535811298302,0.0034880015839801734,False
79.02,0.06131930536605557,0.0033748422196536692,False
79.03,0.05952428217599111,0.0032760491884716745,False
79.04,0.05795922819384341,0.003189913016128258,False
79.05,0.056598783058721736,0.0031150379396393344,False
79.06,0.0554221758068217,0.0030502807835372193,False
79.07000000000001,0.054412379721408666,0.0029947044451891433,False
79.08,0.05355546418056058,0.002947542222318752,False
79.09,0.05284009539311748,0.002908170334916031,False
79.10000000000001,0.052257152010856636,0.002876086769611805,False
79.11,0.051799429955627294,0.002850895034192869,False
79.12,0.05146141947979542,0.00283229188763547,False
79.13,0.05123913964924087,0.002820058230514686,False
79.14,0.05113002304753166,0.002814052759446235,False
79.15,0.05113284279053692,0.0028142079501759067,False
79.16,0.05124767914317125,0.002820528220259004,False
79.17,0.0514759232493192,0.0028330901343448997,False
79.18,0.05182031865283918,0.0028520446893763943,False
79.19,0.05228504280071084,0.0028776218002938645,False
79.2,0.05287583284605699,0.0029101372238800067,False
79.21000000000001,0.05360016221833709,0.002950002276687003,False
79.22,0.05446747963601802,0.0029977369896221386,False
79.23,0.05548952257286564,0.003053987360251444,False
79.24,0.056680727229612086,0.003119547916487969,False
79.25,0.05805875972722218,0.003195390951976166,False
79.26,0.05964520994237956,0.0032827047128469082,False
79.27,0.061466497062643614,0.0033829432369281206,False
79.28,0.06355506415892385,0.0034978920996562345,False
79.29,0.06595096841710547,0.003629755935955257,False
79.3,0.06870402206832942,0.0037812762710219606,False
79.31,0.0718767142178254,0.003955892329572585,False
79.32000000000001,0.07554825969657092,0.004157963873258208,False
79.33,0.0798203088705466,0.004393085452517825,False
79.34,0.0848251554828931,0.00466853814314122,False
79.35000000000001,0.09073780444437687,0.004993953723537748,False
79.36,0.09779416130802975,0.005382315772296072,False
79.37,0.10631925416845374,0.005851512922199756,False
79.38,0.1167724985252481,0.00642683011108616,False
79.39,0.1298231713061116,0.007145102459946205,False
79.4,0.14648216091609595,0.008061966425330741,False
79.41,0.16834499417750495,0.009265235319056597,False
79.42,0.19807146412290755,0.010901296673863557,False
79.43,0.24041616013806397,0.013231829726011585,False
79.44,0.3047013102968676,0.01676990370707798,False
79.45,0.41171409055940983,0.022659586356230596,False
79.46000000000001,0.6176730321908551,0.033994987623149724,False
79.47,1.1337710914211998,0.06239957422722539,True
79.48,3.593017424524197,0.19774958029690998,True
79.49,10.099921899661346,0.5558713139149573,True
79.5,3.649718249903446,0.20087023435906493,True
79.51,1.1744695017055047,0.06463950033989614,True
79.52,0.6410047937757268,0.03527910220314148,False
79.53,0.426854066639086,0.023492848086336924,False
79.54,0.31538142646423484,0.017357707282758882,False
79.55,0.24838763210863324,0.01367055713817753,False
79.56,0.20426431225879085,0.011242133629274537,False
79.57000000000001,0.17330061863071447,0.009537978960387827,False
79.58,0.150538341277196,0.008285207191863434,False
79.59,0.1332022990347052,0.007331080152550222,False
79.60000000000001,0.11962741167905121,0.006583956506882432,False
79.61,0.108758724594379,0.005985774517921722,False
79.62,0.09989787445650833,0.005498098231166786,False
79.63,0.09256557544137672,0.005094549101970528,False
79.64,0.08642282245415715,0.00475646924274159,False
79.65,0.08122362668474248,0.004470320120762486,False
79.66,0.07678554690941573,0.004226060683860009,False
79.67,0.07297069639566904,0.004016102033829593,False
79.68,0.06967314456039411,0.00383461404911177,False
79.69,0.06681034788821591,0.003677053766622019,False
79.7,0.06431719102127544,0.003539837420080887,False
79.71000000000001,0.062141761029501995,0.0034201078677268577,False
79.72,0.06024229891013103,0.0033155668114181126,False
79.73,0.05858496538021874,0.003224351832132129,False
79.74,0.05714218203625688,0.003144945092053318,False
79.75,0.055891385202283074,0.0030761047498755237,False
79.76,0.054814079540844704,0.0030168128742094507,False
79.77,0.053895114806167245,0.002966235638109853,False
79.78,0.05312212990081973,0.0029236927215169676,False
79.79,0.05248512369317914,0.0028886336902560397,False
79.8,0.0519761258037878,0.002860619877043742,False
79.81,0.051588944886123964,0.002839310527569286,False
79.82000000000001,0.05131898125811025,0.0028244524882592727,False
79.83,0.051163090973830885,0.00281587272516706,False
79.84,0.05111949630635558,0.0028134733971989898,False
79.85000000000001,0.05118773594388512,0.0028172291150502233,False
79.86,0.051368653593328796,0.002827186313977676,False
79.87,0.051664423521251404,0.0028434646595019504,False
79.88,0.05207861506795471,0.002866260598081055,False
79.89,0.05261629937936242,0.002895853231333366,False
79.9,0.053284204041829916,0.0029326128267029286,False
79.91,0.05409092427085841,0.002977012440692704,False
79.92,0.05504720396199496,0.0030296433871161697,False
79.93,0.05616630231609356,0.0030912354151212294,False
79.94,0.05746447139401985,0.0031626829924589163,False
79.95,0.05896157621667176,0.003245079434045642,False
79.96000000000001,0.060681905465830695,0.0033397615206594376,False
79.97,0.0626552353085195,0.003448368048842572,False
79.98,0.06491823898331527,0.003572917410570337,False
79.99,0.067516377271034,0.003715911639444067,False
80.0,0.07050646155348361,0.003880477474241013,False
