time,E12,E13,E23
0.0,-0.33099999999374996,-0.6659598761447921,-0.7896292636109601
0.01,-0.33029905536837323,-0.6648645542713506,-0.7902633480648134
0.02,-0.329532564860351,-0.6637505776065349,-0.7908896054155679
0.03,-0.32870001698782464,-0.6626176804829115,-0.7915080758785918
0.04,-0.32780084002299,-0.6614655868474183,-0.7921188021251865
0.05,-0.3268344008081544,-0.6602940099708348,-0.7927218294677224
0.06,-0.3258000034246579,-0.6591026521395185,-0.793317206071101
0.07,-0.32469688771840866,-0.6578912043347734,-0.7939049831813791
0.08,-0.32352422767033046,-0.6566593458957397,-0.7944852153778019
0.09,-0.3222811296049021,-0.6554067441647269,-0.7950579608510263
0.1,-0.3209666302302311,-0.6541330541146122,-0.7956232817091891
0.11,-0.319579694502144,-0.6528379179578672,-0.7961812443135617
0.12,-0.31811921330378284,-0.6515209647367116,-0.7967319196456772
0.13,-0.31658400093116823,-0.6501818098938295,-0.7972753837079609
0.14,-0.31497279237411757,-0.6488200548229826,-0.7978117179601134
0.15,-0.31328424038079644,-0.6474352863987666,-0.7983410097937225
0.16,-0.31151691229301093,-0.6460270764846276,-0.7988633530478799
0.17,-0.30966928663814697,-0.6445949814181313,-0.799378848568919
0.18,-0.30773974945758087,-0.6431385414663978,-0.7998876048302617
0.19,-0.30572659035856253,-0.6416572802566802,-0.8003897386194362
0.2,-0.30362799828175385,-0.640150704188117,-0.8008853757470172
0.21,-0.301442056946701,-0.6386183018056805,-0.801374651851303
0.22,-0.29916673997028204,-0.6370595431584302,-0.8018577132591898
0.23,-0.2967999056228045,-0.635473879123123,-0.8023347179266243
0.24,-0.2943392911977035,-0.6338607406933803,-0.8028058364654198
0.25,-0.2917825069682163,-0.6322195382348991,-0.8032712532632977
0.26,-0.2891270297013636,-0.6305496607070006,-0.8037311677048085
0.27,-0.28637019569636324,-0.6288504748505468,-0.8041857955017685
0.28,-0.2835091933112135,-0.627121324341904,-0.8046353701429995
0.29,-0.2805410549375924,-0.6253615289121773,-0.8050801444745246
0.3,-0.27746264838041346,-0.6235703834303719,-0.8055203924229815
0.31,-0.2742706675943411,-0.621747156948434,-0.8059564108768802
0.32,-0.27096162272487195,-0.6198910917045777,-0.8063885217429165
0.33,-0.2675318293711202,-0.6180014020443552,-0.8068170742192499
0.34,-0.2639773970557605,-0.6160772733487299,-0.8072424472499511
0.35000000000000003,-0.2602942168127648,-0.6141178609013733,-0.8076650522207035
0.36,-0.25647794780640953,-0.6121222887184932,-0.8080853359108005
0.37,-0.252524002907529,-0.6100896483360194,-0.808503783724841
0.38,-0.24842753312938276,-0.6080189975387941,-0.8089209232422971
0.39,-0.24418341082553618,-0.6059093590399625,-0.8093373281134859
0.4,-0.23978621154041785,-0.6037597191177961,-0.809753622335079
0.41000000000000003,-0.2352301943906272,-0.6015690262156819,-0.810170484943813
0.42,-0.2305092808415341,-0.5993361895089684,-0.8105886551736892
0.43,-0.22561703172913872,-0.5970600774396034,-0.8110089381297902
0.44,-0.2205466223612529,-0.594739516215462,-0.811432211041119
0.45,-0.21529081549163198,-0.592373288220116,-0.8118594301530307
0.46,-0.20984193199309864,-0.5899601304361368,-0.81229163831031
0.47000000000000003,-0.2041918190110117,-0.5874987328766852,-0.8127299733413622
0.48,-0.19833181531340482,-0.5849877369910628,-0.8131756772981197
0.49,-0.19225271357221663,-0.5824257340645816,-0.8136301066767427
0.5,-0.18594471926217382,-0.5798112636257609,-0.8140947437227266
0.51,-0.17939740583156472,-0.5771428118975135,-0.8145712089358222
0.52,-0.172599665755226,-0.5744188103222592,-0.8150612749147923
0.53,-0.1655396570318836,-0.5716376341800253,-0.8155668817114627
0.54,-0.15820474463030632,-0.5687976012723859,-0.816090153861393
0.55,-0.1505814363460179,-0.5658969707789492,-0.8166334192805809
0.56,-0.14265531245263863,-0.5629339423408138,-0.8171992302694936
0.5700000000000001,-0.13441094844680385,-0.5599066553821224,-0.8177903868551076
0.58,-0.12583183010875315,-0.5568131887406451,-0.8184099627705255
0.59,-0.11690025999697468,-0.5536515607189569,-0.8190613343696898
0.6,-0.10759725437386158,-0.5504197296587809,-0.8197482128481177
0.61,-0.0979024294321893,-0.5471155950949194,-0.8204746801643423
0.62,-0.0877938755357105,-0.543736999688136,-0.8212452291119001
0.63,-0.07724801800740722,-0.5402817320944078,-0.822064808051739
0.64,-0.06623946279750259,-0.536747530949414,-0.8229388708717827
0.65,-0.05474082511777911,-0.5331320902432075,-0.8238734328070668
0.66,-0.04272253885387667,-0.5294330663536991,-0.8248751328377821
0.67,-0.030152644237364412,-0.5256480870968072,-0.8259513034606862
0.68,-0.016996550870526872,-0.5217747632282566,-0.8271100487180671
0.6900000000000001,-0.0032167727516988487,-0.517810702873276,-0.82836033147946
0.7000000000000001,0.011227368613529354,-0.513753529552904,-0.8297120710503721
0.71,0.026380077548241898,-0.5096009044921617,-0.8311762523150152
0.72,0.042289459319854505,-0.5053505541340483,-0.8327650477195253
0.73,0.05900794329876158,-0.5010003039471123,-0.8344919535116211
0.74,0.07659276155080519,-0.49654811980100944,-0.8363719417570307
0.75,0.09510649170967744,-0.49199215858961853,-0.8384216297299041
0.76,0.11461767461701389,-0.4873308299221131,-0.8406594683062522
0.77,0.13520151949946968,-0.4825628713472011,-0.8431059510555656
0.78,0.15694071205598803,-0.4776874399217299,-0.8457838456200898
0.79,0.17992634442833833,-0.4727042236843506,-0.8487184487691538
0.8,0.20425899040924145,-0.4676135773818977,-0.851937866293581
0.81,0.2300499550506322,-0.46241668766403676,-0.8554733182586804
0.8200000000000001,0.25742273554403305,-0.4571157744222205,-0.8593594694979857
0.8300000000000001,0.2865147402807001,-0.4517143362549516,-0.8636347838948923
0.84,0.3174793268985334,-0.44621745026613735,-0.8683418994491903
0.85,0.35048823842766463,-0.44063213851513106,-0.8735280184992504
0.86,0.3857345426491634,-0.4349678169922868,-0.8792453046995159
0.87,0.42343621532964026,-0.4292368466816163,-0.8855512735140197
0.88,0.4638405590312856,-0.4234552117928818,-0.8925091575532206
0.89,0.5072297213399134,-0.41764335668494734,-0.9001882198654305
0.9,0.553927681736863,-0.4118272223526065,-0.9086639794503455
0.91,0.604309231449582,-0.4060395349770758,-0.9180182997293171
0.92,0.65881170187398,-0.4003214151079795,-0.9283392750514314
0.93,0.7179505488453498,-0.3947243978236816,-0.9397208312340295
0.9400000000000001,0.7823404449367058,-0.3893129841932217,-0.9522619312845839
0.9500000000000001,0.8527243925165716,-0.38416788553916903,-0.966065247937036
0.96,0.9300147634815993,-0.37939017992637636,-0.9812351299873416
0.97,1.0153524911871208,-0.37510668015168336,-0.9978746436167192
0.98,1.110194622062053,-0.37147692100682983,-1.0160814159231797
0.99,1.2164475363147287,-0.3687023129027349,-1.0359419295732133
1.0,1.336676364665463,-0.36703815711618315,-1.0575238055175156
1.01,1.4744470273512698,-0.36680927340430225,-1.080865419039264
1.02,1.634911235460182,-0.36842956546893957,-1.1059618473294208
1.03,1.8258655656273892,-0.37242355855267495,-1.1327454546331692
1.04,2.0598118189024825,-0.37943865904034224,-1.161057950243987
1.05,2.3583600609984035,-0.39019991877063154,-1.1906073943018551
1.06,2.762921801917314,-0.4051981607131818,-1.2208951621108346
1.07,3.3659748821233357,-0.42305880860401235,-1.2510732751484968
1.08,4.434520590969352,-0.43034968081968583,-1.2796025063566825
1.09,7.3180348573519405,-0.28130279678827375,-1.3030775942781698
1.1,10.388715838345284,8.675252273278407,-1.3105470920671962
1.11,1.5438481052831106,3.8655884538526397,-1.2986871470828962
1.12,0.6859266340121768,3.0173055728680067,-1.26938818290314
1.1300000000000001,0.39140589490753497,2.6032639198069907,-1.2266884410963215
1.1400000000000001,0.2640532520604093,2.341042985189897,-1.1705914352937996
1.1500000000000001,0.20986407035981358,2.152021354114267,-1.0998259951079028
1.16,0.19468792802131474,2.0044897420953522,-1.0123533554297661
1.17,0.20232696919057713,1.8829690141389683,-0.9056809320393966
1.18,0.2225156389810694,1.7790658048543757,-0.777456426305617
1.19,0.2458506590854337,1.6880866193418167,-0.6268294784231565
1.2,0.26086961034930667,1.6076451911715752,-0.45714547120619997
1.21,0.2530088519765079,1.5370511934738715,-0.27986149627989887
1.22,0.20752340307909156,1.4769029907470381,-0.11689687807843363
1.23,0.11752653860340878,1.4284884716563218,0.0046096541874027785
1.24,-0.008880320183050072,1.392910995653109,0.06636239740875483
1.25,-0.15213859054160705,1.370373587388567,0.06922106618798285
1.26,-0.29285573219246497,1.3601000571443134,0.028574632648562748
1.27,-0.41938529681693915,1.3607675419996919,-0.03745907066266785
1.28,-0.5277316038381132,1.3709826732124246,-0.1151898317560236
1.29,-0.6183556303830076,1.389554701269717,-0.19641004843578225
1.3,-0.6934968546529885,1.4155843159973651,-0.2769134102785591
1.31,-0.7557394565553162,1.4484583478734008,-0.3548635283551884
1.32,-0.8074293215315025,1.4878136567851996,-0.4296763010772814
1.33,-0.8505099758239636,1.5334993586378842,-0.501373220147647
1.34,-0.8865276844754792,1.5855471959730054,-0.5702348743048715
1.35,-0.9166904067174397,1.6441516241062764,-0.6366212701009027
1.36,-0.9419344067183495,1.7096582523322332,-0.700877742400704
1.37,-0.9629828277928063,1.7825582008790146,-0.763280641063471
1.3800000000000001,-0.9803927210294408,1.8634850887858692,-0.8239965551084842
1.3900000000000001,-0.994591363318369,1.953209639356369,-0.8830380099641235
1.4000000000000001,-1.0059039408832766,2.0526232322610314,-0.9402011109860389
1.41,-1.0145748446727718,2.1626941993543722,-0.9949682315807797
1.42,-1.020784742895886,2.284365731523503,-1.0463517079875935
1.43,-1.0246657156742343,2.418335167960766,-1.0926418940796863
1.44,-1.0263171948937027,2.5645994039600732,-1.1310049433111506
1.45,-1.0258267262334897,2.7215529599040793,-1.1568588775174773
1.46,-1.0233015954139364,2.8842751213072546,-1.1629723695066125
1.47,-1.0189200537052159,3.041511763283645,-1.1383858347433757
1.48,-1.0130109024130496,3.171147278884418,-1.0678234279758423
1.49,-1.006156897862784,3.235909750840202,-0.9336464592042992
1.5,-0.9992696735330844,3.1863209337020377,-0.7239854200729061
1.51,-0.9935045219936738,2.9822702004318344,-0.4476398392899006
1.52,-0.9899011150857717,2.628824440595402,-0.14281228648111655
1.53,-0.9889251518135582,2.1867803439704687,0.13913251867207932
1.54,-0.9903336782598009,1.7349532383188238,0.3633846557796334
1.55,-0.9934598583439511,1.32752275412295,0.5225757614814783
1.56,-0.997581714542874,0.9849505031051893,0.6265045817264621
1.57,-1.0021228524309613,0.706389415011753,0.689507673867215
1.58,-1.006692042474035,0.4825457052530795,0.724158549306835
1.59,-1.011050926019272,0.3026850088924016,0.7397572064149371
1.6,-1.0150681390343217,0.15731609314410022,0.7427145535936921
1.61,-1.0186812197464827,0.0388169264370648,0.7373293162091098
1.62,-1.0218698571741323,-0.05869850500721241,0.7264626393566977
1.6300000000000001,-1.024638443105872,-0.13971189252435556,0.7120231082952307
1.6400000000000001,-1.02700512809543,-0.20762918274339937,0.6952921311397178
1.6500000000000001,-1.0289950989482253,-0.2650499809335599,0.6771367202187013
1.6600000000000001,-1.030636540045946,-0.3139732972826472,0.6581478166188235
1.67,-1.0319582476919738,-0.3559501211267811,0.6387305516938732
1.68,-1.0329882734322235,-0.39219535103125336,0.6191636444739963
1.69,-1.0337531893870282,-0.4236697994648658,0.5996389117519787
1.7,-1.0342777365708073,-0.45114049474475765,0.5802878524051109
1.71,-1.0345846979038564,-0.47522531058307105,0.5611997446106848
1.72,-1.0346949054539967,-0.4964262566733992,0.5424341030130009
1.73,-1.034627322065798,-0.5151545249179921,0.5240293444788021
1.74,-1.0343991609523753,-0.531749499676784,0.5060088756967726
1.75,-1.0340260239197234,-0.5464933137163249,0.48838540636171857
1.76,-1.0335220423346714,-0.5596220903042723,0.4711640302244202
1.77,-1.032900014801502,-0.5713346984486585,0.4543444407035222
1.78,-1.0321715380416938,-0.581799626179244,0.43792253283225935
1.79,-1.0313471271439538,-0.5911604182399312,0.4218915676434457
1.8,-1.0304363260572513,-0.5995400094280383,0.4062430207268497
1.81,-1.0294478069651347,-0.6070442022430069,0.3909672024902944
1.82,-1.028389460753452,-0.6137644760682499,0.37605371081758243
1.83,-1.027268477074652,-0.6197802710870189,0.3614917619866478
1.84,-1.026091416548937,-0.6251608560206946,0.3472704309173439
1.85,-1.0248642747864416,-0.6299668644236001,0.33337882493829707
1.86,-1.0235925400475068,-0.6342515650031875,0.31980620757052314
1.87,-1.0222812439782003,-0.6380619176764987,0.30654208595050947
1.8800000000000001,-1.0209350073184602,-0.6414394555860898,0.2935762704610355
1.8900000000000001,-1.019558080289097,-0.6444210253669462,0.28089891423567614
1.9000000000000001,-1.0181543790414609,-0.6470394110327832,0.268500537168217
1.9100000000000001,-1.0167275177933988,-0.649323862185031,0.25637203901947836
1.92,-1.0152808378193197,-0.6513005428805211,0.2445047040469731
1.93,-1.0138174332233407,-0.6529929146327439,0.23289019973066505
1.94,-1.0123401741019595,-0.6544220643612216,0.22152057108649814
1.95,-1.010851727324152,-0.65560698619702,0.2103882318916256
1.96,-1.009354575070763,-0.6565648244849344,0.19948595389364776
1.97,-1.0078510316367482,-0.6573110839297462,0.1888068545072099
1.98,-1.0063432583959229,-0.6578598119583152,0.17834438379233142
1.99,-1.0048332773377253,-0.6582237573845005,0.1680923109436968
2.0,-1.0033229833912536,-0.6584145088169937,0.15804471053695812
2.0100000000000002,-1.0018141553061213,-0.6584426158176581,0.14819594907025313
2.02,-1.0003084656634547,-0.6583176951224592,0.13854067159434647
2.0300000000000002,-0.9988074898894699,-0.6580485240425894,0.12907378873590936
2.04,-0.9973127143410925,-0.6576431227966498,0.11979046422225492
2.05,-0.9958255436894783,-0.6571088272119456,0.11068610284781655
2.06,-0.9943473076901674,-0.6564523530423674,0.10175633889417579
2.07,-0.9928792671531796,-0.6556798530547766,0.09299702524140752
2.08,-0.9914226194829653,-0.6547969677121318,0.0844042229175489
2.09,-0.9899785037002381,-0.6538088702818713,0.07597419119798499
2.1,-0.9885480049674584,-0.6527203070554788,0.0677033782675841
2.11,-0.9871321587102244,-0.6515356332531381,0.05958841239458179
2.12,-0.9857319544161215,-0.6502588451058057,0.05162609356110531
2.13,-0.984348339048677,-0.648893608579235,0.04381338560838899
2.14,-0.9829822201314666,-0.6474432851180985,0.03614740886399076
2.15,-0.9816344685972327,-0.6459109547199283,0.028625433169951475
2.16,-0.98030592138534,-0.6442994366414295,0.021244871329159698
2.17,-0.9789973837603037,-0.6426113079993919,0.014003272984088488
2.18,-0.9777096314131903,-0.64084892047909,0.006898318879872023
2.19,-0.9764434124005306,-0.6390144153347803,-7.218453454665985e-05
2.2,-0.9751994489467934,-0.6371097368463424,-0.006910310195973601
2.21,-0.9739784390085069,-0.6351366444084919,-0.013618015138715467
2.22,-0.9727810576507843,-0.6330967233832012,-0.020197144859529614
2.23,-0.9716079583611211,-0.6309913947875953,-0.02664943745460041
2.24,-0.9704597742297592,-0.6288219239544282,-0.03297652746116181
2.25,-0.9693371189930076,-0.626589428245338,-0.039179949420685534
2.2600000000000002,-0.9682405879304568,-0.6242948838995652,-0.04526114116200736
2.27,-0.9671707586569895,-0.6219391320815446,-0.0512214468350673
2.2800000000000002,-0.9661281918392399,-0.6195228841836107,-0.05706211971846442
2.29,-0.9651134318551184,-0.6170467264332864,-0.0627843248169232
2.3000000000000003,-0.9641270074038929,-0.6145111238482522,-0.06838914125788087
2.31,-0.9631694318933051,-0.6119164236058228,-0.07387756438899751
2.32,-0.9622412037785516,-0.6092628578460204,-0.07925050766605712
2.33,-0.9613428068986207,-0.6065505458990403,-0.08450880439737657
2.34,-0.9604747107352953,-0.6037794960099004,-0.08965320925944031
2.35,-0.9596373706336823,-0.6009496065555123,-0.0946843996250113
2.36,-0.9588312279011499,-0.5980606667758894,-0.09960297666324208
2.37,-0.9580567098208579,-0.5951123570282074,-0.1044094662281399
2.38,-0.9573142296105037,-0.592104248569541,-0.10910431954727329
2.39,-0.956604186350676,-0.5890358028710355,-0.11368791371805986
2.4,-0.9559269649002966,-0.5859063704630545,-0.1181605520142231
2.41,-0.9552829358090009,-0.5827151893073796,-0.12252246400010447
2.42,-0.9546724552269803,-0.5794613826888724,-0.12677380544501027
2.43,-0.9540958644067317,-0.5761439566241877,-0.13091465787618678
2.44,-0.9535534892980788,-0.5727617967669757,-0.13494502795155644
2.45,-0.9530456403395762,-0.5693136647669033,-0.1388648466959177
2.46,-0.9525726120375629,-0.5657981941025644,-0.14267396841299212
2.47,-0.9521346825668584,-0.5622138853365168,-0.1463721693566687
2.48,-0.9517321132253245,-0.558559100758581,-0.14995914608911654
2.49,-0.951365147803678,-0.5548320583829803,-0.1534345135315603
2.5,-0.9510340119218651,-0.5510308252600139,-0.15679780270595373
2.5100000000000002,-0.9507389123702968,-0.5471533100569869,-0.16004845815723512
2.52,-0.950480036477954,-0.5431972548560201,-0.16318583503615536
2.5300000000000002,-0.9502575515095182,-0.5391602261079737,-0.1662091958118012
2.54,-0.9500716039318937,-0.5350396046635327,-0.16911770653591518
2.5500000000000003,-0.9499223179525391,-0.5308325747672928,-0.17191043248459142
2.56,-0.9498097949552342,-0.5265361120173591,-0.17458633355773812
2.57,-0.9497341124941805,-0.522146970126094,-0.17714425904763148
2.58,-0.9496953233361025,-0.517661666396235,-0.17958294185610055
2.59,-0.9496934542615423,-0.5130764657616302,-0.1819009920258951
2.6,-0.9497285047379487,-0.5083873632657073,-0.18409688956612946
2.61,-0.9498004455928549,-0.5035900648338063,-0.1861689765431337
2.62,-0.9499092177596976,-0.4986799661698775,-0.18811544837928085
2.63,-0.9500547310974872,-0.4936521295772027,-0.18993434426836164
2.64,-0.9502368627671864,-0.48850125844003,-0.19162353649088518
2.65,-0.9504554551261734,-0.4832216691247084,-0.19318071855011384
2.66,-0.9507103142596103,-0.47780726007747143,-0.1946033922339814
2.67,-0.951001208283345,-0.47225147777945564,-0.1958888533184083
2.68,-0.9513278653108418,-0.466547279146478,-0.19703417570457646
2.69,-0.9516899709988277,-0.4606870899734129,-0.19803619382449097
2.7,-0.9520871661135302,-0.45466275901544134,-0.19889148325137232
2.71,-0.9525190443395347,-0.4484655071979253,-0.1995963393567953
2.72,-0.9529851501310751,-0.44208587131830496,-0.20014675371461443
2.73,-0.9534849749848928,-0.43551364148966965,-0.2005383876716677
2.74,-0.9540179543335897,-0.4287377916927892,-0.20076654326905505
2.75,-0.9545834646004161,-0.42174640257260776,-0.20082613110062156
2.7600000000000002,-0.9551808195507013,-0.41452657539480964,-0.20071163454622817
2.77,-0.9558092656748804,-0.40706433601135694,-0.200417069916379
2.7800000000000002,-0.9564679777891775,-0.39934452771206325,-0.19993594234440049
2.79,-0.9571560552362139,-0.39135069146219215,-0.19926119696988953
2.8000000000000003,-0.9578725161821917,-0.3830649317014621,-0.19838516431801956
2.81,-0.9586162911853502,-0.37446776595329306,-0.19729949953272297
2.82,-0.9593862178645369,-0.3655379561903951,-0.1959951151392917
2.83,-0.9601810339167609,-0.3562523193248338,-0.19446210600684385
2.84,-0.9609993681668229,-0.34658551406206106,-0.1926896656497723
2.85,-0.9618397330626927,-0.33650980139656916,-0.19066599373391366
2.86,-0.9627005167020122,-0.32599477486871464,-0.18837819341604176
2.87,-0.9635799700138887,-0.31500705690927766,-0.18581215685245323
2.88,-0.9644761970412308,-0.3035099571808687,-0.1829524395011838
2.89,-0.9653871421079437,-0.2914630882204232,-0.17978212127996648
2.9,-0.966310573777678,-0.2788219336233893,-0.17628265407756039
2.91,-0.9672440723925597,-0.26553736432000147,-0.17243369675153308
2.92,-0.9681850110058027,-0.25155509790207053,-0.168212936278817
2.93,-0.9691305363869314,-0.23681509763727,-0.16359589792125856
2.94,-0.9700775492784961,-0.22125090880300552,-0.15855574737918882
2.95,-0.9710226770334036,-0.20478893290414052,-0.1530630894839375
2.96,-0.9719622544625959,-0.18734764556211708,-0.147085775209918
2.97,-0.9728922910460083,-0.16883677111923667,-0.14058872815019424
2.98,-0.9738084462139174,-0.14915643955871838,-0.13353381634638584
2.99,-0.9747059950445316,-0.1281963694847595,-0.12587980068884097
3.0,-0.9755797873345147,-0.10583515187086184,-0.11758241132272101
3.0100000000000002,-0.9764242377111565,-0.08193974844982393,-0.10859463087893473
3.02,-0.9772332740667045,-0.05636539161741627,-0.09886728519498028
3.0300000000000002,-0.9780003213998116,-0.028956157592490483,-0.08835010783351072
3.04,-0.9787182849224947,0.0004533665030836964,-0.07699349949827422
3.0500000000000003,-0.979379549263989,0.03203470663509195,-0.06475130196459639
3.06,-0.9799760044447012,0.06595952406514566,-0.051585026996016636
3.0700000000000003,-0.9804991108560364,0.10238977044639952,-0.03747013355698525
3.08,-0.9809400232639423,0.141462242248453,-0.022405120534055134
3.09,-0.9812897998191858,0.18326527100976914,-0.006424362734189559
3.1,-0.9815397299954078,0.22780482078973796,0.010384317742744065
3.11,-0.9816818219375478,0.27495716177080015,0.02785655386224012
3.12,-0.9817094940169149,0.32440614320582173,0.04572278643858241
3.13,-0.9816185025853836,0.3755659089756672,0.06357583574100223
3.14,-0.9814081177313345,0.4274960411603113,0.08083979229866939
3.15,-0.9810824801185434,0.478826731478485,0.09675042115854576
3.16,-0.980651973329822,0.5277259035194513,0.11036318219523089
3.17,-0.9801343072269524,0.5719528052555289,0.12060841248107879
3.18,-0.9795548281390376,0.6090411538222917,0.12640818114137614
3.19,-0.9789456523521198,0.6366240284797942,0.12684987484307603
3.2,-0.9783432881034599,0.6528486486289402,0.12137954227372127
3.21,-0.9777850141354736,0.6567586652984837,0.10994997032700526
3.22,-0.9773047033926128,0.6484983370947759,0.0930597740544305
3.23,-0.9769291916554979,0.6292535536063525,0.07166090178373424
3.24,-0.9766760331997677,0.6009607619882944,0.046970401453859056
3.25,-0.9765530353520413,0.5659078257100735,0.020258223473818338
3.2600000000000002,-0.9765592929474067,0.5263650249469475,-0.007323541358822849
3.27,-0.9766871231741483,0.4843314604825659,-0.03483901553584601
3.2800000000000002,-0.9769242704172045,0.44141348182403617,-0.061598057506875414
3.29,-0.9772559174804858,0.3988067308591695,-0.0871387664698185
3.3000000000000003,-0.9776662865628678,0.3573397447836776,-0.11118683987714234
3.31,-0.9781397726033876,0.31754336386471166,-0.13360934157273985
3.3200000000000003,-0.9786616669700221,0.2797229780592773,-0.1543726811172162
3.33,-0.9792185617724323,0.24402207094951717,-0.17350870491972697
3.34,-0.9797985261361133,0.21047310622677973,-0.19108934491291024
3.35,-0.9803911344337823,0.17903588694968703,-0.20720868698076117
3.36,-0.9809874037501662,0.14962525642070817,-0.22197084951388607
3.37,-0.981579682371156,0.1221304433056909,-0.23548213340492372
3.38,-0.9821615157278578,0.09642818185834928,-0.24784617777212342
3.39,-0.982727507089324,0.07239135294326593,-0.25916116079394097
3.4,-0.983273182957334,0.04989448359218601,-0.26951835187774864
3.41,-0.9837948677565898,0.02881708762676627,-0.27900153134045924
3.42,-0.984289571741642,0.009045550635921551,-0.28768694801177047
3.43,-0.9847548911099064,-0.009525948811797635,-0.2956435955079654
3.44,-0.9851889205234423,-0.026995141238066622,-0.30293366355065154
3.45,-0.9855901784396366,-0.043451759872041085,-0.30961307262219695
3.46,-0.9859575417386657,-0.05897786999304816,-0.3157320346283758
3.47,-0.98629019047525,-0.0736483297745355,-0.3213356050213453
3.48,-0.9865875599225638,-0.08753131482851728,-0.326464206632729
3.49,-0.9868493011741204,-0.10068886271462091,-0.3311541151677307
3.5,-0.9870752462543407,-0.11317741029118905,-0.3354379019055498
3.5100000000000002,-0.9872653791715369,-0.1250483074411921,-0.33934483313028013
3.52,-0.9874198108156825,-0.13634829835273898,-0.3429012277691772
3.5300000000000002,-0.987538759332431,-0.14711996604596544,-0.3461307761641108
3.54,-0.9876225310593911,-0.15740213891708277,-0.34905482279393013
3.5500000000000003,-0.9876715070037103,-0.1672302600225617,-0.3516926169671624
3.56,-0.9876861287640626,-0.17663672060456342,-0.3540615341985104
3.5700000000000003,-0.9876668882709592,-0.1856511606488121,-0.3561772720752296
3.58,-0.9876143204554734,-0.19430073882529042,-0.35805402346928444
3.59,-0.987528993495049,-0.20261037463600723,-0.35970462915296375
3.6,-0.9874115036708211,-0.21060296541812762,-0.36114071310503076
3.61,-0.987262470741432,-0.21829958083397755,-0.3623728021865257
3.62,-0.9870825319910587,-0.22571963681562301,-0.36341043176741594
3.63,-0.9868723381840188,-0.2328810516379468,-0.36426223948528685
3.64,-0.9866325532880256,-0.2398003858900751,-0.36493604885268094
3.65,-0.9863638508140795,-0.24649296784462782,-0.36543894297750745
3.66,-0.9860669104338685,-0.252973006097184,-0.3657773300371663
3.67,-0.9857424179385157,-0.25925369079105925,-0.3659570019410512
3.68,-0.9853910638325376,-0.26534728468591556,-0.36598318636081706
3.69,-0.9850135419496779,-0.2712652050976506,-0.3658605930617299
3.7,-0.9846105487409145,-0.2770180978500798,-0.36559345530531245
3.71,-0.9841827837034944,-0.2826159040655971,-0.3651855669656392
3.72,-0.983730948651165,-0.28806792046028684,-0.36464031549939924
3.73,-0.9832557472897825,-0.2933828539390127,-0.36396071143729575
3.74,-0.9827578857382434,-0.2985688710962524,-0.3631494148856973
3.75,-0.9822380727319417,-0.3036336431353339,-0.36220875917615036
3.7600000000000002,-0.981697019746469,-0.3085843866533098,-0.3611407719924199
3.77,-0.9811354413018407,-0.3134279007755146,-0.35994719428195404
3.7800000000000002,-0.980554055703979,-0.3181706010220702,-0.3586294972219741
3.79,-0.9799535858811708,-0.3228185501905379,-0.35718889738484516
3.8000000000000003,-0.9793347594015276,-0.3273774865605512,-0.3556263701336092
3.81,-0.9786983094730737,-0.33185284971726836,-0.35394266169618793
3.8200000000000003,-0.9780449757502433,-0.33624980423809797,-0.3521382998697432
3.83,-0.9773755051655185,-0.3405732614166894,-0.3502136035089677
3.84,-0.9766906526459205,-0.3448278992136702,-0.3481686908848126
3.85,-0.9759911818912501,-0.3490181806291912,-0.34600348704050515
3.86,-0.9752778663438578,-0.3531483706558147,-0.3437177302507967
3.87,-0.9745514904382969,-0.35722255193745633,-0.34131097767283025
3.88,-0.9738128506086609,-0.3612446392248083,-0.33878261016909894
3.89,-0.9730627557429787,-0.36521839276014156,-0.3361318363139313
3.9,-0.972302028609903,-0.3691474307016649,-0.33335769588201236
3.91,-0.9715315068983453,-0.3730352406754072,-0.3304590626460722
3.92,-0.9707520443872651,-0.37688519052109626,-0.32743464660628185
3.93,-0.9699645120018777,-0.38070053829354245,-0.32428299564824337
3.94,-0.9691697988487793,-0.38448444159633216,-0.3210024966779311
3.95,-0.9683688133075657,-0.38823996631302304,-0.31759137627439693
3.96,-0.9675624842431588,-0.3919700947902726,-0.3140477008943699
3.97,-0.9667517623920436,-0.3956777335174494,-0.31036937665715064
3.98,-0.9659376218748676,-0.39936572033579765,-0.30655414871923614
3.99,-0.9651210606743859,-0.4030368311900699,-0.3025996000785033
4.0,-0.9643031021379742,-0.40669378651803284,-0.2985031501414386
4.01,-0.9634847962693012,-0.4103392572651525,-0.29426205287134827
4.0200000000000005,-0.9626672210301597,-0.413975870576205,-0.2898733945642763
4.03,-0.9618514836245822,-0.4176062151682922,-0.28533409125336595
4.04,-0.9610387216910992,-0.421232846407089,-0.2806408857394319
4.05,-0.9602301044603411,-0.4248582911098477,-0.275790344263674
4.0600000000000005,-0.9594268339295517,-0.42848505209479015,-0.2707788528350419
4.07,-0.9586301460997275,-0.4321156124925789,-0.2656026132213749
4.08,-0.9578413123149305,-0.4357524398315673,-0.2602576386099694
4.09,-0.9570616407367731,-0.439397989904432,-0.25473974893972556
4.1,-0.9562924773905028,-0.4430547103980415,-0.24904456582902487
4.11,-0.9555352066525694,-0.44672504429408233,-0.24316750711660676
4.12,-0.9547912528746927,-0.45041143308889176,-0.23710378116859393
4.13,-0.9540620810768274,-0.45411631977024725,-0.2308483807489564
4.14,-0.9533491982900875,-0.4578421516067851,-0.22439607664517042
4.15,-0.9526541545419114,-0.46159138269238353,-0.2177414108855601
4.16,-0.951978543553812,-0.46536647623674565,-0.2108786895688035
4.17,-0.9513240032424972,-0.4691699065918332,-0.2038019753264994
4.18,-0.9506922161097529,-0.4730041610003551,-0.19650507943591095
4.19,-0.9500849095976314,-0.476871741048126,-0.18898155359521612
4.2,-0.9495038564727534,-0.4807751637965858,-0.1812246813677369
4.21,-0.948950875286491,-0.48471696256508906,-0.17322746929454141
4.22,-0.9484278309358543,-0.4886996873245059,-0.1649826376664642
4.23,-0.9479366351978461,-0.4927259046477811,-0.15648261092673976
4.24,-0.9474792434032064,-0.49679819695895605,-0.1477195074310746
4.25,-0.9470576544662819,-0.5009191613805466,-0.1386851292567562
4.26,-0.9466739109891456,-0.5050914079626443,-0.12937095167250984
4.2700000000000005,-0.9463300974755018,-0.5093175570901871,-0.11976811221596773
4.28,-0.9460283385503493,-0.5136002360631543,-0.10986739951758262
4.29,-0.9457707966647412,-0.5179420747068599,-0.09965924188761383
4.3,-0.9455596694292924,-0.522345699887613,-0.0891336957421357
4.3100000000000005,-0.945397186673827,-0.5268137287881756,-0.07828043392865458
4.32,-0.9452856072390564,-0.5313487607696931,-0.06708873399001136
4.33,-0.9452272143708486,-0.5359533675257829,-0.05554746640857422
4.34,-0.945224310706764,-0.5406300813475535,-0.04364508304596426
4.3500000000000005,-0.9452792127656758,-0.5453813812596606,-0.03136960579520759
4.36,-0.9453942450424909,-0.5502096766502338,-0.018708615824350183
4.37,-0.945571732700081,-0.5551172880042609,-0.005649243319986397
4.38,-0.9458139929596622,-0.5601064242982143,0.007821841918460026
4.39,-0.9461233256706583,-0.5651791565737903,0.0217184386216957
4.4,-0.9465020033886269,-0.570337387132831,0.03605482055330461
4.41,-0.9469522610262553,-0.5755828136976086,0.05084574104789735
4.42,-0.9474762820602105,-0.5809168875279226,0.06610643514888687
4.43,-0.9480761833261149,-0.5863407646738077,0.08185261838344277
4.44,-0.9487540002829133,-0.5918552494796839,0.09810048154704198
4.45,-0.9495116695566408,-0.5974607287825826,0.11486668039720777
4.46,-0.9503510089293052,-0.6031570954129174,0.13216831930616318
4.47,-0.9512736953904517,-0.6089436592499071,0.15002292712783954
4.48,-0.9522812422154949,-0.6148190438604549,0.1684484234666131
4.49,-0.9533749735680581,-0.6207810662914548,0.18746307347827046
4.5,-0.9545559939528832,-0.6268265969260779,0.20708542818991804
4.51,-0.9558251570147218,-0.6329513965680609,0.227334247451912
4.5200000000000005,-0.9571830322700436,-0.6391499264852586,0.24822840083110853
4.53,-0.9586298657412852,-0.6454151269102946,0.2697867426622905
4.54,-0.9601655359378338,-0.6517381585135221,0.29202795457116526
4.55,-0.9617895091579608,-0.6581081006043833,0.31497034781334843
4.5600000000000005,-0.9635007934856209,-0.6645115987044174,0.33863161749617143
4.57,-0.965297876817589,-0.6709324518201162,0.3630285370511058
4.58,-0.9671786686569434,-0.6773511300753376,0.38817657979688613
4.59,-0.9691404350741144,-0.6837442098937238,0.4140894510502058
4.6000000000000005,-0.9711797235767048,-0.6900837125477665,0.4407785110505146
4.61,-0.9732922835479073,-0.6963363295291193,0.46825206365101346
4.62,-0.9754729838776346,-0.7024625157013098,0.49651448167616996
4.63,-0.9777157129687364,-0.7084154275874671,0.5255651314369644
4.64,-0.9800132791625129,-0.7141396823821529,0.555397053629448
4.65,-0.9823572981169575,-0.7195699090886558,0.5859953463100739
4.66,-0.984738073996255,-0.7246290611865255,0.6173351870090669
4.67,-0.9871444706965613,-0.7292264579731473,0.6493794176232082
4.68,-0.9895637756949984,-0.7332555214652579,0.6820756036600922
4.69,-0.9919815575386295,-0.7365911779484373,0.7153524652605839
4.7,-0.9943815192221159,-0.73908689997615,0.7491155648982729
4.71,-0.9967453508734936,-0.7405713783000999,0.7832421265991348
4.72,-0.9990525879599876,-0.7408448374926717,0.8175748590311583
4.73,-1.001280483030618,-0.7396750489734512,0.8519146643390062
4.74,-1.003403903272521,-0.7367931575003609,0.886012146713276
4.75,-1.0053952705103886,-0.7318895305347827,0.9195579019842745
4.76,-1.0072245669947553,-0.7246099743805768,0.9521716907077614
4.7700000000000005,-1.0088594370390704,-0.7145528469568654,0.9833907985729926
4.78,-1.0102654253427188,-0.7012678427446661,1.012658195852672
4.79,-1.0114064004254701,-0.6842575297961896,1.0393115596432216
4.8,-1.0122452235190245,-0.6629830642789587,1.0625748326390085
4.8100000000000005,-1.0127447333426267,-0.636875843203184,1.0815547629112925
4.82,-1.012869106898434,-0.6053570767657468,1.095245736363961
4.83,-1.01258567100423,-0.5678672006210539,1.1025469923417615
4.84,-1.0118671750558765,-0.5239064576202841,1.102296723881261
4.8500000000000005,-1.0106945236665212,-0.4730865853251581,1.093327064391967
4.86,-1.0090598499939882,-0.41519114659279915,1.0745420302563127
4.87,-1.0069697021813595,-0.35023869618953585,1.045016577315198
4.88,-1.0044480226044779,-0.27853923869150915,1.0041090678188729
4.89,-1.0015384088778685,-0.20073155511414287,0.9515726244661007
4.9,-0.9983052156497494,-0.11778854152310592,0.887645113255828
4.91,-0.9948329947616465,-0.030981337917557528,0.813095951203813
4.92,-0.9912240566773254,0.05819920961305636,0.729212801001053
4.93,-0.9875942110174383,0.14815494073447666,0.6377228083063329
4.94,-0.9840670897279731,0.23730868436033836,0.5406582124575435
4.95,-0.9807677565018955,0.3242261914659862,0.44018952664068456
4.96,-0.9778164157288325,0.4077117129042428,0.33845597350364376
4.97,-0.9753229788815969,0.4868650435753923,0.23742043473700514
4.98,-0.9733830173417486,0.5610978219877037,0.1387667601611382
4.99,-0.9720753389240047,0.6301153520976542,0.043845247839659374
5.0,-0.9714611431138875,0.6938749937221941,-0.04633821437518182
5.01,-0.9715845124441893,0.752532999434879,-0.13110005448426976
5.0200000000000005,-0.9724738837038527,0.8063897129037839,-0.21003652682663243
5.03,-0.9741441445034356,0.8558398309933364,-0.2829720671279222
5.04,-0.9765990266852205,0.9013312563752977,-0.3499068876702103
5.05,-0.979833553074634,0.9433335835673742,-0.4109690847459776
5.0600000000000005,-0.9838363654466202,0.9823156748289635,-0.4663739025766821
5.07,-0.9885918341527167,1.018730969614753,-0.516390921694557
5.08,-0.9940819028704968,1.0530089112587675,-0.5613187882155061
5.09,-1.0002876612617553,1.0855509445641074,-0.6014665138598407
5.1000000000000005,-1.0071906631868806,1.1167297680404733,-0.6371401699800128
5.11,-1.0147740228657884,1.146890805463458,-0.6686338177278592
5.12,-1.0230233277178462,1.1763551322956607,-0.6962236482450003
5.13,-1.031927409720306,1.2054233255669042,-0.7201644818811079
5.14,-1.0414790158029663,1.2343798953071734,-0.7406879506898062
5.15,-1.051675416274826,1.2634981034132027,-0.7580018484319877
5.16,-1.0625189880063628,1.29304509144377,-0.7722902644518352
5.17,-1.0740178080820209,1.323287330667382,-0.7837142258802652
5.18,-1.0861862908498905,1.3544964875095689,-0.792412659110632
5.19,-1.0990459035199303,1.3869558714000272,-0.7985035474783161
5.2,-1.112625993772475,1.4209677155053684,-0.8020852179026076
5.21,-1.126964768514441,1.4568616368251175,-0.8032377335062754
5.22,-1.1421104597449503,1.495004760369163,-0.8020244123755484
5.23,-1.1581227215537058,1.5358141713294844,-0.7984935335355836
5.24,-1.1750742990455512,1.57977263535324,-0.7926803382456373
5.25,-1.1930530067414933,1.6274489343841692,-0.7846094912593344
5.26,-1.2121640385273107,1.6795247915369418,-0.7742982386565769
5.2700000000000005,-1.232532591753767,1.7368313526628476,-0.7617605910215812
5.28,-1.254306698874709,1.8003998000025645,-0.7470129832961623
5.29,-1.277659967964597,1.8715333661651705,-0.7300820153986163
5.3,-1.3027935229438299,1.9519126825107325,-0.71101507090455
5.3100000000000005,-1.329935545204314,2.0437548007932618,-0.6898948343318261
5.32,-1.3593348468552247,2.150062104604741,-0.6668589665073248
5.33,-1.391240326414413,2.275028959418762,-0.6421264098016546
5.34,-1.4258468931915675,2.4247412091876566,-0.6160319199085076
5.3500000000000005,-1.463158498842737,2.6084582924076822,-0.589070390088231
5.36,-1.502630941984839,2.8411600064192335,-0.5619524577196264
5.37,-1.542162276434244,3.1491688260499195,-0.5356735540325612
5.38,-1.5748138654569706,3.584514512328211,-0.5116035202178981
5.39,-1.5754075183775202,4.270623731241557,-0.4916281223489234
5.4,-1.416767644407725,5.614908565445689,-0.4784959363163974
5.41,0.8931364962903945,10.964145500528865,-0.4774820098779067
5.42,8.881444174927635,-1.2099810357870013,-0.478506188931604
5.43,5.4341422021609525,-1.7753076788186577,-0.4902949268802326
5.44,4.264426377289454,-1.7540798112879719,-0.5117366612716436
5.45,3.6275914273975887,-1.682879634875912,-0.5382379352326057
5.46,3.2137541031024104,-1.6096437696589456,-0.5672476715937464
5.47,2.918409328238977,-1.5424782207832164,-0.5970166299387438
5.48,2.695082844723281,-1.4824644687838828,-0.6262817675773964
5.49,2.5194962762759117,-1.4291123084251218,-0.6541222606030739
5.5,2.3775378980279176,-1.3816111313660633,-0.6798659453221774
5.51,2.2603544244345204,-1.3391600825137369,-0.7030180320223793
5.5200000000000005,2.1620620701215016,-1.301053284006474,-0.7232040778445925
5.53,2.078568722623274,-1.2666931348135841,-0.7401239019722305
5.54,2.006919744149134,-1.2355823602872795,-0.753514101660528
5.55,1.944911293568851,-1.2073108869258773,-0.7631169938001165
5.5600000000000005,1.8908492039494038,-1.1815427659773432,-0.7686538765641706
5.57,1.8433909470521954,-1.1580047284668087,-0.7698005967025097
5.58,1.8014365712541036,-1.1364766932005064,-0.7661634929718595
5.59,1.7640487805578036,-1.116784121162413,-0.7572538202024417
5.6000000000000005,1.7303897641864174,-1.0987919839094609,-0.742458715100111
5.61,1.6996662734845376,-1.0824000911316536,-0.7210066407864778
5.62,1.6710763057287914,-1.067539531440881,-0.6919250816115475
5.63,1.6437513492452023,-1.0541699959845217,-0.6539881572100614
5.64,1.6166878561707634,-1.0422777138019914,-0.605652052604217
5.65,1.5886606553837814,-1.0318737245334941,-0.5449772756050438
5.66,1.5581098853507933,-1.0229920236763683,-0.469540000684853
5.67,1.5229925968155307,-1.015686966780688,-0.3763425470930404
5.68,1.4805931311710512,-1.0100289050123155,-0.2617501535843241
5.69,1.4272986444477023,-1.0060964820542586,-0.12151582358968716
5.7,1.3583803910511443,-1.0039632527786213,0.04898116879373293
5.71,1.2678995247130411,-1.0036755277820246,0.2540568519873716
5.72,1.1490018958653498,-1.0052183702682997,0.49626805929728124
5.73,0.9950567742280839,-1.0084693082062834,0.7738703033645078
5.74,0.8021275986878399,-1.0131476745324797,1.0773964868390957
5.75,0.5726274174696053,-1.0187827739821351,1.3869816676903965
5.76,0.31832243132518656,-1.0247375058433121,1.6737444883173744
5.7700000000000005,0.059391269437160554,-1.0303114544903682,1.9076259169738703
5.78,-0.18182564207834662,-1.0348949010245914,2.0685139211210344
5.79,-0.38866735466776237,-1.038094399665658,2.1526871534955445
5.8,-0.5540689825303222,-1.0397671498040366,2.1704013490366263
5.8100000000000005,-0.6792422615338187,-1.039971203917216,2.1384370793647127
5.82,-0.7699663749194875,-1.0388831708829454,2.0735408711369976
5.83,-0.8333468629718584,-1.0367265883919958,1.989185442466246
5.84,-0.8759921702740826,-1.033726156962893,1.8949545448149845
5.8500000000000005,-0.9033312364572941,-1.0300848104875113,1.7971464756025728
5.86,-0.9195473324180279,-1.02597547616866,1.6996636087545929
5.87,-0.9277560892778778,-1.0215406171484003,1.6047930099668526
5.88,-0.9302378810406084,-1.0168952091823176,1.5137823843410465
5.89,-0.9286485284881514,-1.0121308184595454,1.4272314335792464
5.9,-0.9241872921101073,-1.0073196792205583,1.3453463575887445
5.91,-0.9177230927096752,-1.002518327330814,1.26810124868895
5.92,-0.909886610815547,-0.997770664103466,1.1953388230216389
5.93,-0.9011365663092874,-0.9931104687997752,1.1268325180995908
5.94,-0.8918071697674246,-0.9885634266648564,1.0623242823493388
5.95,-0.8821420882982632,-0.9841487548161283,1.0015471764589843
5.96,-0.8723188261783006,-0.9798805026974489,0.9442385282896709
5.97,-0.8624663042561737,-0.9757685884983065,0.8901472433471579
5.98,-0.8526776042319532,-0.9718196323444777,0.8390375233900181
5.99,-0.8430192620964543,-0.968037621188852,0.7906904043920209
6.0,-0.8335380855909011,-0.9644244442974561,0.7449039961354251
6.01,-0.8242661845983931,-0.9609803238785949,0.7014929738281993
6.0200000000000005,-0.8152247035386584,-0.9577041665168466,0.6602876630517737
6.03,-0.8064266051076839,-0.9545938434568662,0.6211329303356539
6.04,-0.7978787562160076,-0.9516464200489637,0.5838870065494604
6.05,-0.7895834975144806,-0.9488583430823233,0.5484203183673529
6.0600000000000005,-0.7815398285844765,-0.9462255916073149,0.5146143716108273
6.07,-0.7737443054541387,-0.9437438009046678,0.4823607082132346
6.08,-0.766191721716003,-0.9414083621618109,0.4515599471844992
6.09,-0.758875626066807,-0.9392145051160632,0.42212091091010384
6.1000000000000005,-0.7517887156915923,-0.9371573635861002,0.3939598353704339
6.11,-0.7449231350196752,-0.9352320295634377,0.3669996587741077
6.12,-0.7382707021242059,-0.9334335959511828,0.3411693831485081
6.13,-0.7318230796376036,-0.9317571916385065,0.3164035019110861
6.140000000000001,-0.7255719030127378,-0.9301980088758415,0.2926414874416825
6.15,-0.7195088759370755,-0.9287513249419131,0.26982733230526035
6.16,-0.7136258404206818,-0.9274125190794477,0.247909138420221
6.17,-0.7079148273489847,-0.9261770851374502,0.22683874905807977
6.18,-0.7023680919750973,-0.9250406414859909,0.20657141869605045
6.19,-0.6969781378135586,-0.9239989375436641,0.18706551684502037
6.2,-0.6917377316202525,-0.9230478585177048,0.1682822617687878
6.21,-0.6866399115522699,-0.9221834280996368,0.15018548092285078
6.22,-0.6816779901372474,-0.9214018096884345,0.1327413950831966
6.23,-0.6768455533206305,-0.9206993065089302,0.11591842351522574
6.24,-0.6721364565831736,-0.9200723605233685,0.09968700797211616
6.25,-0.6675448189008608,-0.919517550741876,0.08401945335638661
6.26,-0.6630650151491361,-0.9190315908006021,0.06888978333161128
6.2700000000000005,-0.6586916674196154,-0.9186113259739995,0.054273609286587365
6.28,-0.6544196356194887,-0.9182537300069148,0.0401480111609136
6.29,-0.6502440076255802,-0.9179559015327702,0.026491428991172516
6.3,-0.646160089216908,-0.9177150601955412,0.013283564070034448
6.3100000000000005,-0.6421633939468837,-0.9175285428053135,0.0005052886614083096
6.32,-0.6382496330829043,-0.9173937993234018,-0.011861436512052737
6.33,-0.6344147056997097,-0.9173083887265797,-0.023833637774782424
6.34,-0.6306546890063899,-0.9172699749362633,-0.03542739772551923
6.3500000000000005,-0.626965828945953,-0.917276322888223,-0.046657918809050125
6.36,-0.623344531102767,-0.9173252944396864,-0.057539581669795004
6.37,-0.6197873519415685,-0.917414844391944,-0.06808599884697641
6.38,-0.6162909903850939,-0.9175430166825356,-0.07831006425991077
6.390000000000001,-0.6128522797422198,-0.9177079406308304,-0.08822399882712728
6.4,-0.6094681799745182,-0.9179078272298548,-0.0978393925605831
6.41,-0.6061357703050851,-0.9181409655535235,-0.10716724346393902
6.42,-0.6028522421616153,-0.918405719330821,-0.1162179935300871
6.43,-0.599614892435246,-0.9187005236923262,-0.12500156209282376
6.44,-0.5964211170473828,-0.919023881872189,-0.13352737668616987
6.45,-0.5932684048145725,-0.9193743620798684,-0.1418044016813339
6.46,-0.5901543315856465,-0.9197505945552951,-0.1498411648973046
6.47,-0.5870765546514211,-0.9201512687113332,-0.15764578231641518
6.48,-0.5840328073987106,-0.9205751303669572,-0.16522598106026276
6.49,-0.5810208941983845,-0.9210209790798427,-0.17258912076510902
6.5,-0.5780386855149037,-0.9214876656014539,-0.17974221348930652
6.51,-0.5750841132215385,-0.9219740894641995,-0.18669194227092456
6.5200000000000005,-0.5721551661029208,-0.9224791966978237,-0.19344467844036528
6.53,-0.5692498855315719,-0.9230019775647967,-0.20000649774414894
6.54,-0.566366361312004,-0.9235414643800473,-0.2063831953836778
6.55,-0.5635027276647047,-0.9240967295163975,-0.21258030009028037
6.5600000000000005,-0.56065715935115,-0.9246668834475968,-0.2186030872525001
6.57,-0.5578278679178129,-0.9252510728800378,-0.22445659118151712
6.58,-0.5550130980476359,-0.9258484789558117,-0.23014561656838184
6.59,-0.5522111240083288,-0.9264583155353261,-0.23567474919042483
6.6000000000000005,-0.5494202461857043,-0.9270798275627558,-0.2410483659185503
6.61,-0.5466387876893222,-0.9277122895130788,-0.24627064407177943
6.62,-0.5438650910168202,-0.9283550039133934,-0.25134557015970627
6.63,-0.5410975147645607,-0.9290072998752521,-0.2562769480276254
6.640000000000001,-0.5383344303778712,-0.9296685317246478,-0.26106840646876467
6.65,-0.5355742189205863,-0.9303380776961125,-0.26572340632828995
6.66,-0.5328152678625802,-0.9310153386781873,-0.27024524711939124
6.67,-0.5300559678651212,-0.9316997370082762,-0.27463707318044606
6.68,-0.5272947095520094,-0.9323907153101598,-0.27890187939458927
6.69,-0.5245298802554295,-0.9330877353779123,-0.28304251649428713
6.7,-0.5217598607245111,-0.9337902771075586,-0.28706169597082276
6.71,-0.5189830217836425,-0.9344978374755613,-0.29096199460598726
6.72,-0.5161977209266787,-0.9352099295610655,-0.2947458586406962
6.73,-0.5134022988322454,-0.9359260816068486,-0.298415607592748
6.74,-0.5105950757759729,-0.9366458360910082,-0.3019734377274982
6.75,-0.5077743479295135,-0.9373687488294706,-0.3054214251963059
6.76,-0.504938383538027,-0.9380943881418947,-0.30876152886055674
6.7700000000000005,-0.5020854189460846,-0.9388223340270204,-0.31199559279208533
6.78,-0.49921365445981136,-0.9395521773715942,-0.31512534846216245
6.79,-0.49632125001484034,-0.9402835191741453,-0.31815241661689164
6.8,-0.49340632062922585,-0.9410159697890406,-0.3210783088415044
6.8100000000000005,-0.49046693161820676,-0.9417491481935852,-0.3239044288134762
6.82,-0.4875010935453408,-0.9424826812782584,-0.3266320732416523
6.83,-0.48450675688200556,-0.9432162031576201,-0.3292624324857132
6.84,-0.4814818063446319,-0.9439493544969701,-0.3317965908472782
6.8500000000000005,-0.4784240548762147,-0.9446817818475746,-0.3342355265207539
6.86,-0.4753312372128382,-0.9454131369807618,-0.33658011119538467
6.87,-0.4722010029598982,-0.9461430762419333,-0.3388311093109614
6.88,-0.46903090926211877,-0.9468712599227721,-0.3409891769079938
6.890000000000001,-0.46581841287888814,-0.9475973516346283,-0.34305486009252073
6.9,-0.4625608616642776,-0.948321017685523,-0.3450285930730862
6.91,-0.4592554853735151,-0.9490419264540404,-0.3469106957431272
6.92,-0.4558993857255855,-0.949759747767728,-0.34870137077997043
6.93,-0.4524895256443713,-0.9504741522871709,-0.35040070022402164
6.94,-0.44902271759191803,-0.951184810890501,-0.35200864149356714
6.95,-0.4454956108949858,-0.9518913940468872,-0.35352502278217635
6.96,-0.4419046779032862,-0.9525935711792239,-0.3549495377976252
6.97,-0.438246198908555,-0.9532910100239822,-0.3562817397654845
6.98,-0.43451624566523983,-0.9539833759850096,-0.35752103462550483
6.99,-0.4307106633382988,-0.9546703314895107,-0.3586666733545311
7.0,-0.42682505068394894,-0.955351535299803,-0.35971774329745343
7.01,-0.42285473825266406,-0.9560266418081492,-0.3606731584099148
7.0200000000000005,-0.41879476438195595,-0.9566953003293571,-0.3615316482949617
7.03,-0.41463984871589943,-0.9573571543868796,-0.3622917458888852
7.04,-0.4103843629527836,-0.9580118409705629,-0.3629517736214694
7.05,-0.4060222983568539,-0.958658989722092,-0.3635098278689658
7.0600000000000005,-0.4015472296889634,-0.9592982221178387,-0.3639637614922427
7.07,-0.39695227514792353,-0.9599291506415321,-0.3643111641905252
7.08,-0.39223005165374786,-0.9605513779100876,-0.36454934040224907
7.09,-0.38737262486656543,-0.9611644957189642,-0.3646752843819505
7.1000000000000005,-0.38237145319879823,-0.9617680840628047,-0.3646856520857606
7.11,-0.377217324984649,-0.962361710147768,-0.3645767294097311
7.12,-0.37190028779365575,-0.9629449273353595,-0.36434439621712966
7.13,-0.3664095685403591,-0.9635172739454857,-0.3639840855225308
7.140000000000001,-0.36073348323458754,-0.9640782720937294,-0.3634907371006675
7.15,-0.35485933456037966,-0.9646274264469712,-0.36285874463696055
7.16,-0.34877329533124934,-0.9651642228265305,-0.362081895324352
7.17,-0.34246027551571634,-0.9656881267768624,-0.3611533007023132
7.18,-0.33590377012809813,-0.9661985821262864,-0.3600653172433743
7.19,-0.3290856844567008,-0.9666950092957474,-0.3588094548190227
7.2,-0.3219861327611053,-0.9671768035850723,-0.35737627092973434
7.21,-0.31458320556793284,-0.9676433333855198,-0.3557552480642681
7.22,-0.30685269955448913,-0.9680939381326894,-0.3539346509092909
7.23,-0.2987678029392008,-0.9685279262853095,-0.35190135958554464
7.24,-0.2902987274825612,-0.9689445731165487,-0.34964067400915666
7.25,-0.28141227607193137,-0.9693431182668284,-0.34713608338549373
7.26,-0.27207133254504046,-0.9697227632967648,-0.3443689934776877
7.2700000000000005,-0.262234256620042,-0.9700826688894751,-0.3413184022279275
7.28,-0.25185416292027807,-0.9704219521586595,-0.3379605121614432
7.29,-0.24087805694369158,-0.9707396835254944,-0.33426826452657815
7.3,-0.22924579399968958,-0.9710348836571545,-0.330210776316793
7.3100000000000005,-0.21688881699773038,-0.9713065200926119,-0.32575265559787386
7.32,-0.20372861647373963,-0.9715535040095448,-0.32085316354128646
7.33,-0.18967483854121792,-0.971774686739829,-0.31546518147045594
7.34,-0.17462294341500045,-0.9719688564115773,-0.30953392812957553
7.3500000000000005,-0.15845128491701027,-0.9721347348410712,-0.3029953539739766
7.36,-0.14101743701877117,-0.9722709747591128,-0.2957741137668768
7.37,-0.12215353145814978,-0.9723761575463334,-0.28778098293658
7.38,-0.10166028276724004,-0.9724487924525891,-0.2789095323424414
7.390000000000001,-0.07929925039143826,-0.9724873173255972,-0.269031802038741
7.4,-0.05478270423011283,-0.9724901018025851,-0.25799260685032754
7.41,-0.027760188852288148,-0.9724554554638232,-0.24560194632437438
7.42,0.0021995263664455478,-0.9723816414583477,-0.23162474780568637
7.43,0.035633043413428434,-0.9722669005618425,-0.21576679847261598
7.44,0.0732163739463072,-0.9721094897018758,-0.1976551352057868
7.45,0.11581283263894943,-0.9719077442441317,-0.1768102253213284
7.46,0.16454163216712608,-0.9716601758675705,-0.15260574557762296
7.47,0.22087797878195897,-0.9713656301963312,-0.1242092389466058
7.48,0.2868019451247622,-0.9710235366938793,-0.09049266960676611
7.49,0.3650239431220473,-0.9706343182175061,-0.04989468090027199
7.5,0.4593311396695316,-0.970200068588249,-0.00020427445727300153
7.51,0.5751215643301697,-0.969725695401622,0.06178330631451945
7.5200000000000005,0.7202064123197794,-0.969220907773483,0.1408103634530128
7.53,0.9058787124108949,-0.9687037199269977,0.2439617783202293
7.54,1.1476468241708595,-0.9682066375745526,0.38153987336387557
7.55,1.462092840173863,-0.9677868789061916,0.56631785341305
7.5600000000000005,1.84501695408569,-0.9675381196872426,0.8029966282075418
7.57,2.197100415907228,-0.9675774396229126,1.0458348247251428
7.58,2.2692971589064217,-0.9679333884219332,1.1529231499704937
7.59,1.967779878920502,-0.9684025463136372,1.043235913037248
7.6000000000000005,1.5360418272158645,-0.9687144105069745,0.835228381239566
7.61,1.1595231757975852,-0.9687601326894244,0.6393498124904466
7.62,0.8712491286703565,-0.9685524244837183,0.48347065144928714
7.63,0.6545890082478794,-0.9681373353264151,0.36346776489118415
7.640000000000001,0.48931409577744167,-0.967559541259674,0.2704128784212908
7.65,0.36031193841656417,-0.9668550862955811,0.19693184737719865
7.66,0.25727240114288674,-0.9660517879226935,0.13775441210230932
7.67,0.17323187086652914,-0.9651710218291463,0.08921769544390468
7.68,0.10342052326005347,-0.9642293655027432,0.04876157530124586
7.69,0.04450096525116676,-0.9632398460983005,0.014566862604103947
7.7,-0.005915265042191531,-0.962212848557237,-0.014684695248611546
7.71,-0.04957501755205529,-0.9611567656172835,-0.03996730984369462
7.72,-0.08778179376878326,-0.960078466603175,-0.06201444325647376
7.73,-0.1215261990215632,-0.9589836398505405,-0.08138784278994465
7.74,-0.15157358483078842,-0.9578770456971204,-0.098524511348133
7.75,-0.17852414556395385,-0.9567627057485637,-0.11376925777802566
7.76,-0.20285493305371305,-0.955644047092234,-0.1273976609284907
7.7700000000000005,-0.22494976514347015,-0.9545240129136969,-0.13963254708358386
7.78,-0.24512087553787631,-0.9534051488816826,-0.15065600188932826
7.79,-0.2636248289515968,-0.9522896709983163,-0.1606182566238561
7.8,-0.28067438809127443,-0.951179519795328,-0.1696443524744784
7.8100000000000005,-0.29644747870854965,-0.9500764037052885,-0.17783920173399909
7.82,-0.3110940447645637,-0.948981834425657,-0.1852914767666278
7.83,-0.3247413490094234,-0.9478971557369781,-0.19207663065375186
7.84,-0.33749811411234876,-0.9468235672235703,-0.19825926702904517
7.8500000000000005,-0.34945778917243364,-0.9457621441650688,-0.20389501680875816
7.86,-0.3607011492633534,-0.9447138539916222,-0.20903203723805247
7.87,-0.37129838149407723,-0.9436795701695524,-0.2137122190114877
7.88,-0.3813107720377831,-0.9426600840903989,-0.21797216572018197
7.890000000000001,-0.39079208026608575,-0.9416561150473196,-0.22184399409394712
7.9,-0.39978966571158653,-0.9406683188594875,-0.22535599221572916
7.91,-0.4083454181790509,-0.9396972953028178,-0.2285331642601242
7.92,-0.41649652998353104,-0.938743594523286,-0.23139768394018023
7.930000000000001,-0.424276140738167,-0.9378077226315721,-0.23396927403407192
7.94,-0.4317138785730321,-0.9368901465605513,-0.23626552566300818
7.95,-0.43883631673655843,-0.9359912983915808,-0.23830216822288391
7.96,-0.4456673605850456,-0.9351115791045039,-0.2400932985974194
7.97,-0.4522285770973262,-0.934251361944272,-0.24165157666792983
7.98,-0.4585394766096009,-0.9334109953803909,-0.24298839272871334
7.99,-0.46461775471227024,-0.9325908057933008,-0.24411401142289407
8.0,-0.4704795006953484,-0.9317910998357937,-0.24503769590846355
8.01,-0.47613937787194427,-0.9310121666009228,-0.24576781536460982
8.02,-0.48161078008130315,-0.9302542795411393,-0.24631193834238813
8.03,-0.4869059680019282,-0.9295176982491502,-0.24667691410009912
8.040000000000001,-0.49203618824401213,-0.9288026700648977,-0.24686894364827947
8.05,-0.49701177769822813,-0.928109431532291,-0.2468936419720452
8.06,-0.501842255269212,-0.9274382097691074,-0.24675609267663046
8.07,-0.5065364027073767,-0.9267892236961326,-0.24646089606105176
8.08,-0.5111023360429102,-0.9261626851960213,-0.24601221152410827
8.09,-0.5155475689063731,-0.9255588002140199,-0.24541379503560426
8.1,-0.5198790687173809,-0.9249777697324237,-0.2446690322862181
8.11,-0.5241033067520958,-0.9244197907336474,-0.24378096808048227
8.120000000000001,-0.5282263028094352,-0.923885057095253,-0.24275233242330074
8.13,-0.5322536651511196,-0.9233737604233752,-0.24158556368393783
8.14,-0.5361906262974451,-0.9228860908594625,-0.24028282919922656
8.15,-0.5400420752066221,-0.9224222378723058,-0.23884604360404296
8.16,-0.5438125861952228,-0.9219823909812019,-0.2372768851262311
8.17,-0.5475064450298247,-0.9215667404737033,-0.23557681008358838
8.18,-0.5511276725083321,-0.9211754781117409,-0.23374706577309387
8.19,-0.5546800457958851,-0.9208087978093715,-0.23178870190877093
8.2,-0.5581671177643328,-0.9204668962923257,-0.22970258075250596
8.21,-0.561592234558324,-0.9201499737566241,-0.22748938607483216
8.22,-0.5649585515981425,-0.9198582345305889,-0.22514963105118452
8.23,-0.5682690481560065,-0.9195918877173094,-0.2226836651765409
8.24,-0.5715265406336302,-0.9193511478323103,-0.22009168029577103
8.25,-0.5747336947452826,-0.9191362354602093,-0.21737371581564452
8.26,-0.5778930366590054,-0.9189473779109429,-0.21452966316805272
8.27,-0.5810069632189645,-0.9187848098784881,-0.21155926956728033
8.28,-0.5840777513339899,-0.9186487741095771,-0.20846214111428937
8.290000000000001,-0.5871075666187665,-0.9185395220902777,-0.20523774529293984
8.3,-0.5900984713700587,-0.9184573147521508,-0.20188541289074852
8.31,-0.5930524319458372,-0.918402423192457,-0.19840433936567003
8.32,-0.5959713255388159,-0.9183751294075344,-0.19479358568816385
8.33,-0.59885694649725,-0.9183757270621858,-0.19105207868023855
8.34,-0.6017110121798817,-0.9184045222838167,-0.18717861086519205
8.35,-0.6045351683990132,-0.9184618344870399,-0.18317183984065477
8.36,-0.6073309944890922,-0.9185479972291791,-0.17903028717759395
8.370000000000001,-0.6101000080341521,-0.9186633591039026,-0.17475233685379588
8.38,-0.6128436692883781,-0.9188082846784618,-0.1703362332249143
8.39,-0.6155633853234955,-0.9189831554776278,-0.1657800785305144
8.4,-0.6182605139363666,-0.9191883710149188,-0.16108182992704595
8.41,-0.6209363673096266,-0.9194243498732935,-0.15623929603514247
8.42,-0.6235922154450808,-0.9196915308515216,-0.15125013299831763
8.43,-0.6262292894584537,-0.9199903741705708,-0.1461118400333089
8.44,-0.6288487846770638,-0.9203213627525734,-0.14082175445556033
8.45,-0.6314518635932572,-0.9206850035740861,-0.13537704615526108
8.46,-0.6340396586814361,-0.921081829100526,-0.1297747114978302
8.47,-0.6366132750936819,-0.9215123988107884,-0.12401156662071999
8.48,-0.6391737932499018,-0.921977300820622,-0.11808424009355217
8.49,-0.641722271339633,-0.9224771536128443,-0.11198916490374206
8.5,-0.644259747754116,-0.9230126078819124,-0.10572256972468913
8.51,-0.6467872434350038,-0.9235843484994968,-0.09928046940954932
8.52,-0.6493057641460047,-0.9241930966272869,-0.09265865466140888
8.53,-0.6518163027548975,-0.9248396119636909,-0.08585268082888353
8.540000000000001,-0.6543198414431887,-0.9255246951650238,-0.07885785574636306
8.55,-0.6568173539010913,-0.9262491904440235,-0.07166922654974667
8.56,-0.6593098075156891,-0.9270139883564681,-0.06428156538042629
8.57,-0.6617981655572193,-0.927820028796692,-0.05668935388297075
8.58,-0.6642833893719793,-0.9286683042244324,-0.04888676639198425
8.59,-0.6667664405945567,-0.9295598631469992,-0.04086765169327472
8.6,-0.669248283397074,-0.9304958138821979,-0.03262551323359941
8.61,-0.6717298867990893,-0.9314773286287912,-0.02415348764185632
8.620000000000001,-0.6742122270663755,-0.9325056478718985,-0.015444321410525708
8.63,-0.6766962900801403,-0.9335820851272064,-0.006490345450988699
8.64,-0.679183073831906,-0.9347080321131415,0.0027165525617690034
8.65,-0.6816735911029372,-0.9358849643722466,0.0121849582598485
8.66,-0.6841688721722368,-0.9371144473785131,0.021923963443440886
8.67,-0.6866699676914119,-0.9383981431867487,0.031943201941470045
8.68,-0.6891779517141372,-0.9397378176787766,0.04225288881921141
8.69,-0.6916939248932976,-0.9411353484771607,0.05286386330142201
8.700000000000001,-0.6942190178773363,-0.942592733603764,0.06378763581595548
8.71,-0.6967543949595996,-0.9441121009663748,0.07503643960209627
8.72,-0.6993012579573489,-0.9456957187445383,0.08662328748061598
8.73,-0.7018608503273724,-0.9473460067930866,0.09856203440939515
8.74,-0.7044344616933423,-0.9490655491978615,0.11086744638153634
8.75,-0.7070234326598944,-0.9508571081031978,0.1235552766134832
8.76,-0.7096291600534275,-0.9527236389593535,0.1366423498633702
8.77,-0.71225310259621,-0.9546683073705334,0.15014665596023968
8.78,-0.7148967870734093,-0.9566945077538045,0.16408745373874878
8.790000000000001,-0.7175618151128877,-0.9588058840338912,0.17848538672344183
8.8,-0.720249870504543,-0.9610063526141057,0.19336261235606256
8.81,-0.7229627272802127,-0.9633001279487947,0.2087429464928361
8.82,-0.7257022585775509,-0.9656917510646266,0.22465202543494156
8.83,-0.7284704463868761,-0.9681861214157813,0.24111748810411493
8.84,-0.7312693922875402,-0.9707885325392618,0.2581691814141116
8.85,-0.7341013293151997,-0.9735047120675253,0.2758393923849597
8.86,-0.7369686351505768,-0.9763408667020416,0.29416311122947947
8.870000000000001,-0.7398738466109304,-0.9793037328796347,0.31317833068778855
8.88,-0.7428196759030727,-0.9824006339904099,0.3329263873406534
8.89,-0.7458090286469667,-0.9856395451421535,0.35345235239138906
8.9,-0.7488450239821999,-0.9890291666292175,0.3748054806309742
8.91,-0.7519310170962445,-0.9925790075143475,0.39703972806983945
8.92,-0.7550706244099069,-0.9962994809240061,0.42021435130471363
8.93,-0.7582677518294435,-1.0002020129905596,0.444394604413916
8.94,-0.7615266265741231,-1.0042991677378845,0.4696525527375761
8.950000000000001,-0.7648518329832958,-1.008604790594361,0.4960680278941696
8.96,-0.768248353024874,-1.0131341738067268,0.5237297539201717
8.97,-0.7717216120231594,-1.017904247581448,0.5527366826272763
8.98,-0.7752775305361944,-1.0229338015571965,0.5831995859281803
8.99,-0.778922583306655,-1.0282437420906145,0.6152429661792147
9.0,-0.7826638663111458,-1.0338573919042584,0.6490073631931812
9.01,-0.7865091733322893,-1.0398008398699736,0.6846521595461543
9.02,-0.7904670832198291,-1.0461033501174644,0.722359018131728
9.03,-0.7945470599538326,-1.05279784117743,0.7623361280683743
9.040000000000001,-0.7987595673618253,-1.0599214475489147,0.8048234955034378
9.05,-0.8031162007012751,-1.067516177521627,0.8500995993389324
9.06,-0.8076298379476247,-1.0756296818689421,0.8984898506997308
9.07,-0.812314813782665,-1.0843161473274259,0.9503774666581764
9.08,-0.8171871198567608,-1.0936373248295574,1.0062176200034092
9.09,-0.8222646344295059,-1.103663691469063,1.066556104155418
9.1,-0.8275673859038437,-1.114475720439066,1.1320543236728398
9.11,-0.8331178529789771,-1.1261651814848286,1.2035233149664353
9.120000000000001,-0.8389413033517594,-1.1388362871255717,1.2819709270708008
9.13,-0.845066170592393,-1.152606281491613,1.3686686283310148
9.14,-0.8515244594283069,-1.1676046174187438,1.4652483610608344
9.15,-0.8583521592389076,-1.1839689161374554,1.5738467812700137
9.16,-0.8655896119287019,-1.2018338386139367,1.6973268209436727
9.17,-0.8732817244798055,-1.2213043217061228,1.8396304941540467
9.18,-0.881477780494234,-1.2423934853057754,2.006365015835518
9.19,-0.890230315298389,-1.2648771271991228,2.2058270294316404
9.200000000000001,-0.8995918095070534,-1.28793815777725,2.4509054897857974
9.21,-0.9096061099565556,-1.3092325270975178,2.7628936807499906
9.22,-0.9202860932420949,-1.3221530786339142,3.1798764317002792
9.23,-0.9315507610371947,-1.3064192860925474,3.777435028156229
9.24,-0.9430183117059503,-1.1868628457840502,4.726139144568591
9.25,-0.9531298389680369,-0.574759331691288,6.419319862340292
9.26,-0.955257860881833,2.602970433176343,7.2699918108735595
9.27,-0.9495224876559565,4.104676098636986,2.1595559376267897
9.28,-0.9509095975350528,3.4912653229976987,0.32251709346223056
9.290000000000001,-0.9574594534735601,3.0401733664862602,-0.29323035405742304
9.3,-0.9672015898039152,2.741688551598847,-0.5610753995868257
9.31,-0.9793089793510297,2.5346604450269403,-0.6935741655439843
9.32,-0.9934251695336447,2.385524972005769,-0.7615039095465701
9.33,-1.009413504775794,2.2758967845424163,-0.794167029909109
9.34,-1.0272568345170292,2.195116756123217,-0.8056103191102691
9.35,-1.0470118836431754,2.1367115193778536,-0.8033126879889171
9.36,-1.0687861175641178,2.096654924203037,-0.7915906974628466
9.370000000000001,-1.0927247911931925,2.0724689847514375,-0.7731101478587137
9.38,-1.1190028514089028,2.0627440375094612,-0.7496249613507966
9.39,-1.1478191149054735,2.0668880787909174,-0.7223677649770757
9.4,-1.1793913125991207,2.085018356970094,-0.6922703235526784
9.41,-1.2139510329822185,2.1179603676244305,-0.6600948388299086
9.42,-1.2517374863537287,2.167352959343696,-0.6265152454085392
9.43,-1.2929880195342383,2.2358912280619596,-0.5921682054913087
9.44,-1.337920209906163,2.327789092915408,-0.5576840252449005
9.450000000000001,-1.386691492701648,2.449644110571435,-0.5237030583657662
9.46,-1.439296077577422,2.612123505093175,-0.4908812120575332
9.47,-1.4952746370273309,2.8335236889717343,-0.45988810154175486
9.48,-1.5528009169142254,3.148231154178755,-0.43140332783692914
9.49,-1.6052915531977114,3.6306998670084565,-0.4061221590746005
9.5,-1.6246377588340981,4.485760668210845,-0.38480116085284344
9.51,-1.406250164104798,6.655112512307474,-0.36847314475281934
9.52,14.61698993681451,1.4142962529219794,-0.3620591432695406
9.53,5.4668988379881505,-1.509973980361375,-0.37456685081623853
9.540000000000001,4.006573000271044,-1.6400129521230187,-0.3897824523047362
9.55,3.305183622988448,-1.6442294341444785,-0.40543321784679254
9.56,2.870188101418236,-1.6246074056460378,-0.4206584428755229
9.57,2.565310658338288,-1.5999062405486884,-0.43501998615999504
9.58,2.3355753971905173,-1.575095410972357,-0.44828053418585334
9.59,2.153932897859854,-1.5516404119124771,-0.4603135514767094
9.6,2.005297255188317,-1.5299174037895238,-0.4710574984723084
9.61,1.8804899241671282,-1.509932146299807,-0.48048973086296964
9.620000000000001,1.77355632900052,-1.4915659278933642,-0.48861063749734246
9.63,1.6804377961958836,-1.4746664211091218,-0.4954336311185119
9.64,1.5982571114927482,-1.459082009868871,-0.5009786860019425
9.65,1.5249082344414318,-1.4446740799423308,-0.5052681048544623
9.66,1.4588079378486696,-1.4313204292110375,-0.508323717340849
9.67,1.3987387882792233,-1.4189151235538588,-0.5101650095669952
9.68,1.3437461832451945,-1.4073670341258258,-0.5108078596441781
9.69,1.2930686973225154,-1.3965980053377958,-0.5102636645993797
9.700000000000001,1.2460896731548687,-1.3865410473991013,-0.5085387140821791
9.71,1.20230277142882,-1.3771387029307884,-0.5056337110995748
9.72,1.1612869335893579,-1.368341629471661,-0.5015433699721905
9.73,1.1226878360088879,-1.3601073940102322,-0.496256041408103
9.74,1.086203911292988,-1.3523994581647063,-0.4897533262736332
9.75,1.051575638025645,-1.3451863274247082,-0.4820096486584806
9.76,1.0185772046559118,-1.3384408386551525,-0.47299176261841425
9.77,0.9870099193710724,-1.3321395625972863,-0.46265816916955416
9.78,0.956696915941664,-1.3262623014379817,-0.45095842073032677
9.790000000000001,0.9274788279769451,-1.3207916640523687,-0.43783228854225964
9.8,0.8992101865744667,-1.315712706195153,-0.42320876576219746
9.81,0.8717563577058964,-1.3110126221642955,-0.4070048745415368
9.82,0.8449908730851662,-1.306680480308556,-0.3891242400589302
9.83,0.818793040928904,-1.302706991068089,-0.3694553864318082
9.84,0.7930457369491375,-1.2990843056477894,-0.34786970010339835
9.85,0.7676332950789024,-1.2958058333355096,-0.3242189940100809
9.86,0.7424394171899253,-1.292866078139712,-0.2983325913989794
9.870000000000001,0.7173450302746928,-1.2902604835948042,-0.2700138295065895
9.88,0.6922260127304363,-1.2879852832686813,-0.2390358605883235
9.89,0.6669507024329947,-1.2860373627378388,-0.20513660087753982
9.9,0.6413771042729322,-1.2844141039393828,-0.16801264588132347
9.91,0.6153496790934339,-1.283113231352679,-0.12731193295078402
9.92,0.5886955969231009,-1.2821326341304364,-0.08262489206685553
9.93,0.5612203008044171,-1.2814701728891063,-0.03347378515118693
9.94,0.5327022176034033,-1.2811234441302084,0.020700092439971285
9.950000000000001,0.5028864233959679,-1.2810894913876911,0.080551675769031
9.96,0.471477059784823,-1.2813644632844672,0.14685011590545727
9.97,0.4381283407213983,-1.2819431633768903,0.22049952096997116
9.98,0.4024340740149567,-1.2828184795955972,0.30256198507203325
9.99,0.36391589365885557,-1.2839806462740544,0.3942813594694493
10.0,0.3220109820121265,-1.285416268351824,0.49710407926568356
10.01,0.2760612551781332,-1.2871070440113686,0.6126892397700722
10.02,0.2253083695406739,-1.289028076423715,0.74289238657624
10.03,0.16890341464340142,-1.2911456791991553,0.8896934917898288
10.040000000000001,0.10594835885847553,-1.2934145672781572,1.0550153407736889
10.05,0.03560012105999777,-1.2957744342830777,1.2403399391220997
10.06,-0.04271159348091813,-1.2981461472714595,1.4459787586093973
10.07,-0.1288809082519735,-1.3004283709618663,1.6698127397631288
10.08,-0.22147185312951007,-1.3024965379795468,1.905381684362607
10.09,-0.31685618441434504,-1.3042077567072576,2.1395848041268093
10.1,-0.4085008170594134,-1.3054166162966023,2.3512207428518423
10.11,-0.48724817680896076,-1.3060051394836796,2.512878121665255
10.120000000000001,-0.5435032029092107,-1.3059215546577878,2.598414069727389
10.13,-0.5709463077245398,-1.3052091724142691,2.59395450160389
10.14,-0.5693340663329335,-1.3040032054953432,2.504710892809228
10.15,-0.5440669103047306,-1.302492528470129,2.3516311529155542
10.16,-0.503156782255797,-1.300868959544061,2.16120942049694
10.17,-0.4541751938502445,-1.2992902587244362,1.9565366917787395
10.18,-0.4027365952414439,-1.2978660586866635,1.7535772798385825
10.19,-0.35235593190760034,-1.2966606769452071,1.5615054251746412
10.200000000000001,-0.30492508083634906,-1.2957032427183988,1.3845956489247835
10.21,-0.2612742251251288,-1.294998658219685,1.2241093849776965
10.22,-0.22161094103526274,-1.2945366332519144,1.0796656721764943
10.23,-0.1858102754133909,-1.2942982366049516,0.9500980197865817
10.24,-0.15358923071393826,-1.2942603018591095,0.8339424686396186
10.25,-0.12460518327435122,-1.294398235776995,0.7296953804208113
10.26,-0.09850825206229408,-1.294687723542591,0.6359381789866188
10.27,-0.07496716325274311,-1.2951057040563483,0.5513892191746206
10.28,-0.05368042607837342,-1.2956308789907653,0.47491765304095757
10.290000000000001,-0.03437966791863889,-1.2962439268829384,0.4055386827885076
10.3,-0.01682899351891498,-1.2969275432455492,0.3424006450897149
10.31,-0.000822496249227922,-1.2976663745560983,0.2847693595117389
10.32,0.013818933033658998,-1.2984468947514836,0.23201244081590455
10.33,0.027250905549131677,-1.2992572580589232,0.18358480411952915
10.34,0.039608655242915014,-1.3000871393550129,0.13901582713356198
10.35,0.05100985634483757,-1.3009275752407565,0.0978982481690982
10.36,0.061557099623581246,-1.3017708171631768,0.0598786974139115
10.370000000000001,0.07134003716209003,-1.3026101909144019,0.02464968417544311
10.38,0.08043722161197742,-1.3034399690857836,-0.00805715435197224
10.39,0.08891767417549212,-1.3042552591470487,-0.03847673115694239
10.4,0.09684221946743199,-1.3050518998359169,-0.06681528433489275
10.41,0.10426461925664754,-1.3058263709539188,-0.09325439521546897
10.42,0.11123253612081785,-1.3065757131832796,-0.11795437526521219
10.43,0.11778835299270152,-1.3072974581238372,-0.14105712661082792
10.44,0.12396987174439378,-1.3079895658368599,-0.16268856378212593
10.450000000000001,0.1298109094279173,-1.3086503706356667,-0.182960668982396
10.46,0.13534180867648826,-1.3092785329732262,-0.20197324102982622
10.47,0.14058987486572727,-1.309872999272527,-0.21981538727022842
10.48,0.14557975306379722,-1.3104329640972665,-0.2365667999046458
10.49,0.15033375223059542,-1.310957839639589,-0.25229885008122716
10.5,0.15487212638573367,-1.3114472271025286,-0.26707552832180376
10.51,0.15921331801754413,-1.3119008929212692,-0.28095425428801135
10.52,0.1633741695670735,-1.3123187488573385,-0.2939865753125797
10.53,0.16737010881792647,-1.312700832319717,-0.3062187701841488
10.540000000000001,0.17121531026384507,-1.3130472916242275,-0.3176923711487874
10.55,0.17492283718669388,-1.313358372147128,-0.32844461579614537
10.56,0.17850476703355728,-1.313634403705926,-0.33850883819214783
10.57,0.1819723014718468,-1.31387579139087,-0.3479148069015794
10.58,0.1853358642217568,-1.3140830070969094,-0.356689016792756
10.59,0.18860518860296266,-1.3142565808448752,-0.36485494022272114
10.6,0.19178939492261676,-1.3143970953429358,-0.37243324183619486
10.61,0.1948970600448992,-1.3145051807940256,-0.3794419611240599
10.620000000000001,0.19793628033198452,-1.314581509779436,-0.3858966659144839
10.63,0.20091472828360213,-1.314626793396338,-0.39181057920349527
10.64,0.2038397033270945,-1.3146417796444996,-0.39719468128026353
10.65,0.2067181787861327,-1.3146272506447487,-0.40205778910400775
10.66,0.20955684507382638,-1.3145840200269598,-0.4064066139301694
10.67,0.2123621489283159,-1.314512932276053,-0.41024579774841125
10.68,0.21514032940203986,-1.3144148630394215,-0.4135779290100802
10.69,0.21789745216922196,-1.314290718210503,-0.41640353795706736
10.700000000000001,0.2206394418201963,-1.314141432929596,-0.41872107096422795
10.71,0.22337211174588922,-1.3139679720523918,-0.42052684295873866
10.72,0.2261011915719816,-1.3137713331234058,-0.42181496669966084
10.73,0.22883235342693958,-1.3135525496054954,-0.4225772575480265
10.74,0.2315712398752165,-1.3133126866361322,-0.42280311202945076
10.75,0.23432348711295464,-1.3130528468909288,-0.42247935605016507
10.76,0.23709474870347047,-1.3127741726953848,-0.4215900604616552
10.77,0.2398907186211317,-1.3124778480711563,-0.4201163194058314
10.78,0.242717152980382,-1.3121651018793492,-0.41803598612342774
10.790000000000001,0.2455798903485013,-1.3118372123367243,-0.4153233599243462
10.8,0.24848487167827926,-1.3114955096062035,-0.411948816741387
10.81,0.2514381578801867,-1.311141380766159,-0.40787837365099583
10.82,0.2544459456160436,-1.3107762743765794,-0.403073176074361
10.83,0.2575145804228339,-1.310401705039982,-0.39748889366869583
10.84,0.26065056533765535,-1.3100192600767033,-0.3910750078192727
10.85,0.2638605649884165,-1.3096306045613557,-0.3837739699656591
10.86,0.2671514017789377,-1.3092374884646614,-0.37552020501636413
10.870000000000001,0.27053004241606193,-1.3088417531305017,-0.3662389283154622
10.88,0.2740035700866094,-1.308445339471469,-0.35584473704778524
10.89,0.2775791378614155,-1.3080502955233357,-0.3442399276726682
10.9,0.28126389517560707,-1.3076587858007138,-0.3313124791044493
10.91,0.28506487858053287,-1.3072730987065264,-0.3169336264787598
10.92,0.2889888506213175,-1.3068956579803124,-0.30095493160148395
10.93,0.2930420695797689,-1.3065290306449102,-0.2832047325394432
10.94,0.29722995982092104,-1.3061759392319479,-0.2634838253368442
10.950000000000001,0.30155664749592803,-1.3058392652476307,-0.2415601938423591
10.96,0.30602429916646057,-1.3055220650418573,-0.2171625595620408
10.97,0.3106321909078886,-1.305227570914592,-0.18997246970367793
10.98,0.3153753855235968,-1.3049592000847428,-0.1596145822403091
10.99,0.3202428574204985,-1.3047205410098117,-0.12564474534935505
11.0,0.32521480686802,-1.304515362241385,-0.08753542297811756
11.01,0.3302588167709233,-1.3043475802296625,-0.044658017745162704
11.02,0.33532430909564187,-1.3042212175572632,0.003738242451847229
11.03,0.3403345123627139,-1.3041403473236528,0.058550810361277406
11.040000000000001,0.3451747895832764,-1.3041089755755084,0.12085075574673043
11.05,0.3496756414088385,-1.304130876135312,0.19190915791299756
11.06,0.3535880291953928,-1.3042093244734398,0.2732157974117518
11.07,0.3565479042322628,-1.3043466995415396,0.36647469855010734
11.08,0.3580264119383263,-1.3045438809334278,0.4735452588394591
11.09,0.3572633553016488,-1.3047993739968637,0.5962693123208285
11.1,0.3531872336184433,-1.3051080698252497,0.7360784778733354
11.11,0.34434210936603116,-1.3054596098381555,0.8932172330666264
11.120000000000001,0.3288804100600731,-1.3058364867165135,1.0653900582328175
11.13,0.3047475429567695,-1.3062124364372867,1.2457953143614482
11.14,0.27024169906630224,-1.3065524146819536,1.4211391630581343
11.15,0.22502979064408285,-1.3068161499418611,1.5714675009812398
11.16,0.17122820081538953,-1.3069666409366354,1.6744145248474716
11.17,0.11354695992418196,-1.3069815833703986,1.713984262576884
11.18,0.05780936173641621,-1.306861385105078,1.6883094805347514
11.19,0.008723569129699793,-1.3066280371797294,1.6095789352791976
11.200000000000001,-0.03139601321512547,-1.3063160131404468,1.496719210766838
11.21,-0.06241780343155828,-1.3059617050854504,1.3675902052893252
11.22,-0.08546125721869297,-1.305596410085042,1.23514673626314
11.23,-0.1020592038497729,-1.3052437301837405,1.1071946106198716
11.24,-0.11368361339930255,-1.3049197586737202,0.9876831273066569
11.25,-0.12156274057243366,-1.3046344547142472,0.8781329657203951
11.26,-0.1266538789512635,-1.3043932093157276,0.7787037125461107
11.27,-0.12967797157967348,-1.3041981976713442,0.6888702325927568
11.28,-0.131169204888682,-1.3040494195557344,0.6078127491073979
11.290000000000001,-0.1315209534393022,-1.3039454542578266,0.5346269664201451
11.3,-0.13102276723623607,-1.3038839909176736,0.4684296745682968
11.31,-0.12988835266822196,-1.3038621938738577,0.40840661298161496
11.32,-0.1282761217967328,-1.3038769506042713,0.35382972168472565
11.33,-0.1263040835069233,-1.3039250388417845,0.3040589147664049
11.34,-0.12406058662203834,-1.3040032375730548,0.2585365883220141
11.35,-0.12161207516871159,-1.3041083960605158,0.21677920498111214
11.36,-0.11900870841400524,-1.304237482058712,0.1783681705243016
11.370000000000001,-0.11628845492312212,-1.3043876094086735,0.1429410722536737
11.38,-0.11348009257936176,-1.3045560455396212,0.11018374060384506
11.39,-0.11060542578923732,-1.30474022851927,0.07982328084024543
11.4,-0.10768093067271362,-1.3049377602907672,0.05162206568109884
11.41,-0.10471898721776318,-1.3051464045202987,0.0253726126791875
11.42,-0.1017288078435018,-1.3053640838673763,0.000893240583057342
11.43,-0.09871714036931073,-1.3055888708018193,-0.02197560242178387
11.44,-0.09568880456983003,-1.3058189813629686,-0.04337443918297096
11.450000000000001,-0.09264710275263977,-1.3060527651008238,-0.06342738238727469
11.46,-0.08959413688803108,-1.3062886997571583,-0.08224434923233509
11.47,-0.0865310528826792,-1.3065253809329316,-0.09992293736157937
11.48,-0.08345823083173504,-1.3067615158771957,-0.1165500173390081
11.49,-0.08037543227537386,-1.306995914156688,-0.13220308751685225
11.5,-0.07728191581027272,-1.3072274830361286,-0.14695142983912415
11.51,-0.07417652628827542,-1.3074552190180484,-0.1608570980698698
11.52,-0.07105776470465258,-1.3076782025359213,-0.1739757649556505
11.53,-0.06792384213808383,-1.3078955921040323,-0.18635745015588306
11.540000000000001,-0.0647727209193732,-1.3081066177382723,-0.198047147085159
11.55,-0.06160214666225172,-1.3083105781614899,-0.2090853639629863
11.56,-0.0584096713237206,-1.308506834641633,-0.21950859146869758
11.57,-0.05519267013842544,-1.3086948070136224,-0.22934970765319465
11.58,-0.0519483533231328,-1.308873970520291,-0.23863832892620215
11.59,-0.04867377282139096,-1.3090438513530516,-0.24740111438702644
11.6,-0.0453658254461799,-1.3092040230804236,-0.2556620297783452
11.61,-0.04202125332177997,-1.3093541056135154,-0.26344257625752876
11.620000000000001,-0.038636640535726297,-1.3094937608387376,-0.2707619882231621
11.63,-0.0352084076877725,-1.3096226904009454,-0.27763740392659914
11.64,-0.03173280421114694,-1.3097406341416602,-0.28408401190735666
11.65,-0.028205898180550804,-1.3098473678364886,-0.2901151757430915
11.66,-0.024623563886990996,-1.309942700888583,-0.2957425392172588
11.67,-0.020981467580142188,-1.3100264753254671,-0.3009761136300424
11.68,-0.017275051093178895,-1.3100985653970487,-0.30582434859730157
11.69,-0.013499512580504025,-1.3101588749076307,-0.31029418735853026
11.700000000000001,-0.009649785256833743,-1.3102073365899232,-0.3143911074169045
11.71,-0.005720513859098442,-1.3102439122026603,-0.31811914699890786
11.72,-0.00170602796934205,-1.3102685919599797,-0.32148091760121883
11.73,0.0023996880815434496,-1.3102813930321107,-0.32447760261357156
11.74,0.006603028522442489,-1.310282358681614,-0.3271089417843792
11.75,0.010910802735717984,-1.3102715592033929,-0.3293732010521251
11.76,0.015330275653840486,-1.3102490948567653,-0.3312671269833328
11.77,0.01986921479213999,-1.3102150923543396,-0.33278588461099406
11.78,0.024535941549267137,-1.3101697054990105,-0.33392297734007537
11.790000000000001,0.029339388182945958,-1.3101131175418739,-0.3346701471191456
11.8,0.03428916241327673,-1.3100455414604948,-0.3350172525345646
11.81,0.03939562002637326,-1.309967220312627,-0.33495212203623
11.82,0.044669946109645864,-1.3098784291173335,-0.33446037891964525
11.83,0.05012424666756954,-1.309779477207759,-0.33352523387402166
11.84,0.055771652903423674,-1.3096707083257648,-0.3321272398973766
11.85,0.06162643843037818,-1.3095525037911,-0.3302440035880715
11.86,0.06770415273730745,-1.3094252846470937,-0.32784984515650256
11.870000000000001,0.07402177320611203,-1.309289513412315,-0.3249153979880196
11.88,0.08059787762339238,-1.3091456984599512,-0.32140713672168875
11.89,0.08745284195026626,-1.308994396554241,-0.31728681991752566
11.9,0.09460906632709021,-1.3088362166355176,-0.312510830602125
11.91,0.10209123409148813,-1.3086718243219653,-0.30702939391311634
11.92,0.1099266095210229,-1.3085019456738882,-0.30078564604949315
11.93,0.11814537934353914,-1.3083273739844818,-0.29371452286462996
11.94,0.1267810464905137,-1.308148974206142,-0.28574142801876273
11.950000000000001,0.13587088249919543,-1.3079676902363284,-0.27678063129941777
11.96,0.14545644823506643,-1.3077845509708612,-0.2667333344929973
11.97,0.15558419076582308,-1.3076006794907016,-0.25548532665786194
11.98,0.16630612634153896,-1.3074173009182934,-0.2429041296332856
11.99,0.17768061619765635,-1.307235751666283,-0.22883550913676717
12.0,0.18977323912162863,-1.3070574887541948,-0.21309919396868088
12.01,0.20265775601615837,-1.306884102177459,-0.19548360556616667
12.02,0.2164171484003996,-1.3067173266544936,-0.17573935047506273
12.030000000000001,0.23114468690408152,-1.3065590463132624,-0.15357116996352077
12.040000000000001,0.2469449315079389,-1.306411313880621,-0.1286279806041577
12.05,0.26393449275903796,-1.3062763556082329,-0.10049057930004923
12.06,0.2822422300891461,-1.3061565711680543,-0.06865656125156888
12.07,0.3020083123316069,-1.3060545397637326,-0.03252205897098848
12.08,0.3233811383288193,-1.3059730036735677,0.008639826980668008
12.09,0.3465103662514946,-1.3059148337381232,0.05570332900994446
12.1,0.3715330293760536,-1.3058829724700347,0.10971482961527412
12.11,0.39854758407142604,-1.3058803164513062,0.17191246381260045
12.120000000000001,0.4275672512837586,-1.3059095321629073,0.2437275834703579
12.13,0.4584387009852161,-1.3059727428552268,0.32674109842526755
12.14,0.4907051205547297,-1.3060710410159255,0.42254187859441394
12.15,0.5233869466958918,-1.306203745348979,0.5323917730580554
12.16,0.5546604474700552,-1.306367340961207,0.656546673794409
12.17,0.5814647029631007,-1.3065541269707581,0.7930599913254583
12.18,0.5992175558742984,-1.3067508603298421,0.9360538297404385
12.19,0.602098205749561,-1.3069382028498335,1.0740694867508656
12.200000000000001,0.5845362802131182,-1.3070923518038953,1.190268542443306
12.21,0.5439483116327674,-1.3071899501452142,1.2666964806692358
12.22,0.48307851748872804,-1.307215162530281,1.2919907994142537
12.23,0.40950546889129413,-1.3071649106402754,1.266966699548959
12.24,0.3322865240915785,-1.3070486627004234,1.2030024233031869
12.25,0.2585867013188209,-1.3068835298222146,1.1153692891099405
12.26,0.1924189694373017,-1.3066884723662375,1.0174212279719397
12.27,0.1351597552957054,-1.3064804119068283,0.9183281914812436
12.280000000000001,0.08660427086326106,-1.306272649938062,0.8233643602945386
12.290000000000001,0.04582669073919177,-1.3060747858871529,0.7350609908881698
12.3,0.01169167090019213,-1.3058932840938682,0.6542916768838369
12.31,-0.016897651306413963,-1.3057321887487077,0.5810314891577448
12.32,-0.04090341652753299,-1.3055937693440356,0.5148195869185457
12.33,-0.06113140918841836,-1.3054790340844167,0.45501883728820597
12.34,-0.07824120349487645,-1.3053881143694968,0.4009524361053701
12.35,-0.09276705271256677,-1.3053205438885522,0.351970781183443
12.36,-0.10514017724133135,-1.3052754580191608,0.30748050940278476
12.370000000000001,-0.11570882014917844,-1.3052517343549155,0.2669538115585388
12.38,-0.12475503364802948,-1.3052480935971897,0.22992797556478423
12.39,-0.1325082388251542,-1.3052631656073446,0.19600048983870266
12.4,-0.13915598563793424,-1.3052955419553847,0.16482248805122107
12.41,-0.14485241959209644,-1.305343810364825,0.13609193212752746
12.42,-0.14972492340041382,-1.3054065689677794,0.10954719206936409
12.43,-0.15387933268197496,-1.305482455405177,0.08496128862108665
12.44,-0.15740403821845794,-1.305570147928465,0.06213687068081192
12.450000000000001,-0.16037322680608196,-1.3056683733067065,0.04090190259279658
12.46,-0.1628494529936313,-1.3057759134972593,0.021105993412688595
12.47,-0.16488568899302627,-1.3058916050480198,0.0026172888651675996
12.48,-0.16652696795183494,-1.3060143410952225,-0.014680154490418151
12.49,-0.1678117072857735,-1.3061430689165667,-0.03088858606055228
12.5,-0.16877278090576783,-1.306276791738188,-0.04609843444140993
12.51,-0.16943839108847242,-1.306414564876654,-0.06038989171584169
12.52,-0.16983278189616977,-1.3065554953645409,-0.0738342565059765
12.530000000000001,-0.16997682472359388,-1.3066987381268569,-0.0864950745265751
12.540000000000001,-0.16988850204512876,-1.3068434965219597,-0.09842911021130968
12.55,-0.16958330736701366,-1.3069890180114672,-0.10968717571819658
12.56,-0.16907457820506627,-1.30713459344827,-0.12031484070604986
12.57,-0.1683737734015821,-1.3072795542578568,-0.1303530410773241
12.58,-0.1674907050296497,-1.3074232699735953,-0.13983860253375557
12.59,-0.1664337330992314,-1.3075651483408022,-0.14880469207704317
12.6,-0.16520992825370706,-1.307704631333476,-0.1572812075787159
12.61,-0.16382520884386245,-1.3078411945917112,-0.16529511511057307
12.620000000000001,-0.1622844557752349,-1.3079743458543518,-0.17287074114065112
12.63,-0.16059160843255796,-1.308103622322015,-0.18003002581358693
12.64,-0.1587497450558394,-1.3082285900863198,-0.18679274295538345
12.65,-0.15676114938144303,-1.308348843732179,-0.19317669095744763
12.66,-0.154627364891599,-1.308464003239329,-0.19919785800247805
12.67,-0.15234923916074825,-1.3085737139732254,-0.20487056526181202
12.68,-0.14992695880993384,-1.3086776458215852,-0.2102075903210401
12.69,-0.14736007597634224,-1.3087754915791243,-0.21522027297104218
12.700000000000001,-0.14464752735150205,-1.3088669658681424,-0.21991860533066399
12.71,-0.14178764655903545,-1.308951805761797,-0.22431130787670406
12.72,-0.13877816960192468,-1.309029769514135,-0.2284058922529147
12.73,-0.13561623402522036,-1.3091006352349288,-0.23220871199036888
12.74,-0.13229837228868832,-1.3091642011884272,-0.23572500203136534
12.75,-0.1288204990436914,-1.309220285803327,-0.2389589074287662
12.76,-0.12517789204708057,-1.3092687267589387,-0.2419135014805687
12.77,-0.12136516680978887,-1.309309380175367,-0.24459079356767421
12.780000000000001,-0.11737624492849907,-1.309342121032879,-0.24699172677250336
12.790000000000001,-0.11320431570075554,-1.3093668451223583,-0.24911616507389023
12.8,-0.10884178935224623,-1.3093834668854374,-0.25096286923040223
12.81,-0.10428024253580256,-1.3093919197139288,-0.25252946127886394
12.82,-0.09951035503099431,-1.3093921573664913,-0.2538123767105606
12.83,-0.09452183610117987,-1.3093841542218063,-0.25480680299500724
12.84,-0.08930333943782237,-1.3093679051527993,-0.2555066030920517
12.85,-0.08384236562559083,-1.3093434264767354,-0.25590422236093024
12.86,-0.07812515040081666,-1.309310758271812,-0.2559905767243144
12.870000000000001,-0.0721365356912742,-1.309269963868011,-0.25575491902555714
12.88,-0.06585982209495628,-1.3092211314225954,-0.255184680829882
12.89,-0.05927659957158252,-1.3091643760895453,-0.2542652856287235
12.9,-0.05236655232349413,-1.3090998408005468,-0.2529799284256732
12.91,-0.045107234409128116,-1.3090276981984037,-0.2513093161874522
12.92,-0.03747381118860016,-1.3089481542017316,-0.24923136211529662
12.93,-0.029438759671587267,-1.30886144878438,-0.2467208245614555
12.94,-0.020971522062402048,-1.308767859914853,-0.24374888060748506
12.950000000000001,-0.012038102941315298,-1.3086677062341217,-0.24028262070180725
12.96,-0.00260060030964282,-1.3085613502552746,-0.2362844483726918
12.97,0.007383341419008704,-1.3084492038616493,-0.23171136516514312
12.98,0.017961172340879017,-1.3083317314144063,-0.22651411527379342
12.99,0.029186188456449824,-1.3082094560681388,-0.22063615932400535
13.0,0.04111841611585265,-1.308082964126767,-0.2140124375560299
13.01,0.05382565374159409,-1.3079529135264074,-0.20656787390572612
13.02,0.06738470275998654,-1.3078200398654323,-0.1982155580399647
13.030000000000001,0.0818828225512998,-1.3076851651804788,-0.1888545272395994
13.040000000000001,0.09741945151817072,-1.3075492068642982,-0.17836704806465348
13.05,0.11410824069764336,-1.3074131883646696,-0.16661527147713165
13.06,0.13207944992545084,-1.3072782518527761,-0.15343710133498847
13.07,0.15148275667472316,-1.3071456662140173,-0.13864107381622354
13.08,0.17249051145391586,-1.3070168464703789,-0.12199999845847254
13.09,0.19530144837718655,-1.3068933661749704,-0.10324305235311856
13.1,0.22014478528923326,-1.3067769658799728,-0.08204596659358093
13.11,0.24728450132918228,-1.3066695761196978,-0.058018910896907194
13.120000000000001,0.27702330807365055,-1.3065733229760215,-0.03069170506369001
13.13,0.3097052939001087,-1.3064905296637366,0.0005038307324803926
13.14,0.34571523246623564,-1.3064237181805665,0.03625404964386958
13.15,0.3854707288332417,-1.3063755745435484,0.07738457777175589
13.16,0.42940006831768646,-1.3063488944207942,0.12487795518452588
13.17,0.4778927918775214,-1.306346458492067,0.17987761599777202
13.18,0.5312001352319593,-1.3063708221201304,0.24365642154345268
13.19,0.5892472175808923,-1.3064239481084412,0.31750627122186664
13.200000000000001,0.6513000727918612,-1.306506616574914,0.4024688585609578
13.21,0.7154227782203999,-1.3066175275529046,0.49877947917152954
13.22,0.7777127043878138,-1.3067520709406142,0.6048744547564925
13.23,0.8315268425475327,-1.3069009528398565,0.7159516888828261
13.24,0.8674213518124528,-1.307049331491502,0.8226281439184377
13.25,0.8750423503190767,-1.3071777343595112,0.9112461745672317
13.26,0.8474968598913979,-1.3072658969274373,0.9676559949384449
13.27,0.7858494111207415,-1.3072988264305252,0.9836295661987335
13.280000000000001,0.6994307759213447,-1.3072716179332833,0.9609480263527994
13.290000000000001,0.6011848689513424,-1.3071897805167296,0.909370961376999
13.3,0.5023181164202069,-1.3070655290390905,0.8410068757196991
13.31,0.409877591573945,-1.3069131751995617,0.7659507510054258
13.32,0.32708308000002917,-1.3067459318855632,0.6908713228623047
13.33,0.25466146466442346,-1.3065745265604725,0.6194595959022025
13.34,0.19204752594351682,-1.3064069963593297,0.5533950831977708
13.35,0.13815150246472374,-1.3062490253800516,0.4931799702744947
13.36,0.09176693591737689,-1.3061044313554424,0.43869777208951993
13.370000000000001,0.05175714772098072,-1.305975625598807,0.38954384440876394
13.38,0.01712430183095992,-1.3058639896161306,0.3452063680418959
13.39,-0.012977572715156038,-1.3057701637687549,0.3051592138267232
13.4,-0.03925336745654795,-1.3056942617217082,0.268905894001139
13.41,-0.06228582033100821,-1.3056360265402291,0.23599749054827734
13.42,-0.08255551238349865,-1.3055949443032178,0.20603730653576552
13.43,-0.10045908039957316,-1.305570325260569,0.17867912880548165
13.44,-0.11632475422820227,-1.3055613661034582,0.15362273228107604
13.450000000000001,-0.13042518185736232,-1.3055671854190969,0.13060848607909348
13.46,-0.14298783722896252,-1.3055868627493652,0.10941196952446375
13.47,-0.15420339547137424,-1.3056194559891694,0.08983900753572416
13.48,-0.164232449511511,-1.3056640189512945,0.07172127724166844
13.49,-0.17321089553866667,-1.3057196111681346,0.05491250775640122
13.5,-0.18125425884279495,-1.3057853084984803,0.039285235618805536
13.51,-0.18846117811693947,-1.305860207570463,0.024728056000502763
13.52,-0.19491622228373023,-1.3059434280324898,0.01114330285640508
13.530000000000001,-0.200692177746247,-1.306034118222993,-0.0015549068128968835
13.540000000000001,-0.20585191283949378,-1.3061314542528335,-0.013442320474332137
13.55,-0.21044990510596562,-1.3062346422781375,-0.024585940284394536
13.56,-0.2145334973345202,-1.3063429169223215,-0.03504519738559425
13.57,-0.21814393577638563,-1.306455543799959,-0.04487294696758898
13.58,-0.2213172310372733,-1.3065718168984524,-0.05411631229862296
13.59,-0.22408487556640766,-1.3066910595502672,-0.0628174035516012
13.6,-0.22647444320641635,-1.3068126221464202,-0.07101393071284795
13.61,-0.22851009255900495,-1.3069358826003725,-0.07873972843739419
13.620000000000001,-0.23021299049413244,-1.3070602454095592,-0.0860252060703795
13.63,-0.23160166947997424,-1.307185139966534,-0.09289773451548614
13.64,-0.23269233006376805,-1.3073100207520998,-0.09938197998330678
13.65,-0.23349909689003823,-1.307434365256965,-0.1055001918722196
13.66,-0.23403423605721668,-1.3075576733996497,-0.11127245213974679
13.67,-0.23430833966851505,-1.3076794680941295,-0.11671689157605836
13.68,-0.23433048192509418,-1.3077992924799438,-0.12184987695455013
13.69,-0.2341083515220943,-1.3079167102176743,-0.12668617392466583
13.700000000000001,-0.23364836317690296,-1.3080313049275587,-0.13123908833233242
13.71,-0.23295575092685517,-1.3081426786547954,-0.13552058861730387
13.72,-0.23203464569253712,-1.3082504512542767,-0.1395414119645644
13.73,-0.23088813897011162,-1.3083542614645969,-0.14331115620062335
13.74,-0.22951833349182416,-1.3084537646313694,-0.14683835826286756
13.75,-0.22792638270354143,-1.3085486326289444,-0.1501305614304583
13.76,-0.22611251975190466,-1.308638553955775,-0.15319437214774562
13.77,-0.22407607653130085,-1.308723233181874,-0.15603550715987102
13.780000000000001,-0.2218154933397739,-1.3088023900779788,-0.15865883174694415
13.790000000000001,-0.21932831962412158,-1.308875759564366,-0.16106838981539756
13.8,-0.21661120597271358,-1.3089430927855805,-0.16326742626863133
13.81,-0.21365988689433404,-1.3090041557882757,-0.1652584013959002
13.82,-0.21046915459709467,-1.3090587292641258,-0.16704299790204663
13.83,-0.20703282351485544,-1.3091066092509793,-0.16862212064053173
13.84,-0.2033436849055391,-1.3091476080673266,-0.16999588876482274
13.85,-0.19939345046423942,-1.3091815535542959,-0.1711636196520126
13.86,-0.1951726843513426,-1.3092082882756308,-0.17212380449454984
13.870000000000001,-0.19067072274104577,-1.30922767014057,-0.17287407522454118
13.88,-0.18587557959554613,-1.3092395752942767,-0.17341116209451343
13.89,-0.18077383639156894,-1.3092438999140523,-0.17373084033330768
13.9,-0.17535051289197012,-1.3092405550695023,-0.17382786380096657
13.91,-0.16958891918140656,-1.3092294720183324,-0.1736958867738003
13.92,-0.16347048367267486,-1.3092106027448018,-0.1733273696763174
13.93,-0.15697455420171208,-1.3091839204096734,-0.1727134671111437
13.94,-0.15007816826223547,-1.3091494209653454,-0.1718438956901514
13.950000000000001,-0.14275578728682486,-1.3091071260254399,-0.17070677826198444
13.96,-0.13497898822520893,-1.3090570832494903,-0.16928845976796847
13.97,-0.12671610599957736,-1.3089993694859499,-0.16757329058191575
13.98,-0.1179318173605137,-1.308934093183776,-0.1655433705643793
13.99,-0.10858665548455934,-1.308861396421014,-0.16317824630089503
14.0,-0.09863644293749299,-1.308781459842462,-0.1604545527937194
14.01,-0.08803162620576879,-1.3086945050371195,-0.15734558710136673
14.02,-0.07671649351385704,-1.3086007996941995,-0.15382080055103037
14.030000000000001,-0.06462825169677303,-1.3085006617057515,-0.1498451910273939
14.040000000000001,-0.05169593392733876,-1.3083944652344732,-0.1453785735983092
14.05,-0.03783910273218066,-1.3082826472602038,-0.14037470123587428
14.06,-0.022966305107197882,-1.3081657146694499,-0.13478020041471375
14.07,-0.006973226730876081,-1.3080442518745572,-0.1285332770110493
14.08,0.01025951890951976,-1.3079189313738495,-0.12156213645149924
14.09,0.028869045504398172,-1.3077905238491803,-0.11378304585021887
14.1,0.049013386833256345,-1.3076599105087217,-0.10509794742045461
14.11,0.07087533884882802,-1.307528096789545,-0.09539150741986321
14.120000000000001,0.0946670775919673,-1.3073962284372598,-0.08452745490853894
14.13,0.12063568970426708,-1.3072656098552349,-0.07234402793816175
14.14,0.14906974687277724,-1.3071377200213217,-0.05864830284171954
14.15,0.18030701011563033,-1.3070142376435199,-0.04320914365431777
14.16,0.21474323374529763,-1.306897067245914,-0.025748478125965313
14.17,0.25284177024446197,-1.3067883424267952,-0.005930620286169863
14.18,0.295143092520851,-1.3066904721669952,0.016650503357437396
14.19,0.3422722162088422,-1.3066061321298907,0.042486007626986844
14.200000000000001,0.39493972826756724,-1.306538271586942,0.07216742852617997
14.21,0.45392779809021305,-1.3064900775170987,0.10639963158073346
14.22,0.5200444305361112,-1.30646489375636,0.14600371137987045
14.23,0.5940146150116059,-1.3064660422545016,0.191893614230411
14.24,0.6762526215000413,-1.306496496043251,0.24499368656253906
14.25,0.7664250193933815,-1.3065583040045734,0.30603621624753
14.26,0.8626848488882553,-1.3066516600977076,0.37514042840017797
14.27,0.9605019676621193,-1.306773535374984,0.45105769694880676
14.280000000000001,1.0513100199586303,-1.306916000927151,0.5300796846908069
14.290000000000001,1.1219678735591767,-1.307064890635477,0.6050534881062133
14.3,1.156988703004514,-1.3072002277199424,0.665747421095273
14.31,1.1447227978922991,-1.3072999410509958,0.7019464071387578
14.32,1.0843392355896713,-1.307346396662398,0.7083667535699931
14.33,0.9870228037132325,-1.307332042485137,0.6873461851366669
14.34,0.8697819510574567,-1.3072603430288883,0.6467465313376882
14.35,0.7479108521044602,-1.3071422449740568,0.5955538729253758
14.36,0.6314101810685712,-1.3069914754228513,0.5408611500901737
14.370000000000001,0.5252274747326573,-1.3068211726800416,0.4871245017852056
14.38,0.43093133242662746,-1.306642321132916,0.43666804414159893
14.39,0.3482678971494667,-1.3064634125096277,0.3904453809015758
14.4,0.27617698819478337,-1.3062906841550248,0.3486430409673834
14.41,0.21334756965321222,-1.3061285398825437,0.3110648550705311
14.42,0.15848448775441565,-1.3059799692557665,0.2773505666709553
14.43,0.11041845401905237,-1.3058469010316396,0.24709102653426523
14.44,0.06813850227271723,-1.305730480319214,0.21988460935481619
14.450000000000001,0.030789389614566842,-1.3056312778889805,0.19536203830181914
14.46,-0.002344810659472951,-1.3055494460622936,0.17319496583276678
14.47,-0.031860900966282746,-1.3054848333674676,0.15309661754969417
14.48,-0.0582561525137813,-1.305437071899571,0.134818864020275
14.49,-0.08194563564474278,-1.3054056325878596,0.11814795228690839
14.5,-0.10327687773116953,-1.3053898804193578,0.10289998953200358
14.51,-0.12254197493940994,-1.305389104406271,0.08891668496647825
14.52,-0.1399874776346152,-1.305402538618492,0.07606154989261799
14.530000000000001,-0.15582241353282927,-1.305429389911139,0.06421660279245134
14.540000000000001,-0.1702247860689247,-1.3054688459395827,0.05327956309847298
14.55,-0.18334684009125274,-1.3055200860843654,0.04316148158811056
14.56,-0.19531933771671456,-1.3055822918442834,0.0337847490550966
14.57,-0.2062550401661094,-1.3056546504715931,0.02508142757163684
14.58,-0.2162515532897285,-1.3057363602441703,0.016991851495447796
14.59,-0.22539366192848892,-1.3058266323278702,0.009463454223954781
14.6,-0.23375525300267028,-1.3059246948478413,0.0024497816860020727
14.61,-0.24140090594163577,-1.3060297929244302,-0.0040903380136390055
14.620000000000001,-0.24838721361626354,-1.3061411904039733,-0.01019349613177678
14.63,-0.25476388359919555,-1.3062581693756559,-0.015892297051092463
14.64,-0.26057466009762625,-1.3063800324384605,-0.021215863161775927
14.65,-0.2658580981100664,-1.3065061008931198,-0.02619026420990167
14.66,-0.27064821610056683,-1.3066357160179538,-0.03083888468782836
14.67,-0.2749750475737053,-1.3067682376767333,-0.035182738040581474
14.68,-0.27886510875816983,-1.3069030444559817,-0.03924073692453803
14.69,-0.2823417959954191,-1.3070395341912473,-0.04302992603078781
14.700000000000001,-0.28542572381803,-1.3071771220316104,-0.04656568257075583
14.71,-0.2881350132428889,-1.3073152411488778,-0.0498618902228114
14.72,-0.290485537471447,-1.3074533418276146,-0.052931089517277125
14.73,-0.29249113127474435,-1.3075908902280622,-0.05578460824597006
14.74,-0.2941637693412353,-1.3077273693856255,-0.05843267522489062
14.75,-0.2955137174608387,-1.3078622781370879,-0.060884518709665575
14.76,-0.2965496601552937,-1.3079951300860397,-0.06314845187595061
14.77,-0.29727880770268883,-1.308125454010126,-0.06523194731546023
14.780000000000001,-0.2977069847082773,-1.3082527932994257,-0.06714170133269318
14.790000000000001,-0.2978387021520983,-1.3083767049269794,-0.06888368929401986
14.8,-0.2976772145456915,-1.3084967594061627,-0.07046321335545316
14.81,-0.29722456338493886,-1.3086125418092687,-0.0718849433151324
14.82,-0.2964816075561386,-1.308723649778394,-0.0731529503622795
14.83,-0.2954480416993753,-1.3088296939296862,-0.07427073541778903
14.84,-0.29412240280733704,-1.3089302980993145,-0.07524125198354881
14.85,-0.2925020652214364,-1.3090250990984296,-0.07606692366511292
14.86,-0.2905832240344287,-1.3091137461381281,-0.0767496566538999
14.870000000000001,-0.28836086676029876,-1.3091959009521121,-0.07729084757906846
14.88,-0.2858287328659533,-1.3092712391367494,-0.07769138687281107
14.89,-0.28297926026718767,-1.309339449396951,-0.0779516568541708
14.9,-0.2798035180676709,-1.3094002334147452,-0.07807152504383191
14.91,-0.2762911244305556,-1.3094533070522736,-0.07805033269701114
14.92,-0.27243014793376746,-1.3094984008210107,-0.07788687774782405
14.93,-0.2682069905738466,-1.3095352598329018,-0.0775793917711983
14.94,-0.26360625031968754,-1.3095636445595167,-0.0771255108150706
14.950000000000001,-0.25861056056600656,-1.3095833330018236,-0.07652223954204715
14.96,-0.2532004028896804,-1.3095941207819128,-0.07576590698312893
14.97,-0.24735388945249265,-1.3095958221185449,-0.07485211360742194
14.98,-0.24104651040115133,-1.3095882721940977,-0.07377566859800033
14.99,-0.23425084028240245,-1.3095713282783086,-0.07253051510473127
15.0,-0.2269361968174583,-1.309544871397936,-0.07110964209879883
15.01,-0.21906824392323343,-1.3095088099527727,-0.06950498089769702
15.02,-0.21060852849317446,-1.3094630812448278,-0.06770728258574213
15.030000000000001,-0.2015139392402087,-1.3094076550227354,-0.06570597397631889
15.040000000000001,-0.19173607257555159,-1.3093425371750622,-0.06348898752870907
15.05,-0.18122048735093702,-1.3092677730588256,-0.06104256001804681
15.06,-0.16990582668542312,-1.3091834536763773,-0.05835099451992298
15.07,-0.15772277900056608,-1.309089719920304,-0.05539637683740023
15.08,-0.14459284519820456,-1.3089867697960247,-0.05215823797836033
15.09,-0.13042686981301715,-1.3088748647226167,-0.04861314986590948
15.1,-0.11512328496720176,-1.308754339223189,-0.04473424045995794
15.11,-0.0985660022563177,-1.308625609913229,-0.040490608753410595
15.120000000000001,-0.08062187277794541,-1.3084891872867621,-0.035846617080239174
15.13,-0.061137615076511775,-1.3083456884158147,-0.03076103096959021
15.14,-0.03993608677473909,-1.308195852828761,-0.025185970115113754
15.15,-0.01681174536136304,-1.308040560717137,-0.01906562386120947
15.16,0.008474892388556976,-1.307880851205256,-0.012334672617877629
15.17,0.03620402197221251,-1.3077179493012097,-0.004916344889541846
15.18,0.06670482741564066,-1.307553293602914,0.003279979590501858
15.19,0.10036557099421117,-1.3073885622359955,0.01236172537741903
15.200000000000001,0.13764581062232406,-1.307225716890556,0.0224567488445081
15.21,0.1790910030620383,-1.307067041328512,0.033717758093638195
15.22,0.22534953288929488,-1.3069151773829952,0.04632760681044196
15.23,0.2771916552449606,-1.3067731839330028,0.06050542981664392
15.24,0.33552860881686775,-1.3066445720647328,0.0765133212172946
15.25,0.40142753392169916,-1.3065333397944348,0.09466262496261801
15.26,0.47611247252427386,-1.3064439811049682,0.11531758871730557
15.27,0.5609311128639491,-1.3063814367616353,0.13889142059640242
15.280000000000001,0.6572466707927331,-1.306350940598385,0.16582445543789998
15.290000000000001,0.7661779828532256,-1.3063576758931426,0.19652426883738455
15.3,0.8880536175399778,-1.306406096930628,0.23123129116389773
15.31,1.0213819232018535,-1.306498729452823,0.26975328301396384
15.32,1.1611572513541393,-1.3066342550301346,0.31100944843869516
15.33,1.2966924375287285,-1.306804918506911,0.35241103291913334
15.34,1.4103176107957873,-1.3069940362959969,0.3894049182057793
15.35,1.479934214446655,-1.3071756640686187,0.415982045470861
15.36,1.4876585512627052,-1.3073190198907811,0.4268601222107735
15.370000000000001,1.4302637249225008,-1.3073975761440852,0.42037843173473555
15.38,1.3214750563900113,-1.307397646284719,0.3994462955422356
15.39,1.1834887699197463,-1.307320578484143,0.3695619532445696
15.4,1.0365273534412984,-1.3071784786219265,0.33605265520205835
15.41,0.89394938151682,-1.3069879965671811,0.30262970062690764
15.42,0.7625520788237665,-1.3067657431753652,0.2713258517053146
15.43,0.644746111578745,-1.3065260447038227,0.2429945505608943
15.44,0.5405545456573754,-1.3062803252151447,0.21781404014241945
15.450000000000001,0.44891106805026987,-1.3060372802619944,0.19563084637065864
15.46,0.3683720482210493,-1.305803326573899,0.1761562735804354
15.47,0.2974638394357263,-1.3055830817639629,0.1590672142932013
15.48,0.23483181224498362,-1.3053797823499385,0.14405298295807928
15.49,0.17929034070314476,-1.3051956188487115,0.130834081159931
15.5,0.1298269538996777,-1.3050319947501259,0.11916725980608461
15.51,0.08558747436301983,-1.3048897209801664,0.1088443701032693
15.52,0.0458550017480277,-1.3047691649095918,0.09968874529797961
15.530000000000001,0.010028540727923085,-1.3046703583369565,0.09155090415751244
15.540000000000001,-0.02239637333247585,-1.3045930814817424,0.08430437886512665
15.55,-0.0518443243717136,-1.304536926180899,0.07784198512142126
15.56,-0.07867393161668262,-1.304501340555749,0.07207262305522028
15.57,-0.10318931224199451,-1.3044856679027466,0.0669185914384795
15.58,-0.12564945450083032,-1.3044891726119174,0.06231336063916487
15.59,-0.14627585865615744,-1.304511061207939,0.05819973628140995
15.6,-0.16525876453066995,-1.3045504992409915,0.05452834842915322
15.610000000000001,-0.18276223430030122,-1.3046066235060465,0.051256408893748995
15.620000000000001,-0.19892831123488122,-1.3046785522203446,0.0483466873809269
15.63,-0.21388043326203365,-1.3047653913780217,0.0457666663917673
15.64,-0.2277262450874898,-1.3048662424120894,0.043487840601506955
15.65,-0.2405599235581517,-1.3049802055039263,0.04148513521146996
15.66,-0.2524641080920178,-1.3051063834313559,0.03973642055522458
15.67,-0.2635115095096163,-1.3052438838840712,0.03822210589004771
15.68,-0.27376625603189403,-1.3053918225392498,0.03692479772659124
15.69,-0.28328502344521245,-1.3055493235337368,0.03582901213151096
15.700000000000001,-0.2921179874715154,-1.3057155214340959,0.03492093075621944
15.71,-0.3003096288442793,-1.305889560776742,0.03418819412261409
15.72,-0.30789941606047044,-1.3060705983285061,0.03361972463331048
15.73,-0.3149223858003312,-1.3062578021452278,0.0332055759375634
15.74,-0.3214096375728474,-1.3064503522132673,0.03293680328834453
15.75,-0.3273887560166978,-1.3066474407224007,0.03280535201183182
15.76,-0.332884171865177,-1.306848271042145,0.03280396163752458
15.77,-0.3379174707361645,-1.3070520585243126,0.032926082405388524
15.780000000000001,-0.34250765718270093,-1.3072580303911652,0.03316580310454492
15.790000000000001,-0.3466713801869275,-1.3074654245411383,0.0335177886549749
15.8,-0.3504231252528478,-1.3076734900891238,0.033977225286667745
15.81,-0.353775377286199,-1.3078814868610096,0.03453977302964695
15.82,-0.35673875774982683,-1.3080886844164619,0.03520152441006347
15.83,-0.3593221389542828,-1.308294362230352,0.03595896801188736
15.84,-0.36153273780690975,-1.3084978101337623,0.03680895658363542
15.85,-0.36337619088892303,-1.3086983264882082,0.0377486798257588
15.860000000000001,-0.36485661233313366,-1.3088952186732756,0.03877564005161305
15.870000000000001,-0.36597663562449406,-1.3090878029547743,0.03988763112189758
15.88,-0.3667374401466453,-1.3092754038610608,0.04108272037422023
15.89,-0.3671387629777804,-1.3094573536226666,0.04235923301194794
15.9,-0.3671788961613772,-1.3096329925657328,0.04371573841079174
15.91,-0.3668546694412167,-1.3098016695189094,0.04515103848415919
15.92,-0.36616141818786463,-1.3099627404040037,0.04666415847205746
15.93,-0.36509293588262615,-1.3101155689470725,0.048254338792416585
15.94,-0.36364141032217234,-1.3102595271243132,0.04992102848129065
15.950000000000001,-0.36179734236994493,-1.3103939950025334,0.05166388039083164
15.96,-0.35954944569382824,-1.310518360496716,0.05348274780105072
15.97,-0.3568845255312073,-1.3106320201570476,0.05537768194873893
15.98,-0.3537873340942848,-1.3107343810888037,0.05734893043680611
15.99,-0.3502403996980207,-1.3108248601092172,0.05939693781346278
16.0,-0.34622382598965357,-1.3109028850095128,0.061522346581054876
16.01,-0.3417150569803952,-1.3109678964305687,0.06372599906367332
16.02,-0.336688602641282,-1.3110193488652484,0.06600894067784979
16.03,-0.33111571873577494,-1.311056712246978,0.06837242397009152
16.04,-0.3249640332732379,-1.311079475148029,0.07081791298163731
16.05,-0.31819711027187925,-1.3110871466456282,0.07334708890432184
16.06,-0.3107739396157454,-1.3110792596678613,0.07596185585496357
16.07,-0.3026483392947904,-1.3110553750654144,0.0786643468072451
16.080000000000002,-0.29376825323359557,-1.311015085414999,0.08145692973744195
16.09,-0.28407492424707925,-1.3109580213284167,0.0843422125159517
16.1,-0.2735019167064038,-1.310883857114916,0.08732304702063565
16.11,-0.26197395772117094,-1.3107923186416495,0.09040253056464853
16.12,-0.24940555792080932,-1.3106831918371185,0.09358400386906196
16.13,-0.2356993634693175,-1.3105563336680484,0.09687104310192735
16.14,-0.22074417858472095,-1.310411684345672,0.10026744377819652
16.15,-0.20441258238982912,-1.310249282850561,0.10377719211451114
16.16,-0.18655804357126082,-1.310069283117207,0.10740441942001167
16.17,-0.16701141113941298,-1.3098719767065914,0.11115333010473838
16.18,-0.1455766257550883,-1.3096578168357182,0.11502809403055897
16.19,-0.12202545423433389,-1.3094274497043012,0.11903268581680504
16.2,-0.09609099444150887,-1.309181747008683,0.12317065018771006
16.21,-0.06745963006658595,-1.3089218530396318,0.12744475643994152
16.22,-0.03576102660516989,-1.3086492342059663,0.13185649661284266
16.23,-0.0005556560229127427,-1.3083657388566572,0.13640535294171952
16.240000000000002,0.03868078261277552,-1.3080736732439178,0.14108772515572288
16.25,0.08257680192478983,-1.3077758897076297,0.14589535544880566
16.26,0.13188926742890777,-1.3074758918630807,0.15081300255727453
16.27,0.1875330490364026,-1.3071779523502567,0.15581498738526406
16.28,0.2506166269042683,-1.3068872654214538,0.16086002357440476
16.29,0.3224829838533532,-1.3066100965874714,0.16588344686622603
16.3,0.4047523094505319,-1.3063539610252177,0.1707854730975163
16.31,0.49935662386519397,-1.3061277751090237,0.1754134566836255
16.32,0.6085424895935718,-1.3059419657254931,0.1795352568524305
16.330000000000002,0.7347889801362479,-1.3058084248543809,0.18280007886310268
16.34,0.8805311192600618,-1.305740151467993,0.1846836429528131
16.35,1.0474778999174983,-1.3057502636483629,0.1844196592736
16.36,1.2351722965151386,-1.3058498718358025,0.1809377213764936
16.37,1.4383741114784907,-1.3060441575090245,0.17287413824509146
16.38,1.6433074818068851,-1.306326258763435,0.15880520580095647
16.39,1.8247084795976405,-1.306670109764828,0.13790241606061998
16.4,1.9488457562186077,-1.307026814193522,0.11096405341752336
16.41,1.9870810848788385,-1.3073317261250343,0.08103759167277946
16.42,1.933012331921886,-1.3075239856403318,0.052506827968986036
16.43,1.8060012424532499,-1.3075670202989738,0.028994174341285817
16.44,1.6374545251208468,-1.3074553714740098,0.012016174624030596
16.45,1.4552189603587693,-1.3072068779038246,0.0012528125136315182
16.46,1.277177583295452,-1.306850244743785,-0.0044788385597121505
16.47,1.1122570075362033,-1.3064157214933036,-0.006479213357123481
16.48,0.963636874616036,-1.3059304001238727,-0.0058402517236260665
16.490000000000002,0.8314534660563418,-1.3054166926932922,-0.0033794945272435095
16.5,0.7144755391288822,-1.3048923845224953,0.0003232568659659041
16.51,0.6109973147022596,-1.3043712744924862,0.004867019050835475
16.52,0.519266518454457,-1.3038639304270745,0.009977326012495902
16.53,0.43766663938728,-1.3033783749470762,0.015466852768409423
16.54,0.3647784613724879,-1.3029206508352955,0.021207698554094434
16.55,0.2993862317193228,-1.3024952648592043,0.027112436249759342
16.56,0.24046090059487896,-1.302105534013908,0.03312129458657731
16.57,0.18713584054397575,-1.3017538431865743,0.03919350254509868
16.580000000000002,0.1386819753473713,-1.3014418521119457,0.045301420605399656
16.59,0.09448513419286941,-1.3011706471765243,0.05142653936897329
16.6,0.05402652659220342,-1.300940855543346,0.05755673102934372
16.61,0.01686637092808624,-1.3007527441427984,0.06368434376410309
16.62,-0.01736963209111747,-1.3006062856334346,0.06980487460567447
16.63,-0.04900139220680111,-1.3005012161412075,0.07591603551689241
16.64,-0.07830350031132022,-1.3004370792136777,0.08201709323264056
16.65,-0.10551264293307766,-1.3004132602286307,0.08810839996529896
16.66,-0.1308336715594572,-1.3004290147892887,0.09419105798990185
16.67,-0.15444458322358318,-1.3004834907113192,0.10026667952473817
16.68,-0.17650062048347992,-1.3005757460015903,0.1063372143655405
16.69,-0.19713765857483267,-1.3007047632942181,0.11240482623811765
16.7,-0.2164750142911785,-1.3008694618339531,0.11847180418451442
16.71,-0.23461778432676594,-1.3010687070405766,0.12454049945849177
16.72,-0.25165879946159353,-1.3013013176734185,0.13061328117279336
16.73,-0.2676802639080329,-1.3015660729062497,0.13669250497733332
16.740000000000002,-0.2827551356312904,-1.3018617168935602,0.14278049200584664
16.75,-0.2969482925911693,-1.3021869631602774,0.14887951472900274
16.76,-0.3103175213830639,-1.3025404975698498,0.15499178824896703
16.77,-0.32291435782864253,-1.3029209807005624,0.1611194653058725
16.78,-0.3347848036172877,-1.3033270505769696,0.1672646336557555
16.79,-0.34596993875505816,-1.3037573231343984,0.1734293159575161
16.8,-0.35650644588600344,-1.3042103938873588,0.17961547036102327
16.81,-0.36642705988151747,-1.3046848380281308,0.1858249924126405
16.82,-0.3757609535765227,-1.3051792104511106,0.19205971733355148
16.830000000000002,-0.3845340686771457,-1.3056920466028377,0.1983214221137996
16.84,-0.3927693994749245,-1.3062218609972611,0.20461182842778652
16.85,-0.40048723537931463,-1.306767147025757,0.21093260484103477
16.86,-0.40770536748914743,-1.3073263761143459,0.21728536888459843
16.87,-0.41443926347675636,-1.3078979960749917,0.22367168904983126
16.88,-0.4207022141315536,-1.3084804297463881,0.23009308604473588
16.89,-0.4265054543902929,-1.3090720740844375,0.23655103320221543
16.9,-0.43185826133529837,-1.309671297307933,0.24304695696339806
16.91,-0.4367680306605951,-1.3102764371335414,0.24958223604312502
16.92,-0.44124033304713056,-1.3108857986416453,0.2561581997040302
16.93,-0.445278951498048,-1.3114976514578705,0.2627761252925811
16.94,-0.4488859001332206,-1.3121102266196285,0.2694372346461066
16.95,-0.4520614245360943,-1.3127217138471106,0.2761426887928425
16.96,-0.45480398360635915,-1.3133302587930766,0.282893580996008
16.97,-0.4571102127384845,-1.3139339583573548,0.28969092886628484
16.98,-0.45897486691908274,-1.3145308574111072,0.29653566351980803
16.990000000000002,-0.4603907427873109,-1.3151189448300524,0.3034286164166
17.0,-0.46134857802259,-1.3156961488405239,0.31037050359741675
17.01,-0.4618369257351809,-1.3162603320899033,0.31736190648068974
17.02,-0.46184200091548105,-1.316809287100909,0.32440324813110855
17.03,-0.4613474956853556,-1.3173407312860987,0.33149476476172157
17.04,-0.46033435930953226,-1.3178523005382556,0.33863647215242404
17.05,-0.45878053718654666,-1.3183415440097428,0.34582812413349273
17.06,-0.4566606629552473,-1.318805917889852,0.35306916309094416
17.07,-0.4539456958470114,-1.319242778813848,0.36035866035458974
17.080000000000002,-0.45060249365428184,-1.3196493777369391,0.3676952436924865
17.09,-0.44659331004712566,-1.320022853054816,0.375077010024358
17.1,-0.441875201900887,-1.3203602238695002,0.382501419381724
17.11,-0.4363993292408135,-1.3206583834221826,0.3899651658333727
17.12,-0.4301101263542936,-1.3209140925713108,0.39746402011536996
17.13,-0.42294431730608273,-1.3211239740744436,0.40499263667168206
17.14,-0.41482974276775963,-1.3212845071993562,0.4125443167618482
17.150000000000002,-0.40568395640153143,-1.3213920240019594,0.4201107156783378
17.16,-0.3954125386226671,-1.321442706475402,0.42768148023992425
17.17,-0.3839070610944645,-1.3214325874660031,0.435243796151525
17.18,-0.3710426178203385,-1.321357553542986,0.4427818219029819
17.19,-0.35667481415716973,-1.3212133540987723,0.45027597457018576
17.2,-0.3406360744195488,-1.3209956143348964,0.45770202608677946
17.21,-0.3227310858609735,-1.3206998604142268,0.4650299481216139
17.22,-0.30273114210229224,-1.3203215531829495,0.4722224300640757
17.23,-0.28036707258489296,-1.3198561398222244,0.47923295979204295
17.240000000000002,-0.2553203429587368,-1.319299124476634,0.48600332145743164
17.25,-0.22721177080772714,-1.3186461709266073,0.4924603021638295
17.26,-0.19558710979894772,-1.317893241707585,0.49851132244220187
17.27,-0.1598984898823413,-1.3170367887117331,0.5040385823327981
17.28,-0.1194803347247404,-1.3160740194615832,0.5088911375802464
17.29,-0.07351787224278594,-1.3150032568408376,0.5128740663082401
17.3,-0.021005659746849092,-1.313824429864518,0.5157334945308307
17.31,0.03930738837494274,-1.3125397512103176,0.5171356648255391
17.32,0.10899119031781623,-1.311154635590768,0.516637363686441
17.330000000000002,0.19003205611709628,-1.3096789544193665,0.5136437049076615
17.34,0.2849620881869822,-1.3081287621975903,0.5073473353807594
17.35,0.39702802124481695,-1.3065285891002052,0.49664044625730974
17.36,0.5304028912331357,-1.3049145798551818,0.4799875646420839
17.37,0.690427100793589,-1.3033385101182908,0.4552443750473091
17.38,0.8838151581620344,-1.301872782795097,0.41941046756809985
17.39,1.1186308671753418,-1.3006158564557824,0.36832791913247864
17.400000000000002,1.4035117592029156,-1.2996962561639362,0.2964270777376993
17.41,1.744950880212489,-1.2992701843425296,0.19688016223480764
17.42,2.140459310079101,-1.2995017799666284,0.06310999543023144
17.43,2.565661181815409,-1.300508309089067,-0.1066427557566989
17.44,2.960332542460365,-1.3022597185881688,-0.30099900971878113
17.45,3.235780636984914,-1.3044749287976094,-0.48967794939286274
17.46,3.3242266966132976,-1.3066371384289166,-0.6342477813833651
17.47,3.229482222346226,-1.308192665382034,-0.7127717686596893
17.48,3.0136588097275285,-1.3087732858340768,-0.7298754405109064
17.490000000000002,2.7453829949603277,-1.308255354340969,-0.7042648192042911
17.5,2.4705580073717286,-1.3066838081046424,-0.6543296656653154
17.51,2.211936759171821,-1.3041781932681191,-0.5927796475916423
17.52,1.9778619684106846,-1.3008737071945222,-0.5270415611750446
17.53,1.7695280094617094,-1.2968948025425036,-0.4610378106050589
17.54,1.5851307138252262,-1.2923468684464483,-0.3966561993579757
17.55,1.4218865735710375,-1.2873157640916877,-0.3346755652218398
17.56,1.2769178712359788,-1.281870075696748,-0.2752923535214934
17.57,1.1475961869138052,-1.2760639151669704,-0.2184072075934652
17.580000000000002,1.0316438121519507,-1.2699394560955057,-0.16377740328045265
17.59,0.9271341576114143,-1.2635289807158356,-0.11109633428766275
17.6,0.8324548952462376,-1.2568564108548563,-0.060033643022194494
17.61,0.7462615001313759,-1.249938387891028,-0.010254097654979089
17.62,0.667432413468307,-1.24278493907733,0.03857511423634763
17.63,0.5950297689598794,-1.2353997784274147,0.08678352516947696
17.64,0.5282664869868858,-1.2277802550331434,0.134700278908355
17.650000000000002,0.4664793126383413,-1.2199169255648223,0.18265945721478527
17.66,0.4091069679783852,-1.2117927075822184,0.2310073211248338
17.67,0.3556725390822584,-1.2033815061652997,0.28011146572895507
17.68,0.3057693062167066,-1.194646153416845,0.330372286107136
17.69,0.2590493504943374,-1.185535400993246,0.38223755665173653
17.7,0.2152143991659099,-1.1759795495052707,0.43622143355098675
17.71,0.17400848302060923,-1.1658840631443697,0.49292992597766905
17.72,0.135212079470449,-1.155120110942516,0.5530960488883082
17.73,0.0986374964459491,-1.1435102675418611,0.6176298091749891
17.740000000000002,0.06412532229637424,-1.1308063569959823,0.6876915444141214
17.75,0.03154184218047007,-1.1166540543626966,0.7648032345058864
17.76,0.0007773871724863213,-1.100534236552461,0.8510239833090354
17.77,-0.028254315699936416,-1.0816614520958965,0.9492390833615378
17.78,-0.055615591575270074,-1.058798535069758,1.063661737061491
17.79,-0.08134261453058089,-1.029894965947614,1.2007615152677933
17.8,-0.10544062370200757,-0.9913194593197784,1.3711276645071462
17.81,-0.12787455520199087,-0.9360399774538317,1.593629854156638
17.82,-0.14855032561518122,-0.8485847283584163,1.9061943531601637
17.830000000000002,-0.16727347192963293,-0.6874079278553539,2.400713327156414
17.84,-0.18363646943898182,-0.29152442158302594,3.3906485819538723
17.85,-0.1965107326766926,2.218282579798818,7.817475056330356
17.86,-0.1963295864565282,5.543274496299997,0.05361207580788929
17.87,-0.18816323700889814,3.2229156776785994,-0.7218599917977923
17.88,-0.17773370187008286,2.423086298446629,-0.9077899350778489
17.89,-0.16601106192266624,1.9883682904302715,-0.9817952572840885
17.900000000000002,-0.153561458339587,1.7066538541354859,-1.0165186647006512
17.91,-0.14082097121813186,1.5059398101011432,-1.033486371674303
17.92,-0.1281751666958142,1.3542567831172119,-1.0412120054465248
17.93,-0.1159903508916047,1.2349988766615871,-1.0436835603947465
17.94,-0.10462618985345395,1.1385947338978777,-1.042995343461665
17.95,-0.09443870476687444,1.0591024946447976,-1.0403453525198865
17.96,-0.08577710140105355,0.9926224071557397,-1.0364685916143797
17.97,-0.07897616174101252,0.9364817150986076,-1.0318448928416974
17.98,-0.07434546954192633,0.8887836936911127,-1.0268060927407645
17.990000000000002,-0.07215677727870573,0.8481428585143815,-1.021594188180669
18.0,-0.07263101606359657,0.8135217655504072,-1.016393849870593
18.01,-0.0759265981005317,0.784126341288478,-1.011350741180745
18.02,-0.0821306306799301,0.75933654322685,-1.0065816798261236
18.03,-0.09125436997658976,0.7386592412941995,-1.0021800758598447
18.04,-0.10323370344098981,0.7216955914111676,-0.9982187392915064
18.05,-0.11793474404341286,0.7081181659926195,-0.9947513964493301
18.06,-0.13516390037197623,0.6976548233540778,-0.9918137726024285
18.07,-0.15468120269090946,0.6900773254708059,-0.9894247528595648
18.080000000000002,-0.17621533949990553,0.685193341985673,-0.9875878705040907
18.09,-0.19947882741767686,0.6828408836751036,-0.9862931767617245
18.1,-0.22418195938019192,0.6828844873541067,-0.9855194160365124
18.11,-0.2500445680045763,0.6852126648845176,-0.9852363617399661
18.12,-0.2768050855145361,0.6897362756861389,-0.9854071497617269
18.13,-0.3042267864369379,0.6963875934623172,-0.9859904656427267
18.14,-0.33210141402825,0.7051199223100708,-0.9869424787265124
18.150000000000002,-0.36025058493870843,0.7159076863438731,-0.9882184616705671
18.16,-0.3885254526351326,0.7287469689061934,-0.9897740744123127
18.17,-0.41680511386261565,0.7436565254486429,-0.9915663224214067
18.18,-0.44499418680349134,0.760679337441726,-0.9935542213864501
18.19,-0.47301991052598535,0.7798848128093097,-0.9956992101482449
18.2,-0.5008290204108534,0.8013717943890786,-0.9979653588443395
18.21,-0.5283845659299082,0.8252725982148736,-1.0003194163107345
18.22,-0.5556627539306751,0.8517583915506317,-1.002730736074441
18.23,-0.5826498240577437,0.8810463434671878,-1.005171113992312
18.240000000000002,-0.6093388881188407,0.9134091608434936,-1.0076145631992568
18.25,-0.6357265822839633,0.949187890810905,-1.0100370453643122
18.26,-0.6618092727131835,0.9888092798174288,-1.012416171189545
18.27,-0.687578396465193,1.032809618315602,-1.0147308771022556
18.28,-0.7130142618082588,1.0818680211868195,-1.0169610801684799
18.29,-0.7380771903315873,1.1368537745086196,-1.0190873077601188
18.3,-0.7626940896483365,1.1988952309191874,-1.0210902932600627
18.31,-0.7867370612864917,1.2694827551180672,-1.0229505217845811
18.32,-0.8099877458111981,1.3506274238652314,-1.024647701012072
18.330000000000002,-0.8320751407061,1.4451148939902059,-1.026160118078125
18.34,-0.8523616101104948,1.5569299106151546,-1.027463821624405
18.35,-0.8697213075097102,1.6920055044352686,-1.0285315312303291
18.36,-0.8820772101750664,1.8596369579795697,-1.0293311131044822
18.37,-0.8853399231826702,2.0753893449255014,-1.0298233481003436
18.38,-0.8706539537712998,2.3677972893609143,-1.0299585240728941
18.39,-0.8158755639576347,2.7964732314198115,-1.0296711389700697
18.400000000000002,-0.6508811691558274,3.51451378193454,-1.0288726586371064
18.41,-0.022891323446042278,5.098753283366573,-1.0274584787692245
18.42,7.630444653249576,11.561844825214264,-1.0259381223386725
18.43,5.502618347533851,0.6093261208919034,-1.0253961126535156
18.44,3.5691642242411685,-0.44389380052387767,-1.0217801826301818
18.45,2.7687274850772043,-0.7121582694832364,-1.0172697843634255
18.46,2.304840343293739,-0.8179332359408814,-1.0123972850979626
18.47,1.9915457923100195,-0.8672289670270292,-1.0073676308331616
18.48,1.7606211863861736,-0.8916527621574826,-1.0022836591882833
18.490000000000002,1.5805119993054297,-0.9035418442272097,-0.9972040429116658
18.5,1.4343815005990384,-0.9085553606098227,-0.9921647300514911
18.51,1.3123245542329272,-0.9095844830019713,-0.9871886429222188
18.52,1.208083888356186,-0.9082238233751503,-0.9822906730392209
18.53,1.1174859733390616,-0.9054040861963641,-0.9774804981229848
18.54,1.0376251762942317,-0.9016922125032191,-0.972764281200468
18.55,0.9664071017241647,-0.8974449855613521,-0.9681457494627073
18.56,0.9022781156321046,-0.8928925172744319,-0.9636269074489789
18.57,0.8440575418960969,-0.8881858968124956,-0.9592085239683439
18.580000000000002,0.7908294435189411,-0.883425506595119,-0.9548904732755672
18.59,0.7418704975099331,-0.8786784289725607,-0.9506719792881011
18.6,0.6966005467084415,-0.8739894578042979,-0.946551793379005
18.61,0.6545478550939754,-0.8693882369291475,-0.9425283257593903
18.62,0.6153241622262925,-0.8648939859187369,-0.9385997435522058
18.63,0.5786064280442534,-0.8605186855198153,-0.9347640447990037
18.64,0.5441232444985978,-0.8562692583908806,-0.9310191145719439
18.650000000000002,0.5116445654999217,-0.8521490819745201,-0.9273627678003887
18.66,0.4809738371361658,-0.8481590499392238,-0.9237927820677045
18.67,0.45194189154491116,-0.844298323950229,-0.920306922654082
18.68,0.42440215489494326,-0.8405648702016922,-0.9169029617385169
18.69,0.39822684726071633,-0.8369558446116925,-0.9135786930435893
18.7,0.3733039402522308,-0.8334678705253453,-0.9103319428554576
18.71,0.34953469959051964,-0.8300972393700426,-0.9071605783194993
18.72,0.32683168392914064,-0.8268400556635067,-0.9040625135530209
18.73,0.305117102884477,-0.8236923415700647,-0.9010357139926568
18.740000000000002,0.2843214601918652,-0.8206501118753856,-0.8980781994296027
18.75,0.2643824251597434,-0.817709427247856,-0.8951880459536166
18.76,0.24524388810823883,-0.8148664315007557,-0.8923633870870313
18.77,0.22685516538107453,-0.8121173770553076,-0.88960241420012
18.78,0.20917032646696754,-0.8094586416806048,-0.8869033764582456
18.79,0.19214762167290633,-0.8068867388060705,-0.8842645803397887
18.8,0.1757489928920415,-0.8043983231015028,-0.8816843888598386
18.81,0.1599396535777723,-0.801990192600675,-0.8791612205303709
18.82,0.14468772653610884,-0.7996592883108085,-0.8766935481574312
18.830000000000002,0.12996393030752196,-0.7974026920255186,-0.8742798975040862
18.84,0.11574130660468329,-0.7952176228727981,-0.8719188458527154
18.85,0.10199498248490568,-0.7931014329984668,-0.8696090205252816
18.86,0.08870196221158871,-0.7910516026901804,-0.8673490973296247
18.87,0.0758409444027357,-0.7890657351579327,-0.8651377990175092
18.88,0.0633921609220639,-0.7871415511448472,-0.8629738937258685
18.89,0.051337234506006524,-0.7852768834868481,-0.8608561934310088
18.900000000000002,0.03965905256197583,-0.7834696717124134,-0.8587835524186249
18.91,0.02834165498066704,-0.7817179567469494,-0.8567548657944034
18.92,0.01737013421035205,-0.7800198757680682,-0.8547690679962808
18.93,0.006730545934601262,-0.7783736572385909,-0.8528251313760966
18.94,-0.0035901709042933105,-0.7767776161425334,-0.8509220648025808
18.95,-0.013604265894567258,-0.7752301494313174,-0.8490589123128446
18.96,-0.023323241744289236,-0.7737297316876015,-0.8472347518026091
18.97,-0.03275791254059668,-0.7722749110080108,-0.8454486937744089
18.98,-0.0419184563411818,-0.7708643051017149,-0.8436998801058531
18.990000000000002,-0.050814462817751205,-0.7694965975983097,-0.8419874828856945
19.0,-0.059454976460041276,-0.7681705345614346,-0.840310703282783
19.01,-0.06784853583326761,-0.7668849211987165,-0.8386687704613135
19.02,-0.07600320931013854,-0.7656386187589737,-0.8370609405389552
19.03,-0.08392662765523945,-0.7644305416090719,-0.8354864955847903
19.04,-0.09162601379952107,-0.7632596544824847,-0.8339447426643244
19.05,-0.09910821005236414,-0.7621249698876962,-0.8324350129130894
19.06,-0.10637970304678251,-0.7610255456690848,-0.8309566606564857
19.07,-0.11344664662925946,-0.759960482712229,-0.829509062566051
19.080000000000002,-0.12031488288793019,-0.7589289227851935,-0.8280916168481814
19.09,-0.12698996149985314,-0.7579300465066446,-0.8267037424700497
19.1,-0.1334771575544782,-0.756963071433633,-0.8253448784175575
19.11,-0.1397814879979311,-0.7560272502627042,-0.8240144829846011
19.12,-0.1459077268277993,-0.7551218691385045,-0.8227120330951374
19.13,-0.1518604191278053,-0.7542462460589675,-0.8214370236504663
19.14,-0.15764389406951823,-0.753399729374933,-0.8201889669078855
19.150000000000002,-0.16326227696333817,-0.752581696377766,-0.8189673918870465
19.16,-0.1687195004355746,-0.75179155196928,-0.8177718437992559
19.17,-0.17401931480841942,-0.751028727408457,-0.8166018835036221
19.18,-0.17916529774797219,-0.7502926791301736,-0.8154570869871324
19.19,-0.18416086324124087,-0.7495828876319525,-0.8143370448669683
19.2,-0.1890092699578787,-0.7488988564253833,-0.813241361914242
19.21,-0.19371362904624187,-0.7482401110488907,-0.8121696565988507
19.22,-0.19827691139542014,-0.7476061981326548,-0.8111215606545319
19.23,-0.20270195442294298,-0.7469966845195593,-0.8100967186634644
19.240000000000002,-0.20699146841452754,-0.7464111564355005,-0.8090947876594465
19.25,-0.21114804244975383,-0.7458492187065796,-0.8081154367472451
19.26,-0.21517414994540068,-0.7453104940202424,-0.8071583467398679
19.27,-0.21907215384377035,-0.7447946222276045,-0.8062232098124219
19.28,-0.22284431147182146,-0.7443012596847859,-0.8053097291713681
19.29,-0.22649277909483717,-0.7438300786314336,-0.8044176187382348
19.3,-0.23001961618650316,-0.7433807666049791,-0.8035466028469098
19.31,-0.2334267894339977,-0.7429530258883069,-0.8026964159545177
19.32,-0.23671617649054288,-0.7425465729835475,-0.801866802368569
19.330000000000002,-0.23988956950386087,-0.7421611381205497,-0.8010575159834703
19.34,-0.24294867842618836,-0.7417964647908591,-0.8002683200306031
19.35,-0.24589513412276992,-0.741452309308393,-0.799498986839165
19.36,-0.2487304912912904,-0.7411284403947938,-0.7987492976088093
19.37,-0.2514562312039489,-0.7408246387880604,-0.798019042193453
19.38,-0.254073764283127,-0.7405406968733714,-0.7973080188955788
19.39,-0.25658443252083374,-0.7402764183352066,-0.7966160342703718
19.400000000000002,-0.2589895117512472,-0.7400316178300574,-0.7959429029390408
19.41,-0.26129021378493544,-0.739806120679223,-0.7952884474106008
19.42,-0.263487688411496,-0.7395997625788839,-0.7946524979138039
19.43,-0.2655830252772742,-0.7394123893240326,-0.7940348922409884
19.44,-0.2675772556491689,-0.7392438565549313,-0.7934354755949069
19.45,-0.269471354065981,-0.7390940295159598,-0.7928541004468942
19.46,-0.2712662398852149,-0.7389627828305376,-0.792290626401848
19.47,-0.27296277873005786,-0.738850000290302,-0.791744920071319
19.48,-0.27456178384148866,-0.738755574657952,-0.7912168549543527
19.490000000000002,-0.2760640173400638,-0.7386794074832881,-0.7907063113257282
19.5,-0.2774701914015977,-0.7386214089320593,-0.7902131761312139
19.51,-0.27878096935056873,-0.7385814976273352,-0.789737342889441
19.52,-0.27999696667473123,-0.738559600503208,-0.7892787115999639
19.53,-0.2811187519640825,-0.7385556526706955,-0.7888371886570601
19.54,-0.2821468477766646,-0.7385695972914553,-0.788412686773732
19.55,-0.2830817314349727,-0.738601385463288,-0.7880051249105762
19.56,-0.2839238357549522,-0.7386509761183614,-0.787614428208485
19.57,-0.2846735497097378,-0.7387183359293988,-0.7872405279296266
19.580000000000002,-0.2853312190303206,-0.7388034392262864,-0.7868833614036869
19.59,-0.2858971467449031,-0.7389062679220073,-0.7865428719803145
19.6,-0.28637159365867615,-0.7390268114477296,-0.7862190089876193
19.61,-0.28675477877555766,-0.7391650666969124,-0.7859117276965732
19.62,-0.28704687966324305,-0.7393210379783455,-0.7856209892911316
19.63,-0.28724803276271177,-0.7394947369780734,-0.7853467608439022
19.64,-0.2873583336431535,-0.7396861827302115,-0.7850890152971444
19.650000000000002,-0.2873778372030753,-0.7398954015967064,-0.7848477314488599
19.66,-0.2873065578182282,-0.7401224272553594,-0.7846228939446616
19.67,-0.28714446943754984,-0.7403673006921303,-0.7844144932801691
19.68,-0.2868915056266709,-0.7406300702073692,-0.784222525802136
19.69,-0.2865475595596646,-0.7409107914275597,-0.7840469937185888
19.7,-0.2861124839594479,-0.741209527325595,-0.7838879051142282
19.71,-0.28558609098641036,-0.7415263482491954,-0.7837452739714902
19.72,-0.28496815207522813,-0.7418613319572975,-0.7836191201975761
19.73,-0.2842583977196617,-0.742214563664513,-0.7835094696574618
19.740000000000002,-0.2834565172049847,-0.7425861360937613,-0.7834163542129015
19.75,-0.2825621582875187,-0.7429761495372069,-0.7833398117674256
19.76,-0.2815749268205859,-0.7433847119256347,-0.7832798863173455
19.77,-0.28049438632603174,-0.7438119389064283,-0.7832366280087424
19.78,-0.27932005751028083,-0.7442579539303305,-0.7832100932004353
19.79,-0.2780514177237268,-0.7447228883469857,-0.7832003445331207
19.8,-0.2766879003625655,-0.7452068815060745,-0.7832074510089896
19.81,-0.2752288942118356,-0.7457100808709536,-0.7832314880739857
19.82,-0.27367374272634065,-0.7462326421403376,-0.7832725377076797
19.830000000000002,-0.2720217432505182,-0.7467747293794352,-0.7833306885210983
19.84,-0.2702721461736083,-0.7473365151606602,-0.7834060358614454
19.85,-0.2684241540179321,-0.747918180713718,-0.7834986819244787
19.86,-0.266476920458136,-0.7485199160854884,-0.7836087358747409
19.87,-0.26442954926898476,-0.7491419203101276,-0.7837363139738569
19.88,-0.26228109319907267,-0.7497844015897719,-0.7838815397171239
19.89,-0.26003055276751214,-0.7504475774862411,-0.7840445439786194
19.900000000000002,-0.2576768749804389,-0.7511316751241107,-0.7842254651650734
19.91,-0.25521895196385175,-0.751836931405535,-0.7844244493787437
19.92,-0.2526556195090438,-0.752563593237197,-0.7846416505895455
19.93,-0.24998565552658872,-0.7533119177697742,-0.7848772308166857
19.94,-0.24720777840390143,-0.75408217264957,-0.7851313603207107
19.95,-0.24432064525940542,-0.7548746362791683,-0.7854042178105094
19.96,-0.24132285009621623,-0.7556895980993695,-0.7856959906545983
19.97,-0.23821292184100928,-0.7565273588815189,-0.7860068751067524
19.98,-0.23498932226802627,-0.7573882310358425,-0.786337076543813
19.990000000000002,-0.23165044379927133,-0.7582725389346907,-0.7866868097156694
20.0,-0.2281946071739938,-0.7591806192513101,-0.7870562990082172
20.01,-0.22462005898048565,-0.7601128213151802,-0.7874457787198232
20.02,-0.22092496904258913,-0.7610695074848735,-0.7878554933518481
20.03,-0.2171074276526111,-0.7620510535393307,-0.7882856979138251
20.04,-0.21316544264172727,-0.7630578490883716,-0.7887366582439012
20.05,-0.20909693627816123,-0.7640902980032485,-0.7892086513451868
20.06,-0.2048997419827679,-0.7651488188679891,-0.7897019657386612
20.07,-0.20057160085078551,-0.766233845452333,-0.7902169018333028
20.080000000000002,-0.19611015796232667,-0.7673458272045899,-0.7907537723149576
20.09,-0.19151295846718036,-0.7684852297664397,-0.7913129025553034
20.1,-0.1867774434490816,-0.7696525355193256,-0.7918946310377123
20.11,-0.18190094552987798,-0.7708482441524731,-0.7924993098054463
20.12,-0.17688068420952774,-0.7720728732588973,-0.7931273049311764
20.13,-0.17171376091865698,-0.7733269589581425,-0.7937789970090284
20.14,-0.16639715376441855,-0.7746110565480465,-0.7944547816700611
20.150000000000002,-0.16092771194878241,-0.7759257411875559,-0.7951550701220907
20.16,-0.15530214983637197,-0.7772716086124452,-0.7958802897148249
20.17,-0.1495170406470026,-0.7786492758855996,-0.7966308845312626
20.18,-0.14356880974595299,-0.78005938218344,-0.7974073160063104
20.19,-0.1374537275026933,-0.7815025896201067,-0.7982100635735183
20.2,-0.13116790167364012,-0.7829795841051754,-0.7990396253423085
20.21,-0.12470726927412523,-0.7844910762396313,-0.7998965188066781
20.22,-0.11806758792988531,-0.786037802265908,-0.8007812815820529
20.23,-0.11124442662973283,-0.787620525056507,-0.8016944721762095
20.240000000000002,-0.10423315584837789,-0.7892400351492525,-0.8026366707932105
20.25,-0.09702893698162651,-0.7908971518293125,-0.8036084801715218
20.26,-0.0896267110388943,-0.7925927242621729,-0.8046105264566115
20.27,-0.08202118653232743,-0.7943276326811021,-0.8056434601081758
20.28,-0.07420682649569282,-0.7961027896322749,-0.8067079568418509
20.29,-0.06617783455993054,-0.7979191412806029,-0.8078047186048772
20.3,-0.05792813999545143,-0.7997776687742157,-0.8089344745863624
20.31,-0.04945138159781337,-0.8016793896542758,-0.810097982266379
20.32,-0.040740890385278505,-0.8036253593562166,-0.811296028489273
20.330000000000002,-0.03178967093884727,-0.8056166727703827,-0.8125294305691813
20.34,-0.022590381274473992,-0.8076544658717564,-0.8137990374223344
20.35,-0.013135311100678337,-0.8097399174199992,-0.8151057307224981
20.36,-0.0034163583081366355,-0.8118742507359948,-0.8164504260731311
20.37,0.0065749964788114346,-0.8140587355603919,-0.8178340741880229
20.38,0.01684771747738595,-0.8162946899995164,-0.8192576620700157
20.39,0.02741124369033443,-0.8185834825446792,-0.820722214181632
20.400000000000002,0.038275521486708264,-0.8209265341565269,-0.8222287935968562
20.41,0.049451040020123516,-0.8233253204691782,-0.8237785030986845
20.42,0.06094886986729259,-0.8257813740627116,-0.8253724862167202
20.43,0.07278070522506153,-0.8282962868168733,-0.8270119281737701
20.44,0.08495891006895856,-0.8308717123481457,-0.8286980567066339
20.45,0.09749656871492057,-0.8335093685374999,-0.830432142715531
20.46,0.11040754129551644,-0.8362110401483159,-0.8322155006899676
20.47,0.12370652482055555,-0.8389785814757238,-0.8340494888663067
20.48,0.13740912040360564,-0.8418139190972711,-0.8359355090131108
20.490000000000002,0.151531907480131,-0.8447190546733838,-0.8378750057617445
20.5,0.16609252592703672,-0.8476960677773595,-0.8398694653683112
20.51,0.1811097671036943,-0.8507471187532634,-0.8419204137556134
20.52,0.19660367497977005,-0.8538744515998291,-0.8440294136485326
20.53,0.2125956588158585,-0.8570803967947691,-0.8461980606025401
20.54,0.22910861896011547,-0.8603673740765083,-0.8484279776329119
20.55,0.24616708765764694,-0.8637378951286376,-0.8507208081073018
20.56,0.26379738713620515,-0.867194566085314,-0.8530782064902233
20.57,0.282027807529148,-0.8707400898333321,-0.8555018263938492
20.580000000000002,0.3008888077542393,-0.8743772679978149,-0.8579933052868101
20.59,0.32041324304883745,-0.8781090024931444,-0.8605542450382209
20.6,0.34063662344375123,-0.8819382965715539,-0.8631861872293505
20.61,0.3615974085262098,-0.8858682551180788,-0.8658905819532055
20.62,0.38333734467587743,-0.8899020840848063,-0.868668748388348
20.63,0.4059018523560981,-0.8940430888129329,-0.8715218250214816
20.64,0.42934047287297916,-0.8982946708131561,-0.8744507068259691
20.650000000000002,0.4537073855809046,-0.9026603228409721,-0.8774559658033879
20.66,0.47906200962750844,-0.907143621588984,-0.8805377504073566
20.67,0.5054697070231637,-0.9117482176343351,-0.8836956578272084
20.68,0.5330026085178785,-0.9164778216781313,-0.8869285714367074
20.69,0.5617405885642365,-0.9213361863760634,-0.8902344530652546
20.7,0.5917724229410509,-0.9263270824412161,-0.893610076503478
20.71,0.6231971711427592,-0.9314542677702762,-0.897050683876011
20.72,0.6561258379845804,-0.9367214474869747,-0.9005495402594923
20.73,0.6906833839746914,-0.942132222773133,-0.9040973527888313
20.740000000000002,0.7270111753688826,-0.9476900253370116,-0.9076815078981494
20.75,0.7652699930794603,-0.95339803360552,-0.911285062137732
20.76,0.8056437585740651,-0.9592590655356571,-0.9148853957174505
20.77,0.8483441888472921,-0.965275441281205,-0.918452399306878
20.78,0.8936166679447101,-0.9714488068599806,-0.9219460069511414
20.79,0.9417477304996985,-0.9777799067373933,-0.9253128008277564
20.8,0.993074707645882,-0.9842682892176049,-0.9284812789868723
20.81,1.0479983129394514,-0.9909119225631451,-0.931355165504443
20.82,1.106999286348318,-0.9977066906246181,-0.9338038030419851
20.830000000000002,1.1706607280597399,-1.0046457252717869,-0.9356481084117089
20.84,1.239698554441242,-1.0117185124976198,-0.936639628206261
20.85,1.3150037708783606,-1.0189096821701398,-0.936428589553722
20.86,1.3977023042781178,-1.0261973453512,-0.934513888982424
20.87,1.489241532016715,-1.0335507730781748,-0.9301624511415992
20.88,1.5915184110543665,-1.040927092130084,-0.9222746465024575
20.89,1.707074124250682,-1.048266477428867,-0.9091504560222352
20.900000000000002,1.8393978207676995,-1.0554849680198672,-0.8880633334445784
20.91,1.9934129417381148,-1.0624634074104207,-0.8544378650071287
20.92,2.1762697046576713,-1.0690298131617286,-0.8001483153880142
20.93,2.3986185962401803,-1.0749302003837116,-0.7096816950893131
20.94,2.676368878166816,-1.0797786476505662,-0.5505033310556113
20.95,3.0307351790175274,-1.0829719267429763,-0.24544376834967574
20.96,3.46477510655424,-1.0835732869654517,0.41822990322387565
20.97,3.720753531627246,-1.080524855931431,2.0639469796123473
20.98,2.269280321565907,-1.0761330129510984,4.916538011572038
20.990000000000002,0.009968272707188586,-1.078334841016714,5.327548000813495
21.0,-0.8387085423650147,-1.0845411133526959,4.526972363539702
21.01,-1.0983307922387855,-1.090587354800551,3.871172789334513
21.02,-1.1703810401377535,-1.0953776707762488,3.403687755958189
21.03,-1.1727004864333226,-1.0987354937635807,3.061229154615164
21.04,-1.145214386887027,-1.1006996737323722,2.800393143957023
21.05,-1.1036344852789017,-1.1013546529333103,2.5951000141590277
21.06,-1.0548442980409474,-1.1007882250008327,2.429359589836564
21.07,-1.0020763085687698,-1.0990831666291854,2.292966721614918
21.080000000000002,-0.9469055991435189,-1.096319205647718,2.1791556885033403
21.09,-0.890105888923009,-1.0925789028967197,2.083298940462502
21.1,-0.8320537512072109,-1.0879558106972356,2.0021581245256495
21.11,-0.7729394068880626,-1.0825647668993126,1.9334367204719098
21.12,-0.7128916584721449,-1.0765546470886236,1.8755042455824738
21.13,-0.652065842098786,-1.0701239004910257,1.8272221743828778
21.14,-0.5907184524645172,-1.0635387980598712,1.7878325983686838
21.150000000000002,-0.5292792999238918,-1.0571533798424997,1.7568870433596842
21.16,-0.4684230289998421,-1.051428389299331,1.7342018787775877
21.17,-0.4091325166652391,-1.0469439329991954,1.7198319435995177
21.18,-0.35273570636188145,-1.044397603790832,1.7140573497432947
21.19,-0.30088676721408425,-1.0445777860608234,1.7173811874933707
21.2,-0.25545873010126807,-1.0483035565375756,1.730539135502223
21.21,-0.21832835661256178,-1.0563310609464522,1.7545267604579893
21.22,-0.1910719386649018,-1.069241727511051,1.7906573822186886
21.23,-0.17464353800680232,-1.087343645217823,1.840673651193757
21.240000000000002,-0.16914296511319948,-1.1106211836971998,1.9069513754220377
21.25,-0.17376395290188418,-1.1387495877491118,1.9928612519512403
21.26,-0.1869408476683465,-1.1711544441080632,2.103411731454172
21.27,-0.20662808078563222,-1.2070532159489438,2.2464338450530805
21.28,-0.23060394416176155,-1.2453618614403188,2.4349260018424017
21.29,-0.25670436416072784,-1.2842032022170156,2.692209555583399
21.3,-0.2829348754835843,-1.3191466052205834,3.0650624603849406
21.31,-0.3074346204795333,-1.3361509754993306,3.665325774789946
21.32,-0.32821037125070696,-1.2702806239618625,4.861596673445916
21.330000000000002,-0.3419948252891203,-0.2929190849412875,9.607384461242129
21.34,-0.33194219271098824,6.545907656091796,0.351255121985115
21.35,-0.30139461807587153,3.8940731713672063,-0.7907037696617605
21.36,-0.2651443349033036,2.997376131361552,-1.0397567655790214
21.37,-0.22543513913667468,2.49419727851022,-1.1445095117650692
21.38,-0.18321458959102488,2.153191510219016,-1.20214710546975
21.39,-0.13899995851650582,1.8973148597654887,-1.2394839716163049
21.400000000000002,-0.0931061149795469,1.6925795677632114,-1.2665889972543196
21.41,-0.04573524088735459,1.5213502022558754,-1.2879688276520846
21.42,0.002980119926570435,1.373440519343728,-1.3058848814482338
21.43,0.05295373224123878,1.2424985097284555,-1.3215664511963672
21.44,0.10413193399869192,1.1243280555473982,-1.3357218888084599
21.45,0.15648504548696351,1.0160295254687284,-1.348777402241582
21.46,0.21000173923873966,0.9155254399390462,-1.3609977368447024
21.47,0.26468520433751985,0.8212826714276189,-1.3725510704999926
21.48,0.3205504386597071,0.7321417520775662,-1.3835457070281068
21.490000000000002,0.37762226444090996,0.6472077857072457,-1.3940516991272593
21.5,0.43593380675845084,0.5657784395274352,-1.4041140368806595
21.51,0.4955252562930843,0.48729514946763686,-1.4137609273875333
21.52,0.5564427826242684,0.4113093785822789,-1.4230091199967694
21.53,0.6187374888048882,0.33745896387208907,-1.4318674010108283
21.54,0.6824643055769097,0.2654514495236313,-1.4403389249263436
21.55,0.7476807207506941,0.1950524326604054,-1.4484227908171858
21.56,0.8144452263515649,0.12607765451347486,-1.4561151188885042
21.57,0.8828153396749028,0.05838803281720539,-1.463409791000684
21.580000000000002,0.9528450196605349,-0.0081128533964131,-1.470298967465259
21.59,1.0245812457046433,-0.07347908584112128,-1.4767734495331093
21.6,1.0980594531924135,-0.13772061625236343,-1.482822941161571
21.61,1.173297427708249,-0.20079929582987033,-1.4884362542720895
21.62,1.2502871232074413,-0.26262251536393777,-1.4936014826286081
21.63,1.3289837081018967,-0.323034119512982,-1.4983061768185915
21.64,1.409290924497477,-0.38180212825393894,-1.502537549546343
21.650000000000002,1.4910415779572896,-0.43860268088075643,-1.5062827424398157
21.66,1.5739716593722102,-0.4929995333132501,-1.5095291912958877
21.67,1.657686261631568,-0.5444184353230193,-1.512265139253632
21.68,1.741615148031975,-0.5921158733763354,-1.5144803515732175
21.69,1.8249557180433569,-0.6351421545985024,-1.516167105937797
21.7,1.906601461685111,-0.6722998744349847,-1.5173215380873737
21.71,1.9850553381359126,-0.7021008701292715,-1.5179454312305363
21.72,2.058330694978733,-0.722728360719429,-1.5180485290041097
21.73,2.1238486705480373,-0.7320167517280728,-1.5176514038242686
21.740000000000002,2.1783519928433384,-0.727469889921257,-1.5167888203752646
21.75,2.217871799345688,-0.7063486546744698,-1.5155133328039279
21.76,2.237805077920571,-0.6658672094740914,-1.5138985468151467
21.77,2.233178039698698,-0.6035358076319857,-1.5120410669653057
21.78,2.199167431769446,-0.5176631507528131,-1.5100597197912928
21.79,2.1319005304966634,-0.4079693612206519,-1.508090491661688
21.8,2.0294355527478616,-0.2761645561570312,-1.5062761698628773
21.81,1.8926610652063471,-0.12625984627320386,-1.5047511100436233
21.82,1.7257420804981136,0.035621083233852935,-1.5036238332705003
21.830000000000002,1.5358124672696043,0.20200719498345954,-1.5029620509707282
21.84,1.3319042401388805,0.3652378756251855,-1.50278477729925
21.85,1.123458301508074,0.5186283726957857,-1.5030639402975572
21.86,0.9189309357790492,0.657269825555724,-1.5037343446108915
21.87,0.7248905480253197,0.7782977225043342,-1.5047081481899585
21.88,0.5457160806257411,0.8807021522443421,-1.5058894744124092
21.89,0.38376828220894543,0.9648824364746148,-1.507186053225432
21.900000000000002,0.23981226714415493,1.0321453395918616,-1.5085167114948335
21.91,0.11349933941434531,1.0842724522864087,-1.5098149606622648
21.92,0.0037933821141193924,1.1232047134770573,-1.511029703002984
21.93,-0.09070280570748945,1.1508415183155818,-1.5121241537181558
21.94,-0.17152243049563454,1.1689298536562294,-1.5130738750843908
21.95,-0.24019279555081252,1.1790152046895668,-1.51386453880833
21.96,-0.29815410407197507,1.1824305698326174,-1.5144897703031397
21.97,-0.3467191028265287,1.1803066002049438,-1.514949247411741
21.98,-0.3870584168052773,1.1735918405431705,-1.5152471138241776
21.990000000000002,-0.42020099675233696,1.163076474343491,-1.5153907027892162
22.0,-0.44704273336005695,1.1494159359059761,-1.5153895376701607
22.01,-0.46835889955101145,1.133152592101132,-1.5152545651353115
22.02,-0.48481783889193997,1.1147347729006616,-1.514997576619813
22.03,-0.4969944496022374,1.0945330195551806,-1.5146307784027613
22.04,-0.5053827155717342,1.072853716060996,-1.5141664766310265
22.05,-0.510406955939577,1.0499503977377755,-1.513616850012594
22.06,-0.5124317060558699,1.0260330666927833,-1.512993789180153
22.07,-0.5117702736798806,1.0012758331457778,-1.512308784805008
22.080000000000002,-0.5086920786386674,0.9758231695851439,-1.5115728533113355
22.09,-0.5034289102593927,0.9497950252506806,-1.5107964886781458
22.1,-0.496180241014461,0.9232910096239471,-1.509989634277507
22.11,-0.4871177278127534,0.8963938177040714,-1.5091616675870245
22.12,-0.4763890199176694,0.8691720384659414,-1.5083213970052571
22.13,-0.46412097822258785,0.8416824622344982,-1.5074770630957817
22.14,-0.4504223963509983,0.8139719805716236,-1.506636344880167
22.150000000000002,-0.435386300916891,0.7860791545231618,-1.50580637088283
22.16,-0.41909189612284115,0.7580355128029912,-1.5049937294122386
22.17,-0.401606207932631,0.7298666297797867,-1.5042044813574869
22.18,-0.3829854738688687,0.7015930237383834,-1.5034441727019503
22.19,-0.3632763171268489,0.6732309083519297,-1.502717847289003
22.2,-0.34251673730994403,0.6447928243961027,-1.5020300591569353
22.21,-0.32073694476823056,0.616288173882974,-1.5013848838037571
22.22,-0.29796006125839003,0.5877236749293062,-1.500785929929589
22.23,-0.2742027057446171,0.5591037526728294,-1.500236349860573
22.240000000000002,-0.24947548134194986,0.5304308792995664,-1.4997388493665946
22.25,-0.2237833768729528,0.5017058742031009,-1.4992956973109375
22.26,-0.1971260943601174,0.4729281743495063,-1.4989087322578099
22.27,-0.16949831270153431,0.4440960829827827,-1.498579374225942
22.28,-0.14088989557235532,0.41520700572833247,-1.4983086285656897
22.29,-0.11128605194873004,0.38625768120683385,-1.4980970949143493
22.3,-0.08066745614953164,0.3572444145270338,-1.4979449730225887
22.31,-0.04901033469491578,0.3281633222302859,-1.4978520654675829
22.32,-0.016286527030613507,0.2990105959343882,-1.4978177888357687
22.330000000000002,0.017536471436422008,0.2697827975042157,-1.497841172831908
22.34,0.05249547521823128,0.24047719498666875,-1.4979208659836014
22.35,0.08863157232942048,0.2110921533820081,-1.4980551428646738
22.36,0.12599007101404147,0.1816275999709247,-1.4982418957700598
22.37,0.16462041290259016,0.15208557885286283,-1.4984786423325347
22.38,0.20457603034580346,0.12247092068410986,-1.4987625374900915
22.39,0.24591411265507512,0.0927920658089823,-1.4990903546098098
22.400000000000002,0.288695247491257,0.06306206683007326,-1.4994584964462785
22.41,0.33298287834584167,0.03329982739072912,-1.4998629888708455
22.42,0.3788425091388009,0.003531631458363549,-1.5002994829712384
22.43,0.426340557171391,-0.026206958921589585,-1.5007632494025425
22.44,0.47554272741838716,-0.05586874733367042,-1.5012491773467425
22.45,0.526511734402204,-0.08539197095176165,-1.501751771188833
22.46,0.5793041427109149,-0.11469665190752559,-1.5022651534189106
22.47,0.633966017488703,-0.1436800550947102,-1.5027830640608904
22.48,0.6905269811729229,-0.1722110449824185,-1.503298868784918
22.490000000000002,0.7489921420344665,-0.20012309405756842,-1.5038055738457206
22.5,0.8093312009309244,-0.22720566502163905,-1.50429585053351
22.51,0.871463851917234,-0.25319367532372794,-1.5047620771777834
22.52,0.9352403737204453,-0.2777547755691928,-1.505196402593921
22.53,1.0004160975668788,-0.30047427600990384,-1.5055908425992381
22.54,1.0666182849517682,-0.32083779621217706,-1.505937419159771
22.55,1.1333039897728372,-0.33821219662962065,-1.5062283588260543
22.56,1.1997079349424393,-0.3518262218611335,-1.5064563661163572
22.57,1.264780689704124,-0.36075374069788435,-1.5066149937818136
22.580000000000002,1.3271200845221105,-0.3639047167711353,-1.5066991235769964
22.59,1.3849035867560793,-0.36003219471929915,-1.5067055725937437
22.6,1.4358370235022055,-0.34776739082836605,-1.5066338131736425
22.61,1.4771455555255062,-0.32569834192626357,-1.5064867627038083
22.62,1.50564416080663,-0.2925079365982446,-1.5062715521756367
22.63,1.5179311532646882,-0.2471801780136625,-1.5060000940536487
22.64,1.5107385645028173,-0.18926421278324665,-1.5056892174228897
22.650000000000002,1.48143489453888,-0.11915248920628779,-1.5053601186215495
22.66,1.42860533955819,-0.038291370855496776,-1.5050368782605021
22.67,1.3525540786110202,0.0507767883425958,-1.5047441790341805
22.68,1.2555349431419296,0.14461272359534005,-1.5045044228624675
22.69,1.1415735027532627,0.2393101027776388,-1.5043349948834202
22.7,1.015893543148313,0.3310446795760936,-1.5042462896576252
22.71,0.8841235383218531,0.41657674316996907,-1.504241006828689
22.72,0.7515315387994415,0.49357013985438025,-1.5043147523963665
22.73,0.6224839698047916,0.5606803592751313,-1.5044575989681155
22.740000000000002,0.5001992615559752,0.6174526352864265,-1.5046560859820022
22.75,0.3867547330233435,0.6641148251441722,-1.504895143087218
22.76,0.28325143108117734,0.7013460550514803,-1.5051596870826285
22.77,0.19004273223646323,0.730073539155822,-1.5054357096443263
22.78,0.10696120107642981,0.7513194850861029,-1.5057109345524733
22.79,0.03350998663628385,0.7660991152678103,-1.5059751049287173
22.8,-0.030991618783965003,0.7753606968423779,-1.5062200204678329
22.81,-0.08730576831229592,0.7799558552898309,-1.5064394191210366
22.82,-0.13620872608686646,0.7806296534619883,-1.5066287744081774
22.830000000000002,-0.17844961679100546,0.7780224226816765,-1.5067850599798671
22.84,-0.21472738444207154,0.7726778339348571,-1.506906512041236
22.85,-0.24567982899422433,0.7650536997285313,-1.506992407165721
22.86,-0.2718802767824604,0.7555334253482977,-1.5070428640473303
22.87,-0.29383882027680186,0.7444369726864628,-1.5070586720462245
22.88,-0.31200609506765536,0.7320307881491975,-1.5070411458238027
22.89,-0.3267782925888212,0.7185364934134645,-1.5069920044438967
22.900000000000002,-0.3385026051747181,0.7041383300045557,-1.5069132713298
22.91,-0.3474826287473121,0.6889894464349209,-1.5068071927180653
22.92,-0.3539834606005705,0.6732171583250462,-1.50667617152615
22.93,-0.3582363627140747,0.6569273227169048,-1.5065227131956205
22.94,-0.36044294190902104,0.6402079623328534,-1.5063493833038823
22.95,-0.3607788459448615,0.6231322620626494,-1.5061587723599965
22.96,-0.35939700051202333,0.6057610445269972,-1.5059534680845763
22.97,-0.3564304252794145,0.5881448154926427,-1.5057360330079035
22.98,-0.3519946720840342,0.5703254551014059,-1.5055089870330862
22.990000000000002,-0.34618992868459897,0.5523376183171809,-1.5052747929818053
23.0,-0.3391028292299865,0.534209896707549,-1.505035844143046
23.01,-0.3308080092679362,0.515965784385521,-1.5047944566374505
23.02,-0.32136943876513363,0.49762448339094245,-1.5045528604540526
23.03,-0.31084156294059034,0.4792015774015267,-1.504313193730633
23.04,-0.2992702765707797,0.4607095975233634,-1.5040774973580746
23.05,-0.28669375405506503,0.44215849965615595,-1.5038477108391581
23.06,-0.2731431542636233,0.42355606970488857,-1.5036256682333224
23.07,-0.2586432165083236,0.4049082700747091,-1.5034130945254742
23.080000000000002,-0.24321276158801214,0.3862195387121439,-1.50321160301386
23.09,-0.22686510965543968,0.36749305034603486,-1.5030226918949647
23.1,-0.20960842513295275,0.348730948117712,-1.5028477419022153
23.11,-0.19144599718466918,0.32993455299346636,-1.502688012503432
23.12,-0.17237646339364887,0.3111045572260947,-1.5025446405403948
23.13,-0.15239398285774733,0.29224120823604005,-1.5024186358462894
23.14,-0.13148836474778977,0.27334448833811587,-1.5023108797545242
23.150000000000002,-0.10964515736605399,0.2544142965023781,-1.5022221209104991
23.16,-0.08684570282656479,0.23545063818491524,-1.502152969180403
23.17,-0.06306716251484584,0.21645382837894583,-1.5021038989771358
23.18,-0.03828251846466568,0.19742471737908995,-1.502075238493322
23.19,-0.012460557000414652,0.1783649452043538,-1.5020671683270912
23.2,0.014434158142189069,0.15927723452776837,-1.5020797217981796
23.21,0.04244131395630485,0.14016573647756403,-1.5021127675430308
23.22,0.07160486560368151,0.1210364382802302,-1.5021660078368915
23.23,0.10197302938671171,0.10189764865649997,-1.5022389930034838
23.240000000000002,0.13359822634081875,0.08276059129686375,-1.5023310862441361
23.25,0.16653695405769203,0.0636401175302998,-1.5024414737950607
23.26,0.20084954557410545,0.04455557882815264,-1.5025691521470352
23.27,0.23659976712560005,0.02553189246159676,-1.502712924375887
23.28,0.2738541852734733,0.006600850075931197,-1.5028713894848025
23.29,0.312681212723195,-0.012197274618733933,-1.5030429352743804
23.3,0.35314970849715493,-0.030811747149387503,-1.503225730821505
23.31,0.3953269654821011,-0.04917893594597858,-1.5034177185385549
23.32,0.43927586161857396,-0.06721931449628404,-1.5036166070988564
23.330000000000002,0.48505087575868805,-0.0848337795170293,-1.5038198669420624
23.34,0.5326925705990235,-0.101899144514524,-1.504024727040204
23.35,0.5822200214765505,-0.11826265642139591,-1.5042281765468015
23.36,0.6336205151629439,-0.1337353830957116,-1.504426972482484
23.37,0.6868356618981246,-0.14808434709839224,-1.5046176560398987
23.38,0.7417428709435512,-0.1610233591380712,-1.5047965822894507
23.39,0.7981309665210674,-0.17220266992639918,-1.50495996699401
23.400000000000002,0.8556686523653944,-0.18119787125931497,-1.5051039587787343
23.41,0.9138647009583993,-0.18749901702457455,-1.505224742822426
23.42,0.9720194269074991,-0.19050181039850886,-1.5053186871071351
23.43,1.029168574550686,-0.18950402287412887,-1.505382539971217
23.44,1.0840238166215777,-0.1837121206226974,-1.5054136861282665
23.45,1.1349191970459325,-0.172265221520977,-1.50541046720851
23.46,1.1797804205356328,-0.15428537258381317,-1.505372549243631
23.47,1.2161430375632298,-0.12896332619139556,-1.5053013191160831
23.48,1.2412530866594123,-0.09568511108848968,-1.505200237607661
23.490000000000002,1.252282703487063,-0.05419392882178545,-1.50507505893155
23.5,1.2466739101298412,-0.004763073161201947,-1.5049338191056134
23.51,1.2225795762677651,0.05166709326397939,-1.5047864079506539
23.52,1.1793088815155648,0.11344912766903825,-1.5046438481539672
23.53,1.1176361707707114,0.17833469712065558,-1.5045170468910851
23.54,1.0398394913790598,0.24373117767187552,-1.5044156073776662
23.55,0.9494187293917198,0.30705034096008765,-1.504346667622519
23.56,0.8505679105592497,0.3660483461336566,-1.5043142134102236
23.57,0.7475681120579543,0.41906237334455054,-1.5043189406977433
23.580000000000002,0.6442733157989278,0.46509896562051817,-1.5043586223192706
23.59,0.5437918201174252,0.5037883182646077,-1.5044288134755468
23.6,0.448375469562928,0.5352551991129777,-1.5045236636811476
23.61,0.3594667141314119,0.5599620561412961,-1.5046367008714423
23.62,0.27783373611628426,0.5785643205211634,-1.5047614218827103
23.63,0.20373433357394727,0.5917974031445238,-1.5048917443375456
23.64,0.13707080532262156,0.6003991480466281,-1.5050222565073819
23.650000000000002,0.07751805488076241,0.6050628816604762,-1.5051483456381392
23.66,0.02462057162336112,0.6064132678483256,-1.5052662273966255
23.67,-0.022138929607854907,0.6049974365529154,-1.5053729142215566
23.68,-0.06329369775195881,0.6012854059546124,-1.505466148686409
23.69,-0.09936416192506134,0.5956755681120285,-1.5055443202317016
23.7,-0.1308411674359649,0.5885024870731399,-1.5056063776411897
23.71,-0.15817732768071405,0.5800453483200654,-1.5056517443458453
23.72,-0.18178363538041997,0.5705361348817692,-1.5056802404466034
23.73,-0.20202933317906635,0.5601670722117207,-1.505692013411101
23.740000000000002,-0.21924369076122543,0.5490971630376936,-1.5056874774069477
23.75,-0.23371879993114394,0.5374577905439668,-1.505667261652408
23.76,-0.2457128216892186,0.5253574490272586,-1.5056321663973982
23.77,-0.2554533366845966,0.5128856972911024,-1.5055831253960235
23.78,-0.26314059396518613,0.5001164405154916,-1.5055211757079032
23.79,-0.26895054627198284,0.4871106431478798,-1.5054474315088942
23.8,-0.2730376182918874,0.47391856618600475,-1.5053630617872682
23.81,-0.2755371904682174,0.4605816101909057,-1.5052692740347984
23.82,-0.2765678024479387,0.44713383341068386,-1.5051672984454187
23.830000000000002,-0.27623309165620724,0.4336032032376777,-1.5050583749333437
23.84,-0.2746234886220565,0.42001262920336957,-1.504943744490931
23.85,-0.27181769273366946,0.406380817286808,-1.5048246391711417
23.86,-0.2678839521306934,0.39272297823483815,-1.5047022754728543
23.87,-0.2628811701921483,0.37905141666145176,-1.5045778475685332
23.88,-0.2568598593526145,0.3653760227077631,-1.504452522990086
23.89,-0.2498629606545688,0.35170468438580627,-1.5043274372872577
23.900000000000002,-0.24192654553142046,0.33804363529160875,-1.5042036900146738
23.91,-0.23308041417229752,0.32439774987279374,-1.5040823416677331
23.92,-0.22334860283969799,0.3107707964123843,-1.503964409959341
23.93,-0.2127498109671413,0.29716565619565893,-1.5038508670703088
23.94,-0.2012977571868136,0.2835845160879029,-1.5037426364700568
23.95,-0.189001472267669,0.27002904062873745,-1.5036405906790176
23.96,-0.1758655356271434,0.2565005291747053,-1.5035455482068627
23.97,-0.16189026129822248,0.24300006289500992,-1.503458271072837
23.98,-0.14707183827444406,0.22952864626547131,-1.5033794613826101
23.990000000000002,-0.1314024297538901,0.21608734710579974,-1.5033097601610044
24.0,-0.11487023492072537,0.2026774400649855,-1.5032497418317625
24.01,-0.09745951735116834,0.18930055695293685,-1.503199915328853
24.02,-0.07915060307717542,0.17595884992328342,-1.503160719222174
24.03,-0.05991985221611704,0.16265517302049176,-1.5031325097517707
24.04,-0.03973960873660401,0.14939328506520572,-1.5031155702080268
24.05,-0.018578132612788345,0.1361780841289041,-1.5031101059357173
24.060000000000002,0.003600478978958155,0.12301588183944906,-1.5031162292112359
24.07,0.026836373379760525,0.10991472352518566,-1.5031339662234011
24.080000000000002,0.05117401626578,0.09688477058648215,-1.5031632440009997
24.09,0.07666224290556833,0.08393875574795512,-1.5032038874695368
24.1,0.10335426753177546,0.07109252876787636,-1.5032556214688246
24.11,0.13130762197976908,0.058365717098804004,-1.5033180538125135
24.12,0.16058398840205035,0.04578252223677687,-1.5033906746721557
24.13,0.19124887384871503,0.03337268606286414,-1.5034728490739617
24.14,0.22337105755740866,0.02117266400098286,-1.503563809870201
24.150000000000002,0.25702171619972053,0.009227050672772491,-1.5036626503081485
24.16,0.2922730982791764,-0.002409687809196759,-1.5037683169624303
24.17,0.329196572938741,-0.01367111131673271,-1.5038796027942274
24.18,0.3678598175341868,-0.02447626040191614,-1.503995140375408
24.19,0.40832282830271865,-0.034726589018058085,-1.504113397168323
24.2,0.45063233390820034,-0.04430229425051732,-1.5042326717257988
24.21,0.49481406144913564,-0.05305797232602846,-1.5043510938546476
24.22,0.5408621449630573,-0.06081756061647575,-1.504466629012923
24.23,0.5887247872144525,-0.06736859324278854,-1.504577089994592
24.240000000000002,0.6382851066061532,-0.07245592695615932,-1.504680158221903
24.25,0.6893359741643539,-0.07577532137019774,-1.5047734192651165
24.26,0.7415476769129241,-0.07696763307347856,-1.5048544160403625
24.27,0.7944276091970952,-0.07561496945261775,-1.5049207286810575
24.28,0.847272227924057,-0.07124099751650448,-1.504970082272263
24.29,0.8991136168790694,-0.06331873301831181,-1.5050004951384222
24.3,0.9486668073667887,-0.05129040575984822,-1.5050104638831936
24.310000000000002,0.9942898538339948,-0.03460500501168412,-1.5049991904163917
24.32,1.0339763627922662,-0.012778941439017505,-1.504966832854787
24.330000000000002,1.0654077228070353,0.01451754457257537,-1.5049147480183884
24.34,1.0860948892416147,0.047352742863167485,-1.5048456894507907
24.35,1.093629524783085,0.08542124261256073,-1.5047638620765182
24.36,1.0860342755263805,0.12795816892571638,-1.5046748057834876
24.37,1.0621533896548963,0.1737198303166228,-1.5045850001101426
24.38,1.0219767236690191,0.2210632205311212,-1.5045012589472915
24.39,0.9667766998709123,0.26812737813249077,-1.5044299630709315
24.400000000000002,0.8989850442144984,0.31307793142318063,-1.5043763211786372
24.41,0.8218316989041319,0.3543460557503452,-1.5043438215576153
24.42,0.7388590704041561,0.3907952287216889,-1.5043339880749835
24.43,0.6534570619328481,0.4217822846799119,-1.504346461789023
24.44,0.5685279220618575,0.4471211987788657,-1.5043793238908254
24.45,0.4863195368728043,0.46698545109204126,-1.5044295547100188
24.46,0.4084051356653746,0.481789740463236,-1.5044934939493957
24.47,0.3357584367161456,0.4920810947544664,-1.5045672564874133
24.48,0.2688727837668967,0.4984543051968036,-1.5046470342093348
24.490000000000002,0.2078869431230285,0.5014945977159466,-1.5047293067102872
24.5,0.1526966873814067,0.5017437783620371,-1.5048109623851693
24.51,0.10304399276644224,0.49968376983894386,-1.5048893516236506
24.52,0.05858333995353199,0.495731655939093,-1.5049622953137114
24.53,0.018928246170471424,0.49024158043213717,-1.505028063412336
24.54,-0.01631772330815842,0.4835102337597842,-1.5050853373946034
24.55,-0.0475413880269224,0.47578383109064937,-1.5051331650514572
24.560000000000002,-0.0751084417059775,0.46726534166004274,-1.505170913437921
24.57,-0.09935739966691892,0.45812130264425777,-1.5051982233725538
24.580000000000002,-0.12059711271074179,0.44848790876859435,-1.505214967427703
24.59,-0.13910652061793075,0.4384762787317282,-1.5052212122394113
24.6,-0.15513574177991973,0.42817691363961574,-1.505217185256786
24.61,-0.1689078991951118,0.41766341855552114,-1.5052032462188785
24.62,-0.18062129531660248,0.40699557983595797,-1.505179861949161
24.63,-0.19045169207725754,0.39622189444298905,-1.5051475859989119
24.64,-0.19855454955599655,0.38538164078729864,-1.5051070404334197
24.650000000000002,-0.2050671394770353,0.3745065707838279,-1.505058900150087
24.66,-0.21011049064411674,0.3636222912877383,-1.5050038812650088
24.67,-0.21379114925401643,0.3527493919970087,-1.504942729406617
24.68,-0.2162027521545445,0.34190436733990737,-1.504876210918402
24.69,-0.21742742046343874,0.33110037121148994,-1.5048051047802278
24.7,-0.21753698570318894,0.3203478361517347,-1.5047301967074616
24.71,-0.2165940627368472,0.30965498293338206,-1.504652273114198
24.72,-0.21465298435682834,0.29902824146175394,-1.5045721156846836
24.73,-0.21176061205391158,0.2884725999534197,-1.5044904984534408
24.740000000000002,-0.20795703635115817,0.2779918963472017,-1.5044081830606846
24.75,-0.20327617908084072,0.2675890632122769,-1.5043259159659335
24.76,-0.19774630851293123,0.2572663354829703,-1.504244425185855
24.77,-0.1913904770819498,0.24702542860938148,-1.5041644180799185
24.78,-0.18422689007119109,0.23686769361963572,-1.5040865785050337
24.79,-0.17626921261477368,0.22679425444372436,-1.5040115643938767
24.8,-0.1675268213030182,0.21680613211386293,-1.5039400058547188
24.810000000000002,-0.15800500570756967,0.20690435996389425,-1.503872502569557
24.82,-0.14770512449099307,0.1970900933806942,-1.5038096222088722
24.830000000000002,-0.1366247198719967,0.18736471770467195,-1.5037518968529513
24.84,-0.12475759401433126,0.17772995718688603,-1.5036998224037896
24.85,-0.11209385003004943,0.16818798856081318,-1.5036538552205168
24.86,-0.09861990034515711,0.15874156249860027,-1.5036144090939765
24.87,-0.08431844509579894,0.149394135781343,-1.503581857827088
24.88,-0.06916842234006337,0.1401500201941133,-1.5035565237852047
24.89,-0.05314493367809031,0.1310145505231785,-1.503538672980028
24.900000000000002,-0.036219148378313804,0.12199427512921135,-1.5035285327505634
24.91,-0.018358189394225982,0.11309718110572545,-1.5035262649345245
24.92,0.000474992337761021,0.10433295425687117,-1.5035319727979517
24.93,0.02032174831538483,0.09571328568695803,-1.5035456974761212
24.94,0.04122785701455939,0.08725223523818096,-1.50356740587555
24.95,0.06324362872966116,0.07896666001503613,-1.5035969993802079
24.96,0.08642396956950374,0.07087672738709119,-1.5036342982210726
24.97,0.1108283778845674,0.06300652501456838,-1.5036790404707516
24.98,0.13652083365227113,0.05538479030295962,-1.5037308749543623
24.990000000000002,0.16356952768129365,0.04804578203690699,-1.5037893573397165
25.0,0.1920463561450666,0.041030322831361404,-1.5038539423500126
25.01,0.22202607908150868,0.03438704360104927,-1.503923977737907
25.02,0.25358500327966527,0.028173865778492707,-1.5039986985168325
25.03,0.2867989991327135,0.022459759285374414,-1.5040772201652512
25.04,0.32174059397028615,0.017326813205562147,-1.5041585334415908
25.05,0.35847479509382585,0.012872650094989585,-1.5042414997923887
25.060000000000002,0.3970531819616665,0.009213197972079312,-1.5043248486610759
25.07,0.43750566531943147,0.0064857998948438245,-1.5044071780153838
25.080000000000002,0.47982914318691167,0.004852578156899601,-1.5044869587527536
25.09,0.5239721056801974,0.004503862052656182,-1.50456254631985
25.1,0.5698140812716062,0.0056613112585189584,-1.5046322003358943
25.11,0.617138762050081,0.008580092255385863,-1.5046941183582379
25.12,0.6655998186857415,0.013549058000527275,-1.5047464842408695
25.13,0.7146790804881623,0.02088732218203762,-1.5047875407189895
25.14,0.7636382674364983,0.030934925161060556,-1.5048156857805783
25.150000000000002,0.8114683183507783,0.04403458137101385,-1.5048296007700652
25.16,0.8568450325912054,0.06050109387960048,-1.5048284095685052
25.17,0.8981062755932698,0.08057554163650807,-1.5048118565571253
25.18,0.933273220956993,0.10436372383906739,-1.5047805010319704
25.19,0.9601426016472422,0.13176357698680832,-1.5047358709650656
25.2,0.976472480986728,0.16239449605355133,-1.5046805630510978
25.21,0.9802635832815092,0.1955506048869873,-1.504618191073646
25.22,0.970099768224433,0.23020464408530966,-1.5045531959906193
25.23,0.945466400648306,0.2650822282872839,-1.5044904415166043
25.240000000000002,0.9069410516753036,0.2988047005903105,-1.5044347026270168
25.25,0.8561744080762671,0.33006989430777456,-1.504390116717583
25.26,0.7956512400662419,0.357820423301026,-1.504359731852448
25.27,0.7283050423954892,0.3813527224981206,-1.5043452507044108
25.28,0.6571061174160866,0.40034543500587927,-1.5043470032281547
25.29,0.5847297896849262,0.41481664672177143,-1.5043641154739662
25.3,0.5133584888821703,0.425038929310384,-1.5043947907053368
25.310000000000002,0.44461573812373045,0.4314435710518041,-1.5044366489607985
25.32,0.3795965314064562,0.43453621331568293,-1.5044870131395385
25.330000000000002,0.31895067487044826,0.4348340590801294,-1.5045431624498375
25.34,0.2629837082763834,0.4328255894798487,-1.5046025024183058
25.35,0.21175318830003273,0.4289488499010533,-1.5046626759645785
25.36,0.1651496865009882,0.42358293841169953,-1.5047216238908547
25.37,0.122959593973345,0.4170478058226771,-1.5047776060361064
25.38,0.0849109909778871,0.40960865382273914,-1.5048291984029978
25.39,0.05070554079810774,0.4014824285954417,-1.504875274856454
25.400000000000002,0.020039667338397377,0.39284487871108076,-1.504914980398762
25.41,-0.00738207728633844,0.3838373298707066,-1.5049477010692436
25.42,-0.031839120160920054,0.3745727690734603,-1.5049730333629259
25.43,-0.05359068786297336,0.3651410931048489,-1.5049907550848514
25.44,-0.07287406526433127,0.3556135202885755,-1.5050007983728109
25.45,-0.08990439884297127,0.34604623590687716,-1.5050032258521413
25.46,-0.10487543364226323,0.3364833697583943,-1.5049982090417489
25.47,-0.11796077487736041,0.3269594098221224,-1.5049860102028247
25.48,-0.1293154073761899,0.3175011490158728,-1.504966966310013
25.490000000000002,-0.1390773027361399,0.3081292507276674,-1.504941474639567
25.5,-0.1473690094221749,0.2988595058922384,-1.5049099821828242
25.51,-0.15429916500804883,0.2897038418037824,-1.5048729747815306
25.52,-0.1599638974117979,0.280671132176472,-1.504830968451511
25.53,-0.16444810048792718,0.2717678483777313,-1.5047845026887294
25.54,-0.16782658058816374,0.2629985839025693,-1.504734133683978
25.55,-0.17016507723838045,0.2543664779641711,-1.5046804294287934
25.560000000000002,-0.17152116499705933,0.24587355883603945,-1.504623963999657
25.57,-0.17194504542880945,0.23752102328902383,-1.5045653151846734
25.580000000000002,-0.17148023868287796,0.22930946553917514,-1.5045050596774376
25.59,-0.17016418420710494,0.2212390661897688,-1.5044437703050662
25.6,-0.1680287595834447,0.21330974977632253,-1.5043820134549142
25.61,-0.16510072575428314,0.20552131781826713,-1.504320346483034
25.62,-0.16140210606588035,0.1978735631045362,-1.5042593154241997
25.63,-0.15695050571377572,0.19036636988327565,-1.5041994527031828
25.64,-0.1517593773681759,0.1829998038532171,-1.504141275470403
25.650000000000002,-0.1458382378936613,0.1757741953779151,-1.504085283460317
25.66,-0.13919284043741265,0.16869021882724844,-1.5040319570373364
25.67,-0.13182530547521418,0.16174897069346691,-1.5039817554430228
25.68,-0.12373421383835081,0.15495204891607395,-1.5039351149688271
25.69,-0.11491466423678204,0.14830163583191058,-1.5038924469013164
25.7,-0.10535829749322034,0.141800586914153,-1.503854136980506
25.71,-0.09505328898704016,0.13545252842472127,-1.5038205388787076
25.72,-0.0839843114942562,0.1292619653580744,-1.5037919768443633
25.73,-0.07213246950099078,0.1232344034721119,-1.5037687433427092
25.740000000000002,-0.05947520652097363,0.11737648897845132,-1.5037510912399046
25.75,-0.04598618813299052,0.1116961674362224,-1.5037392403434775
25.76,-0.031635162070267925,0.10620286906268656,-1.5037333682708454
25.77,-0.016387799629166006,0.1009077242189064,-1.5037335966460261
25.78,-0.00020552339910070994,0.09582381077904323,-1.5037400122581661
25.79,0.016954672425106898,0.09096644685093874,-1.5037526505297527
25.8,0.03514039830356483,0.0863535325756985,-1.5037714864665803
25.810000000000002,0.054404028194233095,0.08200594921254029,-1.5037964379551791
25.82,0.07480282003467642,0.07794802808218024,-1.5038273578777726
25.830000000000002,0.09639896893188982,0.0742080993537407,-1.503864032804021
25.84,0.11925955136959682,0.07081913526237613,-1.5039061744132465
25.85,0.1434563031508543,0.06781950083117494,-1.5039534154856902
25.86,0.16906515014514925,0.06525382756401774,-1.5040053044430495
25.87,0.19616537987054902,0.06317402428435609,-1.5040612991079478
25.88,0.224838299474032,0.061640436474694554,-1.5041207612549903
25.89,0.25516516789203225,0.060723159227664414,-1.5041829510120146
25.900000000000002,0.28722411362893585,0.06050349625900675,-1.504247022056686
25.91,0.32108564940632445,0.061075535169200834,-1.5043120180681013
25.92,0.35680626749479216,0.06254777155263286,-1.5043768710102807
25.93,0.394419444670033,0.06504465378389784,-1.504440402767082
25.94,0.433923208547037,0.06870782508060269,-1.504501330849504
25.95,0.47526324530818864,0.07369669657358008,-1.5045582816804643
25.96,0.5183104064342576,0.08018777659617535,-1.5046098119547526
25.97,0.562831523602259,0.08837189918488708,-1.5046544438927665
25.98,0.6084528326132255,0.09844813396936489,-1.5046907158795242
25.990000000000002,0.6546163809816198,0.11061277270635364,-1.5047172541057918
26.0,0.7005319495788165,0.1250414851997349,-1.5047328693845392
26.01,0.745130763346372,0.14186279291240625,-1.5047366757827128
26.02,0.7870328064671265,0.16112185554760483,-1.5047282384130636
26.03,0.8245462971303121,0.18273581814467485,-1.504707721657042
26.04,0.8557233559791075,0.20644608562385228,-1.5046760372129673
26.05,0.8784952049133506,0.23177862991187365,-1.5046349413910671
26.060000000000002,0.8908967596140788,0.25802883646279173,-1.504587036165704
26.07,0.8913604300108146,0.2842884773039215,-1.50453564802074
26.080000000000002,0.8790186399805278,0.3095246408286627,-1.5044845728729173
26.09,0.8539246310384722,0.33270293434053133,-1.5044376772843875
26.1,0.8171076096872048,0.35292671085862426,-1.5043984680395446
26.11,0.7704303567204722,0.3695528775825949,-1.5043697021791909
26.12,0.7162915436148553,0.3822520437397223,-1.5043531318945602
26.13,0.6572681918921308,0.391003037011335,-1.5043494251000817
26.14,0.5957980387983465,0.3960355638150792,-1.5043582486432077
26.150000000000002,0.533964322527132,0.39774751345815096,-1.5043784698024658
26.16,0.47339632063764925,0.3966222658403129,-1.5044083903362142
26.17,0.4152636502230153,0.39316195799196324,-1.5044460067214245
26.18,0.36032887222317156,0.3878422609390319,-1.5044891956365603
26.19,0.3090258879883586,0.381087046132951,-1.5045358808476061
26.2,0.26154156548299456,0.37325811192230024,-1.504584131261668
26.21,0.21788826588718557,0.36465471270547295,-1.5046322231617117
26.22,0.17796247655722106,0.3555185773946635,-1.5046786695525676
26.23,0.14158923105006277,0.3460413988226613,-1.5047222261727684
26.240000000000002,0.10855413090853541,0.3363729245207191,-1.5047618834040037
26.25,0.0786254720359959,0.3266286241681387,-1.504796849636678
26.26,0.05156891596048219,0.31689645979768777,-1.5048265302582964
26.27,0.027156772320048678,0.3072426109450392,-1.5048505052747951
26.28,0.005173511271191145,0.2977161816699787,-1.504868507083562
26.29,-0.01458128694029956,0.28835299788567703,-1.5048803997630649
26.3,-0.032291675973959544,0.27917863098494833,-1.504886159731888
26.310000000000002,-0.04812517014248624,0.2702107839779438,-1.504885859054053
26.32,-0.06223323474464443,0.2614611627013086,-1.50487965028727
26.330000000000002,-0.07475215708974839,0.25293693705786613,-1.5048677528340393
26.34,-0.0858041112269306,0.2446418788934408,-1.5048504424582114
26.35,-0.09549829610589693,0.2365772463570173,-1.5048280410199706
26.36,-0.10393207133128524,0.22874247060527014,-1.5048009071735002
26.37,-0.11119204506886775,0.22113568873990372,-1.5047694307555843
26.38,-0.1173550889681647,0.21375415750792345,-1.5047340253911297
26.39,-0.12248926740947758,0.20659457474857326,-1.5046951227166496
26.400000000000002,-0.12665467695852442,0.19965332954560905,-1.5046531690583793
26.41,-0.12990419695840305,0.19292669752472336,-1.5046086202447113
26.42,-0.13228415495898246,0.18641099406190864,-1.5045619386934503
26.43,-0.1338349123810689,0.1801026954698493,-1.5045135895974568
26.44,-0.13459137650748942,0.17399853584762975,-1.5044640392923019
26.45,-0.13458344485970242,0.16809558598732705,-1.5044137518806715
26.46,-0.13383638793841143,0.1623913191112176,-1.5043631872494732
26.47,-0.13237117581268804,0.15688366741199047,-1.5043127992779677
26.48,-0.13020475349428368,0.15157107263093786,-1.504263033718039
26.490000000000002,-0.12735026950657885,0.14645253329866742,-1.504214326405078
26.5,-0.12381726146647841,0.1415276508734778,-1.50416710171202
26.51,-0.11961180191542406,0.1367966767625837,-1.5041217706918177
26.52,-0.11473660718165701,0.13226056191447305,-1.5040787298990763
26.53,-0.10919111141117405,0.12792101081314516,-1.5040383584155743
26.54,-0.10297150781511807,0.12378054112316092,-1.504001018109295
26.55,-0.09607075829274939,0.11984255102829611,-1.5039670501098623
26.560000000000002,-0.08847857283665041,0.11611139554588107,-1.5039367742213412
26.57,-0.08018135953953853,0.1125924736492841,-1.5039104890920394
26.580000000000002,-0.07116214548718647,0.10929232922080634,-1.5038884621726063
26.59,-0.061400470207977176,0.10621876598417374,-1.5038709335536409
26.6,-0.05087225193773534,0.10338097983708255,-1.5038581202951444
26.61,-0.03954962735022338,0.10078971316321059,-1.5038501996606977
26.62,-0.027400767751806665,0.09845743058956427,-1.5038473178001999
26.63,-0.014389673373613271,0.0963985230556656,-1.5038495813213744
26.64,-0.0004759507171673283,0.0946295426779411,-1.5038570498837665
26.650000000000002,0.014385420688713041,0.09316947100048151,-1.5038697485768227
26.66,0.03024432211568523,0.09204002993917043,-1.5038876472895106
26.67,0.04715571559753745,0.09126603544854844,-1.5039106655958705
26.68,0.06517982828475039,0.0908758019858571,-1.503938664771184
26.69,0.08438227047364977,0.09090160070426401,-1.503971446462322
26.7,0.10483404249259085,0.09138017586258551,-1.504008745072589
26.71,0.12661136761309263,0.09235331981891687,-1.5040502235460178
26.72,0.14979526161891596,0.09386850401958644,-1.504095468134036
26.73,0.17447071398762326,0.09597955611375197,-1.504143982558405
26.740000000000002,0.20072530680293574,0.09874736210168009,-1.5041951829508933
26.75,0.22864703107917742,0.10224055489411848,-1.5042483926573866
26.76,0.25832097242892893,0.10653612340323021,-1.5043028382594394
26.77,0.28982442341210823,0.11171983535428812,-1.5043576467874116
26.78,0.32321983632793605,0.1178863065492114,-1.5044118453007986
26.79,0.358544860271759,0.12513846276715845,-1.5044643641614737
26.8,0.39579852132710447,0.13358601938661,-1.5045140449401178
26.810000000000002,0.43492245033117616,0.14334244586199663,-1.5045596568107737
26.82,0.4757760033198163,0.15451968371885844,-1.5045999216871908
26.830000000000002,0.5181043328799847,0.1672196799560611,-1.5046335538494846
26.84,0.561499176471526,0.18152162892748647,-1.5046593163576016
26.85,0.6053537476705121,0.19746383201781423,-1.5046760972916546
26.86,0.6488160766813793,0.21501949718361443,-1.5046830107519877
26.87,0.6907498283909395,0.23406696471171778,-1.504679513620347
26.88,0.729717761355688,0.2543571073565838,-1.5046655433635983
26.89,0.7640089566463019,0.2754841522640449,-1.5046416451727809
26.900000000000002,0.7917328285812589,0.2968702554959889,-1.5046090703358055
26.91,0.8109948708721011,0.31777687905721175,-1.5045698212293521
26.92,0.8201462445110166,0.3373541398059771,-1.5045265558694703
26.93,0.8180641265001712,0.3547300046068539,-1.5044824250931836
26.94,0.8043873980437565,0.3691254591635425,-1.504440744096903
26.95,0.7796263434266593,0.37996664858920737,-1.5044046399886106
26.96,0.7450999092802424,0.3869606641041553,-1.504376697156323
26.97,0.7027171361001439,0.3901134365443655,-1.5043587043355768
26.98,0.6546750267663184,0.3896902254054987,-1.5043515441782684
26.990000000000002,0.6031626776135711,0.38613858416224134,-1.504355223681499
27.0,0.5501384705055635,0.38000080247498164,-1.504369014723808
27.01,0.4972056463559226,0.37183764882928505,-1.5043916494460494
27.02,0.44557633280685816,0.3621743624309237,-1.5044215282471423
27.03,0.3960966336734401,0.35147001899933383,-1.504456894112474
27.04,0.34930381454031245,0.3401057234065855,-1.5044959822427568
27.05,0.30549344500135645,0.3283853710875212,-1.5045371146925512
27.060000000000002,0.2647830598755853,0.3165433791966267,-1.5045787663650196
27.07,0.2271660169210135,0.3047553399579108,-1.504619597513139
27.080000000000002,0.19255384278684143,0.29314908719969757,-1.5046584665621356
27.09,0.16080782284701778,0.2818148471560535,-1.5046944285178816
27.1,0.13176160844615997,0.27081391680720146,-1.5047267244922011
27.11,0.10523681535761387,0.2601857599964105,-1.5047547664325676
27.12,0.08105339964656827,0.24995363777420085,-1.504778119698228
27.13,0.0590362722521422,0.24012898194884585,-1.5047964851649318
27.14,0.03901927805071703,0.23071473990961197,-1.5048096819833023
27.150000000000002,0.02084737334282047,0.2217079025778353,-1.5048176316188848
27.16,0.004377601957556404,0.21310139674949846,-1.5048203430285376
27.17,-0.010520706650311407,0.20488549019643024,-1.5048179000905717
27.18,-0.023966224847383033,0.19704882688690464,-1.5048104498009662
27.19,-0.03606620017293802,0.18957918390961595,-1.504798192367279
27.2,-0.04691718132889133,0.1824640201373434,-1.5047813725732115
27.21,-0.05660580918044217,0.17569087002228126,-1.5047602722346445
27.22,-0.06520961669901659,0.16924762286302578,-1.504735203207194
27.23,-0.07279780316447104,0.16312271775223086,-1.5047065025390418
27.240000000000002,-0.07943196237796854,0.15730527706561884,-1.504674527221481
27.25,-0.08516675400060694,0.1517851955244606,-1.5046396490622345
27.26,-0.09005051335709365,0.1465531974531811,-1.5046022527222438
27.27,-0.0941257989919099,0.14160087194902293,-1.5045627310718528
27.28,-0.09742987945924347,0.13692069298209877,-1.5045214828413476
27.29,-0.09999516227935502,0.13250602987317045,-1.5044789099183262
27.3,-0.10184956864450186,0.1283511520944076,-1.5044354154440134
27.310000000000002,-0.10301685758243737,0.12445123158192808,-1.5043914014537578
27.32,-0.10351690330660845,0.1208023448533756,-1.504347266796794
27.330000000000002,-0.10336592925399804,0.11740147673030357,-1.5043034059586113
27.34,-0.10257670189602422,0.11424652722867235,-1.5042602069312498
27.35,-0.10115868712331216,0.11133632275966607,-1.5042180497652788
27.36,-0.09911817154378313,0.10867063271774216,-1.504177305084484
27.37,-0.09645835064062211,0.10625019240881528,-1.5041383324022681
27.38,-0.09317938538490148,0.10407673316741553,-1.5041014791556453
27.39,-0.08927842840746944,0.10215302069250953,-1.5040670784793708
27.400000000000002,-0.08474962058276961,0.10048290252286068,-1.5040354466318921
27.41,-0.07958405880343544,0.09907136524300533,-1.5040068847651833
27.42,-0.07376973462558542,0.0979246034627754,-1.5039816725217072
27.43,-0.06729144462987588,0.09705010047999299,-1.5039600701066718
27.44,-0.06013067201955441,0.09645672250831255,-1.5039423207809806
27.45,-0.05226543844663145,0.09615482976595777,-1.5039286333775128
27.46,-0.043670127858208535,0.09615640280003529,-1.5039191808910153
27.47,-0.034315282546177994,0.09647518478178896,-1.5039141315856281
27.48,-0.024167369738514577,0.09712684895846146,-1.50391360547609
27.490000000000002,-0.013188524045057298,0.09812918393637773,-1.5039176893683424
27.5,-0.001336267500242072,0.09950230327989582,-1.503926432570171
27.51,0.011436786388241749,0.10126887968158205,-1.5039398395520103
27.52,0.025183234940986343,0.10345440296657687,-1.503957873848428
27.53,0.03996118018062367,0.10608746316636197,-1.503980446515629
27.54,0.05583449206312177,0.1092000541096124,-1.5040074149389246
27.55,0.07287300799963023,0.1128278927443391,-1.5040385782416126
27.560000000000002,0.09115262040254055,0.11701074358262142,-1.5040736718162333
27.57,0.11075518274112311,0.12179273083826397,-1.504112362189566
27.580000000000002,0.13176813455199848,0.12722261046345842,-1.504154241949715
27.59,0.15428370428387442,0.13335395905055436,-1.5041988240784723
27.6,0.178397492051841,0.14024521442764895,-1.504245537090637
27.61,0.20420615699964872,0.14795947122768088,-1.5042937203041093
27.62,0.23180383177089364,0.1565638903104632,-1.5043426204562809
27.63,0.2612767544929745,0.16612851984801258,-1.5043913900776607
27.64,0.2926954453130169,0.17672424402472212,-1.5044390885334262
27.650000000000002,0.3261035690486509,0.18841947155615868,-1.504484687683354
27.66,0.3615024366644166,0.20127505026139428,-1.5045270831406512
27.67,0.39882997806283604,0.21533676696493156,-1.5045651150547887
27.68,0.4379330621177011,0.2306246887134957,-1.5045975993475937
27.69,0.47853248854419134,0.24711861684999067,-1.5046233742387418
27.7,0.5201811230563199,0.264739177316749,-1.504641366329731
27.71,0.5622179658908992,0.283324794693884,-1.5046506734024376
27.72,0.6037248212245803,0.3026062388240681,-1.504650674905819
27.73,0.6434977421612971,0.3221828177201401,-1.504641145958698
27.740000000000002,0.6800514907566635,0.34150744271196154,-1.5046223866153716
27.75,0.7116789551267759,0.3598908003275505,-1.5045953222894095
27.76,0.7365836662339457,0.3765356020881775,-1.5045615489033661
27.77,0.7530869790986361,0.3906075173570361,-1.504523312252851
27.78,0.759881744004216,0.40133824299004217,-1.5044833413297174
27.79,0.7562717572999862,0.4081407035937167,-1.5044446186545808
27.8,0.7423213850109904,0.4107045783506079,-1.5044100483317004
27.810000000000002,0.7188597161843405,0.4090415080699956,-1.504382134859516
27.82,0.687334730884259,0.40346606294043846,-1.5043627267979378
27.830000000000002,0.6495676924187881,0.3945223669417991,-1.5043528804327755
27.84,0.6074853318244192,0.3828834994918924,-1.5043528536354422
27.85,0.5628973583440724,0.3692534563636488,-1.5043622086305062
27.86,0.5173538149737362,0.3542919830895548,-1.504379953061914
27.87,0.4720833080656661,0.3385693473802226,-1.5044047827810783
27.88,0.4279928374873698,0.3225479587253422,-1.5044351538195726
27.89,0.38570448941515434,0.3065830587777279,-1.5044694998348582
27.900000000000002,0.3456079199503045,0.2909343425960168,-1.5045062947844743
27.91,0.3079145920104587,0.27578217167297525,-1.5045441261469163
27.92,0.27270620248423505,0.26124432312205614,-1.5045817330672233
27.93,0.2399743468147694,0.24739112059800564,-1.504618023880416
27.94,0.20965116997435748,0.23425808313632102,-1.5046520794644542
27.95,0.18163205501288582,0.221855977161691,-1.5046831473150588
27.96,0.15579184410905333,0.21017852509698087,-1.5047106301916968
27.97,0.13199607997395146,0.19920816082835735,-1.504734072055541
27.98,0.11010855371512834,0.1889202355272935,-1.5047531429464513
27.990000000000002,0.08999618900847553,0.1792860338521327,-1.504767624082675
28.0,0.07153204906554003,0.17027489813602842,-1.5047773936891842
28.01,0.05459704790254041,0.16185569538028974,-1.5047824138730883
28.02,0.039080786241486615,0.15399780696646,-1.5047827190863676
28.03,0.024881809984310582,0.14667177582526272,-1.5047784052374944
28.04,0.011907500048498831,0.13984971089430862,-1.5047696210047357
28.05,7.373698903290204e-05,0.13350552151977427,-1.504756559485142
28.060000000000002,-0.010695561612782872,0.1276150346943621,-1.504739450816824
28.07,-0.020468965503154024,0.1221560330712406,-1.504718556735664
28.080000000000002,-0.029308075096539737,0.11710824079595,-1.5046941647100622
28.09,-0.037268056092056245,0.11245327648984071,-1.5046665836920017
28.1,-0.044398148555767986,0.10817458698638047,-1.5046361392641772
28.11,-0.05074214062938859,0.10425737115595757,-1.5046031714148858
28.12,-0.05633880182274151,0.10068850060982262,-1.5045680305116869
28.13,-0.06122227382053669,0.09745644167952161,-1.5045310743864504
28.14,-0.06542241876894045,0.09455118169432428,-1.504492666795961
28.150000000000002,-0.06896512612472097,0.09196416168269161,-1.50445317447977
28.16,-0.07187257975313595,0.08968821675069794,-1.5044129654562077
28.17,-0.07416348729248262,0.08771752501598493,-1.5043724071899192
28.18,-0.07585327383059298,0.08604756562092511,-1.5043318648932273
28.19,-0.07695424182962331,0.08467508618115155,-1.5042916999230884
28.2,-0.07747569905097494,0.08359807989869583,-1.5042522682468005
28.21,-0.07742405597536103,0.08281577252128194,-1.504213918935666
28.22,-0.07680289393515977,0.08232861930512039,-1.5041769930382434
28.23,-0.07561300479800162,0.08213831227795226,-1.5041418214149482
28.240000000000002,-0.07385240284768546,0.08224779794957535,-1.5041087235173112
28.25,-0.07151630917636145,0.08266130572579264,-1.504078006810849
28.26,-0.06859710832198812,0.08338438776621346,-1.5040499628984803
28.27,-0.0650842773915688,0.08442396986753578,-1.5040248705616248
28.28,-0.060964286236195736,0.0857884152298759,-1.5040029889411826
28.29,-0.0562204684707015,0.08748760077160955,-1.503984551556627
28.3,-0.050832863119666005,0.08953300522996355,-1.50396978042984
28.310000000000002,-0.044778023994522104,0.09193781286547933,-1.503958868316103
28.32,-0.038028797678460624,0.09471702996766826,-1.503951981992031
28.330000000000002,-0.03055406879811448,0.09788761548488445,-1.5039492623965494
28.34,-0.022318472087075686,0.10146862641631108,-1.5039508122214569
28.35,-0.013282073342381961,0.10548137447480219,-1.5039567048617442
28.36,-0.0034000206845678227,0.10994959469317539,-1.5039669760470562
28.37,0.007377828180123669,0.11489962120555558,-1.5039816182196373
28.38,0.019107293810328968,0.12036056438401638,-1.5040005781632255
28.39,0.031850263489085345,0.12636448059346544,-1.5040237540362928
28.400000000000002,0.045675057261096,0.13294652090070974,-1.5040509894021428
28.41,0.060656736672600825,0.140145038147564,-1.5040820686984908
28.42,0.07687730390908887,0.14800162243254358,-1.5041167123100905
28.43,0.09442571439923447,0.1565610215179604,-1.5041545709422506
28.44,0.11339759123877119,0.16587088381168016,-1.5041952202915638
28.45,0.13389448106450502,0.17598123547946112,-1.5042381556198243
28.46,0.1560224239634005,0.18694356758194733,-1.50428278682294
28.47,0.17988951892518357,0.1988093612489133,-1.5043284342748913
28.48,0.20560204569029655,0.21162781622564214,-1.5043743261272753
28.490000000000002,0.2332585501194185,0.22544246955635444,-1.504419598193605
28.5,0.26294111265277004,0.24028629712052835,-1.504463296843517
28.51,0.2947028183251187,0.2561747942446431,-1.504504388601199
28.52,0.3285502606438337,0.27309644838917047,-1.5045417755757589
28.53,0.3644198488983944,0.2910000096723686,-1.5045743227974127
28.54,0.4021468923493223,0.3097781080272421,-1.504600898140362
28.55,0.44142721297931,0.32924722735868095,-1.5046204294210859
28.560000000000002,0.4817727716701395,0.349125017636487,-1.5046319822538559
28.57,0.5224659551118631,0.36900764460156166,-1.504634854168423
28.580000000000002,0.5625219865424915,0.38835241850034885,-1.5046286921552259
28.59,0.6006748697742734,0.4064739788400904,-1.5046136075907866
28.6,0.6354071813291171,0.42256461502354803,-1.5045902859796256
28.61,0.6650436273746319,0.4357486019164204,-1.5045600544034294
28.62,0.6879172123783119,0.4451739875503613,-1.5045248614207365
28.63,0.7025926891218606,0.4501321012262587,-1.5044871868091216
28.64,0.7081009052468982,0.45017888162226105,-1.5044498066179592
28.650000000000002,0.7041165047145596,0.44522203557010526,-1.5044155205881875
28.66,0.691018487245854,0.43554337475069627,-1.5043868314465993
28.67,0.6698118980013446,0.4217474255857122,-1.5043656869004147
28.68,0.6419399299176285,0.4046544680728887,-1.5043533172262062
28.69,0.6090498982011602,0.38517311770845475,-1.504350198379365
28.7,0.5727781937380995,0.3641868754399993,-1.5043561183611995
28.71,0.5345954596285254,0.34247530365669654,-1.5043703185534367
28.72,0.49572285762818596,0.3206740645767303,-1.504391653721325
28.73,0.45710844456784333,0.29926677597041684,-1.5044187571356789
28.740000000000002,0.4194436999257105,0.2785974056197611,-1.5044501719339003
28.75,0.38320092132421746,0.25889274941922,-1.5044844536659951
28.76,0.34867730035212857,0.24028753028617753,-1.5045202423744224
28.77,0.3160371595464299,0.22284778918121761,-1.5045563048793784
28.78,0.28534827622963826,0.20659061831382458,-1.5045915575922604
28.79,0.2566110721679898,0.19149977117469075,-1.5046250742887992
28.8,0.22978099143119587,0.17753745776749075,-1.5046560838853933
28.810000000000002,0.20478505998017316,0.1646529467359211,-1.504683962178699
28.82,0.1815337914848559,0.15278865292488367,-1.5047082202014717
28.830000000000002,0.15992952839897095,0.14188432463099226,-1.5047284910963883
28.84,0.13987213458147,0.13187983684460283,-1.5047445165874773
28.85,0.12126276585166862,0.12271698581950433,-1.5047561341421622
28.86,0.10400627150637173,0.11434058207492023,-1.504763264497786
28.87,0.08801263787899619,0.10669906016887845,-1.5047659009713068
28.88,0.07319777251476561,0.09974476202040988,-1.5047640994050375
28.89,0.05948384350600652,0.09343400521009962,-1.5047579686397126
28.900000000000002,0.04679932615711482,0.08772701421397294,-1.5047476639370763
28.91,0.03507886297061977,0.0825877683048783,-1.5047333794375568
28.92,0.02426301112983742,0.07798380304321689,-1.5047153414647885
28.93,0.014297928105817648,0.07388598998351731,-1.5046938049886809
28.94,0.005135029249405315,0.07026831096472219,-1.5046690477531532
28.95,-0.003269359594383875,0.06710763748140969,-1.504641366488425
28.96,-0.010954339849209432,0.06438352164246752,-1.5046110737984182
28.97,-0.01795475918198844,0.06207800250256132,-1.504578494812796
28.98,-0.024301506098387826,0.0601754298034953,-1.5045439647111287
28.990000000000002,-0.030021777220333667,0.058662305988246816,-1.504507825535839
29.0,-0.035139315922056436,0.05752714639921297,-1.5044704252297763
29.01,-0.03967462199501909,0.05676035750966063,-1.5044321146855948
29.02,-0.04364513265698086,0.05635413238884468,-1.5043932462263214
29.03,-0.04706537554815324,0.056302362730677846,-1.5043541720164983
29.04,-0.04994709448206547,0.05660056666496849,-1.504315242375681
29.05,-0.05229934868594699,0.05724583162249949,-1.5042768043010404
29.060000000000002,-0.054128586171897586,0.05823677159797744,-1.5042391998619826
29.07,-0.05543869172643073,0.059573498199381764,-1.5042027649472134
29.080000000000002,-0.05623100973894826,0.06125760505041261,-1.5041678277276962
29.09,-0.056504341915481704,0.06329216509113664,-1.5041347076518485
29.1,-0.056254919431804606,0.06568174073653976,-1.5041037117529747
29.11,-0.05547634936012391,0.06843240608497467,-1.504075136700048
29.12,-0.05415953402208787,0.07155178176411187,-1.5040492642395402
29.13,-0.05229256241929672,0.07504908177192068,-1.5040263592694123
29.14,-0.04986057280263684,0.07893517147022258,-1.5040066760277335
29.150000000000002,-0.04684558298977318,0.08322263881063216,-1.5039904438693856
29.16,-0.04322628811474066,0.08792587608202851,-1.5039778586730035
29.17,-0.03897782486721818,0.09306116968961539,-1.5039691113249793
29.18,-0.03407149645670812,0.09864680203625517,-1.5039643612791669
29.19,-0.02847445942716567,0.10470315902168106,-1.5039637337425922
29.2,-0.022149370392000378,0.1112528406527355,-1.5039673251511756
29.21,-0.01505399125961257,0.11832077144385514,-1.50397519205762
29.22,-0.007140755113845376,0.12593430174415,-1.5039873569807702
29.23,0.0016437045400253814,0.13412329150532218,-1.504003796268716
29.240000000000002,0.011359052851063284,0.14292016052850542,-1.5040244394911817
29.25,0.022071767528543756,0.15235988498612804,-1.5040491638236946
29.26,0.03385564450080125,0.16247991049175406,-1.5040777897984323
29.27,0.046792258839664286,0.17331994051442282,-1.504110075285181
29.28,0.06097132464024896,0.18492154244985246,-1.5041457103485765
29.29,0.07649086891912837,0.1973274916142986,-1.5041843112960778
29.3,0.0934570938051359,0.2105807435883569,-1.5042254150574477
29.310000000000002,0.11198374355428758,0.22472288572045007,-1.5042684735997818
29.32,0.1321907128393221,0.23979186717227463,-1.504312849084495
29.330000000000002,0.15420152377585689,0.2558187421401879,-1.5043578103785498
29.34,0.17813915448690312,0.27282308278743417,-1.504402531119134
29.35,0.20411952070684067,0.2908066338252549,-1.5044460920403542
29.36,0.23224169420503088,0.3097446995243992,-1.5044874867407647
29.37,0.2625737228753526,0.32957471595070975,-1.5045256360943549
29.38,0.2951327457430219,0.3501815139732296,-1.504559410559994
29.39,0.3298581219580786,0.3713790423976328,-1.5045876667713296
29.400000000000002,0.3665767323203839,0.3928889397976155,-1.5046092997915355
29.41,0.40496084446893676,0.414317541428571,-1.5046233135659737
29.42,0.4444814131217349,0.43513487131370177,-1.5046289163988091
29.43,0.4843638135160293,0.45466192776954184,-1.5046256250215566
29.44,0.523558615332957,0.4720756058112908,-1.5046133920637064
29.45,0.5607456882725184,0.4864425195699017,-1.5045927125356662
29.46,0.5943922033721956,0.49679124100367605,-1.5045647098659738
29.47,0.622878878111551,0.5022243150470684,-1.5045311355919848
29.48,0.6446902217469839,0.5020561979503568,-1.5044943111358169
29.490000000000002,0.658636242180395,0.4959456539230619,-1.5044569211962475
29.5,0.6640479587894057,0.48398144804219667,-1.5044217526928247
29.51,0.660885128741218,0.46668851512857285,-1.5043913866256555
29.52,0.6497208181202254,0.44494835460776694,-1.5043679216164287
29.53,0.6316124254651514,0.4198588331685265,-1.5043527897795141
29.54,0.6079069742254425,0.3925769773897856,-1.504346685430212
29.55,0.5800404370686156,0.3641854630631408,-1.5043496097135818
29.560000000000002,0.5493765795601088,0.335605550098673,-1.5043609732834193
29.57,0.517104964460841,0.30755900178471335,-1.5043797933985363
29.580000000000002,0.4841954392738811,0.28056825719253253,-1.5044047840084516
29.59,0.4513946311726046,0.25497986223730096,-1.504434555573373
29.6,0.41924759477344076,0.2309979361341923,-1.5044676909536836
29.61,0.388130804108196,0.20871869102844956,-1.504502832945354
29.62,0.3582872956580432,0.18816112272225086,-1.5045387311247729
29.63,0.3298588922527086,0.1692919706298537,-1.5045742709935765
29.64,0.30291334731196384,0.15204481273734916,-1.5046084863112044
29.650000000000002,0.27746598742014095,0.13633401162865183,-1.504640560420613
29.66,0.25349631414562723,0.12206451170813695,-1.5046698206904532
29.67,0.23096037404692152,0.10913847387410042,-1.5046957288788538
29.68,0.20979976137270812,0.09745959295419368,-1.504717869362691
29.69,0.18994803526513118,0.08693576832673194,-1.504735936661599
29.7,0.17133520199469998,0.07748063461813906,-1.5047497231531892
29.71,0.15389077629407094,0.06901432265555535,-1.504759107104586
29.72,0.1375458158491737,0.061463714893587595,-1.504764042193542
29.73,0.1222342232215145,0.054762379606215605,-1.504764547319872
29.740000000000002,0.1078935325533695,0.048850310745127884,-1.5047606979711126
29.75,0.09446533873992607,0.0436735589056422,-1.5047526184467601
29.76,0.08189548289087181,0.039183810152465526,-1.5047404747920816
29.77,0.07013407543574818,0.03533794947398319,-1.5047244688236767
29.78,0.059135414395309505,0.03209763187312131,-1.5047048328930153
29.79,0.04885783947619882,0.02942887503998104,-1.5046818253963008
29.8,0.03926355021835648,0.027301681376906417,-1.504655725686185
29.810000000000002,0.030318407810068587,0.025689692917737567,-1.504626832141689
29.82,0.021991733757747628,0.024569880521499637,-1.5045954577592489
29.830000000000002,0.014256114500407702,0.023922266742597897,-1.5045619274406863
29.84,0.007087217800388429,0.023729681019313525,-1.50452657608926
29.85,0.00046362465239430106,0.02397754536621019,-1.504489745823809
29.86,-0.005633320877422937,0.02465368842917029,-1.5044517842437042
29.87,-0.011219642512569156,0.025748185857764255,-1.504413042120997
29.88,-0.01630884256076598,0.02725322484310852,-1.5043738722906246
29.89,-0.020911992155913245,0.029162991080820294,-1.5043346275187495
29.900000000000002,-0.02503780070070047,0.03147357634085815,-1.5042956589947667
29.91,-0.028692664291033204,0.034182905141100145,-1.5042573150359622
29.92,-0.03188069281787753,0.03729067922816409,-1.5042199393074007
29.93,-0.03460371539260326,0.040798338604076057,-1.5041838699199293
29.94,-0.03686126337742032,0.04470903828842085,-1.504149436474905
29.95,-0.038650530427474544,0.04902763957217912,-1.5041169603955895
29.96,-0.03996630823898456,0.05376071533295279,-1.5040867519912053
29.97,-0.04080089673363893,0.058916568420874255,-1.5040591087472233
29.98,-0.041143987273682375,0.06450526201070203,-1.504034317787821
29.990000000000002,-0.040982515806501474,0.07053866232850944,-1.5040126452671512
30.0,-0.040300484804489806,0.07703049105881507,-1.503994335029885
30.01,-0.03907875150069115,0.0839963858226043,-1.5039796234943712
30.02,-0.03729477678403448,0.09145396971296815,-1.503968714396637
30.03,-0.03492233461328342,0.09942292341238626,-1.5039617895211816
30.04,-0.031931176200081596,0.1079250586657152,-1.5039590027881742
30.05,-0.028286645826040985,0.11698438724745011,-1.5039604710498018
30.060000000000002,-0.02394924596953002,0.1266271770054812,-1.5039662846689659
30.07,-0.01887414713675231,0.13688198661269316,-1.5039764903178345
30.080000000000002,-0.013010642939647848,0.14777966296759174,-1.5039910935755125
30.09,-0.0063015506420519285,0.1593532822952293,-1.5040100515349906
30.1,0.0013174370330806817,0.1716380070532629,-1.5040332707935988
30.11,0.009918437251584589,0.1846708210584635,-1.504060599815003
30.12,0.019582077514154028,0.19849009088701636,-1.5040918242389354
30.13,0.030398174119852267,0.21313488287236723,-1.504126660875319
30.14,0.042466328726483316,0.22864393971935318,-1.5041647512735417
30.150000000000002,0.05589634964422577,0.24505418740200785,-1.5042056555893897
30.16,0.07080835582412884,0.26239859949327826,-1.5042488461134707
30.17,0.08733235217489502,0.280703191047473,-1.5042937018396085
30.18,0.10560696718875406,0.2999828463218416,-1.5043395034096854
30.19,0.12577691086502327,0.32023560697960335,-1.504385430719093
30.2,0.14798853447996338,0.3414349664001346,-1.5044305626554224
30.21,0.1723826523306017,0.3635196502905973,-1.5044738820996484
30.22,0.1990835339252039,0.38638035497302614,-1.5045142867140568
30.23,0.22818272484866792,0.4098430215332039,-1.5045506107743658
30.240000000000002,0.25971622434833463,0.43364858487676183,-1.5045816567886527
30.25,0.2936336922046492,0.45742988600059353,-1.504606246859575
30.26,0.3297591460913827,0.48068784099515593,-1.5046232889245612
30.27,0.36774444685246943,0.5027711510226538,-1.5046318724781456
30.28,0.4070202907966187,0.522866836764779,-1.5046313723508145
30.29,0.44675456204667985,0.5400120323423381,-1.504621580625384
30.3,0.4858339790663794,0.5531392214660513,-1.5046028247220615
30.310000000000002,0.5228893316314057,0.5611646505351883,-1.5045760615651642
30.32,0.5563826447347172,0.5631200879033603,-1.5045429228511389
30.330000000000002,0.5847615300778666,0.5583108840964697,-1.504505639243376
30.34,0.6066614878962476,0.5464636865726593,-1.5044668965732626
30.35,0.6211098670085489,0.5278167846644881,-1.5044295644828063
30.36,0.6276721277561916,0.5031162374651643,-1.504396389274416
30.37,0.6264948550720906,0.4735119968255973,-1.504369696694556
30.38,0.6182369012295572,0.44038489779816037,-1.504351174072787
30.39,0.6039195422651824,0.4051567883151136,-1.5043417682463058
30.400000000000002,0.5847472652783938,0.36913229349854093,-1.504341698214795
30.41,0.5619463699666233,0.3333988195861241,-1.5043505518791198
30.42,0.536648536274781,0.2987868231826085,-1.5043674437041035
30.43,0.5098250252236344,0.2658763430023805,-1.5043911645080268
30.44,0.4822631264812216,0.23503082502542275,-1.5044203339038815
30.45,0.45457120958552033,0.20644182428630084,-1.504453515784022
30.46,0.4271994960266847,0.18017362397381076,-1.5044893050947001
30.47,0.400467014015789,0.15620202701472682,-1.5045263879397734
30.48,0.3745888151835143,0.13444529180298642,-1.5045635760589238
30.490000000000002,0.3497003833633149,0.11478733213771938,-1.5045998247518833
30.5,0.32587804804431075,0.09709429015970364,-1.5046342383905278
30.51,0.30315529132460384,0.08122587527122202,-1.504666067514279
30.52,0.28153536135257806,0.06704278778913683,-1.504694701021002
30.53,0.26100079790942066,0.054411328971856215,-1.5047196555152917
30.54,0.2415204916533476,0.04320605414474063,-1.5047405635087385
30.55,0.2230548323036865,0.033311104338034,-1.5047571611417772
30.560000000000002,0.2055594081680044,0.02462067287835079,-1.5047692767451337
30.57,0.1889876243674135,0.017038925842075198,-1.5047768195896651
30.580000000000002,0.173292524519049,0.010479595025706279,-1.5047797699366343
30.59,0.15842803146572682,0.004865389850025409,-1.5047781700682434
30.6,0.1443497684091084,0.00012732435593793,-1.5047721157449196
30.61,0.13101558018172155,-0.003795979165577834,-1.5047617495677086
30.62,0.11838584218771636,-0.0069589720605765515,-1.5047472542400813
30.63,0.10642362143322454,-0.009409824389468663,-1.504728847064389
30.64,0.09509473620836406,-0.011191021293934789,-1.5047067747954808
30.650000000000002,0.0843677481407927,-0.012339905499491294,-1.5046813097945497
30.66,0.0742139109731981,-0.012889164783128015,-1.5046527460122192
30.67,0.0646070935125235,-0.012867265866262939,-1.504621394834394
30.68,0.05552368924365525,-0.012298837775394672,-1.50458758356049
30.69,0.04694252138200122,-0.01120500801631702,-1.504551651519754
30.7,0.03884474977077379,-0.009603695610861412,-1.5045139480202705
30.71,0.031213784007271955,-0.007509864758781876,-1.5044748303197748
30.72,0.024035205980640156,-0.00493574275819364,-1.5044346614250368
30.73,0.017296704120584067,-0.001891005579262639,-1.5043938082453634
30.740000000000002,0.010988021045277935,0.0016170658615954903,-1.5043526399026343
30.75,0.005100915936331496,0.005583456003156878,-1.5043115259889142
30.76,-0.00037085722222984785,0.010005309089387737,-1.5042708350258915
30.77,-0.005431554467434985,0.014881845673056948,-1.5042309326024814
30.78,-0.010083428703905495,0.020214299218447446,-1.5041921802083142
30.79,-0.014326697307653513,0.026005871251026547,-1.5041549331296975
30.8,-0.018159489254210792,0.032261703351145116,-1.5041195400522753
30.810000000000002,-0.02157776983579815,0.03898886501506971,-1.5040863382574532
30.82,-0.024575241556464872,0.04619635536343192,-1.5040556548179247
30.830000000000002,-0.027143218716419587,0.05389511766472402,-1.5040278056160288
30.84,-0.02927047236405056,0.06209806580263938,-1.5040030857512767
30.85,-0.030943044659876823,0.07082011841996613,-1.5039817811656375
30.86,-0.03214402641882,0.08007824152710238,-1.5039641630073344
30.87,-0.03285329365777523,0.08989149625070614,-1.5039504621279733
30.88,-0.03304720174247902,0.10028108450483672,-1.5039408751945929
30.89,-0.03269823186663695,0.11127038829817423,-1.5039356127041288
30.900000000000002,-0.031774576165087026,0.12288500126647545,-1.5039348241994128
30.91,-0.030239666306705937,0.13515273402687306,-1.5039386282231235
30.92,-0.02805163281581105,0.14810358510387384,-1.5039471044106598
30.93,-0.02516269101705229,0.1617696577878873,-1.5039602889562076
30.94,-0.021518448641350385,0.1761849980665306,-1.5039781700510992
30.95,-0.017057132259463204,0.19138531994569463,-1.504000681206873
30.96,-0.011708733987704889,0.20740757231814938,-1.5040276960143228
30.970000000000002,-0.0053940863556258545,0.2242892855435594,-1.5040590222828256
30.98,0.0019761157933738394,0.24206761445539884,-1.50409439483995
30.990000000000002,0.010502310318264985,0.2607779662829758,-1.5041334688108368
31.0,0.02029701735050357,0.2804520649758676,-1.5041758121669295
31.01,0.03148564132097276,0.3011152562122389,-1.5042208986452736
31.02,0.04420696441753025,0.3227827981006074,-1.504268100619284
31.03,0.05861308500339685,0.3454548118760229,-1.5043166833317703
31.04,0.07486843293251191,0.3691094872936112,-1.504365800366315
31.05,0.09314732586191446,0.39369405907756305,-1.5044144922229816
31.060000000000002,0.11362930955520709,0.41911301742423435,-1.504461689069727
31.07,0.1364912465065063,0.44521302474545976,-1.504506220352076
31.080000000000002,0.16189481323774838,0.4717641745823094,-1.5045468336230228
31.09,0.18996778379248158,0.49843764732262713,-1.5045822262855713
31.1,0.2207773912341949,0.5247807127485065,-1.5046110932191765
31.11,0.2542944114284835,0.5501915845333651,-1.5046321978461457
31.12,0.29034787005307294,0.573899074019185,-1.5046444616545567
31.13,0.3285729546773755,0.5949552222996922,-1.5046470844324782
31.14,0.3683592735935238,0.6122524661450514,-1.5046396739077426
31.150000000000002,0.40881275568418696,0.6245786253826515,-1.504622384968966
31.16,0.4487504370132431,0.6307201354836329,-1.5045960391279993
31.17,0.48674912652287494,0.629613259200533,-1.5045621756584904
31.18,0.5212612657327304,0.620523850889192,-1.5045230141134276
31.19,0.5507914270649862,0.6032142957427252,-1.5044813368375367
31.2,0.5740997460464784,0.578044209253152,-1.5044402032415047
31.21,0.5903782566580176,0.545962406733386,-1.504402638839109
31.220000000000002,0.5993478425220695,0.5083826875331428,-1.5043713045719005
31.23,0.6012506393366537,0.4669785080559168,-1.504348237314474
31.240000000000002,0.5967508295735995,0.42345753903873845,-1.5043347056524143
31.25,0.5867844890773846,0.3793737757846916,-1.504331189213783
31.26,0.5724046311596657,0.3360095262516478,-1.5043374674793575
31.27,0.5546546316432882,0.2943301381413602,-1.5043527515143782
31.28,0.5344839283954379,0.2549946998132896,-1.5043758728795975
31.29,0.5127043795010444,0.21839958214170116,-1.504405416816243
31.3,0.48997766508904556,0.1847347113978882,-1.5044398763452174
31.310000000000002,0.46682244503443093,0.1540391356798075,-1.5044777438053998
31.32,0.4436317796222763,0.12624891005716074,-1.5045175842574006
31.330000000000002,0.4206942180004982,0.10123493148926471,-1.5045580805274974
31.34,0.3982146195863701,0.07883100688017677,-1.5045980581640992
31.35,0.3763327311239817,0.05885363674093441,-1.5046364958827108
31.36,0.35513878747542066,0.041115317714645855,-1.5046725260720484
31.37,0.33468610308593016,0.025433046300357698,-1.504705428888863
31.38,0.31500095826471286,0.011633413824105432,-1.5047346226867455
31.39,0.2960902079258573,-0.00044463706044531315,-1.5047596524835782
31.400000000000002,0.27794704940150106,-0.010948608219150724,-1.5047801777827603
31.41,0.26055534239567524,-0.02001223588051848,-1.5047959605906887
31.42,0.24389281125441703,-0.027755888739416618,-1.504806853580322
31.43,0.22793339662452022,-0.03428731364301146,-1.504812789910071
31.44,0.21264896570916444,-0.03970255729572236,-1.5048137731474005
31.45,0.19801054328756723,-0.04408695344153177,-1.504809868389078
31.46,0.1839891868495379,-0.047516107000932256,-1.5048011948186306
31.470000000000002,0.17055659910546034,-0.05005683449519299,-1.5047879186677267
31.48,0.15768554805157373,-0.05176803840498645,-1.5047702463499109
31.490000000000002,0.14535014713521627,-0.052701505120305026,-1.5047484203209733
31.5,0.1335260344685788,-0.05290262333410009,-1.5047227135006107
31.51,0.1221904803948711,-0.05241102437792944,-1.5046934245118377
31.52,0.1113224450704795,-0.0512611486568921,-1.504660875344419
31.53,0.10090260200308471,-0.049482743335326373,-1.5046254068476155
31.54,0.09091333971090934,-0.04710129732734669,-1.504587376219722
31.55,0.08133875034519791,-0.0441384193968713,-1.5045471540604518
31.560000000000002,0.07216461194817606,-0.04061216514675253,-1.5045051223748627
31.57,0.06337836944417738,-0.03653731802884594,-1.504461671963708
31.580000000000002,0.05496911822865955,-0.03192562924822223,-1.5044172002779086
31.59,0.04692759337727084,-0.026786020864774412,-1.5043721098457605
31.6,0.03924616696476399,-0.021124755821789992,-1.5043268061048363
31.61,0.03191885559286892,-0.014945578334109588,-1.504281695589554
31.62,0.024941340012852087,-0.008249827593836995,-1.5042371843348676
31.63,0.01831099866279623,-0.0010365273916730922,-1.504193675845618
31.64,0.012026956922085885,0.006697545909232688,-1.5041515699302055
31.650000000000002,0.006090154135573095,0.014957815050719941,-1.5041112599301785
31.66,0.0005034305209999645,0.023751871078665582,-1.5040731304476778
31.67,-0.004728363818652465,0.03308945785935985,-1.504037558145332
31.68,-0.009598234291638086,0.04298247061554061,-1.5040049046045252
31.69,-0.0140968795408907,0.05344496491231196,-1.503975520268081
31.7,-0.018212496695458158,0.06449317466008797,-1.5039497429510909
31.71,-0.021930548900815805,0.07614553641423993,-1.5039278796277018
31.720000000000002,-0.02523349265427771,0.08842271366490348,-1.5039102111462004
31.73,-0.028100458721531274,0.10134761689822108,-1.5038970165124128
31.740000000000002,-0.03050687467067234,0.11494541515254089,-1.5038885259276027
31.75,-0.03242402895445201,0.12924352550454565,-1.5038849427592398
31.76,-0.03381856239867037,0.1442715712472719,-1.5038864317776266
31.77,-0.034651879626667825,0.16006129111408185,-1.5038931155185866
31.78,-0.034879469702585514,0.17664637758271068,-1.5039050721181688
31.79,-0.03445012456355981,0.19406221447810432,-1.5039223255589997
31.8,-0.033305045504589986,0.21234547382685554,-1.5039448410747869
31.810000000000002,-0.03137682824813767,0.23153351833301775,-1.5039725193536644
31.82,-0.028588320962869007,0.2516635375653654,-1.5040051881612166
31.830000000000002,-0.024851356382789846,0.27277132225815715,-1.5040425949572578
31.84,-0.020065370566520496,0.29488954957145497,-1.504084398614079
31.85,-0.014115940219650014,0.3180454117385286,-1.5041301605849502
31.86,-0.006873301377029295,0.3422573692294432,-1.504179336294316
31.87,0.0018090395562174177,0.36753074597655755,-1.5042312662064214
31.88,0.01209541825137872,0.39385180975763,-1.5042851683099423
31.89,0.024168555298977823,0.42117989832070757,-1.504340131317739
31.900000000000002,0.0382290796007827,0.44943707528707444,-1.504395111616762
31.91,0.054493363154315105,0.4784947520372916,-1.50444893352114
31.92,0.07318870594202517,0.5081567421476181,-1.5045002974408614
31.93,0.09454455138598417,0.538138413473904,-1.5045477965656864
31.94,0.11877801619505182,0.5680420912596306,-1.5045899489924266
31.95,0.14607170538567735,0.5973298670509584,-1.5046252451755628
31.96,0.17654175630876212,0.625296685942633,-1.50465222210729
31.970000000000002,0.21019473805479844,0.6510492501770542,-1.5046695592898662
31.98,0.2468739804265854,0.6734997807068965,-1.5046762083335157
31.990000000000002,0.2861997687607588,0.69138732439182,-1.5046715406048872
32.0,0.32751381624048026,0.7033411779134222,-1.504655504614528
32.01,0.369845497745117,0.7079979325964018,-1.5046287792844573
32.02,0.411922283175704,0.7041720924984639,-1.504592833277231
32.03,0.45224437231476733,0.691059205914422,-1.5045499941644924
32.04,0.4892289595632559,0.6684258834668739,-1.504503208256434
32.05,0.5214041088648308,0.6367264768735241,-1.5044558843590634
32.06,0.5476064348506877,0.5970968400524769,-1.5044114920622578
32.07,0.5671271581062052,0.5512138815223556,-1.5043731992497338
32.08,0.5797668515536716,0.5010585292179098,-1.504343550593516
32.09,0.5857930964039729,0.44865161180284874,-1.504324267924662
32.1,0.5858279034795051,0.39583084961096493,-1.5043161884252245
32.11,0.5807069318858087,0.3441090061623844,-1.5043193293871386
32.12,0.5713479013745217,0.2946185119173427,-1.504333014787358
32.13,0.5586500141112815,0.24812370298517356,-1.5043560976945383
32.14,0.5434302278004725,0.20507324431278756,-1.50438708319723
32.15,0.5263917460495123,0.16566838890557398,-1.504424327751459
32.160000000000004,0.5081158303606448,0.1299305508231728,-1.5044661451179089
32.17,0.4890679861548496,0.09775953768272108,-1.5045108988706528
32.18,0.4696114906226316,0.06897946163037383,-1.504557062281275
32.19,0.4500235286538579,0.04337265337403132,-1.5046032534534783
32.2,0.4305111462484571,0.02070340698567394,-1.5046482530293088
32.21,0.411225611030443,0.0007337890880890485,-1.5046910092983594
32.22,0.39227463767070847,-0.016766403350825743,-1.5047306348933625
32.230000000000004,0.3737324259571,-0.03201381750600901,-1.504766398439933
32.24,0.3556477022662738,-0.04520853204373487,-1.5047977132455717
32.25,0.33805005069302374,-0.05653289227995009,-1.5048241247899492
32.26,0.3209548353914728,-0.06615151169031927,-1.5048452978384463
32.27,0.3043669920365205,-0.07421197198867446,-1.5048610038615402
32.28,0.2882839274760607,-0.08084590861533511,-1.5048711094539038
32.29,0.2726977244029966,-0.08617027750169576,-1.5048755650581533
32.3,0.2575968096763427,-0.09028867359712264,-1.5048743956245219
32.31,0.24296721082937112,-0.09329262249449405,-1.504867691458395
32.32,0.22879349839844337,-0.09526279973619499,-1.5048555999925441
32.33,0.21505948947580503,-0.096270154321625,-1.5048383193986243
32.34,0.20174877018887918,-0.09637692676792285,-1.5048160918412794
32.35,0.18884508183863197,-0.09563756055572216,-1.5047891982926878
32.36,0.17633260458734462,-0.09409951079189709,-1.504757952956452
32.37,0.1641961647812891,-0.09180395686414802,-1.5047227000310093
32.38,0.15242138577612283,-0.08878642677926696,-1.504683809071588
32.39,0.14099479763013956,-0.08507734158117716,-1.5046416712988921
32.4,0.12990391740915228,-0.08070248801713258,-1.5045966973757259
32.410000000000004,0.11913730914244847,-0.07568342691646388,-1.5045493138136008
32.42,0.10868463062963926,-0.07003784444757558,-1.504499960658913
32.43,0.09853667266294006,-0.06377985248978349,-1.5044490890081694
32.44,0.0886853951734595,-0.0569202438012015,-1.504397158824543
32.45,0.07912396404794436,-0.049466706943421396,-1.5043446367708873
32.46,0.06984679178839845,-0.04142400535646573,-1.504291993817549
32.47,0.06084958479301511,-0.032794124550390796,-1.5042397036979722
32.480000000000004,0.05212939991521218,-0.023576390738990427,-1.504188240366059
32.49,0.0436847127828939,-0.013767564167649071,-1.504138076552107
32.5,0.035515500623706675,-0.0033619097569111966,-1.5040896801135806
32.51,0.027623342101524978,0.007648751888184729,-1.504043513919596
32.52,0.020011537483602404,0.019275010895863448,-1.5040000316965105
32.53,0.012685252352653026,0.03152984887880536,-1.5039596761140603
32.54,0.00565168844808403,0.04442863092772617,-1.5039228806130418
32.55,-0.0010797123984516988,0.057989106479078484,-1.5038900560403734
32.56,-0.007497027816853075,0.07223141340197436,-1.5038615886275333
32.57,-0.013585572408567337,0.08717808037399732,-1.5038378573123345
32.58,-0.019327561720914488,0.10285402290786716,-1.503819202199087
32.59,-0.024701719745529538,0.11928652189879135,-1.5038059360618647
32.6,-0.029682816528606965,0.136505175157375,-1.503798335769461
32.61,-0.03424112553036032,0.15454180654673622,-1.5037966338976254
32.62,-0.038341788682024786,0.1734303131378863,-1.5038010227089078
32.63,-0.041944071634067964,0.193206424073726,-1.5038116382094553
32.64,-0.045000494875364117,0.21390733651003324,-1.5038285579447235
32.65,-0.04745582081633323,0.23557118195892798,-1.503851792615356
32.660000000000004,-0.04924587785527634,0.2582362612761297,-1.5038812782962006
32.67,-0.050296201891952524,0.28193996619263884,-1.5039168669289877
32.68,-0.05052047838531781,0.30671727879867156,-1.5039583170348578
32.69,-0.0498187738217962,0.33259870567937366,-1.5040052831681452
32.7,-0.04807555767873492,0.3596074592544243,-1.5040573049239483
32.71,-0.04515753777400125,0.387755643097635,-1.5041137956905593
32.72,-0.04091136898157283,0.41703912983818103,-1.5041740311400345
32.730000000000004,-0.03516135555402902,0.4474307411208677,-1.5042371386440239
32.74,-0.027707362226942867,0.47887125301689776,-1.5043020874644988
32.75,-0.018323293328290274,0.5112576734808973,-1.5043676828916084
32.76,-0.006756712341631832,0.5444281942101602,-1.5044325634360622
32.77,0.007269525462686166,0.5781432676937108,-1.504495206977301
32.78,0.024052352473710542,0.6120624872155643,-1.5045539452630101
32.79,0.04389850897425529,0.6457174989723785,-1.5046069978109609
32.8,0.06710721605159267,0.6784822779400838,-1.5046525206040675
32.81,0.09394282745556451,0.7095439660068482,-1.5046886874656558
32.82,0.1245949154611393,0.7378803661721797,-1.5047137974699045
32.83,0.1591244415393404,0.7622539756467767,-1.5047264229838668
32.84,0.19739773012078338,0.7812364183031606,-1.504725583423821
32.85,0.23901551645266403,0.7932792899097487,-1.5047109384600548
32.86,0.2832521186781237,0.7968443627192675,-1.5046829816467686
32.87,0.32902746400282,0.790593904021903,-1.504643149147074
32.88,0.37493730785553886,0.7736191441601743,-1.5045939143515565
32.89,0.41935836707972163,0.7456574630903681,-1.5045385888335234
32.9,0.46062292598015914,0.7072310222096628,-1.5044811390069621
32.910000000000004,0.4972283506108094,0.6596487043872575,-1.5044257502240348
32.92,0.5280267500508816,0.6048540178742355,-1.5043763893386357
32.93,0.5523430618608431,0.5451571513542871,-1.5043363938371437
32.94,0.5699965887359213,0.48292872353896804,-1.5043081873775916
32.95,0.5812360322301773,0.4203352611656764,-1.5042931554794507
32.96,0.5866223581722472,0.3591664537459106,-1.504291676698701
32.97,0.5868987457670709,0.30076395034203474,-1.5043032544957082
32.980000000000004,0.5828767691899452,0.2460317042359008,-1.5043267372395892
32.99,0.5753527852041551,0.19549611001705916,-1.5043605079430167
33.0,0.5650560107271798,0.14938669271751207,-1.5044026912802488
33.01,0.5526227893555199,0.10771702727549395,-1.50445130665909
33.02,0.5385893180562185,0.07035495086928437,-1.5045043874195578
33.03,0.5233957022985785,0.037078111518518475,-1.504560063966319
33.04,0.5073959178061107,0.007615042819237,-1.504616615507529
33.05,0.490870059887459,-0.018326110692923142,-1.5046724993727938
33.06,0.47403672290311233,-0.04103853403170912,-1.5047263635207713
33.07,0.4570643782064726,-0.060804814393111306,-1.5047770474586062
33.08,0.4400812693590269,-0.07789004487532633,-1.5048235758484023
33.09,0.4231837203783284,-0.09253834330730096,-1.5048651475819428
33.1,0.4064429494950934,-0.10497160395640859,-1.5049011226603153
33.11,0.3899105675988426,-0.11538964854920583,-1.5049310079340121
33.12,0.3736229657375032,-0.12397120576621554,-1.5049544430355126
33.13,0.35760478859492556,-0.1308753388053892,-1.5049711869055549
33.14,0.34187166910442945,-0.1362430742510553,-1.504981104493257
33.15,0.3264323734727662,-0.14019907701265816,-1.5049841560024473
33.160000000000004,0.31129047892766126,-0.14285327814202078,-1.5049803858158035
33.17,0.29644568394152904,-0.14430240264304006,-1.504969912292905
33.18,0.28189483053147557,-0.1446313709607534,-1.5049529207880574
33.19,0.2676327011765276,-0.14391456429122543,-1.5049296549757356
33.2,0.2536526404048342,-0.1422169539427855,-1.504900410055192
33.21,0.2399470399885803,-0.13959510092050337,-1.504865527611926
33.22,0.22650771816393872,-0.13609803483383975,-1.5048253896035932
33.230000000000004,0.21332621714568165,-0.13176802276123273,-1.504780414072588
33.24,0.20039403768186956,-0.12664123879489725,-1.5047310502702889
33.25,0.1877028255664032,-0.12074834494215919,-1.5046777758343437
33.26,0.17524452186038833,-0.114114992934706,-1.5046210925688355
33.27,0.16301148627504497,-0.10676225606566425,-1.504561523334894
33.28,0.15099660124723932,-0.09870699906033756,-1.5044996095163665
33.29,0.1391933628821788,-0.08996219304357517,-1.5044359078916822
33.3,0.12759596393252698,-0.08053718201350549,-1.5043709881375822
33.31,0.116199373194219,-0.07043790633308647,-1.5043054301665273
33.32,0.10499941514962896,-0.05966708821530328,-1.5042398217989161
33.33,0.09399285340871466,-0.04822438353164285,-1.5041747562271555
33.34,0.08317748130318284,-0.03610650389812159,-1.5041108291273064
33.35,0.07255222294559416,-0.02330731270092215,-1.5040486362290322
33.36,0.06211724813921052,-0.00981789849771647,-1.503988770940851
33.37,0.051874105011698146,0.004373370948682398,-1.5039318201678507
33.38,0.04182587390354464,0.019280810102379115,-1.5038783651515653
33.39,0.03197734824290485,0.03492138960090804,-1.503828971808894
33.4,0.02233524662857414,0.051314717515203945,-1.503784186729194
33.410000000000004,0.012908461604947352,0.06848302275300938,-1.5037445463659305
33.42,0.003708355305177463,0.08645113548208036,-1.5037105556966432
33.43,-0.005250893099883497,0.1052464550223535,-1.5036826936517427
33.44,-0.013951875605202474,0.1248988959181114,-1.5036614053530695
33.45,-0.02237346746219329,0.14544079841399302,-1.5036470896044332
33.46,-0.030490251376309174,0.1669067859713649,-1.5036401070878207
33.47,-0.03827183254165928,0.18933354623287424,-1.5036407595086057
33.480000000000004,-0.045682028784507334,0.21275950555112338,-1.5036492878428147
33.49,-0.05267791023483093,0.23722435607065853,-1.5036658609764613
33.5,-0.05920866287756804,0.26276838232207556,-1.50369056834578
33.51,-0.06521424463548692,0.2894315161598312,-1.503723407027032
33.52,-0.070623800811311,0.3172520271549364,-1.5037642704802292
33.53,-0.07535380254371446,0.3462647254751803,-1.503812935796654
33.54,-0.07930587229734268,0.3764985163278485,-1.5038690492221738
33.55,-0.08236426500296662,0.4079730967516146,-1.5039321113915303
33.56,-0.08439298555378649,0.4406945246292798,-1.5040014614467982
33.57,-0.08523254868930141,0.47464931648880343,-1.5040762607840097
33.58,-0.08469643352566802,0.5097966460260074,-1.5041554774498445
33.59,-0.0825673643008871,0.5460581245673723,-1.5042378711348412
33.6,-0.07859367815530283,0.5833045659310345,-1.504321982057132
33.61,-0.07248624371527002,0.6213390969763988,-1.5044061235585127
33.62,-0.06391669841917441,0.6598760372615673,-1.5044883844368044
33.63,-0.05251820875766636,0.6985152270514432,-1.5045666416394314
33.64,-0.03789054352172391,0.7367120931021187,-1.5046385947013778
33.65,-0.019611957803618157,0.7737449392317322,-1.5047018204381568
33.660000000000004,0.0027388906186288364,0.8086829732099243,-1.504753865828461
33.67,0.029547345078455328,0.8403617026247883,-1.5047923763932838
33.68,0.06111024641145679,0.8673764363475688,-1.5048152763418048
33.69,0.09756545984611117,0.8881089882705822,-1.5048209878599152
33.7,0.138807261578589,0.9008052113818532,-1.504808683785276
33.71,0.18439949670596162,0.9037180991025107,-1.5047785504605757
33.72,0.2335083559245195,0.8953185788618452,-1.5047319731391213
33.730000000000004,0.28488406881648903,0.8745518382623846,-1.5046716827393984
33.74,0.33691874465556115,0.8410864812004629,-1.5046016068924328
33.75,0.3877904203148989,0.7954819866301337,-1.5045266573120277
33.76,0.4356731590239062,0.739206330010213,-1.50445223158667
33.77,0.478963501397087,0.6744778563027335,-1.5043836551517589
33.78,0.5164626970783415,0.6039677011268085,-1.5043256234298048
33.79,0.5474704730024906,0.5304474331782083,-1.5042817752645345
33.8,0.5717802905758159,0.45647507774586826,-1.5042544604195687
33.81,0.5895983213568434,0.384182282583608,-1.5042447106292056
33.82,0.60142400550725,0.3151794865101646,-1.5042523647751045
33.83,0.6079275732440027,0.2505594370953831,-1.5042763118374447
33.84,0.6098472638313257,0.1909631096771878,-1.504314739549506
33.85,0.6079152251892247,0.1366731962934487,-1.5043653978652118
33.86,0.6028113451663557,0.08771007162292435,-1.5044258116993325
33.87,0.595139458016558,0.04391619970322891,-1.504493450615228
33.88,0.5854192186402927,0.00502350785241415,-1.5045658525416978
33.89,0.5740877339312929,-0.029296493909101023,-1.5046407056325086
33.9,0.5615065130279286,-0.05939751965887305,-1.504715898808348
33.910000000000004,0.5479707527629711,-0.08563509570666777,-1.5047895481562663
33.92,0.5337191318109241,-0.10835188843148869,-1.5048600061366422
33.93,0.5189431031963601,-0.1278692178081557,-1.504925859358517
33.94,0.5037952031053404,-0.14448277780748167,-1.5049859189773462
33.95,0.4883962114278535,-0.15846110940785552,-1.5050392069449798
33.96,0.47284117501986345,-0.17004579819228455,-1.5050849398402684
33.97,0.4572043924575606,-0.17945269147892692,-1.505122512387904
33.980000000000004,0.4415434933424801,-0.18687366518771942,-1.5051514808142428
33.99,0.4259027514909435,-0.1924786356394171,-1.505171546914624
34.0,0.41031576237508893,-0.196417625116769,-1.5051825437218722
34.01,0.39480759969188517,-0.19882276646035127,-1.5051844218172135
34.02,0.3793965493181671,-0.19981018213916285,-1.5051772369547856
34.03,0.3640955023018048,-0.19948170585921005,-1.5051611395216653
34.04,0.3489130739764304,-0.19792643511513597,-1.5051363646526683
34.05,0.3338545037430339,-0.19522211544645546,-1.5051032226524819
34.06,0.3189223796780159,-0.1914363645087952,-1.5050620927540526
34.07,0.3041172231751429,-0.18662774743774252,-1.5050134151156236
34.08,0.28943796230936364,-0.18084671693398746,-1.5049576846070476
34.09,0.27488231673747043,-0.1741364316980551,-1.5048954461243744
34.1,0.26044711239751295,-0.1665334661713182,-1.5048272889464323
34.11,0.24612854101848725,-0.15806842396387982,-1.5047538425685378
34.12,0.2319223763914806,-0.14876646600794358,-1.5046757724111832
34.13,0.2178241572434923,-0.13864776352174407,-1.5045937763320514
34.14,0.20382934486455273,-0.12772788459167145,-1.5045085809134755
34.15,0.18993346230378583,-0.11601812227395253,-1.5044209378735829
34.160000000000004,0.17613222093836456,-0.10352577121174214,-1.5043316212742663
34.17,0.16242163951845223,-0.09025435878809446,-1.5042414239085196
34.18,0.14879816029874088,-0.07620383639575873,-1.5041511541959551
34.19,0.135258766569457,-0.061370735697200474,-1.5040616327277243
34.2,0.12180110572622488,-0.04574829447953757,-1.5039736890942141
34.21,0.10842362219887225,-0.029326556355201178,-1.5038881578718253
34.22,0.0951257044723553,-0.012092448721163773,-1.503805876504511
34.230000000000004,0.08190785167189335,0.005970157058159675,-1.5037276764827612
34.24,0.06877186413986613,0.024880397829981277,-1.5036543831752711
34.25,0.05572106479018629,0.0446603783272467,-1.5035868115578004
34.26,0.04276055895992342,0.06533513208405048,-1.5035257553190124
34.27,0.02989753955237856,0.08693257520688899,-1.5034719884931014
34.28,0.017141649970234374,0.10948344412759192,-1.5034262518267727
34.29,0.00450541556822176,0.13302120420268335,-1.503389240452862
34.300000000000004,-0.007995244443284588,0.1575819140283592,-1.5033616161194225
34.31,-0.020340400480394205,0.18320402343676864,-1.5033439759350387
34.32,-0.032505377461420404,0.20992807941761812,-1.5033368523503905
34.33,-0.04445987152219544,0.23779630317387634,-1.5033406980245392
34.34,-0.0561668901657644,0.2668519921408723,-1.5033558756570984
34.35,-0.06758147837983658,0.2971386845360741,-1.5033826410886972
34.36,-0.07864918881006908,0.328699005959707,-1.5034211279078156
34.37,-0.08930424556111621,0.36157309131652055,-1.5034713298266928
34.38,-0.09946734431109919,0.3957964427116206,-1.5035330808279601
34.39,-0.1090430249752894,0.43139704184044014,-1.5036060334473682
34.4,-0.11791654926213219,0.46839148208112147,-1.5036896361930472
34.410000000000004,-0.12595021671741438,0.5067798185708047,-1.5037831082089426
34.42,-0.13297906524701097,0.5465387555995684,-1.50388541383863
34.43,-0.13880593217749024,0.587612698523637,-1.5039952362259972
34.44,-0.14319591351022815,0.6299021023439338,-1.504110952302754
34.45,-0.14587037023499902,0.673248465439221,-1.5042306102654588
34.46,-0.1465008193436211,0.7174152802726259,-1.5043519132561198
34.47,-0.14470335020361105,0.7620643267100906,-1.5044722123268977
34.480000000000004,-0.14003467090185256,0.8067269772719815,-1.5045885165318296
34.49,-0.13199155486172595,0.8507708641266006,-1.5046975248931198
34.5,-0.12001635241743794,0.8933635342399723,-1.504795694265698
34.51,-0.10351228430694659,0.9334369363233161,-1.5048793493031365
34.52,-0.08187323212638056,0.9696599163094146,-1.5049448545038984
34.53,-0.05453313985476102,1.000430367174853,-1.5049888483201688
34.54,-0.021039014100247028,1.023903454012908,-1.5050085535466295
34.550000000000004,0.018852459470787897,1.0380753577214734,-1.5050021413215502
34.56,0.06506261757904286,1.0409394295160073,-1.504969117278347
34.57,0.11708246963854463,1.030718840826115,-1.5049106834021004
34.58,0.17389997782334282,1.006154202051697,-1.5048299321316803
34.59,0.23399980492249006,0.9667908271998795,-1.504731889135741
34.6,0.2954620109836139,0.9131838855549692,-1.5046231701575943
34.61,0.3561577361649916,0.8469417071035772,-1.504511446902085
34.62,0.41400269309013865,0.7705697342228375,-1.5044046449072876
34.63,0.4672035987622752,0.6871460458474516,-1.504310124034454
34.64,0.5144346939031403,0.5999184624902367,-1.5042339730353635
34.65,0.5549104666960524,0.5119306131674521,-1.5041805557931531
34.660000000000004,0.5883588405653166,0.42575587040436835,-1.5041523439441753
34.67,0.6149264165216762,0.3433669888764969,-1.5041500111546693
34.68,0.6350552257026885,0.2661246207396122,-1.504172690523676
34.69,0.6493628866440014,0.19484523744682625,-1.504218337790371
34.7,0.658544422989699,0.1299072429198046,-1.5042840834765094
34.71,0.6633016932581763,0.07136410339648319,-1.504366567228964
34.72,0.664298557068528,0.019046103225442312,-1.5044622061622737
34.730000000000004,0.662136391587445,-0.027357150879866954,-1.5045673995308937
34.74,0.6573439562669877,-0.06823460964164119,-1.504678676076147
34.75,0.6503764319670988,-0.10400971694879224,-1.504792789970045
34.76,0.6416197420592165,-0.13511081895623855,-1.5049067789306314
34.77,0.6313974919202933,-0.1619524303404586,-1.5050179935795198
34.78,0.6199788398906592,-0.1849242521977437,-1.5051241065729675
34.79,0.6075863120305671,-0.20438550093226993,-1.5052231082258372
34.800000000000004,0.5944030380483089,-0.22066273651497492,-1.5053132934663882
34.81,0.5805791765388396,-0.2340498994514571,-1.5053932438907174
34.82,0.566237468684964,-0.24480966631361506,-1.5054618072177435
34.83,0.5514779530943944,-0.2531755271112349,-1.5055180759169242
34.84,0.5363819200257582,-0.2593541956373676,-1.5055613663794734
34.85,0.5210152001841524,-0.2635281075824612,-1.505591198499983
34.86,0.5054308852869838,-0.2658578579365959,-1.5056072775117328
34.87,0.48967157036669867,-0.26648449359257537,-1.5056094766096875
34.88,0.47377119828399533,-0.2655316183994521,-1.505597821220549
34.89,0.45775657570692363,-0.2631072942977264,-1.5055724756194369
34.9,0.4416486188098765,-0.25930573811234603,-1.5055337301066483
34.910000000000004,0.4254633778418776,-0.25420882290594005,-1.5054819902821837
34.92,0.4092128808811195,-0.24788739766361534,-1.5054177666071797
34.93,0.39290583016988645,-0.24040244150389745,-1.50534166678728
34.94,0.3765481783194533,-0.23180606874647397,-1.5052543873355577
34.95,0.36014360695180975,-0.22214240103272145,-1.5051567065873441
34.96,0.34369392621885136,-0.21144832157135607,-1.5050494793076852
34.97,0.32719941032290095,-0.19975412505641288,-1.5049336305227172
34.980000000000004,0.31065908176340623,-0.18708407578722358,-1.5048101506369669
34.99,0.29407095476146033,-0.1734568849262668,-1.5046800908242504
35.0,0.2774322467466809,-0.15888611664082075,-1.5045445584691075
35.01,0.26073956552967725,-0.14338053180291976,-1.5044047130552025
35.02,0.24398907882861715,-0.12694437682011486,-1.5042617614189482
35.03,0.22717667205949543,-0.10957762460440554,-1.5041169542935393
35.04,0.21029809995193505,-0.09127617364819265,-1.5039715811629644
35.050000000000004,0.19334913721966707,-0.07203201115916422,-1.5038269661896977
35.06,0.17632573366604343,-0.05183334549561108,-1.5036844619406282
35.07,0.159224178883194,-0.030664713555690393,-1.5035454459144877
35.08,0.14204128276849365,-0.008507068291804865,-1.503411312162662
35.09,0.12477457777068551,0.01466214724835635,-1.5032834671185604
35.1,0.1074225505358265,0.03886893293433641,-1.503163323056318
35.11,0.08998491261185709,0.06414266370664068,-1.5030522795203107
35.12,0.07246291736042226,0.09051601084353078,-1.502951723999625
35.13,0.05485973706376818,0.11802484102359967,-1.5028630254915933
35.14,0.03718091665151568,0.14670807739817343,-1.502787507153507
35.15,0.019434917120316142,0.17660750400079012,-1.502726443576145
35.160000000000004,0.0016337744532822218,0.20776748768808967,-1.5026810382457167
35.17,-0.01620610308095799,0.2402345861329041,-1.5026524115965811
35.18,-0.03406296432022682,0.2740569981362693,-1.502641576576968
35.19,-0.05190853395988615,0.3092838019572597,-1.5026494168506355
35.2,-0.06970657206198139,0.3459639087128011,-1.5026766607879565
35.21,-0.08741111652991615,0.3841446364076635,-1.5027238528890094
35.22,-0.10496433843899139,0.4238697810208528,-1.5027913211281785
35.230000000000004,-0.12229392693678517,0.4651770240766384,-1.5028791403576514
35.24,-0.1393099062856156,0.5080944690790554,-1.502987093447507
35.25,-0.15590077270856426,0.552636038577786,-1.5031146265249011
35.26,-0.1719288284869393,0.598795391636203,-1.5032608020188802
35.27,-0.1872245860198628,0.6465379328196303,-1.5034242477957713
35.28,-0.20158012630136982,0.695790385430191,-1.503603104243947
35.29,-0.2147413357773923,0.7464272995572723,-1.5037949710185528
35.300000000000004,-0.22639903408727519,0.7982537784171202,-1.5039968559023602
35.31,-0.23617917472438965,0.8509836752115174,-1.5042051307508753
35.32,-0.2436325965091039,0.9042125982199226,-1.5044155002821462
35.33,-0.24822528810952207,0.9573853919070348,-1.5046229941122737
35.34,-0.24933087310080712,1.0097584935092436,-1.5048219928309712
35.35,-0.24622809324933226,1.0603589758567264,-1.5050063084650636
35.36,-0.23810747079830016,1.1079444605577784,-1.5051693351662374
35.37,-0.22409291940909806,1.1509716905529137,-1.5053042982275713
35.38,-0.20328539048280017,1.1875863655425107,-1.5054046206626666
35.39,-0.17483572883725687,1.2156520955226215,-1.5054644183682107
35.4,-0.13805122581594317,1.2328398975741395,-1.505479127665374
35.410000000000004,-0.09253308695351359,1.2367976616451422,-1.5054461997354127
35.42,-0.03832924528990794,1.2254063646843452,-1.5053658130195937
35.43,0.02392934012647724,1.1971033059054,-1.5052413812309369
35.44,0.09295381353535143,1.1512158386749294,-1.505079884553071
35.45,0.1668278352408213,1.0882172792021394,-1.5048914829306317
35.46,0.2431643486057175,1.0098122420106281,-1.5046888914005168
35.47,0.3193681415456853,0.9187980536356177,-1.504486113567281
35.480000000000004,0.39294279210822114,0.8187218390438382,-1.5042970278556909
35.49,0.4617633243869228,0.7134241510781341,-1.5041340207500857
35.5,0.5242527137036801,0.6065906862261902,-1.5040069443395834
35.51,0.5794397925369583,0.5014117017420767,-1.5039225355167214
35.52,0.6269152603682652,0.4003944587999231,-1.5038843100262538
35.53,0.6667243980947004,0.3053199899840314,-1.503892807256463
35.54,0.6992369189987341,0.21730347194231098,-1.5039461338129243
35.550000000000004,0.7250237528246319,0.13691013384044326,-1.504040484851
35.56,0.744756526491849,0.06428757874296404,-1.5041707816982215
35.57,0.7591343364640889,-0.000710464484639517,-1.504331163769403
35.58,0.7688355611137756,-0.05842095572649958,-1.504515411404348
35.59,0.7744895923584227,-0.10929208637231086,-1.5047172658194958
35.6,0.7766629117306162,-0.15382577648854134,-1.5049306579587924
35.61,0.7758546878420365,-0.19253828200504208,-1.5051498631804765
35.62,0.7724982058923011,-0.22593468309524178,-1.5053695967154335
35.63,0.7669655293940857,-0.25449346237404413,-1.5055850655207237
35.64,0.7595736782235718,-0.27865810956592263,-1.5057919886600561
35.65,0.7505912569430178,-0.2988334325264391,-1.5059865961210357
35.660000000000004,0.7402449146495301,-0.31538489484837706,-1.5061656135987544
35.67,0.7287253102857195,-0.32863980500141954,-1.506326238749892
35.68,0.7161924397230522,-0.3388895589172525,-1.506466112712622
35.69,0.7027802895382631,-0.3463924086247118,-1.5065832900324643
35.7,0.688600842291809,-0.3513764191077311,-1.5066762080579146
35.71,0.6737474889231299,-0.35404240463161335,-1.5067436581636284
35.72,0.6582979155310121,-0.3545667225674286,-1.5067847583385003
35.730000000000004,0.642316534159141,-0.35310385928220017,-1.5067989279114435
35.74,0.6258565235173151,-0.34978877910445694,-1.5067858656108915
35.75,0.6089615388709577,-0.3447390298794392,-1.5067455291126624
35.76,0.5916671437267286,-0.33805661210835924,-1.5066781176496011
35.77,0.5740020083331456,-0.3298296261037019,-1.5065840563198591
35.78,0.555988913448827,-0.3201337153759096,-1.5064639835296534
35.79,0.5376455918767578,-0.30903332554507695,-1.5063187392837734
35.800000000000004,0.5189854351226593,-0.29658279808782023,-1.5061493553323677
35.81,0.5000180881241021,-0.28282731729802035,-1.5059570479107682
35.82,0.4807499511815316,-0.26780372712084405,-1.5057432103359665
35.83,0.4611846054019573,-0.2515412333745638,-1.5055094074792417
35.84,0.4413231752571961,-0.23406200504173624,-1.5052573711801132
35.85,0.42116463989340963,-0.21538168685267592,-1.5049889959574905
35.86,0.4007061032477065,-0.19550983414866735,-1.5047063354868748
35.87,0.37994303176099753,-0.174450279710363,-1.50441159887008
35.88,0.35886946748200665,-0.15220144145637446,-1.5041071478527357
35.89,0.33747822380147846,-0.12875657885927358,-1.5037954927502284
35.9,0.3157610706464118,-0.10410400571620942,-1.5034792884101176
35.910000000000004,0.2937089158443075,-0.07822726638361377,-1.5031613294269497
35.92,0.2713119894602471,-0.051105282641698835,-1.5028445444634044
35.93,0.24856003847192715,-0.022712478559864246,-1.5025319888474096
35.94,0.2254425396469139,0.006981108582803874,-1.502226836356489
35.95,0.20194894023557913,0.0380097222975152,-1.5019323650233325
35.96,0.17806893574134358,0.07041177535019894,-1.5016519489580686
35.97,0.1537927990213379,0.10422971970690575,-1.5013890370114873
35.980000000000004,0.12911177416487185,0.13950988259420372,-1.5011471354255348
35.99,0.10401855448121222,0.1763022486595029,-1.5009297823812715
36.0,0.07850786695194095,0.21466016315892605,-1.5007405163475591
36.01,0.05257718868166161,0.2546399253418447,-1.500582848817638
36.02,0.026227633445467746,0.29630022840301423,-1.500460216082644
36.03,-0.0005349534633758424,0.3397013954106665,-1.5003759347767192
36.04,-0.02769863740891887,0.3849043407953461,-1.5003331450853217
36.050000000000004,-0.05524370968735809,0.43196916887819287,-1.5003347460843914
36.06,-0.08314059551668446,0.4809532939188002,-1.5003833204232606
36.07,-0.11134725630787307,0.5319089326431048,-1.500481047402903
36.08,-0.13980596650808735,0.584879777951076,-1.5006296057433373
36.09,-0.168439318969205,0.6398966070824611,-1.5008300614295764
36.1,-0.19714528605893689,0.6969715110714403,-1.5010827409560876
36.11,-0.22579113645994303,0.7560903529824352,-1.5013870942127137
36.12,-0.2542059797655148,0.8172029619648151,-1.5017415384178352
36.13,-0.2821717012113281,0.8802104709106129,-1.5021432926299114
36.14,-0.3094120572279779,0.9449490961134119,-1.5025882011776264
36.15,-0.3355797617000279,1.0111695756328996,-1.50307055221044
36.160000000000004,-0.3602415345102401,1.0785114668059694,-1.5035829006044623
36.17,-0.3828613618612068,1.1464716187913073,-1.5041159073101347
36.18,-0.4027827136525576,1.2143665214627801,-1.5046582166268616
36.19,-0.4192112727333402,1.2812890471963219,-1.5051963985658037
36.2,-0.43120096979196476,1.3460616287993161,-1.5057149982042848
36.21,-0.4376478629970264,1.4071904379766043,-1.5061967403102146
36.22,-0.4372986073137097,1.462828909609693,-1.50662295600694
36.230000000000004,-0.4287825864679614,1.5107639834640547,-1.5069742967844646
36.24,-0.41067835176769507,1.5484439785368767,-1.5072317991349493
36.25,-0.3816241990869305,1.5730710869210602,-1.5073783345816807
36.26,-0.3404772143908128,1.5817803508955088,-1.5074003983943416
36.27,-0.28651280055977524,1.571915641786976,-1.507290128902957
36.28,-0.21963763022427693,1.5413877707297021,-1.5070472241343644
36.29,-0.1405680129589741,1.4890623131674359,-1.5066804828405878
36.300000000000004,-0.050913789267143905,1.4150878221325167,-1.5062083102005
36.31,0.046882431537342006,1.3210606160476557,-1.5056581157447075
36.32,0.14976399276155278,1.2099504247023019,-1.5050642582477876
36.33,0.2543980563223877,1.085780404505929,-1.5044649394954632
36.34,0.35755149830465965,0.953136461984069,-1.5038985595234138
36.35,0.45641440106541264,0.8166324784408892,-1.503400241488455
36.36,0.548807605515578,0.6804556346736671,-1.502999112785365
36.37,0.6332561205598671,0.5480685828265193,-1.5027166690820972
36.38,0.7089500619925795,0.4220837869431133,-1.5025662333845022
36.39,0.7756349675309742,0.30427893720136145,-1.502553354310618
36.4,0.8334738575500735,0.19570219448684323,-1.50267675162763
36.410000000000004,0.8829122755945149,0.0968181058934855,-1.5029296321257712
36.42,0.9245638296071921,0.007658082883824524,-1.5033010286804644
36.43,0.9591224288159528,-0.07204546166282777,-1.5037770666867942
36.44,0.9873003782436254,-0.14275016445875832,-1.504342052021458
36.45,1.0097881015151686,-0.20502103440670194,-1.5049793529961872
36.46,1.0272303299658185,-0.2594711021907498,-1.5056720814517954
36.47,1.0402139739993757,-0.3067209462475217,-1.5064035926777215
36.480000000000004,1.0492637887358804,-0.3473725673042223,-1.5071578357775084
36.49,1.0548429261447383,-0.38199366838840354,-1.507919583929691
36.5,1.0573563225608085,-0.4111091907902145,-1.508674572865735
36.51,1.0571555437117275,-0.43519772686940167,-1.5094095711805227
36.52,1.0545442026980227,-0.4546910833039597,-1.5101124018670666
36.53,1.049783410684293,-0.46997578100829124,-1.5107719302109393
36.54,1.0430969515608077,-0.4813956611173627,-1.5113780299324482
36.550000000000004,1.0346760216186626,-0.4892550437129953,-1.511921535774985
36.56,1.024683469603552,-0.4938220808164417,-1.5123941901385958
36.57,1.0132575283314795,-0.4953320800196829,-1.5127885871532956
36.58,1.0005150612247227,-0.49399066576589423,-1.5130981177677851
36.59,0.9865543633950287,-0.4899767057138107,-1.5133169201284966
36.6,0.9714575631790446,-0.4834449687320653,-1.5134398337189263
36.61,0.9552926715342003,-0.4745285055514866,-1.5134623601860069
36.62,0.9381153244760236,-0.46334075832515254,-1.5133806331363329
36.63,0.9199702595387349,-0.44997741347540066,-1.5131913936457289
36.64,0.9008925635599019,-0.43451801698164405,-1.5128919752217949
36.65,0.8809087241759797,-0.41702737278163876,-1.5124802973654266
36.660000000000004,0.860037513155411,-0.3975567450303674,-1.511954867708515
36.67,0.8382907261632779,-0.3761448843143708,-1.5113147935722133
36.68,0.8156737999050546,-0.3528188964815343,-1.5105598030080827
36.69,0.7921863247870821,-0.32759497132919374,-1.5096902759938264
36.7,0.7678224688317964,-0.30047898687909674,-1.5087072861161284
36.71,0.7425713265300251,-0.271467003510258,-1.5076126523235038
36.72,0.7164172049635739,-0.24054566142767697,-1.506409003739715
36.730000000000004,0.6893398579431982,-0.20769249344875895,-1.505099855070427
36.74,0.6613146787091146,-0.17287616517189247,-1.5036896956797334
36.75,0.632312860947175,-0.1360566539349347,-1.5021840908128847
36.76,0.6023015381396813,-0.09718537850430298,-1.5005897978837317
36.77,0.5712439114442399,-0.056205291864816265,-1.4989148965155028
36.78,0.5390993777126705,-0.013050950959022312,-1.4971689320199277
36.79,0.5058236697618135,0.03235142116301559,-1.4953630767878785
36.800000000000004,0.4713690251083408,0.08008386175269822,-1.4935102967997227
36.81,0.43568439899307054,0.13023656251414917,-1.4916255405096157
36.82,0.39871574300419654,0.18290770473136198,-1.4897259384154404
36.83,0.360406377325704,0.238203201355067,-1.4878309981853963
36.84,0.320697485064641,0.29623630838005666,-1.4859628157672857
36.85,0.2795287694943942,0.357127054472713,-1.4841462770207898
36.86,0.2368393207010654,0.4210014291101325,-1.4824092499669845
36.87,0.19256875092533765,0.48799025365554694,-1.4807827525647623
36.88,0.14665866975947572,0.5582276440857079,-1.4793010834023896
36.89,0.09905458608151774,0.6318489543262681,-1.4780018974991311
36.9,0.04970834317092654,0.708988063645613,-1.4769262015911928
36.910000000000004,-0.0014187869223735161,0.7897738471056253,-1.4761182438240492
36.92,-0.05435219712870121,0.8743256336308838,-1.475625261216893
36.93,-0.10909905181779267,0.9627474283972437,-1.4754970510442895
36.94,-0.16564219703607008,1.0551206320565127,-1.4757853148837883
36.95,-0.22393264246584998,1.151494960447661,-1.476542731529237
36.96,-0.28388035761750374,1.2518772367265174,-1.477821705985636
36.97,-0.3453431074598867,1.356217699312022,-1.4796727394899263
36.980000000000004,-0.4081130547552082,1.4643934712161046,-1.4821423728824072
36.99,-0.4719008827633284,1.5761888582352488,-1.4852706607724695
37.0,-0.5363172626347295,1.6912722188879359,-1.4890881472584931
37.01,-0.6008516200116469,1.809169288298442,-1.4936123360232332
37.02,-0.6648483799482907,1.9292330889982447,-1.4988436740622983
37.03,-0.7274812116632027,2.0506109395366945,-1.5047611052156191
37.04,-0.7877262946394048,2.1722096362269,-1.5113172960929715
37.050000000000004,-0.8443363212251009,2.292660682717934,-1.5184336729935661
37.06,-0.895817847228058,2.41028846872966,-1.525995480820282
37.07,-0.9404156978347427,2.5230856179381975,-1.533847106900851
37.08,-0.9761093506316244,2.628701213677368,-1.5417879633091287
37.09,-1.0006273651090267,2.7244491194421565,-1.549569271575998
37.1,-1.0114867039559385,2.807344832471136,-1.5568920838000242
37.11,-1.006063692630021,2.874179663987915,-1.5634069126293637
37.12,-0.9817017687111658,2.9216398844843376,-1.568715236044794
37.13,-0.9358574103709153,2.9464749316623786,-1.5723731304235766
37.14,-0.8662792763467123,2.945712351588539,-1.5738969952127873
37.15,-0.7712067649922861,2.9169077127578493,-1.5727711660640176
37.160000000000004,-0.6495641035489645,2.8584065508863215,-1.56845662996396
37.17,-0.5011169493045575,2.769584833432906,-1.560399548164968
37.18,-0.3265535375679811,2.6510283014982168,-1.548037255847333
37.19,-0.1274542986107241,2.5046129700730324,-1.5307982017230417
37.2,0.09387656861685745,2.3334612378669064,-1.5080902416507582
37.21,0.3347299738339544,2.1417692332818405,-1.4792684130726457
37.22,0.5924625524419258,1.9345262746270837,-1.443566976949593
37.230000000000004,0.8651248257473096,1.7171696180778397,-1.3999673347334562
37.24,1.152292518652554,1.4952305842602773,-1.346943277970321
37.25,1.4562608929161522,1.2740294635639446,-1.2819503523476707
37.26,1.7840564768141542,1.0584692779901506,-1.2003214021134712
37.27,2.1515511418512157,0.8529722755885745,-1.0925906771968394
37.28,2.593775219162091,0.6616186462619078,-0.9368691727393221
37.29,3.1979383365524696,0.488649770230821,-0.6710721272237459
37.300000000000004,4.2604061819684365,0.340046042443495,-0.03647172309997604
37.31,8.456631791379912,0.23253126585604988,4.570598528345622
37.32,-2.2454196081212974,0.20483366038813422,9.486624855060064
37.33,-2.2345888221270376,0.18050827644714573,6.00388554812048
37.34,-2.1109001597867616,0.14788697432499998,4.864381304269257
37.35,-2.0135537366764393,0.0949476781170242,4.280364827856085
37.36,-1.9415231921662242,0.01844205506063723,3.930235212332532
37.37,-1.8885137475155949,-0.07854331991013819,3.7056886608015107
37.38,-1.8489890927381873,-0.18945475059296601,3.5585026974745984
37.39,-1.8185799015137092,-0.30712315421301994,3.46335530201569
37.4,-1.794036649264625,-0.4255241360825517,3.405464715620945
37.410000000000004,-1.7730678551194772,-0.540297694081197,3.3755804892281707
37.42,-1.754127054661903,-0.648502609097025,3.367629654769277
37.43,-1.7362071944247108,-0.7480912414341405,3.3774665108704154
37.44,-1.7186758109679618,-0.8373630868167028,3.40212732336759
37.45,-1.7011583317792305,-0.9144640109706637,3.4393192611439396
37.46,-1.6834637859578623,-0.9768955749422565,3.4869907097595396
37.47,-1.6655443639089595,-1.0209500056231464,3.542861187369148
37.480000000000004,-1.6474821687947379,-1.0409534154008222,3.603767534029894
37.49,-1.6294996484386193,-1.0281666565877492,3.6646090902929696
37.5,-1.6119925559149175,-0.9691817761225264,3.7165378872917563
37.51,-1.5955831536238372,-0.8437886374673838,3.7438699598000587
37.52,-1.5811800387924277,-0.6230031099201263,3.7192613621371553
37.53,-1.5699941755393167,-0.27035418200188244,3.598151519727092
37.54,-1.5633814976552705,0.24511935790517558,3.3193372667461816
37.550000000000004,-1.562313785252531,0.9130138217068924,2.829810202464106
37.56,-1.5665125789340735,1.6387498552987838,2.1446529615859378
37.57,-1.5740338688392779,2.267158242793524,1.383031160900772
37.58,-1.5821652696214077,2.690302932910644,0.6958994786203745
37.59,-1.5888389766638493,2.9049532875336954,0.16436084679405782
37.6,-1.5931552639799662,2.9671871762517625,-0.21002600713985253
37.61,-1.595059693665955,2.9362845654706433,-0.4605117519737447
37.62,-1.5948848491799654,2.854321623217941,-0.6229870668650817
37.63,-1.593065790806166,2.7468971309396584,-0.7253975082566704
37.64,-1.5900144604966684,2.6285735915625503,-0.7872198242248643
37.65,-1.5860790310669386,2.507363092579424,-0.8215158761277803
37.660000000000004,-1.5815392818051608,2.387559829845495,-0.8369754011692461
37.67,-1.5766145342070432,2.2713785186752173,-0.8394113173045434
37.68,-1.571474459429855,2.15987526001896,-0.8327561823318447
37.69,-1.5662492420076388,2.0534625547142715,-0.8197060132789145
37.7,-1.561038096427538,1.9521986400427092,-0.8021340338721012
37.71,-1.555916070113338,1.8559511923927978,-0.7813582192746633
37.72,-1.5509393620234606,1.764490481556301,-0.7583163084986875
37.730000000000004,-1.5461494540384784,1.6775424534681806,-0.7336818803038592
37.74,-1.5415763064050771,1.5948188078319148,-0.7079424697220571
37.75,-1.5372408432538913,1.5160337390304974,-0.68145290236218
37.76,-1.5331568856427742,1.4409129055601952,-0.6544722193603909
37.77,-1.529332668633646,1.3691978605776,-0.6271895789358332
37.78,-1.525772033499415,1.300647847942844,-0.5997426498599112
37.79,-1.5224753701786238,1.2350400914817854,-0.5722308221568564
37.800000000000004,-1.5194403692485248,1.1721692470986669,-0.5447247941058164
37.81,-1.5166626194361248,1.1118464201090181,-0.5172735960331962
37.82,-1.5141360865229174,1.0538979838803417,-0.48990977991879847
37.83,-1.511853500551966,0.9981643373971174,-0.462653282464812
37.84,-1.5098066649381314,0.9444986828195858,-0.43551431973947546
37.85,-1.5079867080268867,0.8927658640494001,-0.4084955675027975
37.86,-1.5063842835820807,0.8428412892143897,-0.3815938104706637
37.87,-1.5049897365377065,0.794609942656454,-0.3548011926715211
37.88,-1.5037932323674041,0.7479654901337119,-0.32810616643901025
37.89,-1.5027848641230863,0.7028094709532126,-0.3014942110671678
37.9,-1.5019547354066627,0.6590505733432152,-0.2749483744191714
37.910000000000004,-1.50129302933387,0.6166039843784383,-0.2484496768382619
37.92,-1.5007900600585484,0.5753908095602032,-0.22197740714549907
37.93,-1.5004363143790425,0.5353375540314017,-0.19550933295102935
37.94,-1.5002224829261166,0.49637565991053567,-0.16902184202026582
37.95,-1.5001394826803702,0.45844109419236045,-0.14249002728943094
37.96,-1.500178475046221,0.4214739815599481,-0.11588772496348343
37.97,-1.500330875300096,0.3854182790958426,-0.0891875124218986
37.980000000000004,-1.5005883597816376,0.3502214880546859,-0.06236067108033183
37.99,-1.5009428683185986,0.31583440035319454,-0.03537711737937832
38.0,-1.501386602766179,0.2822108773149655,-0.008205303914583295
38.01,-1.5019120250088933,0.24930765842512104,0.01918790801474113
38.02,-1.5025118509595645,0.2170841995170184,0.046837404932322024
38.03,-1.5031790422416482,0.18550253956808394,0.07478000780014826
38.04,-1.503906799340673,0.15452719608771248,0.10305468943069018
38.050000000000004,-1.504688550826717,0.12412509032171881,0.13170282706201875
38.06,-1.505517939367062,0.09426550395563349,0.1607684935913971
38.07,-1.506388810696993,0.06492006995425892,0.19029879029146035
38.08,-1.5072952061755749,0.036062801863772975,0.22034422659148722
38.09,-1.5082313415804287,0.00767016700375589,0.25095915926737156
38.1,-1.5091915955211628,-0.020278788730138053,0.2822022925314993
38.11,-1.5101704950207964,-0.04780225453057807,0.3141372530017773
38.12,-1.5111626980718982,-0.07491539357541471,0.3468332521565751
38.13,-1.5121629793217313,-0.10162998958718933,0.380365848687675
38.14,-1.51316621178206,-0.12795397823103433,0.414817831018375
38.15,-1.5141673496807757,-0.15389083284646854,0.45028023902192915
38.160000000000004,-1.5151614095737038,-0.17943876423707816,0.4868535509117584
38.17,-1.5161434514719736,-0.2045896806489707,0.5246490639843006
38.18,-1.5171085592924034,-0.22932783553462943,0.5637905038640519
38.19,-1.518051819771698,-0.2536280651212849,0.6044159024199574
38.2,-1.5189683001703673,-0.2774534818506859,0.6466797893271798
38.21,-1.5198530272842306,-0.30075243918390565,0.690755745530307
38.22,-1.5207009637603315,-0.32345451116072427,0.7368393705932983
38.230000000000004,-1.521506984790613,-0.3454651258559726,0.7851517079464614
38.24,-1.5222658562072775,-0.36665834008121934,0.8359431540119328
38.25,-1.522972213708893,-0.38686701854620476,0.8894978330286188
38.26,-1.5236205430909902,-0.40586934615985565,0.9461383261348137
38.27,-1.5242051720263012,-0.42337009658980174,1.0062304535568352
38.28,-1.5247202690870092,-0.4389743081703254,1.070187455059505
38.29,-1.5251598605936048,-0.4521498273205805,1.1384722253163617
38.300000000000004,-1.525517888917592,-0.4621733278602417,1.211594949406362
38.31,-1.5257883054793917,-0.4680515304001347,1.29010100230639
38.32,-1.5259652781826587,-0.46840487998722957,1.3745391536303022
38.33,-1.5260435144355107,-0.4612941994042951,1.465390847924527
38.34,-1.5260188476718013,-0.4439613302810764,1.5629232369150892
38.35,-1.5258891965773675,-0.41244372997975887,1.666893691918366
38.36,-1.5256561718570607,-0.3610187007232306,1.77596764064994
38.37,-1.5253276813520835,-0.28146755936830414,1.8865968902129127
38.38,-1.524921973024108,-0.16232647465553446,1.9909490416294684
38.39,-1.5244733286823777,0.011118741372494356,2.0734527619618985
38.4,-1.524038167065184,0.25385537168307404,2.10642580242085
38.410000000000004,-1.5236960699077855,0.570877909112785,2.049142405868217
38.42,-1.5235336156323243,0.9381090507092573,1.8619903782173084
38.43,-1.523602571364517,1.2918723496883315,1.5423260515816655
38.44,-1.5238780245361827,1.5588000829849693,1.147766045217023
38.45,-1.5242671576210682,1.7066635115920648,0.7609484464869494
38.46,-1.5246641394333995,1.7522851415121523,0.43546105893696885
38.47,-1.5249930000807375,1.7309492578274899,0.18451735083926601
38.480000000000004,-1.5252153184859067,1.6728730993848908,-0.0007746044677385266
38.49,-1.5253198629221658,1.5975653558303369,-0.1350743567816839
38.5,-1.5253107466974538,1.5160772676070093,-0.23170296241144792
38.51,-1.5251993188471857,1.4342226545841146,-0.30093112373285197
38.52,-1.5249995678979067,1.354870573972033,-0.3502143310269386
38.53,-1.5247257736895963,1.2793050427373118,-0.38485830168113155
38.54,-1.5243914124686198,1.207978441684691,-0.40863248789950696
38.550000000000004,-1.524008714189868,1.1409182974097134,-0.4242330235302904
38.56,-1.5235885522849288,1.0779447781040095,-0.4336087590649767
38.57,-1.5231404689453822,1.0187862768122042,-0.4381853526607569
38.58,-1.522672796170521,0.9631401867284067,-0.43901852363499116
38.59,-1.522192767898375,0.9107041235630093,-0.4368993102888307
38.6,-1.5217066532127397,0.8611911782544694,-0.43242700132970596
38.61,-1.5212198730212398,0.8143365664116947,-0.42606022686249795
38.62,-1.52073710586155,0.7698996991934395,-0.4181531752433207
38.63,-1.5202623819881893,0.7276638844552386,-0.4089815758851092
38.64,-1.519799162839213,0.6874348748232852,-0.398761560367662
38.65,-1.5193504126060084,0.6490389251385338,-0.3876635092754451
38.660000000000004,-1.518918657759962,0.6123207177695718,-0.37582232724305403
38.67,-1.5185060380372581,0.5771413408851087,-0.36334514456032
38.68,-1.518114353051619,0.5433764079779848,-0.35031714407053627
38.69,-1.5177450998504272,0.5109143569037389,-0.3368060078865903
38.7,-1.5173995061115875,0.47965493539019677,-0.3228653376068542
38.71,-1.5170785602112928,0.4495078657805052,-0.308537303606497
38.72,-1.5167830358220473,0.4203916759128323,-0.2938547098263485
38.730000000000004,-1.5165135147784206,0.39223267865199274,-0.27884261139633865
38.74,-1.5162704051544225,0.36496408410316855,-0.26351958696371136
38.75,-1.5160539597895577,0.3385252269074514,-0.24789874210501117
38.76,-1.515864290410132,0.31286089548287077,-0.23198850119677672
38.77,-1.515701381176759,0.2879207492372558,-0.21579323144242335
38.78,-1.5155651001313721,0.2636588128513298,-0.19931373219289897
38.79,-1.5154552094072233,0.24003303768047873,-0.18254761501452466
38.800000000000004,-1.5153713752202846,0.21700492167872304,-0.16548959396073226
38.81,-1.5153131748730706,0.19453918162745398,-0.14813170081617327
38.82,-1.5152801050330125,0.17260347067422754,-0.13046343683612832
38.83,-1.5152715872032232,0.1511681374256183,-0.11247186916996538
38.84,-1.5152869728040035,0.13020602209620014,-0.09414167840764692
38.85,-1.5153255503742271,0.10969228618568932,-0.07545516182184975
38.86,-1.5153865475445985,0.08960427500356133,-0.056392194399326634
38.87,-1.515469135239408,0.06992141008221159,-0.03693014973220371
38.88,-1.5155724324281623,0.05062511124489627,-0.017043781100036848
38.89,-1.5156955070168032,0.03169874906814879,0.003294939419327847
38.9,-1.5158373762890038,0.013127628187974805,0.02411702522662551
38.910000000000004,-1.515997012005947,-0.005100997114548034,0.04545672511086407
38.92,-1.5161733425789952,-0.02299787103623474,0.06735182518254518
38.93,-1.5163652486312995,-0.04057164345952857,0.08984400986156893
38.94,-1.5165715673615139,-0.057828731561249125,0.11297928615689223
38.95,-1.5167910909226032,-0.07477312642722511,0.13680848448147015
38.96,-1.5170225651393738,-0.09140613456128521,0.16138784652731986
38.97,-1.5172646905235585,-0.10772604032540503,0.18677971423556566
38.980000000000004,-1.5175161182092523,-0.12372767059507897,0.2130533402970501
38.99,-1.5177754493422417,-0.13940183800351885,0.2402858395937036
39.0,-1.5180412307786004,-0.15473463077365107,0.2685633108942103
39.01,-1.5183119528851674,-0.16970650763313555,0.2979821598716356
39.02,-1.5185860449210606,-0.18429114192397555,0.32865066513400815
39.03,-1.51886187045243,-0.19845394054647156,0.36069083546950215
39.04,-1.5191377207227754,-0.21215013702844462,0.39424061837852203
39.050000000000004,-1.5194118098307687,-0.22532232202010505,0.4294565301333812
39.06,-1.5196822665472949,-0.2378972227986683,0.466516794149466
39.07,-1.5199471261437936,-0.24978147089254854,0.5056250858870361
39.08,-1.5202043222973622,-0.2608559919072759,0.5470149958854468
39.09,-1.520451678072227,-0.27096849893749897,0.5909553284161475
39.1,-1.5206868941352052,-0.2799233464348767,0.6377563422498922
39.11,-1.520907542884868,-0.2874676681717946,0.6877769873962251
39.12,-1.521111058816635,-0.2932722204761948,0.74143306830636
39.13,-1.5212947335199343,-0.2969045927383175,0.7992059694048737
39.14,-1.5214557223900296,-0.2977912875256069,0.8616509625128816
39.15,-1.5215910498962633,-0.295163400321477,0.9294028520349099
39.160000000000004,-1.5216976575885057,-0.2879779466816385,1.003174107845269
39.17,-1.5217724637221464,-0.27480291778152116,1.083735380803787
39.18,-1.5218125103187323,-0.2536486883619802,1.171857548395118
39.19,-1.5218151985310273,-0.22172220058248915,1.26817264301518
39.2,-1.521778722959855,-0.17507798383183582,1.372867199252518
39.21,-1.521702806494357,-0.10815859747264728,1.4850368314165139
39.22,-1.5215899287243504,-0.013310294778415388,1.6013835534836602
39.230000000000004,-1.5214472570552324,0.11932681054561772,1.713757093772425
39.24,-1.5212892887117704,0.3003279271024452,1.8051542698662182
39.25,-1.5211402745093672,0.5352209352808702,1.8454911862910377
39.26,-1.5210331011519633,0.8119728700491012,1.794095928349687
39.27,-1.5209992156701198,1.0888723730280319,1.621378247612765
39.28,-1.521050265064578,1.3067548363104367,1.3430953034167294
39.29,-1.5211680162498293,1.4291446407687218,1.0211406431165955
39.300000000000004,-1.5213160538592723,1.4623028056895622,0.718541493505143
39.31,-1.521459716102453,1.4352708127905185,0.46687085530788214
39.32,-1.5215761976344702,1.3758549535427647,0.270289135365638
39.33,-1.521654339024038,1.3024453931727291,0.12084428200854958
39.34,-1.5216908738655839,1.225270189498319,0.008192150956902844
39.35,-1.5216869973349305,1.1494519109639214,-0.07672431706097477
39.36,-1.5216461135005614,1.0773058099401434,-0.14091441656466897
39.37,-1.521572538933829,1.009697528127968,-0.1895604705934002
39.38,-1.5214708092269258,0.9467761403552661,-0.2264402915314056
39.39,-1.5213453282297624,0.8883551164073951,-0.25430860671901456
39.4,-1.521200210120492,0.8341063738533752,-0.27518836536151503
39.410000000000004,-1.5210392077600163,0.7836572591726991,-0.29058026456150515
39.42,-1.5208657140725452,0.7366374895261731,-0.3016102313785224
39.43,-1.5206827659360649,0.6927004160722183,-0.3091327631384312
39.44,-1.520493073559969,0.6515312247377965,-0.31380360830468484
39.45,-1.5202990500305262,0.6128486272120428,-0.3161312915869745
39.46,-1.5201028385950233,0.5764034550931554,-0.31651400589250656
39.47,-1.5199063429668955,0.5419759215180002,-0.31526631428177815
39.480000000000004,-1.5197112508765191,0.5093724555402991,-0.3126386904784763
39.49,-1.519519057622543,0.4784225539877484,-0.30883197472036367
39.5,-1.5193310862739093,0.4489758567325276,-0.3040081805446822
39.51,-1.51914850483103,0.4208995257211594,-0.29829865447836823
39.52,-1.518972342499018,0.3940759430794285,-0.2918102951279304
39.53,-1.5188035029162914,0.3684007138813496,-0.28463033477399907
39.54,-1.518642776766565,0.3437809449081761,-0.2768300455913884
39.550000000000004,-1.5184908505952934,0.320133767751452,-0.26846763346179137
39.56,-1.5183483184785538,0.29738507227964295,-0.2595905125761338
39.57,-1.518215688175554,0.27546842323374554,-0.2502371033703789
39.58,-1.518093389440174,0.25432413167261947,-0.2404382606652929
39.59,-1.517981778678727,0.23389846009015963,-0.23021841199336623
39.6,-1.517881146926374,0.21414293979328214,-0.21959646716345485
39.61,-1.5177917226305975,0.19501378641492445,-0.20858654502199922
39.62,-1.5177136772760063,0.17647139759373492,-0.1971985532846621
39.63,-1.5176471281774981,0.15847992272106387,-0.18543864847355584
39.64,-1.5175921426132328,0.14100689400470356,-0.1733095972857734
39.65,-1.5175487408809114,0.12402291150451933,-0.1608110554670289
39.660000000000004,-1.517516898261032,0.1075013756217375,-0.14793977668568906
39.67,-1.5174965482711684,0.09141826110943141,-0.13468976106403724
39.68,-1.5174875835487391,0.07575192927268726,-0.12105235011884533
39.69,-1.5174898578832063,0.06048297424324278,-0.10701627358471305
39.7,-1.5175031891189006,0.04559410103481826,-0.0925676514991792
39.71,-1.5175273583571438,0.03107003472881331,-0.07768995305552276
39.72,-1.5175621119949905,0.01689745871340609,-0.06236391360967189
39.730000000000004,-1.5176071637886204,0.0030649825943738773,-0.04656740909091778
39.74,-1.5176621929631526,-0.010436858737129462,-0.030275285040941513
39.75,-1.517726843681343,-0.023615573952576935,-0.013459138355407463
39.76,-1.5178007300546332,-0.036476649588141175,0.003912951784134866
39.77,-1.517883433867771,-0.04902344400028283,0.021876752389415888
39.78,-1.517974501691156,-0.061257036230320694,0.040472270852326186
39.79,-1.51807344765469,-0.07317602291621328,0.059744223054266576
39.800000000000004,-1.5181797508194559,-0.08477625209118045,0.07974258998953404
39.81,-1.5182928548767127,-0.09605048184797624,0.10052327598975591
39.82,-1.5184121675368725,-0.10698794672214984,0.12214888768531879
39.83,-1.518537057663901,-0.11757380977181006,0.14468965716287624
39.84,-1.5186668543840396,-0.127788472108843,0.1682245363402512
39.85,-1.518800843446139,-0.137606701896941,0.1928424988679654
39.86,-1.5189382664512532,-0.1469965337519341,0.21864409112379923
39.87,-1.5190783162339834,-0.15591787198894155,0.24574328785161725
39.88,-1.5192201337769937,-0.164320709845925,0.2742697172695729
39.89,-1.5193628038346385,-0.17214284513096217,0.30437133862193133
39.9,-1.519505350702273,-0.17930692981533097,0.3362176729873114
39.910000000000004,-1.519646732525987,-0.18571662970987005,0.37000371181331054
39.92,-1.519785835301144,-0.19125158351633242,0.4059546525922861
39.93,-1.5199214669985126,-0.19576072503737968,0.44433163794059555
39.94,-1.52005234968765,-0.19905334944033046,0.4854386975847432
39.95,-1.5201771130521933,-0.20088703653272827,0.5296310970099514
39.96,-1.520294287679928,-0.20095114548316778,0.5773252596619105
39.97,-1.5204022971879734,-0.19884400055746232,0.6290102923073619
39.980000000000004,-1.5204994582450795,-0.19404099608255443,0.6852607844471157
39.99,-1.5205839766862992,-0.18584951148542855,0.7467497385201958
40.0,-1.5206539648532635,-0.17334455718510972,0.8142586843539397
40.01,-1.5207074634415902,-0.15527626195119137,0.888678186080726
40.02,-1.5207425048598968,-0.12993667829784572,0.9709837662286458
40.03,-1.5207572201425785,-0.0949698527932028,1.0621550107666946
40.04,-1.520750050566459,-0.04710986281297458,1.1629695720170476
40.050000000000004,-1.5207201072790388,0.018149273269312927,1.2735306614894544
40.06,-1.5206678071911313,0.1068679656795326,1.3922493997855363
40.07,-1.5205959072614768,0.22662525246633874,1.5137983135594033
40.08,-1.5205110231183276,0.385163836647609,1.6254785480269742
40.09,-1.5204252941916678,0.5856684982523713,1.7024963447223413
40.1,-1.520356631068971,0.8168094944281099,1.7072041510111977
40.11,-1.5203243864738116,1.0430979761054253,1.60432336787959
40.12,-1.5203393787257031,1.2147880386486904,1.393532687329412
40.13,-1.5203959861008505,1.3016341326907817,1.121716538919348
40.14,-1.5204759819432967,1.3107687899226614,0.8485926863045544
40.15,-1.5205595062292083,1.2692661495153534,0.6107115600106079
40.160000000000004,-1.520632118043356,1.2023911667015965,0.41827948579623947
40.17,-1.5206858387075277,1.1263314849077302,0.26760903256318125
40.18,-1.5207174510977897,1.0496698982225845,0.15087553067884363
40.19,-1.5207266259635381,0.976389492416957,0.06042433501034211
40.2,-1.5207145873567987,0.9080465338309334,-0.009983853789550523
40.21,-1.5206833027113071,0.8450103070107291,-0.06510816425584845
40.22,-1.5206350265722486,0.7871076587797825,-0.1084937734697693
40.230000000000004,-1.5205720554562006,0.7339434028037222,-0.14276892453820245
40.24,-1.5204966031776306,0.6850545908745116,-0.16989013943933468
40.25,-1.5204107417689985,0.6399817667302738,-0.19132609459488178
40.26,-1.5203163774729447,0.598299321449547,-0.20819053578330088
40.27,-1.520215249988054,0.5596260176494794,-0.22133718916163575
40.28,-1.5201089337478695,0.5236261919152144,-0.23142748789296713
40.29,-1.5199988531981872,0.49000684340104295,-0.23897915242459108
40.300000000000004,-1.5198862909696627,0.45851317618325205,-0.24440132105954437
40.31,-1.5197724032581323,0.4289238204324911,-0.24802019910363438
40.32,-1.519658230389958,0.40104629224476857,-0.2500979761759546
40.33,-1.5195447069375385,0.3747129151039604,-0.2508469217403297
40.34,-1.5194326736430304,0.3497772618146743,-0.25043999364013586
40.35,-1.5193228854843825,0.3261111022769183,-0.24901889921200648
40.36,-1.5192160184353394,0.3036018087188303,-0.24670027688478607
40.37,-1.5191126787713256,0.2821501591791067,-0.24358047750848522
40.38,-1.5190134079497903,0.26166848351639393,-0.2397392919109531
40.39,-1.518918687748773,0.24207909843877803,-0.2352428783832274
40.4,-1.518828946167676,0.2233129853448502,-0.23014607712854868
40.410000000000004,-1.518744561073253,0.2053086725698015,-0.22449425058442224
40.42,-1.5186658644911684,0.18801128844008902,-0.21832475411572302
40.43,-1.5185931450635837,0.171371758298312,-0.21166811576694156
40.44,-1.518526651471705,0.1553461219803178,-0.2045489852935904
40.45,-1.5184665956999843,0.13989495323753368,-0.19698689833881244
40.46,-1.518413154200951,0.12498286612977258,-0.18899689105033576
40.47,-1.518366470868957,0.1105780946535028,-0.18058999272150117
40.480000000000004,-1.5183266575267265,0.09665213624454003,-0.17177361736295216
40.49,-1.5182937971461563,0.08317944930013918,-0.1625518710189171
40.5,-1.5182679440534181,0.07013719918998837,-0.1529257870485879
40.51,-1.5182491253828334,0.057505046207402266,-0.1428934994169836
40.52,-1.5182373425242146,0.04526497131560206,-0.1324503611968575
40.53,-1.5182325708001128,0.033401136739382636,-0.12158901338614109
40.54,-1.518234761138983,0.02189977810754934,-0.11029940811298977
40.550000000000004,-1.5182438411445922,0.010749127119596996,-0.09856878809346678
40.56,-1.5182597137824607,-6.0635711911893875e-05,-0.08638162292313789
40.57,-1.5182822593084477,-0.01053739928519462,-0.07371950262135707
40.58,-1.5183113358612634,-0.020687109338870746,-0.06056098608071003
40.59,-1.5183467766571874,-0.030513722975196195,-0.046881400973878995
40.6,-1.5183883901125101,-0.040019128501578655,-0.03265259210194996
40.61,-1.5184359651570492,-0.04920302664643758,-0.017842612818482345
40.62,-1.5184892651922568,-0.05806276538080388,-0.002415348549920704
40.63,-1.5185480285265855,-0.06659312341742918,0.013669933719418437
40.64,-1.518611969171876,-0.07478603197608052,0.03045912333111761
40.65,-1.5186807741316604,-0.0826302218340638,0.048003907368569354
40.660000000000004,-1.5187541041884869,-0.0901107804732626,0.06636253283190646
40.67,-1.5188315914485624,-0.09720859753669817,0.0856007147772192
40.68,-1.5189128383123798,-0.10389967202884556,0.105792718559859
40.69,-1.5189974150745937,-0.11015424542009945,0.12702265338757385
40.7,-1.519084858330117,-0.11593571437418283,0.14938602221035424
40.71,-1.5191746686997183,-0.12119926132727973,0.17299158536230586
40.72,-1.5192663079915452,-0.12589012095082325,0.19796360950778913
40.730000000000004,-1.5193591951353418,-0.12994137232434644,0.2244445918945558
40.74,-1.5194527040905992,-0.1332711082125593,0.25259857180300815
40.75,-1.5195461588468797,-0.13577877726417695,0.28261517161448163
40.76,-1.519638828556004,-0.13734041865857566,0.31471454252465814
40.77,-1.5197299232357362,-0.1378023981882652,0.34915343100915774
40.78,-1.5198185882507544,-0.13697309550121456,0.3862326266391971
40.79,-1.5199038965625484,-0.1346117610266105,0.4263060920571533
40.800000000000004,-1.519984845493813,-0.13041342323767702,0.4697920916366459
40.81,-1.5200603482414445,-0.12398822612346089,0.5171865932058977
40.82,-1.5201292301240898,-0.11483284348884198,0.5690790102743327
40.83,-1.5201902304527386,-0.10229054055822867,0.6261697920202982
40.84,-1.5202419950731716,-0.08549491359601927,0.6892880213159867
40.85,-1.520283105418566,-0.06329026625277981,0.7594040845313202
40.86,-1.5203120973078277,-0.03411914952102926,0.8376256544918104
40.87,-1.5203275376821384,0.00413397245056954,0.9251502432229832
40.88,-1.5203281454587936,0.054350348498379136,1.0231153117078795
40.89,-1.5203130291158766,0.12042090674719885,1.1322191426780774
40.9,-1.5202820974349485,0.2074324303747021,1.2518526595472113
40.910000000000004,-1.5202367574843239,0.32147220934906584,1.3782653353674486
40.92,-1.5201809661596313,0.46818155149272755,1.5011321422899089
40.93,-1.5201224670323752,0.648347756026329,1.5986588619843767
40.94,-1.5200732304190119,0.8492976908121763,1.6354090064804052
40.95,-1.5200469047792131,1.0376615658671284,1.574350619452626
40.96,-1.5200521891068703,1.170157249044352,1.407522298155593
40.97,-1.5200868839771973,1.2237866503085995,1.1725895997154845
40.980000000000004,-1.5201396083822694,1.2092249076944364,0.9249082913424451
40.99,-1.5201969868350762,1.1530619229579633,0.7019918245442589
41.0,-1.5202488119325799,1.0783510031971424,0.516999537609672
41.01,-1.5202890917662675,0.9990594549109981,0.36894786940801744
41.02,-1.5203151172450027,0.9221049511576456,0.25190302875739734
41.03,-1.5203262432212505,0.8503550758967763,0.15940722100618807
41.04,-1.520322984101568,0.7846520767668905,0.08595208594176096
41.050000000000004,-1.5203064464042857,0.7249153757037683,0.02722084568975419
41.06,-1.5202779992087974,0.6706891744327098,-0.020063700467389173
41.07,-1.5202390919743665,0.6214003776555431,-0.058366991297124526
41.08,-1.520191153735244,0.5764738665658818,-0.08954666990353008
41.09,-1.5201355541878154,0.535379588500857,-0.11501181763988406
41.1,-1.520073556737728,0.4976478808507824,-0.13584099411362638
41.11,-1.5200063418396361,0.46287055244352127,-0.1528680460304666
41.12,-1.5199349835369789,0.43069608885860255,-0.16674418694829563
41.13,-1.5198604640284301,0.4008228864905482,-0.17798302536747995
41.14,-1.5197836773908775,0.3729922875493118,-0.1869934356832202
41.15,-1.5197054353627066,0.34698215616096095,-0.19410375495467092
41.160000000000004,-1.5196264761026637,0.32260124730501094,-0.1995797604353013
41.17,-1.5195474692765856,0.2996844011477352,-0.20363815411019265
41.18,-1.5194690224051406,0.2780884985572022,-0.20645677371148374
41.19,-1.5193916865372958,0.2576890819660671,-0.20818239646721703
41.2,-1.5193159611949942,0.2383775415314007,-0.2089367558115367
41.21,-1.5192422979289717,0.2200587739563625,-0.20882121901495682
41.22,-1.519171105587949,0.20264923238577653,-0.20792045232453224
41.230000000000004,-1.5191027532282488,0.18607530015670706,-0.20630531322466317
41.24,-1.5190375722872358,0.17027193149243708,-0.2040351477266623
41.25,-1.5189758608042905,0.15518151180774095,-0.2011596258703335
41.26,-1.5189178848964064,0.14075290077465974,-0.1977202152516962
41.27,-1.5188638814716318,0.1269406262824476,-0.19375136889815478
41.28,-1.5188140594783812,0.11370420471540829,-0.18928148539047
41.29,-1.5187686014612376,0.10100756659613044,-0.18433368607327857
41.300000000000004,-1.5187276664496252,0.08881857067653842,-0.17892644393873164
41.31,-1.5186913894689045,0.07710859405655426,-0.17307409062848006
41.32,-1.5186598839837777,0.0658521858311941,-0.16678722286643338
41.33,-1.5186332416806574,0.05502677667845793,-0.16007302405674126
41.34,-1.5186115341570543,0.04461243611445431,-0.15293551401533015
41.35,-1.5185948138396528,0.03459167232953109,-0.1453757362094385
41.36,-1.5185831136180825,0.024949270240196247,-0.13739188975026312
41.37,-1.5185764484723259,0.015672163605615103,-0.12897941179556943
41.38,-1.5185748149649183,0.006749339662584897,-0.12013101356112488
41.39,-1.5185781910949467,-0.0018282258647387695,-0.11083667246766164
41.4,-1.518586538669143,-0.010067604512979084,-0.10108358157908648
41.410000000000004,-1.5185998011812591,-0.0179739201936491,-0.09085605508219893
41.42,-1.5186179045677162,-0.02555032408867114,-0.08013538912183035
41.43,-1.518640758029386,-0.03279793698741279,-0.06889967483242207
41.44,-1.5186682521030135,-0.0397157556342633,-0.05712355862199264
41.45,-1.5187002583760925,-0.04630051980830707,-0.04477794472316046
41.46,-1.5187366322592357,-0.052546534706319314,-0.031829632646732026
41.47,-1.5187772086398894,-0.058445439822234435,-0.018240877715619774
41.480000000000004,-1.5188218031977918,-0.0639859167165509,-0.003968864829056534
41.49,-1.5188702112665076,-0.06915332221902462,0.011034921641828344
41.5,-1.5189222059912626,-0.07392923150224301,0.026825450900859416
41.51,-1.5189775392330596,-0.07829087113142177,0.043465045071407554
41.52,-1.5190359383230325,-0.082210414692172,0.061024456751169326
41.53,-1.519097105922184,-0.08565410770893994,0.07958416101919782
41.54,-1.5191607167026753,-0.0885811761109981,0.09923591109973426
41.550000000000004,-1.5192264172957792,-0.09094246020655261,0.12008461623922925
41.56,-1.5192938226211763,-0.09267869503522565,0.14225061948859044
41.57,-1.5193625136765248,-0.0937183334693801,0.16587247058701737
41.58,-1.5194320343879633,-0.0939747713072538,0.1911103169389025
41.59,-1.5195018885720315,-0.09334278383976197,0.21815006789249772
41.6,-1.5195715356043724,-0.09169391241809664,0.2472085298606481
41.61,-1.519640386298629,-0.08887044002191154,0.2785397604400643
41.62,-1.5197077987748087,-0.08467745184439598,0.3124429508494254
41.63,-1.5197730711610684,-0.07887227105608052,0.34927221345780973
41.64,-1.519835438696117,-0.07115026420250303,0.38944870889787175
41.65,-1.5198940678897066,-0.061125578304983885,0.4334755719385231
41.660000000000004,-1.5199480477469665,-0.04830475077360033,0.4819560028557347
41.67,-1.5199963954816194,-0.03205025191987118,0.5356145088573838
41.68,-1.5200380423595916,-0.011529803739886824,0.595320245182217
41.69,-1.520071859456924,0.014354183381848518,0.6621088190888323
41.7,-1.520096662870988,0.047062167487536805,0.7371929495206258
41.71,-1.5201112718361984,0.08854901919651839,0.8219387791391641
41.72,-1.520114592420172,0.14143016783968052,0.9177544386010285
41.730000000000004,-1.5201057930321866,0.20915661563162008,1.0257721814444931
41.74,-1.5200846172898674,0.29609045023365665,1.1460729532167861
41.75,-1.5200519129749779,0.4071498505823563,1.2759743430187958
41.76,-1.5200104574595636,0.546200712335963,1.4066955625682096
41.77,-1.5199659543220712,0.7117236624344314,1.5183353021520096
41.78,-1.5199274735506298,0.8891385675000694,1.5769079460507736
41.79,-1.5199056353748261,1.0458612491555885,1.544670064112565
41.800000000000004,-1.519907590222056,1.143885058190277,1.4094626388787141
41.81,-1.5199323070995145,1.1673865485027737,1.2030095324003813
41.82,-1.5199716008600657,1.131117110234357,0.9767929512251314
41.83,-1.520015458154699,1.0615468600996416,0.7678838787814847
41.84,-1.5200560194833965,0.9796813036610774,0.5909369289645509
41.85,-1.5200885197352192,0.8973851763268558,0.44677950681359613
41.86,-1.5201106624692247,0.8200242324827663,0.33092531369078493
41.87,-1.520121746382836,0.7494501718130216,0.23791477970427555
41.88,-1.5201219904348564,0.6858696293813374,0.16288829814508782
41.89,-1.520112102254735,0.6288096563469734,0.10194174269605433
41.9,-1.5200930224522444,0.5775723011697163,0.05205915449752038
41.910000000000004,-1.5200657792107595,0.531434436212193,0.010940815519603964
41.92,-1.5200314081553001,0.4897276966090448,-0.023165437833956526
41.93,-1.5199909097496127,0.4518641449369078,-0.05160145761276322
41.94,-1.519945230323748,0.41733849913439136,-0.07540309505919077
41.95,-1.519895248444914,0.38572112307833084,-0.09537736435360623
41.96,-1.5198417787903848,0.35664815411959105,-0.11215901882114292
41.97,-1.5197855680572765,0.32981151547231125,-0.12625203216848316
41.980000000000004,-1.5197273027762925,0.30494987721058275,-0.13806015678503372
41.99,-1.519667610430743,0.2818408840694606,-0.1479095959258889
42.0,-1.5196070649473743,0.26029464006139624,-0.15606596629136327
42.01,-1.519546191247396,0.24014831773858805,-0.16274710182122126
42.02,-1.519485468174761,0.22126172603742078,-0.1681328049646708
42.03,-1.5194253336692336,0.20351367330236955,-0.17237233898819498
42.04,-1.5193661873116215,0.18679898286816243,-0.17559023330247583
42.050000000000004,-1.5193083936801361,0.17102603952368978,-0.17789081808806412
42.06,-1.519252284625911,0.15611476749017386,-0.1793617930900291
42.07,-1.5191981626952455,0.14199495843743873,-0.1800770561471603
42.08,-1.5191463029005359,0.12860488500011372,-0.180098959146662
42.09,-1.5190969539855692,0.11589014721637661,-0.17948011757467613
42.1,-1.519050340970816,0.10380270934884422,-0.17826486929068464
42.11,-1.5190066667255029,0.09230009388717028,-0.1764904550495234
42.12,-1.5189661128808896,0.08134470558591156,-0.17418797660215235
42.13,-1.5189288414571973,0.07090326339967304,-0.17138317553556087
42.14,-1.5188949946040895,0.06094632334204611,-0.16809706602628624
42.15,-1.5188646979424147,0.05144787681483182,-0.16434644798591733
42.160000000000004,-1.5188380591077761,0.04238501489926971,-0.16014432011905985
42.17,-1.5188151696988543,0.0337376476205854,-0.15550020943079962
42.18,-1.5187961053856516,0.02548827197256945,-0.15042042898985553
42.19,-1.5187809258743648,0.017621782516144407,-0.14490827357264435
42.2,-1.5187696769244512,0.010125319544277422,-0.1389641605716303
42.21,-1.518762388992238,0.002988152543188377,-0.1325857208727299
42.22,-1.5187590783402218,-0.0037984046965014173,-0.12576784392819246
42.230000000000004,-1.5187597475000547,-0.010241048244878398,-0.11850267891302793
42.24,-1.5187643839292593,-0.016344507918670842,-0.11077959262895214
42.25,-1.5187729608741471,-0.022111541576247368,-0.10258508438468397
42.26,-1.5187854388929631,-0.027542898463846277,-0.09390265600222583
42.27,-1.5188017628803903,-0.03263724878957777,-0.08471263332059162
42.28,-1.5188218637911883,-0.03739107818510137,-0.07499193618787461
42.29,-1.5188456579361147,-0.041798541631270225,-0.06471378998923008
42.300000000000004,-1.5188730452365147,-0.04585127148691351,-0.05384737109122062
42.31,-1.5189039110010232,-0.04953813308278873,-0.04235737719837829
42.32,-1.5189381241199897,-0.052844917146831344,-0.030203508667072
42.33,-1.5189755361201382,-0.05575395759579366,-0.017339845792202713
42.34,-1.5190159810783792,-0.05824365899143952,-0.003714102269154418
42.35,-1.5190592731958694,-0.06028791296099717,0.010733270752221274
42.36,-1.519105207832087,-0.06185537856976467,0.026070159981981506
42.37,-1.5191535582943128,-0.06290859174697241,0.04237408572000373
42.38,-1.5192040755560994,-0.0634028611401822,0.05973376615129847
42.39,-1.5192564849752848,-0.063284892138852,0.07825101456103939
42.4,-1.519310486178052,-0.062491064517406464,0.09804304830426239
42.410000000000004,-1.5193657494976511,-0.060945262270767714,0.11924531348180623
42.42,-1.5194219132780302,-0.05855612192701118,0.14201495570209058
42.43,-1.5194785815146603,-0.05521351789387796,0.16653510561899534
42.44,-1.5195353201583037,-0.050784037713645785,0.1930201960748691
42.45,-1.51959165267016,-0.0451051083740604,0.2217225882136781
42.46,-1.5196470565964433,-0.037977304936687606,0.2529408591737171
42.47,-1.5197009587525436,-0.029154187153776406,0.28703019429266297
42.480000000000004,-1.5197527285425847,-0.018328746221021264,0.32441542280874924
42.49,-1.5198016760145832,-0.005115169958708338,0.36560731322661477
42.5,-1.5198470418579402,0.010975895824524795,0.41122274880464926
42.51,-1.519887998316139,0.030571130637314287,0.4620091697626627
42.52,-1.519923650681472,0.0544808398027892,0.5188728677523584
42.53,-1.5199530280044045,0.08376226038393886,0.582908543888635
42.54,-1.5199751161330464,0.11980490345470246,0.6554221559172776
42.550000000000004,-1.5199888814609328,0.16444128349246914,0.7379264517981735
42.56,-1.5199933471461637,0.22007721808656036,0.8320595622655105
42.57,-1.5199877358238236,0.2898051064346643,0.9393126702656108
42.58,-1.5199717214082664,0.37737556780854764,1.0603184885074646
42.59,-1.519945877553221,0.4866814523286399,1.1932123248654107
42.6,-1.5199123742068874,0.6199581222307697,1.330330871066591
42.61,-1.5198758377883053,0.7734373950971511,1.4530514061717434
42.62,-1.5198437541943095,0.9304696744337789,1.5283040084265467
42.63,-1.5198250005485612,1.0588606327438248,1.517934311579946
42.64,-1.519825677641201,1.1254922318339278,1.4072342363534378
42.65,-1.5198451959189034,1.1214992769380556,1.223877603167711
42.660000000000004,-1.5198770660484238,1.0655749393621206,1.0160831922859033
42.67,-1.519913200330036,0.9840151146253246,0.8199583612050066
42.68,-1.5199471547520993,0.8958395057100645,0.6509130627415822
42.69,-1.519974937059462,0.8109378843083889,0.5110578019045598
42.7,-1.5199945460880162,0.7332541133082191,0.39705439477349713
42.71,-1.5200052864306057,0.6637280486470771,0.30428715590138783
42.72,-1.520007231830614,0.6020053763279335,0.2284691933288731
42.730000000000004,-1.5200008757233383,0.5472716904732692,0.1660729261544276
42.74,-1.519986921083243,0.4986207986586708,0.11432753995862202
42.75,-1.519966158198464,0.4552018952123355,0.07109290811313793
42.76,-1.5199393996347028,0.4162680307939354,0.034721136895256244
42.77,-1.519907435760707,0.38118295712219324,0.00393875693568127
42.78,-1.51987102497027,0.3494119841473543,-0.02224516132421392
42.79,-1.5198308739243398,0.3205080061211897,-0.044608192543999975
42.800000000000004,-1.5197876450353514,0.29409729940365104,-0.0637659642581937
42.81,-1.5197419487137596,0.26986680341395863,-0.08021025511895964
42.82,-1.5196943486443832,0.24755333709303154,-0.09433731294988418
42.83,-1.519645364274953,0.22693469809735883,-0.10646902802450786
42.84,-1.519595471933612,0.2078224120353602,-0.11686888185217226
42.85,-1.5195451106105586,0.19005585804844918,-0.12575405954963137
42.86,-1.5194946835640257,0.1734975177807133,-0.1333047256430168
42.87,-1.5194445599622464,0.15802912872247307,-0.13967118711064172
42.88,-1.5193950799382467,0.14354856101408897,-0.14497947027016062
42.89,-1.5193465554456074,0.12996727438583883,-0.14933569593224685
42.9,-1.5192992718516996,0.11720823894849361,-0.15282953712174874
42.910000000000004,-1.519253491317406,0.1052042279777057,-0.1555369705241435
42.92,-1.5192094533132234,0.09389641137526464,-0.1575224791904166
42.93,-1.5191673771842713,0.0832331916303693,-0.1588408260903285
42.94,-1.5191274618022126,0.07316923803187861,-0.15953848860857356
42.95,-1.5190898885893538,0.06366468170994674,-0.15965482389597674
42.96,-1.519054821583445,0.05468444426486213,-0.15922301780332043
42.97,-1.5190224086188233,0.04619767625956578,-0.158270859088322
42.980000000000004,-1.5189927822388332,0.03817728755711797,-0.15682137089689768
42.99,-1.518966059235068,0.03059955510401391,-0.15489332450079785
43.0,-1.5189423436375478,0.023443795345282847,-0.1525016553959917
43.01,-1.5189217249904856,0.016692093651945517,-0.14965779629395926
43.02,-1.5189042800069452,0.010329081593982992,-0.14636993974903545
43.03,-1.5188900726195866,0.00434175719800356,-0.1426432391550309
43.04,-1.5188791535410455,-0.0012806565821857352,-0.13847995521335718
43.050000000000004,-1.5188715621488602,-0.006546819189479497,-0.13387955332712986
43.06,-1.5188673251875169,-0.011463346861972673,-0.12883875485620952
43.07,-1.5188664573158106,-0.01603485659905357,-0.12335154491725989
43.08,-1.5188689618604732,-0.02026398004139701,-0.11740913743973493
43.09,-1.5188748293535994,-0.024151346524278416,-0.11099989667469845
43.1,-1.5188840374957366,-0.027695534999598842,-0.10410921407805843
43.11,-1.5188965536549797,-0.030892992947185977,-0.09671933776896882
43.12,-1.5189123313075816,-0.03373791768045209,-0.08880914894781908
43.13,-1.5189313114192098,-0.03622209774583135,-0.08035388088605006
43.14,-1.5189534221161787,-0.03833470756510868,-0.07132477168603557
43.15,-1.5189785767335806,-0.04006204786122611,-0.06168864062527321
43.160000000000004,-1.5190066752491265,-0.04138722326193445,-0.0514073762570208
43.17,-1.5190376026436643,-0.042289743608937974,-0.040437318909284675
43.18,-1.5190712279577987,-0.04274503398319526,-0.02872851794883774
43.19,-1.5191074038308165,-0.04272383331821028,-0.016223838231878424
43.2,-1.5191459643522665,-0.042191455438388537,-0.0028578830645166198
43.21,-1.5191867257464007,-0.04110688011435676,0.011444306115983766
43.22,-1.5192294832881892,-0.039421629889348136,0.026768826408576085
43.230000000000004,-1.5192740105173606,-0.03707837758208565,0.043214831106361096
43.24,-1.5193200565569398,-0.034009210049651684,0.06089687353060458
43.25,-1.519367345130834,-0.030133451459322086,0.07994778465046956
43.26,-1.5194155714812285,-0.025354915709519477,0.1005222251569966
43.27,-1.5194643989007228,-0.019558414243364103,0.12280109278809256
43.28,-1.5195134568958228,-0.012605284319660903,0.1469970194665824
43.29,-1.5195623367408733,-0.0043276164459838395,0.17336126400058288
43.300000000000004,-1.51961058710821,0.0054792584797616894,0.20219239417994603
43.31,-1.5196577108820042,0.01706662914045376,0.23384726302577086
43.32,-1.5197031579597193,0.030745453041021803,0.26875491473111335
43.33,-1.5197463224785321,0.04690376054258791,0.30743418478598183
43.34,-1.5197865377945177,0.06603002390470036,0.3505158441877615
43.35,-1.5198230680427576,0.08874467570603009,0.39877004203301514
43.36,-1.5198551143332608,0.11584262322828673,0.45313920169561644
43.37,-1.5198818060464845,0.14835015207826963,0.5147746863943478
43.38,-1.5199022251573928,0.18759928882929086,0.5850706651146405
43.39,-1.5199154253816243,0.23531942141225293,0.6656766482185765
43.4,-1.519920498477903,0.2937339589216993,0.758441845588659
43.410000000000004,-1.5199166984043426,0.36561423711537,0.8651800419141569
43.42,-1.519903662693539,0.45414844407171795,0.9870058346163655
43.43,-1.5198818138406827,0.5622610696598114,1.1227393023934866
43.44,-1.5198529853819043,0.6906078518115557,1.2655946067772714
43.45,-1.5198212029801557,0.8331932970356557,1.397855809707421
43.46,-1.5197930509237514,0.971289801879659,1.4869929951179945
43.47,-1.5197763666612536,1.0731062208164268,1.494498733744371
43.480000000000004,-1.5197765484375196,1.1104059885568316,1.4039768172797138
43.49,-1.519793167601219,1.0810480331215726,1.2401833303430878
43.5,-1.5198206987778597,1.007285673623335,1.04858078971497
43.51,-1.5198522208177403,0.9150293500519366,0.8641421654143738
43.52,-1.5198821777967373,0.8213309664795524,0.7026454955342275
43.53,-1.5199070760667328,0.7342234714903095,0.567163455960353
43.54,-1.519925113927144,0.6563503595213459,0.4553028255218789
43.550000000000004,-1.5199356115866842,0.5878328236267539,0.36317654033191743
43.56,-1.5199385606144995,0.5278196071440482,0.2870080854907131
43.57,-1.519934326765239,0.4751968743329459,0.22361357040764435
43.58,-1.5199234691591257,0.4288773118301702,0.1704504557104561
43.59,-1.519906633116642,0.3878998417789653,0.12552994430479977
43.6,-1.51988449439441,0.35145008815860024,0.08730477914221357
43.61,-1.5198577134038953,0.31885063274063646,0.05456871769344976
43.62,-1.519826933255212,0.2895419250450403,0.026375903017987923
43.63,-1.5197927568067688,0.26306225028697966,0.0019790136792111057
43.64,-1.519755750805914,0.23902978099420938,-0.01921732965887779
43.65,-1.5197164424360006,0.2171275036689651,-0.03769147425014363
43.660000000000004,-1.519675319618236,0.19709093755420648,-0.053830918670139866
43.67,-1.5196328348177577,0.17869826855264856,-0.06795204221031381
43.68,-1.5195894053454633,0.1617624709907388,-0.08031506676652109
43.69,-1.5195454170067397,0.14612502290042376,-0.09113548818219454
43.7,-1.5195012259851786,0.13165088510365577,-0.10059287837908404
43.71,-1.5194571603771707,0.1182244772798293,-0.10883771643817702
43.72,-1.519413523381834,0.10574643938448888,-0.11599673129388235
43.730000000000004,-1.5193705943663618,0.09413101379805061,-0.12217711118951381
43.74,-1.5193286313615864,0.08330391873744669,-0.12746984386565618
43.75,-1.5192878708367519,0.07320061330045982,-0.13195238408895008
43.76,-1.519248531691256,0.0637648743137845,-0.13569079747879897
43.77,-1.5192108143873035,0.054947625590635873,-0.13874149201585131
43.78,-1.5191749033560584,0.04670596986798309,-0.14115262374977205
43.79,-1.5191409661324626,0.039002386889673196,-0.14296524186658327
43.800000000000004,-1.5191091569588975,0.03180406602273708,-0.14421422481085977
43.81,-1.5190796151345622,0.025082351716989332,-0.14492904594669098
43.82,-1.519052467199592,0.01881228104222471,-0.14513440053372198
43.83,-1.519027826484004,0.012972199597788892,-0.14485071747613917
43.84,-1.5190057936075954,0.007543443012441975,-0.14409457518335206
43.85,-1.5189864584267987,0.002510074409470875,-0.14287903641168465
43.86,-1.518969898414595,-0.002141328697522371,-0.14121391314480364
43.87,-1.5189561802990323,-0.006421845394757153,-0.1391059711932679
43.88,-1.5189453595992284,-0.010340343706515653,-0.13655908072761477
43.89,-1.518937480463352,-0.013903578180182286,-0.13357431801980482
43.9,-1.5189325773229634,-0.017116255376424527,-0.13015002200286774
43.910000000000004,-1.518930673235189,-0.01998106769475555,-0.12628180712031456
43.92,-1.518931780631319,-0.022498697209563906,-0.12196253390315288
43.93,-1.5189359021050062,-0.02466778880659487,-0.11718223660934807
43.94,-1.5189430283711198,-0.02648489080335706,-0.1119280057359161
43.95,-1.5189531379326282,-0.027944361932483452,-0.10618382312879386
43.96,-1.518966200665733,-0.029038241858490577,-0.09993034556965172
43.97,-1.5189821734921676,-0.0297560786659731,-0.09314462903605178
43.980000000000004,-1.519001001217418,-0.03008470992315121,-0.085799787564617
43.99,-1.5190226167808125,-0.03000798875976557,-0.07786457566263241
44.0,-1.5190469390557158,-0.029506444864900477,-0.06930288083820771
44.01,-1.5190738740895942,-0.028556869243155536,-0.060073110829564236
44.02,-1.5191033133668395,-0.027131805706676893,-0.050127453580956105
44.03,-1.5191351330274114,-0.025198929788351865,-0.03941098440004184
44.04,-1.5191691928284476,-0.022720289138941308,-0.027860586879137145
44.050000000000004,-1.5192053345261207,-0.019651372366570052,-0.015403645376180136
44.06,-1.5192433817623314,-0.01593996413571555,-0.0019564557923532067
44.07,-1.5192831374735452,-0.011524730478825407,0.012577714847218507
44.08,-1.5193243820006594,-0.006333462674832924,0.028311007795500415
44.09,-1.51936687170606,-0.00028088469699402707,0.045373905238070666
44.1,-1.5194103362542482,0.006734101863213299,0.06391886488650586
44.11,-1.5194544758488675,0.014831902917690515,0.08412484983421639
44.12,-1.5194989581594596,0.024156672279198627,0.1062030069897158
44.13,-1.519543415205322,0.03488201153636619,0.1304038259965281
44.14,-1.5195874383690473,0.04721834328186919,0.15702621392146146
44.15,-1.5196305750468255,0.06142252117633393,0.18642905157442177
44.160000000000004,-1.5196723240919958,0.07781044766400225,0.21904596001373222
44.17,-1.5197121276050811,0.09677374824773569,0.255404188265571
44.18,-1.5197493716892225,0.11880190879321767,0.29614869308825614
44.19,-1.5197833730160184,0.1445117171037482,0.3420725179939912
44.2,-1.519813386325139,0.17468624645206554,0.3941541732320024
44.21,-1.5198385970137784,0.21032568970736043,0.45360117883888096
44.22,-1.5198581364520511,0.2527111494845037,0.5218944904415443
44.230000000000004,-1.5198711027613783,0.3034775717822987,0.6008170960523423
44.24,-1.5198766224534799,0.36467700445118567,0.6924221541171808
44.25,-1.5198739566984587,0.43877266309443863,0.7988307924187124
44.26,-1.519862715786127,0.528402915269411,0.9216068980477679
44.27,-1.5198432316593697,0.6355309472317877,1.060186587228954
44.28,-1.5198171508159524,0.7592286129364296,1.2085244377550601
44.29,-1.519788173285841,0.8912705454502791,1.3495773108143336
44.300000000000004,-1.519762390208764,1.0109234966880924,1.4510856097959408
44.31,-1.5197470346289785,1.0870273470748368,1.4741510667695756
44.32,-1.5197470510785163,1.0964049960064581,1.4011431157537007
44.33,-1.5197620479271734,1.0433932925483724,1.2545839282493538
44.34,-1.5197870498636075,0.9533284818051572,1.0775682798547803
44.35,-1.5198158628617646,0.8514765718340287,0.903920140857791
44.36,-1.5198434767441102,0.7529259739783504,0.7495896379409808
44.37,-1.5198667179231817,0.6639595767623369,0.6184160424690112
44.38,-1.5198839100681476,0.5860278165534434,0.508813103039124
44.39,-1.519894381946619,0.5185126321959723,0.41753757962933613
44.4,-1.5198980711333556,0.4601185987286806,0.3412743467843316
44.410000000000004,-1.5198952607289522,0.40946611118136256,0.27715574208271
44.42,-1.5198864172024855,0.3653079074896305,0.2228524175306039
44.43,-1.519872094253295,0.32658591628867956,0.1765188304834113
44.44,-1.519852876153032,0.29242666634850367,0.13670423797848988
44.45,-1.5198293494510389,0.2621167905534243,0.10226772695351666
44.46,-1.5198020776084022,0.23507513272384464,0.07230786271901865
44.47,-1.5197716016028624,0.21082736802954344,0.04610761552613721
44.480000000000004,-1.5197384271561025,0.18898475759602276,0.023092261165503086
44.49,-1.5197030301880925,0.1692270063239591,0.002797474885835066
44.5,-1.519665852510273,0.15128866714190628,-0.015154823632296754
44.51,-1.5196273052754008,0.13494842955727815,-0.03107481565424819
44.52,-1.5195877704436271,0.12002069181086081,-0.045218792037186484
44.53,-1.5195476010083266,0.10634891771748181,-0.057799920960175555
44.54,-1.5195071253444086,0.09380037987912015,-0.06899658482388904
44.550000000000004,-1.519466647603189,0.08226198141829702,-0.07895888219659378
44.56,-1.519426448738596,0.07163691720935891,-0.0878137360093709
44.57,-1.5193867898883848,0.06184199092785567,-0.0956689355905514
44.58,-1.519347912389339,0.05280544832187431,-0.10261635620123824
44.59,-1.5193100401837918,0.04446521741148149,-0.10873454014829914
44.6,-1.5192733790633506,0.03676747303906627,-0.11409077765409736
44.61,-1.5192381205181407,0.029665459331121136,-0.11874279403000067
44.62,-1.5192044403277007,0.023118521524212676,-0.12274012297231605
44.63,-1.519172501037645,0.017091305832381942,-0.12612522940519744
44.64,-1.5191424506827067,0.011553097820676234,-0.1289344293931917
44.65,-1.5191144258324285,0.0064772730794887545,-0.13119864580270943
44.660000000000004,-1.5190885505475806,0.0018408425166164255,-0.132944028255835
44.67,-1.5190649374309924,-0.0023759243421542786,-0.1341924612453858
44.68,-1.5190436882055354,-0.006189809783536643,-0.1349619783629588
44.69,-1.5190248928238237,-0.009614901522479014,-0.1352670968255964
44.7,-1.5190086318865372,-0.01266279813005855,-0.1351190840661669
44.71,-1.518994975241453,-0.015342770789333993,-0.13452616422951524
44.72,-1.5189839826586584,-0.01766188708686875,-0.13349367183017258
44.730000000000004,-1.518975704281711,-0.019625099782380667,-0.13202415716719246
44.74,-1.518970179711135,-0.021235302616390173,-0.13011744665972774
44.75,-1.5189674390225034,-0.022493355227468648,-0.12777066050175645
44.76,-1.5189675027845815,-0.023398077071271728,-0.12497818798181383
44.77,-1.5189703808714365,-0.02394620991450036,-0.12173161992188941
44.78,-1.5189760738273084,-0.024132348429968142,-0.11801963702577986
44.79,-1.5189845718726567,-0.023948835621068892,-0.11382785036869945
44.800000000000004,-1.518995853107775,-0.023385620155533277,-0.10913858975424964
44.81,-1.519009885947916,-0.022430072140711826,-0.10393063455946094
44.82,-1.5190266281871527,-0.021066749838722643,-0.09817887782787
44.83,-1.5190460245908364,-0.019277110055996194,-0.09185391344554208
44.84,-1.5190680084857022,-0.017039153470025936,-0.084921533968236
44.85,-1.5190924993249055,-0.014326990783630644,-0.07734212098362586
44.86,-1.5191194032095408,-0.011110315323042186,-0.06906990788175098
44.87,-1.5191486118895496,-0.007353760976416962,-0.06005208732468828
44.88,-1.519180001254647,-0.0030161200152529766,-0.05022772937458683
44.89,-1.5192134303628346,0.00195061186000553,-0.039526466921325554
44.9,-1.5192487397160894,0.007602405735244566,-0.02786689249647295
44.910000000000004,-1.519285750706324,0.014004639146736358,-0.015154595265559068
44.92,-1.5193242631701476,0.02123387679339417,-0.0012797451638692225
44.93,-1.519364052710237,0.029380084835549963,0.01388589569493237
44.94,-1.5194048697024305,0.03854940058628653,0.030492690908684228
44.95,-1.5194464358122286,0.048867620287237595,0.048717783728411596
44.96,-1.5194884404951736,0.06048462019461512,0.06877095835284877
44.97,-1.5195305384332252,0.0735799995435828,0.0909020677777489
44.980000000000004,-1.5195723450618082,0.08837033394863311,0.11541050450072923
44.99,-1.5196134313415883,0.10511856126412655,0.1426573424753146
45.0,-1.519653320708214,0.12414619984110692,0.17308097250026375
45.01,-1.5196914803153885,0.14584933104681666,0.20721728827908892
45.02,-1.5197273187482312,0.17071955117769044,0.24572572062059747
45.03,-1.5197601829410432,0.19937138028552623,0.28942257519066594
45.04,-1.51978934422071,0.2325777517988694,0.3393229304195982
45.050000000000004,-1.5198140130089293,0.27131476234442387,0.39669108870579006
45.06,-1.5198333350574442,0.3168147532676921,0.4630955669221696
45.07,-1.5198464210285092,0.37062012456792115,0.5404536393024173
45.08,-1.5198523980688536,0.4346121114039584,0.6310227441722078
45.09,-1.51985051578911,0.5109426383483663,0.7372295448724899
45.1,-1.5198403528975,0.6016888599400069,0.8610785417784388
45.11,-1.5198221836231207,0.7078268323852538,1.0025944314558972
45.12,-1.5197975619835535,0.8268045889050808,1.1564014669722489
45.13,-1.5197700450707083,0.948151230060162,1.305985056633399
45.14,-1.519745512513178,1.0492561609100512,1.41915989189369
45.15,-1.5197309040568907,1.0999456146680275,1.4565516598611696
45.160000000000004,-1.5197308983723508,1.082364580374404,1.3995036349328165
45.17,-1.5197450812304831,1.0070618988551088,1.2686989898029257
45.18,-1.5197687776882436,0.9019517164106032,1.1051549429363425
45.19,-1.5197961893907177,0.7913989133490567,0.941609120286592
45.2,-1.5198226516543745,0.6885332682353152,0.7941012567078968
45.21,-1.5198451653803278,0.597983360719646,0.667123269497325
45.22,-1.519862119717911,0.5200985725506796,0.5598042454339192
45.230000000000004,-1.5198728376201203,0.4535871705037555,0.46948386491387106
45.24,-1.519877214409008,0.3967517492440763,0.3932712018931964
45.25,-1.519875475362963,0.34797306257715044,0.32859301977317457
45.26,-1.5198680252330659,0.3058598861054888,0.27332067528380743
45.27,-1.5198553578473282,0.2692669137072511,0.22574487713584357
45.28,-1.5198380011996315,0.2372675328063609,0.1845075874620465
45.29,-1.5198164903508957,0.20911604974995993,0.14853126944406206
45.300000000000004,-1.5197913461227408,0.18421187977264755,0.11695802856814827
45.31,-1.519763067611023,0.16206936865353783,0.08910086205502238
45.32,-1.5197321283826475,0.14229358156669028,0.06440578244358583
45.33,-1.5196989718980451,0.12456130362192097,0.04242275835010728
45.34,-1.5196640148154543,0.10860626016467911,0.022783493609918104
45.35,-1.5196276450228785,0.09420764413654914,0.005184410850130133
45.36,-1.5195902244929154,0.0811811928663978,-0.010626435640615356
45.37,-1.5195520904584559,0.06937222028457068,-0.02485948275546393
45.38,-1.519513555851172,0.05865014780555591,-0.03769153938672418
45.39,-1.5194749126955003,0.048904185743287504,-0.04927196426601946
45.4,-1.519436432336,0.04003990325900855,-0.05972754163919655
45.410000000000004,-1.5193983671607205,0.031976486938922466,-0.06916635546212577
45.42,-1.5193609514687823,0.024644537031003333,-0.07768088755667826
45.43,-1.5193244035055697,0.017984285568480196,-0.08535051049076578
45.44,-1.5192889260828153,0.011944148482964378,-0.09224350444708783
45.45,-1.519254706912943,0.0064795434695683884,-0.09841869731370931
45.46,-1.5192219200156618,0.001551920539783036,-0.10392680450487976
45.47,-1.519190726894997,-0.002872035500589426,-0.10881152738464286
45.480000000000004,-1.519161276352759,-0.0068210625227062005,-0.11311045609683729
45.49,-1.519133705870204,-0.010319864262810341,-0.11685581309570289
45.5,-1.5191081404761757,-0.013389558311513394,-0.12007506508531227
45.51,-1.5190846957767974,-0.016048045936591676,-0.12279142642098757
45.52,-1.5190634761306543,-0.018310314404344552,-0.12502427037748914
45.53,-1.5190445759973472,-0.020188683118542355,-0.12678946301643215
45.54,-1.5190280801167,-0.021693000476346203,-0.12809962995760737
45.550000000000004,-1.5190140626591808,-0.02283079741611002,-0.12896436442682302
45.56,-1.519002589173959,-0.023607402979825498,-0.12939038343288106
45.57,-1.5189937154481574,-0.024026024067543422,-0.12938163603190367
45.58,-1.518987487644686,-0.02408779248758497,-0.12893936739507073
45.59,-1.5189839430395198,-0.02379178052719,-0.12806214050710954
45.6,-1.5189831088176597,-0.023134984900432864,-0.12674581578266755
45.61,-1.5189850021863287,-0.022112279318403788,-0.12498348848488006
45.62,-1.5189896319205773,-0.02071633429484479,-0.122765382143509
45.63,-1.518996995730617,-0.018937500772408244,-0.1200786941601699
45.64,-1.5190070815130325,-0.01676365574203381,-0.11690739004937564
45.65,-1.5190198668196557,-0.014180004119178025,-0.11323193935742207
45.660000000000004,-1.5190353170045807,-0.011168830839223098,-0.10902898504797107
45.67,-1.5190533869304934,-0.00770919644030002,-0.10427093651738671
45.68,-1.5190740193537544,-0.003776564665318033,-0.09892547167093425
45.69,-1.5190971438884178,0.0006576497171668916,-0.09295493144534804
45.7,-1.5191226770418564,0.005626628747844614,-0.08631558508578424
45.71,-1.5191505198270927,0.011168815789516534,-0.07895673795467151
45.72,-1.5191805589563698,0.017328721086474375,-0.07081964767607134
45.730000000000004,-1.5192126637227519,0.02415790286963751,-0.06183620236451565
45.74,-1.5192466858879579,0.03171616437966995,-0.051927304412220654
45.75,-1.519282456531728,0.040073022082048826,-0.041000884376761776
45.76,-1.5193197862054582,0.049309513482766215,-0.02894944940953556
45.77,-1.5193584615606233,0.05952043680492186,-0.015647038945278774
45.78,-1.5193982427645503,0.070817140380454,-0.0009454226717967307
45.79,-1.5194388615757037,0.08333101786628719,0.015330678043734086
45.800000000000004,-1.5194800177048338,0.097217915856124,0.033389636170104875
45.81,-1.5195213746249046,0.11266372676719538,0.053480619787478145
45.82,-1.5195625562829842,0.12989152881580418,0.07590346537594203
45.83,-1.519603142118276,0.14917075258592177,0.10102141628470021
45.84,-1.5196426605037217,0.1708290026430313,0.12927764700644703
45.85,-1.5196805863218965,0.1952673407284681,0.16121677863595205
45.86,-1.519716328855846,0.22298002902117395,0.19751292080783864
45.87,-1.5197492340205452,0.2545798471762124,0.2390060567827618
45.88,-1.519778573070264,0.29082995140892276,0.2867485959933763
45.89,-1.519803546596549,0.3326822709368481,0.34206296557317417
45.9,-1.5198232870601438,0.381319324635719,0.4066075130696956
45.910000000000004,-1.5198368865553094,0.4381878289130755,0.4824375058664502
45.92,-1.5198434428773715,0.5049909010531852,0.5720204202358997
45.93,-1.519842169100765,0.5835538863102496,0.6780966105988713
45.94,-1.5198326031567415,0.6753633072256109,0.8031204523438095
45.95,-1.5198149789719828,0.7803579526953294,0.9477089454610186
45.96,-1.5197908255789034,0.8942972207279384,1.107135484148134
45.97,-1.5197637004306994,1.004444189219734,1.2653376075352931
45.980000000000004,-1.5197394990267687,1.0864851824326096,1.3900640904402985
45.99,-1.5197251229945632,1.1116682073827444,1.441346481643594
46.0,-1.519725146146178,1.067750300816531,1.399535413936233
46.01,-1.519739104019072,0.9712046674298427,1.2836644320549422
46.02,-1.5197624254016642,0.852028910319155,1.1328859787233
46.03,-1.5197894964595235,0.7334572502387882,0.9789571214104794
46.04,-1.5198157962475518,0.6266720856597183,0.8379989936446764
46.050000000000004,-1.5198383969637703,0.5347322455068945,0.7151000470348162
46.06,-1.5198556965052443,0.4569624261338918,0.6100485106260354
46.07,-1.519866992858466,0.39144926090964344,0.5207258067903412
46.08,-1.5198721412805414,0.33612552135532403,0.44463859861403865
46.09,-1.5198713230597671,0.2891514728318406,0.3794918668003825
46.1,-1.5198649004883964,0.24900318399563848,0.3233481111231308
46.11,-1.5198533284544933,0.21445468879993088,0.27462878282529724
46.12,-1.5198371036791167,0.18453004601192513,0.2320654624764275
46.13,-1.5198167297985266,0.15845341193354143,0.19464233669993927
46.14,-1.5197927062551257,0.13560597638107103,0.16154424395678946
46.15,-1.519765510057295,0.11549137559311576,0.13211389374012647
46.160000000000004,-1.519735599052101,0.09770875132579948,0.10581800531023558
46.17,-1.5197034032787378,0.0819320339939138,0.08222096883587648
46.18,-1.5196693285228722,0.06789406651081392,0.06096448464108731
46.19,-1.5196337550129988,0.05537442241330526,0.0417518305063497
46.2,-1.5195970374802341,0.04419002022409185,0.02433566994573419
46.21,-1.51955950849983,0.03418785100261934,0.00850855899455416
46.22,-1.51952147880699,0.025239308183282988,-0.0059044875862512
46.230000000000004,-1.51948323760771,0.017235736871363566,-0.019051853815645003
46.24,-1.5194450559072514,0.010084916126541332,-0.03105996796012281
46.25,-1.5194071868266164,0.0037082611220818906,-0.04203700945481295
46.26,-1.5193698655839845,-0.0019614163519386385,-0.05207588512170058
46.27,-1.5193333127787265,-0.006981711818059261,-0.06125663315236429
46.28,-1.5192977335680617,-0.011402088026685797,-0.0696483745516723
46.29,-1.519263319908733,-0.015265063206787638,-0.07731090569031104
46.300000000000004,-1.5192302493494563,-0.01860718128672098,-0.0842960028330039
46.31,-1.5191986880387855,-0.02145980799057276,-0.0906484954262321
46.32,-1.5191687897878021,-0.023849784375627986,-0.09640715059915948
46.33,-1.5191406972767787,-0.025799964776242246,-0.10160540380786415
46.34,-1.5191145423742278,-0.027329658945835278,-0.10627196216205953
46.35,-1.5190904454775798,-0.028454994383551452,-0.11043130166050136
46.36,-1.5190685182438204,-0.02918921228083013,-0.11410407570057107
46.37,-1.519048861536499,-0.029542905495577115,-0.11730744706502867
46.38,-1.5190315669193353,-0.02952420783148993,-0.12005535482211388
46.39,-1.519016716522435,-0.029138939688209797,-0.12235872358618484
46.4,-1.5190043823251436,-0.02839071480218161,-0.12422562140570786
46.410000000000004,-1.5189946279691213,-0.02728101199150018,-0.12566137118557735
46.42,-1.5189875073932848,-0.02580921303746081,-0.12666861801360893
46.43,-1.5189830649991847,-0.023972608823525837,-0.12724735473549628
46.44,-1.5189813365832912,-0.021766374000080357,-0.12739490629878314
46.45,-1.5189823477607318,-0.019183508852357922,-0.12710587176711544
46.46,-1.5189861133173839,-0.01621474769475212,-0.12637202264129851
46.47,-1.5189926401207505,-0.012848431841917723,-0.1251821546308463
46.480000000000004,-1.519001923801851,-0.009070341637821805,-0.12352188701857199
46.49,-1.5190139491409924,-0.004863484771154891,-0.12137340451232907
46.5,-1.5190286904404353,-0.00020783394440673786,-0.11871513282907581
46.51,-1.5190461093269745,0.004919994727924343,-0.1155213368384462
46.52,-1.519066155712053,0.010547131381125702,-0.11176162834352735
46.53,-1.519088766856754,0.01670492409583682,-0.10740036524452377
46.54,-1.5191138657420002,0.023429508490955736,-0.10239591997760267
46.550000000000004,-1.5191413609881557,0.030762495071539275,-0.0966997892113905
46.56,-1.51917114435324,0.03875180101123929,-0.09025550801884771
46.57,-1.5192030915762302,0.047452657704092294,-0.08299732303777807
46.58,-1.519237059149352,0.056928837464129134,-0.07484856374333218
46.59,-1.5192728835623908,0.06725415122733669,-0.0657196354208102
46.6,-1.5193103783763298,0.07851428691145804,-0.0555055322744554
46.61,-1.519349333326331,0.09080907611756481,-0.04408273905693502
46.62,-1.5193895110220788,0.10425530527625979,-0.03130534592285053
46.63,-1.5194306432364741,0.11899022083541375,-0.017000144803524297
46.64,-1.5194724289781354,0.13517592399254835,-0.0009603976372891954
46.65,-1.519514529507051,0.1530049123555791,0.01706214081559093
46.660000000000004,-1.5195565637288257,0.1727071023435509,0.03736750700986499
46.67,-1.5195981042454556,0.19455876510156844,0.06032087843245218
46.68,-1.519638669063943,0.2188939277099298,0.08637001289975521
46.69,-1.5196777180749534,0.24611891375003228,0.11606814134268062
46.7,-1.5197146458141344,0.27673079231645714,0.15010409543115438
46.71,-1.5197487711181403,0.31134045407185656,0.18934187833765176
46.72,-1.5197793393031602,0.35070056271029487,0.2348721031356448
46.730000000000004,-1.5198055110757798,0.3957370960929281,0.28807711317842083
46.74,-1.5198263771117628,0.4475789858598821,0.3507084474415291
46.75,-1.5198409735054397,0.5075698643241012,0.4249653501082148
46.76,-1.5198483366969837,0.5772207407155403,0.5135355595758633
46.77,-1.5198476156166674,0.6580047892527388,0.6194897523215935
46.78,-1.5198382877658743,0.7507733241718832,0.7457570865284882
46.79,-1.5198205548003614,0.8543579390712664,0.8935782996447935
46.800000000000004,-1.5197959775586698,0.9627462030015059,1.058900508753402
46.81,-1.519768247607396,1.0609157986293742,1.226097795746601
46.82,-1.5197434893530355,1.1230641155682557,1.3627611332913991
46.83,-1.519728816935145,1.1223439769560568,1.4281780491674294
46.84,-1.5197288598746672,1.0524068057902567,1.4015915138714496
46.85,-1.5197430921330959,0.9353479668585645,1.3004091799107615
46.86,-1.5197668833515827,0.8027928048258167,1.1620681005945577
46.87,-1.5197946045344413,0.6766562746176892,1.0174788897625884
46.88,-1.5198217089813584,0.566192496416635,0.8828908459086748
46.89,-1.5198452334676977,0.47296268339502767,0.7639785840315523
46.9,-1.5198635258802295,0.3953267956502746,0.6611631581865091
46.910000000000004,-1.5198758336225073,0.33078810643577494,0.572844265212467
46.92,-1.5198819665804884,0.27693171810757916,0.4969096647391308
46.93,-1.519882068488196,0.23170967470912257,0.4313320666799242
46.94,-1.5198764720815248,0.19347194191246164,0.37435878372015996
46.95,-1.5198656092397724,0.16091533672353264,0.3245383239273457
46.96,-1.519849963771993,0.13301628602633142,0.28068981796116443
46.97,-1.519830024007904,0.10896953506467219,0.24185807661881595
46.980000000000004,-1.5198062849340275,0.08813826888437348,0.20727014567424001
46.99,-1.519779220716941,0.07001536002952952,0.17629825396577983
47.0,-1.5197492876354195,0.05419383605585329,0.14842982496335178
47.01,-1.5197169187711024,0.04034452062935551,0.12324377149139223
47.02,-1.519682522097017,0.028199103562978778,0.1003919442499851
47.03,-1.5196464827915352,0.01753727222426485,0.07958465242306045
47.04,-1.5196091621474603,0.008176874655116156,0.06057934933818501
47.050000000000004,-1.5195708993797428,-3.3651593450922945e-05,0.04317175934683565
47.06,-1.5195320127541434,-0.007221148882688405,0.02718888560474647
47.07,-1.519492800487039,-0.01349232309281237,0.012483469774467376
47.08,-1.5194535420503434,-0.018937349216997218,-0.0010704235567847165
47.09,-1.5194144994946306,-0.023632727488068106,-0.0135809467864971
47.1,-1.5193759189626013,-0.027643560801183464,-0.025141323468260396
47.11,-1.5193380297643593,-0.031025381435443977,-0.035832161871123286
47.12,-1.5193010480240057,-0.03382562557725069,-0.04572334088737745
47.13,-1.5192651753169604,-0.036084828152747855,-0.05487555342205708
47.14,-1.519230600954506,-0.03783759626042349,-0.0633415756232309
47.15,-1.5191975007401002,-0.03911340385632778,-0.07116731340418048
47.160000000000004,-1.5191660394987714,-0.039937243068688344,-0.0783926684665095
47.17,-1.519136370634326,-0.04033015749086674,-0.08505225526030477
47.18,-1.5191086365784985,-0.040309678914348834,-0.09117599500036022
47.19,-1.5190829696215016,-0.03989018374148082,-0.09678960697164933
47.2,-1.5190594908246682,-0.03908318147079071,-0.10191501285682375
47.21,-1.5190383124558116,-0.03789754631364692,-0.10657066756125837
47.22,-1.5190195365567396,-0.03633969842637186,-0.11077182553232505
47.230000000000004,-1.519003255586133,-0.034413741846959806,-0.11453075111763895
47.24,-1.5189895527753696,-0.03212156327216717,-0.1178568786010578
47.25,-1.518978501239573,-0.029462894743579104,-0.12075692611304714
47.26,-1.5189701650898884,-0.02643534306507858,-0.12323496680155603
47.27,-1.5189645991272336,-0.023034386479197616,-0.12529245851585374
47.28,-1.5189618476976334,-0.019253338914311163,-0.1269282325526768
47.29,-1.5189619464397666,-0.015083282043644758,-0.12813844130698682
47.300000000000004,-1.5189649212447789,-0.010512962235393719,-0.1289164621436707
47.31,-1.5189707855162327,-0.005528650111083833,-0.12925275444083698
47.32,-1.5189795419832968,-0.00011396048124645564,-0.1291346659314248
47.33,-1.5189911859834861,0.0057503730423278665,-0.12854618148867997
47.34,-1.5190056978895075,0.01208677773727812,-0.1274676044777706
47.35,-1.5190230470056312,0.018921179161580842,-0.1258751623991186
47.36,-1.5190431897072152,0.02628341023569944,-0.12374052079971973
47.37,-1.51906606791104,0.0342077037046965,-0.12103018831439458
47.38,-1.5190916101838374,0.04273328367879092,-0.11770479043905252
47.39,-1.5191197286111975,0.051905078393266996,-0.11371818207956116
47.4,-1.5191503190902687,0.06177457816445428,-0.10901636274148271
47.410000000000004,-1.519183258202736,0.07240087279809373,-0.10353614562581867
47.42,-1.5192184036556933,0.08385190806896295,-0.0972035198408003
47.43,-1.5192555909302423,0.09620601566946793,-0.08993162435441099
47.44,-1.519294631987656,0.1095537825175315,-0.0816182293327613
47.45,-1.5193353117188377,0.12400034673760402,-0.0721425857170107
47.46,-1.5193773864997535,0.13966823032594922,-0.06136145985838273
47.47,-1.5194205801017824,0.15670085287534888,-0.04910410697313569
47.480000000000004,-1.519464579389239,0.1752669106964256,-0.03516585343272438
47.49,-1.5195090311101784,0.19556585886923525,-0.01929984115162317
47.5,-1.5195535357062175,0.21783480100586897,-0.001206325545583753
47.51,-1.5195976420432438,0.24235716787694608,0.019481302025537717
47.52,-1.5196408414817832,0.2694736499581559,0.04321489917051885
47.53,-1.519682557846007,0.2995959144390926,0.07055590014498411
47.54,-1.5197221457683523,0.3332236197454023,0.10220763134211802
47.550000000000004,-1.5197588722199498,0.3709650081943475,0.13905824510831638
47.56,-1.5197919230364143,0.41356053612879096,0.18223735801580862
47.57,-1.5198203889300266,0.46190683474463357,0.2331892392740656
47.58,-1.5198432769209682,0.517072915245555,0.2937627762926325
47.59,-1.519859527506605,0.5802878582049369,0.36630908799743
47.6,-1.5198680738445862,0.6528502112537024,0.4537504565641024
47.61,-1.5198679580508165,0.7358456765197594,0.5595126250047349
47.62,-1.5198585693696223,0.8294318260233874,0.687040047380995
47.63,-1.5198400769591878,0.9312457743831762,0.8382572307033312
47.64,-1.5198141272629586,1.0334059215364988,1.0098574109346994
47.65,-1.5197846907081098,1.1185901046868254,1.1867008309507066
47.660000000000004,-1.5197583601584785,1.1597533523447636,1.3361790610423439
47.67,-1.519742750640006,1.1324551807632628,1.4166490062624508
47.68,-1.519742742755776,1.0364941816449775,1.405980371911136
47.69,-1.5197577446174462,0.8992885404100583,1.3198220257386215
47.7,-1.5197829108584573,0.7537012872484194,1.1939862765970235
47.71,-1.5198123784381572,0.6201901708207539,1.0586940880285183
47.72,-1.5198414017996469,0.5061073026607297,0.9304175230824236
47.730000000000004,-1.5198668563521656,0.41157350060891995,0.8154487973753024
47.74,-1.5198869694884731,0.3340256097387387,0.71484415728507
47.75,-1.5199009013372518,0.2704068098114394,0.6275159481162217
47.76,-1.5199084026152985,0.21796587158715983,0.5517272203612434
47.77,-1.5199095795247852,0.17445144337119864,0.4857142661338174
47.78,-1.5199047433926085,0.1380889445389355,0.42790665343789436
47.79,-1.5198943181383446,0.10749799508831498,0.37697851929678217
47.800000000000004,-1.519878781732273,0.0816067526312862,0.3318358339497626
47.81,-1.5198586369941065,0.05957968427856525,0.29158374732038583
47.82,-1.5198343815736697,0.04076107825291314,0.2554914689738157
47.83,-1.5198065069015303,0.024632213079438664,0.22296083185061408
47.84,-1.5197754827961574,0.010779266510798802,0.19350010959146563
47.85,-1.5197417603119994,-0.0011306789368120684,0.16670290705746382
47.86,-1.5197057664068445,-0.01136762612446679,0.1422313958577206
47.870000000000005,-1.5196679047239496,-0.02015222792571722,0.11980307775724819
47.88,-1.5196285567194783,-0.027666087014952767,0.09918034179226087
47.89,-1.5195880811261502,-0.034059636515640646,0.08016220909044844
47.9,-1.5195468163252017,-0.03945821824325288,0.06257778199793271
47.910000000000004,-1.5195050807107786,-0.0439668073544667,0.046281021748609485
47.92,-1.5194631739513693,-0.04767371320187444,0.031146563612109907
47.93,-1.5194213777257997,-0.050653499320521544,0.017066345587115506
47.94,-1.5193799575222675,-0.052969303359895525,0.0039468777807101785
47.95,-1.5193391634171156,-0.05467469169670108,-0.008292980373412862
47.96,-1.5192992298074948,-0.055815150450621534,-0.01972383818790624
47.97,-1.5192603777520806,-0.056429290811633684,-0.030407267954657258
47.980000000000004,-1.5192228148720726,-0.056549826875297984,-0.0403970372383442
47.99,-1.519186736301889,-0.05620437192383662,-0.04974012887255977
48.0,-1.5191523250248438,-0.05541608798090075,-0.058477587161794964
48.01,-1.5191197515869779,-0.054204215955522134,-0.06664522092031794
48.02,-1.519089176710396,-0.05258450824883096,-0.07427418816596702
48.03,-1.5190607493229402,-0.05056957925576483,-0.08139148067027438
48.04,-1.5190346083704211,-0.04816918819417851,-0.08802032490386034
48.050000000000004,-1.5190108821364823,-0.04539046339742814,-0.09418051064894961
48.06,-1.518989688363146,-0.04223807658728293,-0.09988865735221324
48.07,-1.518971135792172,-0.038714373284214426,-0.10515842576154782
48.08,-1.5189553224169332,-0.034819463089674624,-0.11000067990789833
48.09,-1.5189423367060506,-0.03055127420035661,-0.11442360443984397
48.1,-1.518932257300182,-0.025905573477594646,-0.1184327795518765
48.11,-1.5189251518046127,-0.0208759532923104,-0.12203121518991021
48.120000000000005,-1.5189210784004477,-0.015453786088301447,-0.12521934544158586
48.13,-1.5189200850742455,-0.009628144870919009,-0.1279949817350633
48.14,-1.5189222083498295,-0.003385688291478145,-0.13035322312835718
48.15,-1.5189274745301797,0.0032894916827862497,-0.13228632082423042
48.160000000000004,-1.5189358980830638,0.010416064556106497,-0.1337834914954822
48.17,-1.518947480376757,0.01801570285282253,-0.13483067338130045
48.18,-1.5189622120642414,0.026113376208353772,-0.13541021700959693
48.19,-1.518980069682829,0.03473770855542521,-0.13550049839464462
48.2,-1.519001015848947,0.043921406713460315,-0.13507544161055846
48.21,-1.519024998506382,0.053701774570837385,-0.1341039320952275
48.22,-1.5190519486500285,0.06412132949188729,-0.13254909742000107
48.230000000000004,-1.519081781360899,0.07522854028262332,-0.1303674264813986
48.24,-1.5191143923516846,0.08707871451340715,-0.1275076880353277
48.25,-1.5191496577897734,0.09973506570341736,-0.12390960035855625
48.26,-1.5191874307644162,0.11327000296678658,-0.11950218740208172
48.27,-1.5192275412464242,0.1277666931160933,-0.11420173903064773
48.28,-1.5192697921983696,0.1433209627386133,-0.10790926492651566
48.29,-1.5193139570681464,0.1600436224900011,-0.10050729787668745
48.300000000000004,-1.5193597765376128,0.17806332052068433,-0.09185585292681639
48.31,-1.5194069549449907,0.19753006036118825,-0.08178728285889576
48.32,-1.5194551553725373,0.21861955561411095,-0.07009967845233175
48.33,-1.5195039948068385,0.24153863791780186,-0.056548334838644326
48.34,-1.5195530391081067,0.266531987172984,-0.040834627339603
48.35,-1.5196017932341563,0.29389050913224757,-0.02259139162479612
48.36,-1.5196496973258091,0.3239617257095457,-0.0013635610372359774
48.370000000000005,-1.5196961166902472,0.35716254473690606,0.02341765805749363
48.38,-1.519740329068177,0.3939946405626511,0.05246940984635523
48.39,-1.5197815227847897,0.4350622215998349,0.08670369911411416
48.4,-1.519818776390408,0.4810907764215912,0.12728961848511253
48.410000000000004,-1.5198510677079393,0.5329424949133463,0.1757352969081534
48.42,-1.5198772651643457,0.5916174164052871,0.23399159865488733
48.43,-1.5198961574547254,0.6582143191595058,0.3045710251196474
48.44,-1.5199065100599194,0.7337923118393506,0.3906485906693108
48.45,-1.5199071986434904,0.8190044353556083,0.4960383181976814
48.46,-1.5198974763780884,0.9132422979980191,0.6247577664065298
48.47,-1.5198774671432558,1.0128453382320401,0.7795085808320475
48.480000000000004,-1.5198489624223566,1.10795438908794,0.9578607584022064
48.49,-1.5198163895274766,1.178939239799496,1.1452924942978173
48.5,-1.5197871322161962,1.1977784227285153,1.3090190789251888
48.51,-1.5197696835920578,1.1429259757143013,1.4062365030862904
48.52,-1.519769446916822,1.0205368439054303,1.412997843379871
48.53,-1.5197857894475684,0.8630858309299334,1.342881687500513
48.54,-1.519813456352895,0.7043824419882674,1.2300990602574289
48.550000000000004,-1.519846091414447,0.5633511565626859,1.1043597985830238
48.56,-1.5198785232227694,0.44547424537264274,0.9825035852889
48.57,-1.5199073029729835,0.3494702740825818,0.8715171066435153
48.58,-1.5199304356775243,0.2718724154300314,0.7731263534795199
48.59,-1.5199469378140433,0.20906905105498497,0.6867713633734929
48.6,-1.5199564740308014,0.15797098081489724,0.6110974604576399
48.61,-1.519959105084906,0.11611929233835805,0.5446082145142189
48.620000000000005,-1.519955125144357,0.08161025936870941,0.48591772071725
48.63,-1.5199449590866263,0.05298210480723614,0.4338273187663628
48.64,-1.5199291023541293,0.02911116445182399,0.38733098884109485
48.65,-1.5199080760768418,0.009128732752968632,0.3455951254689139
48.660000000000004,-1.519882412414172,-0.007642119396751135,0.3079318093525475
48.67,-1.5198526311124214,-0.021733548531639613,0.27377303623074156
48.68,-1.519819240234677,-0.03356768466297211,0.24264836857759733
48.69,-1.5197827252779168,-0.04348233874520818,0.21416644721401376
48.7,-1.51974355057596,-0.05175011769570062,0.18800003242973523
48.71,-1.5197021576492367,-0.058592736320786015,0.16387402425281974
48.72,-1.5196589637025637,-0.06419181896702417,0.1415559038356733
48.730000000000004,-1.5196143650144018,-0.06869712151418686,0.12084810467989066
48.74,-1.5195687363882902,-0.07223284217944376,0.10158191089136254
48.75,-1.5195224308763626,-0.0749025058734617,0.08361255902299372
48.76,-1.5194757835973796,-0.07679277538470826,0.06681528821303884
48.77,-1.5194291109072293,-0.07797644671034767,0.051082141220150534
48.78,-1.5193827115956584,-0.0785148203753892,0.03631936051737414
48.79,-1.519336868084044,-0.07845959077586215,0.02244525885567583
48.800000000000004,-1.51929184758843,-0.07785436025724592,0.009388469967366753
48.81,-1.5192479026903785,-0.07673585853163419,-0.0029134943347512154
48.82,-1.5192052717239206,-0.07513492889047578,-0.014515438792088026
48.83,-1.5191641791807764,-0.0730773283853048,-0.025465476960417843
48.84,-1.5191248378108773,-0.070584378509392,-0.03580585763761754
48.85,-1.5190874472429754,-0.06767349374226106,-0.045573653441503964
48.86,-1.5190521958606467,-0.06435861087454317,-0.0548013355472613
48.870000000000005,-1.5190192595596725,-0.060650535185754806,-0.06351725187976756
48.88,-1.518988803510561,-0.05655721784315898,-0.07174602434279898
48.89,-1.5189609820077612,-0.05208397407227672,-0.07950887592611161
48.9,-1.5189359380437193,-0.04723365042945912,-0.08682389710441968
48.910000000000004,-1.5189138042137704,-0.042006747578790554,-0.09370625894712623
48.92,-1.5188947017665497,-0.03640150258975566,-0.10016837793704363
48.93,-1.5188787413577522,-0.0304139346645248,-0.10622003702513208
48.94,-1.5188660231792752,-0.024037855961211274,-0.111868465306058
48.95,-1.5188566356869098,-0.017264848415701,-0.11711837773291044
48.96,-1.5188506568476747,-0.010084207495524966,-0.12197197576965157
48.97,-1.518848153280174,-0.0024828510234521373,-0.12642890761389725
48.980000000000004,-1.518849178121279,0.0055548085379028,-0.1304861861588943
48.99,-1.5188537728534088,0.014047029950891216,-0.13413806204125292
49.0,-1.518861967840764,0.023014952388573012,-0.1373758463890933
49.01,-1.5188737781009776,0.032482853915150406,-0.14018767645261332
49.02,-1.5188892054814676,0.04247846349164594,-0.14255821672249086
49.03,-1.518908236542961,0.05303333746841549,-0.14446828326217054
49.04,-1.5189308413298828,0.0641833100065568,-0.1458943774963718
49.050000000000004,-1.5189569741658113,0.07596903041501937,-0.14680811120433074
49.06,-1.5189865701896927,0.08843660562469621,-0.1471754984940934
49.07,-1.5190195455531854,0.10163836640147936,-0.14695608537795396
49.08,-1.5190557940122134,0.11563378498621368,-0.1461018771690059
49.09,-1.5190951869365108,0.13049057446771137,-0.14455601404143062
49.1,-1.5191375697641565,0.14628601207992803,-0.14225112821394809
49.11,-1.5191827603557053,0.16310853564113365,-0.13910729717584425
49.120000000000005,-1.5192305445738967,0.1810596780463763,-0.13502947863185533
49.13,-1.5192806748003855,0.20025641841805294,-0.12990427649881203
49.14,-1.5193328648544848,0.2208340523551598,-0.12359583434467909
49.15,-1.519386784886633,0.2429497066337798,-0.11594058255802749
49.160000000000004,-1.5194420573708771,0.26678665493760123,-0.10674046612389203
49.17,-1.519498249988472,0.2925596276260064,-0.09575414024537371
49.18,-1.5195548681605875,0.32052134329508464,-0.0826854259328986
49.19,-1.5196113479336504,0.35097051851531585,-0.06716804110228577
49.2,-1.519667044056843,0.3842616121949476,-0.048745232483019346
49.21,-1.5197212214141445,0.4208164774429728,-0.026842391782260194
49.22,-1.519773044246509,0.46113782775159806,-0.0007299998660918461
49.230000000000004,-1.519821556778966,0.5058237346755193,0.030526706789174074
49.24,-1.519865681986665,0.5555807401414866,0.06813600365284078
49.25,-1.5199042035158268,0.6112295217374004,0.11367123515745067
49.26,-1.5199357754652607,0.6736889562771642,0.16918980212408152
49.27,-1.519958939794528,0.743906897280671,0.23737621618953145
49.28,-1.5199721955734748,0.8226686855725158,0.3216801333947504
49.29,-1.5199741517146754,0.910138953066592,0.426346310223233
49.300000000000004,-1.5199638409479737,1.0048573608005333,0.55604380724014
49.31,-1.519941305959601,1.101748027662375,0.7143873212416112
49.32,-1.5199085551649052,1.18885774311176,0.9000333009188795
49.33,-1.5198707190733032,1.2442441581467611,1.0993278390272914
49.34,-1.5198364490091265,1.239169338530738,1.279434324652488
49.35,-1.5198156975865604,1.1554082481571464,1.3961103602284544
49.36,-1.5198148291333542,1.0056262974661223,1.4229122216632595
49.370000000000005,-1.5198332393248615,0.8271711256451021,1.370791250446893
49.38,-1.519865013543674,0.6546575540732034,1.2722819393437335
49.39,-1.519902929139132,0.5054829699753367,1.1567837801239689
49.4,-1.5199410441365169,0.3832979719918773,1.0417122079261705
49.410000000000004,-1.5199753409143009,0.28543121976155206,0.9348842100932501
49.42,-1.520003438632087,0.2075021139719377,0.8387726561351281
49.43,-1.520024113202616,0.1453254609574875,0.7533881857460281
49.44,-1.52003689160638,0.09545488185933415,0.6777829597752579
49.45,-1.5200417674173479,0.05520742232974579,0.6107425243494979
49.46,-1.520039014859627,0.02253707727055379,0.5510746962296179
49.47,-1.520029069742106,-0.0041094473234088436,0.4977139920399531
49.480000000000004,-1.5200124609453374,-0.025915322405994673,0.4497464043319911
49.49,-1.5199897519586105,-0.043788235628599514,0.40640231428947415
49.5,-1.519961529725421,-0.058430723862390344,0.3670385875907872
49.51,-1.519928374320897,-0.07039170846487441,0.3311187301309667
49.52,-1.5198908532599147,-0.08010416000197787,0.29819455009109425
49.53,-1.5198495166390302,-0.08791271858753003,0.26789040260491526
49.54,-1.5198048908404926,-0.09409407888008443,0.23989011527802503
49.550000000000004,-1.5197574806106662,-0.09887215788810623,0.21392631910305646
49.56,-1.5197077667882466,-0.10242947947932608,0.1897718113113986
49.57,-1.5196562060259144,-0.1049157967746973,0.16723258148356157
49.58,-1.5196032332633596,-0.1064546813153839,0.14614217791155154
49.59,-1.5195492620024715,-0.10714860158916249,0.12635714750388513
49.6,-1.5194946837164962,-0.10708286953623695,0.10775333271685344
49.61,-1.5194398716726956,-0.10632873184136282,0.09022285188355206
49.620000000000005,-1.5193851799990346,-0.10494580783530749,0.07367162795293958
49.63,-1.5193309451201629,-0.10298402535801447,0.05801735672966726
49.64,-1.5192774862315435,-0.10048516671063101,0.04318782997209683
49.65,-1.5192251073723066,-0.09748410976304601,0.029119545638134514
49.660000000000004,-1.5191740969048504,-0.09400982796596323,0.01575655274965923
49.67,-1.5191247289818521,-0.09008619898903131,0.003049487777983889
49.68,-1.5190772625826114,-0.08573265915775578,-0.009045230422115358
49.69,-1.5190319446712148,-0.08096473380978361,-0.020566075199681844
49.7,-1.5189890081620905,-0.07579446487796873,-0.03154697619296232
49.71,-1.5189486737137525,-0.07023075460791497,-0.04201779164025912
49.72,-1.5189111491959433,-0.06427963822119645,-0.05200470176140318
49.730000000000004,-1.518876629795081,-0.05794449664575427,-0.06153053472705863
49.74,-1.518845299456066,-0.05122621761710036,-0.07061503407120559
49.75,-1.5188173292631655,-0.044123310718803016,-0.07927507372366677
49.76,-1.51879287863471,-0.036631981935575486,-0.08752482678814105
49.77,-1.5187720948753014,-0.028746170233414997,-0.09537589126597706
49.78,-1.518755111917887,-0.020457548387437408,-0.10283737546221877
49.79,-1.5187420520968697,-0.011755489822270926,-0.10991594503076635
49.800000000000004,-1.5187330249646374,-0.0026270003584884793,-0.11661583123740625
49.81,-1.5187281260472734,0.006943385546979541,-0.1229388000179335
49.82,-1.5187274380777644,0.01697374534869192,-0.12888408019903524
49.83,-1.518731029246692,0.02748495000282644,-0.13444824697342672
49.84,-1.5187389512481015,0.03850089001206661,-0.13962505625642968
49.85,-1.5187512417182223,0.050048750162341726,-0.14440522391288685
49.86,-1.518767921627731,0.06215934218244029,-0.14877614032834552
49.870000000000005,-1.5187889933841152,0.07486750261686506,-0.15272150975568974
49.88,-1.5188144412375557,0.08821256629800692,-0.15622090019766224
49.89,-1.518844228030476,0.10223893046722268,-0.1592491847133725
49.9,-1.5188782955276938,0.11699672422709961,-0.16177585108280437
49.910000000000004,-1.5189165614632376,0.13254260588048875,-0.16376414844556955
49.92,-1.5189589178694867,0.14894071252824742,-0.16517003167305744
49.93,-1.519005227931642,0.16626379448453615,-0.1659408515687461
49.94,-1.5190553238807278,0.18459457329852116,-0.16601372365543077
49.95,-1.5191090036161152,0.20402737313415475,-0.165313486410067
49.96,-1.5191660270969694,0.22467008633140623,-0.16375013112526124
49.97,-1.5192261108028493,0.24664654946712408,-0.16121554556965678
49.980000000000004,-1.5192889244450813,0.2700994224619687,-0.15757935944751011
49.99,-1.5193540840061286,0.2951936871399117,-0.152683602331607
50.0,-1.51942114436617,0.3221209028889084,-0.14633577858973246
50.01,-1.5194895924907474,0.3511043812645984,-0.1382998123454645
50.02,-1.5195588370729873,0.38240546020365523,-0.12828409973515587
50.03,-1.5196281975095036,0.4163310540964945,-0.11592559877965818
50.04,-1.5196968930269747,0.45324260212821077,-0.10076844739848838
50.050000000000004,-1.5197640237851495,0.493566369545544,-0.08223497374712316
50.06,-1.5198285608227378,0.5378046272466547,-0.059586091253264695
50.07,-1.5198893247938776,0.5865462784814133,-0.03186689468537943
50.08,-1.5199449685568092,0.6404733895241712,0.002168155013791917
50.09,-1.5199939680529417,0.7003555528965939,0.04415737497069705
50.1,-1.5200346168395384,0.7670144064143346,0.09626803882225793
50.11,-1.5200650495972532,0.8412204004171064,0.16136723611817022
50.120000000000005,-1.5200833232064692,0.9234423371548333,0.24320407095824412
50.13,-1.5200875949125519,1.0132893811206973,0.3465063196193974
50.14,-1.5200765133912038,1.1083501323322096,0.4766982860055412
50.15,-1.520049950939617,1.2020047517950352,0.638501465706585
50.160000000000004,-1.5200102147339436,1.28008643993916,0.831985156497954
50.17,-1.5199635316749562,1.3183334505705844,1.044802496655658
50.18,-1.5199205822731825,1.2874957783422476,1.2443744097279599
50.19,-1.5198938101901875,1.1729497662942283,1.384710974409922
50.2,-1.5198913449675233,0.9939488741200335,1.435845098199368
50.21,-1.519912814216931,0.7926944044734017,1.4051461843923814
50.22,-1.51995126835961,0.6047107608239507,1.3232158370656526
50.230000000000004,-1.5199980130297455,0.4460032895725664,1.2193623846952637
50.24,-1.5200457516417227,0.31844127752033774,1.1118774468884893
50.25,-1.5200894574690453,0.21793904935205446,1.009634097424359
50.26,-1.5201260676912822,0.13914824816108132,0.9159953093034902
50.27,-1.5201539320832769,0.0772547330112574,0.8316290144661989
50.28,-1.5201723335285746,0.028408560668493066,0.7560467134146827
50.29,-1.5201811453767684,-0.010333069927992544,0.6883483210102591
50.300000000000004,-1.5201806041639454,-0.041185124177665206,0.6275558392599914
50.31,-1.5201711642000773,-0.06581202722448237,0.5727501949857636
50.32,-1.5201534015967415,-0.0854708344466798,0.5231181304144842
50.33,-1.5201279614069565,-0.10111878164023859,0.47795988391767974
50.34,-1.520095516265614,-0.11349181861993003,0.43668110247696446
50.35,-1.5200567443245008,-0.12316143160211923,0.39877955102440077
50.36,-1.5200123175303712,-0.1305757695315809,0.36383118111642304
50.370000000000005,-1.519962889339818,-0.13608956281256573,0.33147737339247507
50.38,-1.5199090939417215,-0.13998605770001493,0.301413920521051
50.39,-1.519851541080197,-0.14249324010159103,0.2733817888328239
50.4,-1.5197908156465076,-0.14379594941240587,0.24715948496308365
50.410000000000004,-1.519727478046705,-0.14404500951733307,0.2225567931776722
50.42,-1.51966206403849,-0.14336417527296516,0.19940965142441855
50.43,-1.5195950856529175,-0.14185546448568187,0.17757595856655092
50.44,-1.519527032259229,-0.13960328524816043,0.1569321378307752
50.45,-1.5194583720934844,-0.13667765611507754,0.13737031270349262
50.46,-1.5193895512150517,-0.1331367365282804,0.11879597921724658
50.47,-1.5193209975191522,-0.12902882921931771,0.10112607938501739
50.480000000000004,-1.5192531192659577,-0.12439397309169814,0.08428740267572257
50.49,-1.5191863075437113,-0.11926521756176674,0.0682152537834437
50.5,-1.5191209348876582,-0.11366964539673577,0.05285234002537628
50.51,-1.5190573589170588,-0.10762919695018608,0.03814783813260611
50.52,-1.5189959205157624,-0.10116133414101142,0.024056611428334096
50.53,-1.5189369457737443,-0.09427957590938645,0.010538550891135257
50.54,-1.5188807454907503,-0.08699392799231379,-0.002441978867524952
50.550000000000004,-1.5188276155527192,-0.07931122583896436,-0.014916605448932141
50.56,-1.5187778384796258,-0.07123540491976924,-0.026913339376795103
50.57,-1.5187316818674232,-0.06276770888385469,-0.03845689935695085
50.58,-1.5186893997673008,-0.05390684488859662,-0.04956898140376376
50.59,-1.518651231848009,-0.04464909175113385,-0.06026847751509509
50.6,-1.518617403128165,-0.03498836611775116,-0.07057164937131025
50.61,-1.518588125350112,-0.024916250125194023,-0.08049226089586003
50.620000000000005,-1.518563594867832,-0.0144219818169731,-0.09004167145966427
50.63,-1.518543993126373,-0.00349241031834982,-0.0992288919762088
50.64,-1.5185294872076964,0.007888084579233873,-0.10806060387863753
50.65,-1.5185202270681621,0.019737710339926662,-0.11654113982895961
50.660000000000004,-1.518516344407947,0.03207741790603838,-0.12467242487209762
50.67,-1.5185179563458284,0.0449310986050413,-0.13245387509872023
50.68,-1.5185251606339487,0.05832582900173111,-0.13988224790758635
50.69,-1.5185380346714097,0.07229216645998399,-0.14695143866461813
50.7,-1.5185566358932368,0.08686450294770234,-0.1536522150909426
50.71,-1.518580998462685,0.10208148728196387,-0.15997187783025094
50.72,-1.518611132891718,0.1179865249794313,-0.16589383349756454
50.730000000000004,-1.518647024243951,0.1346283704716529,-0.1713970612898018
50.74,-1.5186886288884642,0.15206182842330013,-0.1764554493039266
50.75,-1.5187358729344627,0.17034858380258078,-0.1810369698896653
50.76,-1.5187886478595622,0.1895581873077291,-0.18510265350913782
50.77,-1.5188468092817087,0.20976922548248653,-0.18860530916194937
50.78,-1.518910171325838,0.2310707160123326,-0.19148792181883645
50.79,-1.5189785029608822,0.2535637733727265,-0.1936816361699562
50.800000000000004,-1.5190515220091887,0.2773636036767001,-0.1951032047445873
50.81,-1.5191288901865971,0.30260189787950353,-0.19565173725289137
50.82,-1.519210205430845,0.3294297090759709,-0.19520452928209966
50.83,-1.5192949930254738,0.3580209138514658,-0.1936116674533183
50.84,-1.5193826971905298,0.38857637249643706,-0.19068899305504633
50.85,-1.5194726688415052,0.4213289143908474,-0.18620884142177635
50.86,-1.5195641521478795,0.45654926803411305,-0.17988773891877463
50.870000000000005,-1.5196562705728565,0.494553015387311,-0.17136989821940868
50.88,-1.5197480048658658,0.5357085367509429,-0.16020485699292963
50.89,-1.5198381763794582,0.5804456324448686,-0.1458168900299163
50.9,-1.519925423541694,0.6292639107821092,-0.1274627955603223
50.910000000000004,-1.520008167965495,0.682738759364486,-0.1041732226161449
50.92,-1.5200845999708525,0.7415200584546315,-0.0746708354735951
50.93,-1.5201526449761427,0.806313344714171,-0.03725653721108632
50.94,-1.5202099614595328,0.8778218569590754,0.010346079855233947
50.95,-1.5202539574436926,0.9566049479073897,0.07119390751098961
50.96,-1.520281883636681,1.042762615079308,0.14935993672646006
50.97,-1.520291065394423,1.1352706788255142,0.25011546908762317
50.980000000000004,-1.5202794082286752,1.2306589240544092,0.3797739705001021
50.99,-1.5202463780208868,1.320635218769356,0.544438911264302
51.0,-1.5201946503431376,1.388710730624404,0.7461036934053262
51.01,-1.5201321908497043,1.4082801833950427,0.9745018617334223
51.02,-1.5200731546421329,1.3496258699722388,1.1980064086010676
51.03,-1.5200344787859192,1.2016755593101538,1.3686283184307453
51.04,-1.5200278163389704,0.990196525473525,1.4513079389145267
51.050000000000004,-1.520053638010265,0.7625340281224515,1.44813248786321
51.06,-1.5201033921300873,0.555681527245656,1.3871150442879658
51.07,-1.5201657527428494,0.384638922051459,1.2976798761672517
51.08,-1.520230936336302,0.24958532956812599,1.1994457784417283
51.09,-1.5202919978254048,0.1449416830972572,1.102726943303372
51.1,-1.5203445581607253,0.06426410090449913,1.01203977583463
51.11,-1.5203861298325085,0.0019899281437541216,0.9288768019269422
51.120000000000005,-1.5204155020395045,-0.046229535171746994,0.8533132729148389
51.13,-1.5204322899896192,-0.08366797632185102,0.7848289847756226
51.14,-1.5204366300202725,-0.11276097726144674,0.7227018337760807
51.15,-1.5204289791488865,-0.1353213584394513,0.6661861756167786
51.160000000000004,-1.52040999152033,-0.15270696542020956,0.6145873046004864
51.17,-1.520380423793148,-0.16594410910564153,0.5672872251166867
51.18,-1.5203410987851473,-0.17581642388132063,0.5237484331318737
51.19,-1.52029285936119,-0.18292847096322024,0.48350846618879023
51.2,-1.5202365512888578,-0.1877513729100555,0.44617120977325375
51.21,-1.520173011301074,-0.1906557702304252,0.41139767494732266
51.22,-1.5201030557611606,-0.19193582726928138,0.37889740075134876
51.230000000000004,-1.5200274795388886,-0.19182688740291193,0.3484208878487257
51.24,-1.5199470516575295,-0.19051858611471878,0.31975313547316264
51.25,-1.519862513455953,-0.18816468700719907,0.2927082065825199
51.26,-1.5197745805818297,-0.18489053078344464,0.26712469372005837
51.27,-1.5196839425604058,-0.18079872776798958,0.24286195125195742
51.28,-1.519591261992227,-0.1759735457518838,0.21979696744583238
51.29,-1.5194971784276547,-0.17048431988693746,0.19782176469103546
51.300000000000004,-1.5194023072597993,-0.1643881214519883,0.1768412365371413
51.31,-1.519307241638039,-0.15773186107740927,0.15677134275695642
51.32,-1.5192125524043387,-0.15055395566657623,0.13753759987278874
51.33,-1.5191187910407131,-0.14288565651864515,0.11907381437052666
51.34,-1.519026488657074,-0.1347521110616947,0.10132101795541726
51.35,-1.5189361580013032,-0.12617321440798218,0.08422656931198602
51.36,-1.5188482923160973,-0.11716429247237595,0.06774339583237987
51.370000000000005,-1.518763368584517,-0.10773665007776023,0.051829351245060884
51.38,-1.5186818456580355,-0.0978980080726948,0.03644667268557972
51.39,-1.5186041658183367,-0.08765284988105987,0.021561520763961617
51.4,-1.5185307543451803,-0.077002691871605,0.007143591537780658
51.410000000000004,-1.518462019740282,-0.06594628949856735,-0.006834209819085113
51.42,-1.5183983543648558,-0.05447978806284859,-0.02039604141745366
51.43,-1.5183401332160065,-0.042596824499721714,-0.03356334889208917
51.44,-1.5182877148575775,-0.030288585736464313,-0.04635504694594095
51.45,-1.5182414403791533,-0.01754382636550264,-0.05878766107403846
51.46,-1.5182016316765696,-0.0043488480283361,-0.0708754321405427
51.47,-1.518168593358196,0.00931255769601877,-0.08263038576746026
51.480000000000004,-1.5181426107988605,0.02345920431889248,-0.09406236594236644
51.49,-1.518123948102673,0.03811264379786797,-0.10517903265424969
51.5,-1.5181128488976974,0.05329733962993058,-0.11598582213075087
51.51,-1.518109533858675,0.06904088430198624,-0.1264858659893454
51.52,-1.518114197874429,0.08537426477175583,-0.136679865224386
51.53,-1.518127011466332,0.10233218042135528,-0.14656591326206844
51.54,-1.5181481171084248,0.119953423135918,-0.15613925912246107
51.550000000000004,-1.518177626132455,0.13828132701661994,-0.16539200040361096
51.56,-1.5182156176528716,0.15736429833987337,-0.1743126921632894
51.57,-1.51826213369694,0.17725644101819982,-0.18288585308621466
51.58,-1.5183171777404338,0.19801829198711138,-0.1910913458684446
51.59,-1.5183807095388793,0.21971768889571006,-0.19890360061061846
51.6,-1.5184526411031047,0.24243079330595294,-0.206290641468781
51.61,-1.518532830656838,0.2662433003393987,-0.21321286369608694
51.620000000000005,-1.5186210774290316,0.291251870226557,-0.21962149174105766
51.63,-1.5187171143306961,0.3175658265379794,-0.225456625646327
51.64,-1.5188206000383815,0.3453091732876862,-0.23064475173213328
51.65,-1.5189311084036925,0.3746229939056,-0.2350955495654761
51.660000000000004,-1.5190481189685738,0.405668303280166,-0.23869776648056834
51.67,-1.5191710029511611,0.4386294356977487,-0.24131384393488992
51.68,-1.5192990075817208,0.47371805315834603,-0.2427728574551039
51.69,-1.5194312390057974,0.5111778516889343,-0.2428611547248962
51.7,-1.5195666403408115,0.551290011543593,-0.24130981907565033
51.71,-1.5197039658583456,0.5943793513191831,-0.23777770984502655
51.72,-1.5198417539504563,0.6408209554358713,-0.23182827796031802
51.730000000000004,-1.5199782868553209,0.6910466524700503,-0.22289753802274298
51.74,-1.5201115576514415,0.7455499072817144,-0.21024938154286488
51.75,-1.5202392206862174,0.804886082230934,-0.19291268187986682
51.76,-1.5203585440193574,0.8696617837360441,-0.1695922417225234
51.77,-1.52046636568415,0.9405005513224218,-0.1385426271102866
51.78,-1.5205590617970652,1.0179592559694004,-0.09739118774535171
51.79,-1.520632555638079,1.10234403064915,-0.042897579894118465
51.800000000000004,-1.520682427760537,1.1933253757242124,0.029346896948603818
51.81,-1.5207042197321092,1.289164287171923,0.12521362577828937
51.82,-1.5206941482177436,1.3852356721397339,0.25206557691344816
51.83,-1.5206505349068529,1.4714882038411545,0.41777473827148526
51.84,-1.5205762998597416,1.5290663754287415,0.627079693107995
51.85,-1.5204822779061526,1.5289699503973722,0.8732216448901674
51.86,-1.5203891106368275,1.4406608956052298,1.1271356936352623
51.870000000000005,-1.520322945633933,1.2557462085628233,1.3390271565328833
51.88,-1.5203035694728468,1.0059628328325618,1.4663129261276964
51.89,-1.5203345003775244,0.7446579622997016,1.502478162559646
51.9,-1.5204048078834456,0.511857587723844,1.471229295650685
51.910000000000004,-1.5204980719714158,0.3225762713419455,1.4021357619189403
51.92,-1.5205992741022674,0.1755579526157779,1.316858257466673
51.93,-1.5206972763614726,0.06357320374043485,1.2278670557378875
51.94,-1.5207847230103746,-0.02118849220511415,1.1413565380808433
51.95,-1.520857163867213,-0.08529192547001346,1.0599902759804183
51.96,-1.5209121728157204,-0.13378501915388127,0.9846283908677427
51.97,-1.5209486713217306,-0.17042075169281845,0.9152710828757789
51.980000000000004,-1.5209664567110268,-0.19796241981468382,0.8515422285948704
51.99,-1.5209658886393465,-0.21844797518491096,0.7929281700324614
52.0,-1.520947677667052,-0.2333911281135322,0.7388913966844688
52.01,-1.5209127569057646,-0.24392702864779015,0.6889215472009482
52.02,-1.5208621801354312,-0.2509159286758474,0.6425555009899886
52.03,-1.5207970796733024,-0.2550166896572698,0.5993825722356688
52.04,-1.5207186165629625,-0.25673910163651464,0.5590428513573168
52.050000000000004,-1.5206279615211116,-0.25648139961722416,0.5212226953899584
52.06,-1.5205262786783746,-0.25455741568082213,0.48564932733562505
52.07,-1.5204147138005621,-0.2512164287906201,0.45208546951840717
52.08,-1.520294391516206,-0.2466578264557875,0.4203244095455299
52.09,-1.5201664104923949,-0.24104204413582417,0.3901856415068641
52.1,-1.520031840805922,-0.2344988077766687,0.3615110974955601
52.11,-1.5198917260337796,-0.22713340262740964,0.33416192760963764
52.120000000000005,-1.519747082303384,-0.2190314824293138,0.30801576804766595
52.13,-1.5195988979143862,-0.21026278904211293,0.282964430405888
52.14,-1.5194481367361892,-0.20088405110003177,0.2589119483671837
52.15,-1.5192957374048295,-0.190941257558483,0.23577292754943385
52.160000000000004,-1.5191426159393417,-0.180471451874268,0.21347114861120503
52.17,-1.5189896646068752,-0.1695041543660668,0.19193838416457487
52.18,-1.5188377558860853,-0.15806249469904377,0.17111339313502594
52.19,-1.5186877410847324,-0.14616411500295745,0.15094106628653137
52.2,-1.5185404524769366,-0.13382189115069212,0.1313716974274503
52.21,-1.5183967029100618,-0.12104450741844958,0.11236036196781918
52.22,-1.5182572867751079,-0.10783691243546098,0.09386638587831797
52.230000000000004,-1.5181229809499315,-0.09420067746689864,0.07585289208278789
52.24,-1.5179945437743485,-0.08013427322661024,0.05828641382401978
52.25,-1.5178727162435712,-0.06563327824756976,0.041136565251188695
52.26,-1.5177582205265245,-0.050690527855849626,0.024375763005907047
52.27,-1.5176517599876116,-0.03529621155544785,0.007978992214238811
52.28,-1.5175540199138973,-0.01943792400399985,-0.008076387452708611
52.29,-1.5174656645578017,-0.003100672702297691,-0.023810798350204165
52.300000000000004,-1.5173873375022922,0.013733154254899849,-0.039242567579910015
52.31,-1.517319660931969,0.031083859897798383,-0.05438801662974663
52.32,-1.5172632316842742,0.04897455015543434,-0.06926151823029258
52.33,-1.5172186195264847,0.06743128552972127,-0.0838755206636072
52.34,-1.5171863697894425,0.08648327439229048,-0.09824053812417544
52.35,-1.517166995579043,0.10616311434194614,-0.1123651031696194
52.36,-1.517160976399052,0.12650708242876024,-0.1262556787690542
52.370000000000005,-1.5171687558968396,0.14755548151498016,-0.1399165237614992
52.38,-1.5171907362515094,0.16935305082681257,-0.15334950396473898
52.39,-1.517227275027896,0.19194944798653013,-0.16655383934576834
52.4,-1.5172786806617649,0.21539981460920388,-0.17952577378227166
52.410000000000004,-1.517345205171686,0.23976543926761523,-0.1922581501787892
52.42,-1.5174270390365507,0.26511453245174316,-0.2047398686388805
52.43,-1.517524301877672,0.2915231349746433,-0.2169551978922325
52.44,-1.5176370359844196,0.31907618086807016,-0.22888290152178886
52.45,-1.517765194547346,0.34786874526508077,-0.2404951273253373
52.46,-1.5179086311748595,0.3780075082453997,-0.25175599183786024
52.47,-1.5180670849943758,0.40961247533647915,-0.2626197683216056
52.480000000000004,-1.518240166774686,0.44281899778450057,-0.27302855492560985
52.49,-1.518427339416602,0.47778014535347807,-0.2829092544501469
52.5,-1.5186278962374202,0.5146694851765731,-0.2921696345172928
52.51,-1.5188409363722046,0.5536843208970192,-0.3006931470931462
52.52,-1.5190653348921526,0.5950494366545416,-0.3083320572409345
52.53,-1.5192997049599475,0.6390213611682687,-0.31489824367025154
52.54,-1.5195423585967152,0.6858930969468678,-0.3201507592714071
52.550000000000004,-1.5197912544394045,0.7359991257990517,-0.32377883231041493
52.56,-1.5200439361039169,0.7897202225673287,-0.32537838232478994
52.57,-1.5202974644536251,0.8474870745563807,-0.3244192132251583
52.58,-1.5205483272030236,0.9097806841131376,-0.3201986751883591
52.59,-1.520792347622499,0.977125553264509,-0.3117755421965509
52.6,-1.521024569806479,1.0500678664900476,-0.2978748635022695
52.61,-1.521239145792522,1.1291235564808708,-0.27675042465264543
52.620000000000005,-1.5214292306555093,1.2146669750525683,-0.24598654010269078
52.63,-1.5215869379855262,1.3067037444039709,-0.2022176220112274
52.64,-1.5217034272418237,1.4044208892874677,-0.14075145241674714
52.65,-1.521769322876465,1.5053211043758168,-0.05512885536437373
52.660000000000004,-1.5217758086147075,1.6036334220037811,0.06318315786120177
52.67,-1.52171699286942,1.68767702626542,0.2243093912062793
52.68,-1.521594312882832,1.7364925470943804,0.43706715061154106
52.69,-1.5214230178847732,1.7187151880517288,0.701054224215554
52.7,-1.5212375234237934,1.6016682403496605,0.993945764791649
52.71,-1.5210870894047135,1.3763059692516748,1.2666137294606197
52.72,-1.521016025945709,1.0777014281605604,1.465580441244063
52.730000000000004,-1.521041759235195,0.7668695312290461,1.5682631431877818
52.74,-1.5211520183233889,0.49120936087478473,1.5886902728001897
52.75,-1.5213191147911775,0.26896742186872064,1.5554037393057216
52.76,-1.5215142648380553,0.0985374488356151,1.4932207003122513
52.77,-1.521714296897776,-0.029143519224150094,1.418310958618355
52.78,-1.5219027739672035,-0.1238521835390235,1.33980106659171
52.79,-1.5220689053883611,-0.19376587646377413,1.262395079425431
52.800000000000004,-1.5222060570073372,-0.2451283496176282,1.1883073640427886
52.81,-1.5223104857420586,-0.28254382736112194,1.1184255754758472
52.82,-1.5223804070050844,-0.30937297896852023,1.052956803270906
52.83,-1.52241534534348,-0.32807235095868803,0.9917743388302196
52.84,-1.5224156973519503,-0.34045034197139956,0.9346004733245273
52.85,-1.52238242831482,-0.3478510857638453,0.8811013781807151
52.86,-1.5223168825740119,-0.3512842440036366,0.830935179113854
52.870000000000005,-1.522220639921367,-0.3515163276333366,0.7837751987519865
52.88,-1.5220954359002727,-0.3491352092047492,0.7393200901205881
52.89,-1.5219430947978667,-0.3445960489058342,0.6972971474613188
52.9,-1.5217654921150108,-0.3382543024244431,0.6574621662715074
52.910000000000004,-1.5215645287549509,-0.3303896901113563,0.6195976628407507
52.92,-1.5213421118871144,-0.32122378616145686,0.583510419636965
52.93,-1.521100146847116,-0.310933060199196,0.5490288584361207
52.94,-1.5208405295277274,-0.29965864353079,0.5160004959675306
52.95,-1.5205651422585515,-0.2875137122213841,0.4842895983727569
52.96,-1.5202758547353317,-0.27458911831825494,0.4537750770818694
52.97,-1.519974522599192,-0.2609577200844933,0.42434863321083915
52.980000000000004,-1.5196629895407903,-0.24667773710554716,0.39591313590091615
52.99,-1.5193430873320026,-0.23179536719997923,0.3683812141956225
53.0,-1.5190166404196437,-0.21634683977133382,0.34167403654337225
53.01,-1.5186854659847113,-0.20036003446627804,0.3157202563414339
53.02,-1.51835137738225,-0.1838557621459427,0.29045509961641236
53.03,-1.5180161846323987,-0.16684878060447292,0.26581957658767075
53.04,-1.5176816990914315,-0.14934860057119323,0.2417597980906594
53.050000000000004,-1.5173497328877834,-0.1313601235007992,0.21822638423351787
53.06,-1.517022102092048,-0.112884143924989,0.19517395051891845
53.07,-1.516700626867049,-0.09391774064387703,0.17256066216858917
53.08,-1.5163871329120928,-0.07445457614239687,0.15034784654951133
53.09,-1.5160834531520337,-0.05448511874374912,0.12849965634209665
53.1,-1.5157914262772567,-0.03399679839316716,0.10698277783431498
53.11,-1.515512898262185,-0.01297410508208735,0.08576617788510893
53.120000000000005,-1.515249721085851,0.008601364536570566,0.0648208864816801
53.13,-1.5150037500405285,0.03075090780405948,0.04411981126700942
53.14,-1.5147768448939363,0.05349876039577639,0.02363758074374067
53.15,-1.514570866922512,0.07687218402796403,0.003350415681060648
53.160000000000004,-1.5143876738908895,0.10090159698374879,-0.01676397251411854
53.17,-1.5142291187213524,0.12562074724126898,-0.03672645727860596
53.18,-1.5140970442965018,0.15106693164591045,-0.05655654457583331
53.19,-1.5139932753909129,0.17728126412676687,-0.0762723912454128
53.2,-1.5139196137807769,0.20430899560213334,-0.09589079159562103
53.21,-1.5138778335042176,0.23219989187269607,-0.11542712762922253
53.22,-1.5138696651616264,0.261008679224126,-0.13489527650762156
53.230000000000004,-1.5138967887718466,0.2907955611745385,-0.15430746806326706
53.24,-1.513960819446241,0.3216268206958603,-0.1736740808441864
53.25,-1.5140632915269658,0.35357551863611797,-0.19300336253654893
53.26,-1.5142056426185682,0.386722302291531,-0.21230105565829632
53.27,-1.5143891906509221,0.4211563433620361,-0.23156990301840594
53.28,-1.5146151108675288,0.456976422955492,-0.2508089993095467
53.29,-1.5148844057361934,0.49429218883022796,-0.27001294356102434
53.300000000000004,-1.5151978733276148,0.533225608896664,-0.289170731816462
53.31,-1.5155560666087857,0.5739126521371063,-0.30826430770511065
53.32,-1.5159592475059576,0.6165052259881412,-0.32726665880585365
53.33,-1.5164073320779319,0.6611734010608031,-0.34613930454129416
53.34,-1.5168998255776551,0.7081079480884414,-0.3648289616049187
53.35,-1.5174357454211957,0.7575231986622678,-0.3832630872343405
53.36,-1.5180135270935988,0.809660213265908,-0.401343876475001
53.370000000000005,-1.5186309147915815,0.8647901805692195,-0.41894010771104295
53.38,-1.519284828589745,0.9232178683784737,-0.4358759614433978
53.39,-1.5199711952119561,0.9852847530560417,-0.45191553468347356
53.4,-1.5206847601815223,1.0513710878943303,-0.46674116454066
53.410000000000004,-1.5214188463951752,1.121895543970162,-0.4799227468484741
53.42,-1.522165051717965,1.1973098832851996,-0.490873812868084
53.43,-1.5229129156292407,1.2780839811276155,-0.49878793847630687
53.44,-1.5236494823791513,1.3646726373606413,-0.5025457172557124
53.45,-1.5243588224543179,1.457448370837551,-0.5005775288296153
53.46,-1.5250214834338949,1.5565710735262037,-0.4906602592696489
53.47,-1.5256139683409766,1.6617409164069878,-0.4696174725685504
53.480000000000004,-1.526108370178095,1.7717372671900788,-0.4328864944067941
53.49,-1.5264725541759283,1.8835743573598456,-0.37392886392546676
53.5,-1.5266716582469342,1.9910092885213284,-0.2835442655291244
53.51,-1.5266724180122666,2.0821066602613727,-0.14943972992173715
53.52,-1.5264528225590928,2.1359733825068012,0.042819807245652264
53.53,-1.5260197143532457,2.120647485641464,0.3049390231859245
53.54,-1.5254324286107854,1.9984608717709862,0.634106547462857
53.550000000000004,-1.5248162196874109,1.7472141896880806,0.9980178235364436
53.56,-1.5243355540516266,1.388733290675678,1.3362691376867195
53.57,-1.524123901090813,0.9883329306294643,1.5924790793571604
53.58,-1.5242266097792232,0.6142963841098937,1.7469098949010193
53.59,-1.5246054283441701,0.30396531498794266,1.8141962289649234
53.6,-1.5251811222193647,0.06387343238069665,1.8211363956220161
53.61,-1.5258703834601604,-0.1150003195108878,1.791387388416313
53.620000000000005,-1.526603096802373,-0.2455989162693351,1.741331902636961
53.63,-1.5273260938552053,-0.3397022466978228,1.6811203062650337
53.64,-1.5280012154288292,-0.40660095945457075,1.6166942435576244
53.65,-1.528601968152608,-0.45321896688672003,1.5514097775676778
53.660000000000004,-1.5291104195708174,-0.48460920564822607,1.4870979197374283
53.67,-1.529514755023411,-0.504443556810666,1.4247061109665125
53.68,-1.5298074799826944,-0.5154007784507068,1.3646747517016813
53.69,-1.529984133687888,-0.519450437950753,1.3071560901647925
53.7,-1.5300423897005424,-0.5180544154316522,1.252141338188398
53.71,-1.5299814029625765,-0.5123085008052076,1.1995346132053593
53.72,-1.529801382432916,-0.5030419298042109,1.1491959545819443
53.730000000000004,-1.5295032631764256,-0.49088775199432755,1.1009662575204244
53.74,-1.5290884935437798,-0.4763329945388595,1.0546815507556127
53.75,-1.5285588795892275,-0.45975476953408095,1.0101809679012383
53.76,-1.5279164781798595,-0.4414465276470753,0.9673109774762894
53.77,-1.527163527400128,-0.42163734020579746,0.9259273963498861
53.78,-1.5263023982902386,-0.4005061998774929,0.8858961043350821
53.79,-1.5253355655535528,-0.3781927251516457,0.8470930111575625
53.800000000000004,-1.5242655941983807,-0.35480524152014137,0.8094036080569265
53.81,-1.5230951348486084,-0.3304269296937159,0.7727223062398473
53.82,-1.5218269260810207,-0.30512053511856807,0.7369516823100236
53.83,-1.5204638082022872,-0.2789319957764076,0.7020016992516569
53.84,-1.5190087375917118,-0.25189324887863274,0.6677889457765821
53.85,-1.5174648099384345,-0.22402440799596873,0.6342359133838118
53.86,-1.5158352847113987,-0.19533545263740132,0.6012703231232832
53.870000000000005,-1.5141236193889953,-0.16582753616770451,0.5688245031427255
53.88,-1.5123335027624343,-0.13549399167684972,0.5368348190906411
53.89,-1.5104688977079634,-0.10432109589504923,0.5052411521738588
53.9,-1.5085340856961083,-0.07228863654554607,0.47398642274641234
53.910000000000004,-1.5065337198243847,-0.03937031759616383,0.44301615338513745
53.92,-1.5044728844419213,-0.005534028381274592,0.4122780675063409
53.93,-1.5023571590253575,0.029258003903798402,0.38172171963211354
53.94,-1.500192694598245,0.0650491637902404,0.351298151649855
53.95,-1.4979862961216839,0.10188848902219183,0.32095957259219854
53.96,-1.4957455155166803,0.13983079677446197,0.29065905766547506
53.97,-1.4934787626098238,0.1789368901166397,0.2603502624763092
53.980000000000004,-1.491195423396488,0.21927384332305855,0.22998715127120184
53.99,-1.4889059964401647,0.2609153656414306,0.19952373544896662
54.0,-1.4866222518653096,0.3039422458472272,0.16891381993658883
54.01,-1.484357408858664,0.34844288174963656,0.13811075610771895
54.02,-1.482126334750737,0.3945139004156216,0.1070671999547268
54.03,-1.4799457770795157,0.44226087692602556,0.07573487367806009
54.04,-1.4778346385678143,0.4917991619647287,0.04406432851434361
54.050000000000004,-1.4758142753459178,0.5432548309906419,0.012004712251536542
54.06,-1.473908846891802,0.5967657696631639,-0.0204964604013389
54.07,-1.472145725916005,0.6524829147959893,-0.053493534430276934
54.08,-1.4705559654108264,0.7105716730282419,-0.08704293354256798
54.09,-1.469174843199842,0.77121354507379,-0.12120336962113587
54.1,-1.4680424951570714,0.8346079888895325,-0.15603603724367798
54.11,-1.467204651657911,0.9009745623416645,-0.19160478500192246
54.120000000000005,-1.466713502678906,0.9705553970926946,-0.22797625535527444
54.13,-1.4666287102837392,1.0436180653846387,-0.2652199775889206
54.14,-1.4670186058219254,1.1204589208768045,-0.3034083972061421
54.15,-1.467961609074397,1.2014070143440807,-0.34261681826914403
54.160000000000004,-1.4695479140418262,1.2868287139456127,-0.38292322344117613
54.17,-1.471881513410164,1.3771332033622317,-0.4244079355628907
54.18,-1.475082635999407,1.4727790828353937,-0.4671530620026878
54.19,-1.4792907130395583,1.5742823820168326,-0.5112416564857079
54.2,-1.4846680090695117,1.6822264016105182,-0.5567565013460969
54.21,-1.4914041201180495,1.797273970433919,-0.6037783992254422
54.22,-1.499721603687422,1.920182944347229,-0.6523838191239459
54.230000000000004,-1.5098831222965812,2.051826142209907,-0.7026417074414733
54.24,-1.5222006377049753,2.1932174713469283,-0.7546092130798538
54.25,-1.5370474494055415,2.3455468689127548,-0.8083260182611776
54.26,-1.5548742590915674,2.510228076306387,-0.8638068796215506
54.27,-1.5762310693317496,2.688965531214416,-0.9210318830294146
54.28,-1.601797761920357,2.8838504615486853,-0.9799338081652118
54.29,-1.6324279560878738,3.0975028392576287,-1.0403818622596293
54.300000000000004,-1.6692138285198517,3.3332876253514474,-1.1021609325057502
54.31,-1.7135851990568898,3.595655769517,-1.164945445319496
54.32,-1.767466889351234,3.8907037643078266,-1.2282670800565256
54.33,-1.8335398284218307,4.227136191093556,-1.291476322091913
54.34,-1.9156970916168248,4.618019892817598,-1.3537002018043265
54.35,-2.0198907158301154,5.084223353191579,-1.4138054112913445
54.36,-2.1558265862614663,5.6618422037896465,-1.4703959112576217
54.370000000000005,-2.3406902166907413,6.420518083766595,-1.5219350566108938
54.38,-2.6083438117469826,7.518551861725257,-1.5672875895074814
54.39,-3.034327367572007,9.43464568635406,-1.6078015618163173
54.4,-3.6813914274456643,15.0763911091557,-1.6568636450441687
54.410000000000004,14.24422072158882,-1.0975848295764195,-1.6923053435934001
54.42,9.546567236138923,-1.9502949834637602,-1.7764558945591817
54.43,8.375686598194347,-1.6806749593741963,-1.8888422902525157
54.44,8.031918263985176,-1.440011462511265,-1.9359973771652221
54.45,8.129972949429892,-1.282519337055387,-1.7211733251611143
54.46,8.336643375176786,-1.221019061367194,-0.5313016349048896
54.47,6.139645887323839,-1.2739044486805504,3.987783021842416
54.480000000000004,0.6992618439538583,-1.3349030989810533,7.46560922780478
54.49,-1.172471172786052,-1.3035938210766158,6.875374610501149
54.5,-1.6512319843553502,-1.2351727023840766,5.97574070308593
54.51,-1.790893665507966,-1.1584111161105053,5.250013289740109
54.52,-1.828841957486358,-1.0825002904403291,4.676817873984597
54.53,-1.831421121457006,-1.010378146752783,4.2131262557209626
54.54,-1.8210720258062536,-0.9428230426518387,3.828513578837525
54.550000000000004,-1.806380505047163,-0.87981251037121,3.502766103973399
54.56,-1.7908673562690995,-0.821029332457861,3.222178305942357
54.57,-1.7760036391531955,-0.766064498352125,2.977144994256567
54.58,-1.7623726898608518,-0.7145009542941074,2.7607145991301163
54.59,-1.7501579263313163,-0.6659471829459298,2.5677113353529943
54.6,-1.7393608182979614,-0.6200488405728231,2.394186609129076
54.61,-1.7299026197284324,-0.5764907198307394,2.2370647441511755
54.620000000000005,-1.721673104612532,-0.5349945883975138,2.0939069073103838
54.63,-1.7145540756094113,-0.49531546832059536,1.962749245283604
54.64,-1.7084304861678334,-0.45723753754845675,1.8419890416331328
54.65,-1.703195362519888,-0.4205701822891741,1.7303028184418177
54.660000000000004,-1.6987516046466438,-0.3851444105886954,1.6265862289096753
54.67,-1.695012234328303,-0.3508096905534246,1.529909151432161
54.68,-1.6918999021960497,-0.3174312039137497,1.4394816059528797
54.69,-1.6893460756667178,-0.28488747855304375,1.3546275148736298
54.7,-1.6872901257658104,-0.2530683520159618,1.274764244009301
54.71,-1.685678422504827,-0.22187321777710767,1.1993864654618975
54.72,-1.6844634904420255,-0.19120950962647298,1.1280532951698539
54.730000000000004,-1.683603245491087,-0.1609913837831436,1.060377942017221
54.74,-1.6830603178702606,-0.13113856405945157,0.996019304276694
54.75,-1.6828014580618074,-0.10157531975427836,0.934675091179102
54.76,-1.6827970189915962,-0.07222954993268704,0.8760761499581513
54.77,-1.6830205062290897,-0.043031951490953624,0.8199817536256214
54.78,-1.6834481879508796,-0.013915250637022147,0.7661756604146109
54.79,-1.6840587567597254,0.015186519900796114,0.7144627972239896
54.800000000000004,-1.6848330363712343,0.04433871516127663,0.6646664511070599
54.81,-1.6857537268171066,0.07360675901867819,0.6166258765366579
54.82,-1.686805182762561,0.10305682796959159,0.5701942448743343
54.83,-1.6879732201128264,0.13275655312703094,0.5252368767093201
54.84,-1.6892449469981574,0.16277575775882624,0.4816297089519679
54.85,-1.69060861548549,0.19318724828959688,0.43925795744249485
54.86,-1.6920534912454397,0.22406768029690172,0.3980149427038647
54.870000000000005,-1.6935697382491517,0.2554985231430862,0.35780105253576167
54.88,-1.6951483167772639,0.2875671536586576,0.3185228188641146
54.89,-1.6967808923625303,0.3203681132943518,0.2800920911049971
54.9,-1.698459754422248,0.3540045741967033,0.24242529033420424
54.910000000000004,-1.7001777428409337,0.3885900691451688,0.2054427323031348
54.92,-1.7019281810694697,0.4242505563545379,0.1690680097314332
54.93,-1.703704815284461,0.4611269131226884,0.13322742554470768
54.94,-1.7055017576423803,0.4993779764800448,0.0978494743735826
54.95,-1.7073134333603917,0.5391842929347601,0.06286437035948578
54.96,-1.7091345299355887,0.5807527894841427,0.028203627021073152
54.97,-1.7109599482370372,0.6243226609397515,-0.006200301238178718
54.980000000000004,-1.7127847538644951,0.6701728730246839,-0.04041429177380218
54.99,-1.7146041278038262,0.7186318453953664,-0.07450470161095202
55.0,-1.7164133149195329,0.7700901167019036,-0.1085373237162005
55.01,-1.7182075687239182,0.8250171510001856,-0.14257703792973675
55.02,-1.7199820901587697,0.8839839996701049,-0.1766869665744748
55.03,-1.7217319575773642,0.9476944073039422,-0.2109268119715657
55.04,-1.7234520442379662,1.0170283627748553,-0.24534981675087225
55.050000000000004,-1.7251369176086193,1.0931044607805136,-0.2799973608105705
55.06,-1.7267807131461268,1.177371511544664,-0.3148894016943361
55.07,-1.7283769700374985,1.271747146727309,-0.350007391211711
55.08,-1.7299184116770994,1.3788348653201188,-0.38526307922723724
55.09,-1.7313966406891705,1.502278014810823,-0.4204396730751371
55.1,-1.732801699606379,1.6473659977580932,-0.45507586096703656
55.11,-1.734121410169231,1.8221364793616162,-0.48822355508973375
55.120000000000005,-1.7353403258110598,2.039536030953751,-0.5179016057975179
55.13,-1.7364379621519692,2.3220901940400025,-0.5397305494296231
55.14,-1.7373855481779383,2.7134281277301717,-0.5429944373090243
55.15,-1.7381393518605126,3.3127393874710034,-0.4965776246600107
55.160000000000004,-1.7386246272342678,4.41501457740362,-0.27720087672656085
55.17,-1.7386907374377572,7.541083585353047,1.120926377164969
55.18,-1.7386250536463912,4.251899301200921,8.126238120852445
55.19,-1.7384752382301052,0.34790994313718093,4.396035763798946
55.2,-1.7378380345296112,-0.2158495772091779,3.2560729479026476
55.21,-1.7369812856810736,-0.396296428014162,2.6678468595194893
55.22,-1.7360120938832173,-0.46783784663783945,2.291741848752947
55.230000000000004,-1.7349858597084746,-0.4960230532262455,2.0227552513529767
55.24,-1.73393563749364,-0.5036202997681202,1.8166863008610648
55.25,-1.7328828205289741,-0.5003404176782194,1.6513131117768325
55.26,-1.731841962768873,-0.4909018543581108,1.514085736642714
55.27,-1.7308232779583301,-0.47781197041712237,1.3973075885873292
55.28,-1.7298340657046736,-0.4624915279663236,1.2959586140873405
55.29,-1.72887958508768,-0.44578427818836097,1.2066040142444254
55.300000000000004,-1.7279636197004113,-0.4282086638256006,1.126801930772367
55.31,-1.7270888591121398,-0.4100908041890655,1.0547611246758055
55.32,-1.726257165475047,-0.3916386566498591,0.9891327969227637
55.33,-1.725469765216292,-0.37298524116724296,0.9288785297589262
55.34,-1.7247273901522684,-0.354214771784214,0.8731834832359626
55.35,-1.7240303834973536,-0.33537894422908754,0.8213975784712493
55.36,-1.723378780799787,-0.31650735047914524,0.772994583694341
55.370000000000005,-1.7227723726661544,-0.29761428069043117,0.7275429930397312
55.38,-1.7222107539629952,-0.278703242946011,0.6846848757808311
55.39,-1.7216933628090112,-0.25977000668359335,0.6441202359188698
55.4,-1.7212195117541356,-0.2408046706947612,0.6055952594949306
55.410000000000004,-1.7207884129141706,-0.2217930736127421,0.5688933544277837
55.42,-1.7203991983264961,-0.20271775295545552,0.533828229645106
55.43,-1.7200509365614727,-0.18355858813617054,0.5002384853109247
55.44,-1.7197426462811396,-0.16429321775344385,0.46798333802284314
55.45,-1.719473307366032,-0.1448972919677527,0.43693920914588397
55.46,-1.7192418700858616,-0.12534460098700184,0.40699697698580023
55.47,-1.719047262540879,-0.10560710709750853,0.3780597447015739
55.480000000000004,-1.7188883968344715,-0.0856548986742901,0.35004101334717874
55.49,-1.7187641740935216,-0.06545607745677634,0.32286317561570965
55.5,-1.718673488503935,-0.04497658554625927,0.29645626589950447
55.51,-1.718615230536188,-0.024179974710737517,0.2707569170850855
55.52,-1.7185882895030886,-0.0030271171945844277,0.2457074854140628
55.53,-1.7185915554986384,0.018524145700790973,0.2212553132776413
55.54,-1.7186239209857341,0.04051942380797385,0.19735210641648604
55.550000000000004,-1.7186842813464838,0.0630082769064077,0.17395340683828764
55.56,-1.7187715358475624,0.086044804840477,0.15101814771229755
55.57,-1.7188845873769818,0.10968834641520725,0.12850827879357113
55.58,-1.7190223423754958,0.13400430901680205,0.10638845493214666
55.59,-1.7191837109198878,0.15906515761203277,0.08462578206674903
55.6,-1.7193676041909747,0.1849515982982411,0.06318961887587249
55.61,-1.7195729345003916,0.21175400554130902,0.04205143310262682
55.620000000000005,-1.719798613100677,0.2395741517780134,0.0211847170066376
55.63,-1.7200435481205019,0.26852732013045993,0.0005649684891182449
55.64,-1.720306641895686,0.29874490429044603,-0.019830249575799708
55.65,-1.7205867878553334,0.3303776356590347,-0.04002115306928378
55.660000000000004,-1.7208828667608596,0.36359962508610427,-0.060025454554268276
55.67,-1.7211937422289103,0.3986134754082853,-0.07985791298734207
55.68,-1.7215182552389527,0.43565681783095106,-0.0995296519499706
55.69,-1.7218552176310444,0.4750107682261286,-0.11904715245479852
55.7,-1.7222034041918057,0.5170110080092319,-0.13841077765691115
55.71,-1.7225615428794556,0.5620625123726823,-0.15761261162328466
55.72,-1.7229283028172842,0.6106594370338182,-0.17663327183629102
55.730000000000004,-1.7233022793207584,0.6634124450389511,-0.19543715306587398
55.74,-1.723681974650955,0.7210870064962782,-0.21396521792876158
55.75,-1.7240657735905407,0.7846582870389904,-0.23212384831114322
55.76,-1.7244519109550813,0.855391840886422,-0.24976718463294711
55.77,-1.7248384285559983,0.9349657741787587,-0.266668327408975
55.78,-1.7252231156304538,1.0256621324167772,-0.2824707249143285
55.79,-1.7256034253581463,1.1306791128007059,-0.2966026293857731
55.800000000000004,-1.7259763525697018,1.2546657233148786,-0.3081187549829972
55.81,-1.7263382482161174,1.404693461747789,-0.31538826356939353
55.82,-1.7266845228362566,1.5921590081344532,-0.31542926703713137
55.83,-1.7270091412550386,1.8368880769179006,-0.3023346247198365
55.84,-1.7273036850553165,2.1772238802464443,-0.2629826759153491
55.85,-1.7275553947944182,2.699976482401444,-0.16266766904155117
55.86,-1.7277423019814862,3.6606106516750327,0.12241091123423903
55.870000000000005,-1.7278175906518936,6.342910347579782,1.4436557291604093
55.88,-1.72779322623132,5.7940233539774715,7.921237353990098
55.89,-1.7278050645207532,0.9022962703894528,3.8484127047875427
55.9,-1.727683137868925,0.17539823161051277,2.7421304074690496
55.910000000000004,-1.7274905664124298,-0.08272446648132215,2.1980204634036298
55.92,-1.727256446927817,-0.2038800124190494,1.8593749618685522
55.93,-1.726996651319121,-0.26802596563142644,1.6216354289417512
55.94,-1.7267211181528381,-0.30358326013901354,1.4420738638559165
55.95,-1.7264366128858921,-0.3230402795047442,1.299628489683892
55.96,-1.7261479989524244,-0.3326791281226519,1.18257549054685
55.97,-1.725858906587154,-0.3359716444985017,1.0838057075929792
55.980000000000004,-1.7255721192387026,-0.33497391893645395,0.9987247402424875
55.99,-1.7252898130415601,-0.33096953625833947,0.9242133133282635
56.0,-1.7250137134452466,-0.3247935308437371,0.8580686961531867
56.01,-1.7247452021592011,-0.3170071774422368,0.7986846050730985
56.02,-1.7244853927463555,-0.30799768608506756,0.7448579457888335
56.03,-1.7242351856784914,-0.2980377249837808,0.6956669904213337
56.04,-1.7239953093438938,-0.2873223447348462,0.6503917460682119
56.050000000000004,-1.7237663513119204,-0.2759926383772544,0.6084602648003237
56.06,-1.7235487825434115,-0.2641513281013119,0.5694114628547364
56.07,-1.723342976450738,-0.2518732806827084,0.5328687644222581
56.08,-1.72314922412242,-0.23921274810666598,0.49852103090802896
56.09,-1.722967746588036,-0.22620844079218033,0.4661085079658338
56.1,-1.7227987048518798,-0.21288713428364756,0.4354123003620423
56.11,-1.7226422081355621,-0.1992662631738692,0.4062463728911234
56.120000000000005,-1.722498320715481,-0.18535580235811472,0.37845139073695316
56.13,-1.7223670676651963,-0.17115963736838335,0.351889919269774
56.14,-1.7222484396343474,-0.1566765616582026,0.3264426425469316
56.15,-1.7221423969223282,-0.14190099631443112,0.30200535511745635
56.160000000000004,-1.722048872931033,-0.12682349868698076,0.27848654749911506
56.17,-1.721967777068173,-0.11143110662743541,0.2558054526094658
56.18,-1.7218989972376764,-0.09570755100522355,0.2338904539012444
56.19,-1.7218424020156486,-0.07963335901265078,0.21267778019929545
56.2,-1.7217978423587694,-0.06318586308577562,0.19211042987919769
56.21,-1.7217651532134812,-0.04633912481508373,0.1721372808989179
56.22,-1.7217441547013634,-0.0290637780455838,0.1527123525460266
56.230000000000004,-1.7217346533871192,-0.011326791772927669,0.1337941931640202
56.24,-1.7217364428524493,0.006908850791431109,0.1153453734070119
56.25,-1.7217493046260686,0.025684563721907194,0.09733207028825447
56.26,-1.7217730085490999,0.045046671786069026,0.0797237303237413
56.27,-1.7218073130573905,0.06504704117534904,0.06249280418605441
56.28,-1.721851966035406,0.0857438487582523,0.04561454793857678
56.29,-1.7219067037465308,0.1072025169894405,0.029066889221473602
56.300000000000004,-1.7219712514618208,0.1294968514634453,0.012830359531572189
56.31,-1.7220453230149546,0.15271042767704185,-0.0031119023822207548
56.32,-1.7221286202795065,0.17693828919207938,-0.018774066990056182
56.33,-1.7222208324469794,0.2022890384112771,-0.034167435764319604
56.34,-1.7223216350850425,0.2288874282847655,-0.04930014666774693
56.35,-1.722430688970701,0.2568775996571782,-0.06417673170748592
56.36,-1.7225476385842657,0.28642716040971145,-0.07879748092364175
56.370000000000005,-1.722672110150164,0.31773237520470193,-0.09315754691448294
56.38,-1.7228037092831832,0.3510248398935477,-0.10724569419607816
56.39,-1.7229420181086097,0.38658016785595023,-0.12104255238085207
56.4,-1.7230865915262263,0.4247294437495502,-0.13451816282065643
56.410000000000004,-1.7232369525936793,0.4658745505859346,-0.14762849999036337
56.42,-1.7233925868268005,0.5105090155639278,-0.16031047302611512
56.43,-1.7235529348294403,0.5592468837257978,-0.17247462473086733
56.44,-1.7237173826316972,0.6128635465661039,-0.18399425587024004
56.45,-1.7238852494933403,0.6723548376766706,-0.1946888435085496
56.46,-1.7240557711214153,0.7390248965444406,-0.20429806427918173
56.47,-1.724228077445553,0.8146209194632734,-0.21243977896434066
56.480000000000004,-1.7244011611552834,0.9015474702605151,-0.21853946208381198
56.49,-1.7245738329409983,1.0032223618603167,-0.2217061946778937
56.5,-1.7247446549563028,1.1246992842589636,-0.22050247001238682
56.51,-1.7249118374347967,1.2738295721888278,-0.2124868070209324
56.52,-1.72507306927738,1.46361437087746,-0.19322269107531537
56.53,-1.7252252195035358,1.7175060749290016,-0.15387083065114854
56.54,-1.7253637576082044,2.0832631182132912,-0.07433095481853555
56.550000000000004,-1.7254814606139783,2.6780692996023134,0.10157654766102925
56.56,-1.7255648421964658,3.9014502374854927,0.6020554151179356
56.57,-1.725581189595541,8.548918584013013,3.7794956255445618
56.58,-1.7255899404474917,2.9148971375291595,5.327567132903323
56.59,-1.7255805791824086,0.7631871578841353,3.052111538110835
56.6,-1.725522134461274,0.23915159028595162,2.261288177745153
56.61,-1.7254351592152393,0.017387050070067023,1.835168166367023
56.620000000000005,-1.7253300300173042,-0.09874351566649422,1.5588641312883715
56.63,-1.7252129064267079,-0.16634332187866194,1.360548780159367
56.64,-1.7250878658313555,-0.2078985426755921,1.2087753330422824
56.65,-1.724957802596942,-0.23399010726383002,1.0873711229376553
56.660000000000004,-1.7248248716117376,-0.2502204093655059,0.9870722705890581
56.67,-1.7246907328703234,-0.2598162598459689,0.9021447815910617
56.68,-1.7245566978122366,-0.26475713547285296,0.8288256744500063
56.69,-1.7244238225157211,-0.26631813414740835,0.7645297500061741
56.7,-1.7242929699834981,-0.2653530950600979,0.7074143096840662
56.71,-1.724164853456966,-0.26245193139717726,0.656125509746847
56.72,-1.72404006748542,-0.25803270744172047,0.6096431349627747
56.730000000000004,-1.7239191108778917,-0.25239789018098124,0.5671816498483191
56.74,-1.7238024039794189,-0.24576998031996056,0.5281249116947467
56.75,-1.7236903019801,-0.23831478844687143,0.4919818021222812
56.76,-1.7235831053364228,-0.23015704876313567,0.45835529282673004
56.77,-1.723481068025468,-0.22139113547435307,0.4269203891806227
56.78,-1.7233844042078912,-0.2120885650269697,0.3974080899457375
56.79,-1.7232932936192484,-0.20230333839416792,0.3695935155459774
56.800000000000004,-1.7232078860314768,-0.19207580050577067,0.3432869827229952
56.81,-1.7231283049189385,-0.18143546141013706,0.318327199041939
56.82,-1.7230546505345432,-0.17040307704802193,0.29457600771934633
56.83,-1.7229870025085325,-0.15899219249767854,0.2719142827720735
56.84,-1.7229254220096046,-0.14721028805474898,0.2502386894745225
56.85,-1.7228699536047087,-0.13505962639805755,0.2294591039216694
56.86,-1.7228206268586121,-0.12253787023013893,0.20949654054171132
56.870000000000005,-1.7227774576426549,-0.10963851958506954,0.19028147539883894
56.88,-1.7227404493019138,-0.09635120374247122,0.17175248144033906
56.89,-1.7227095936710166,-0.08266185208548171,0.1538551121161229
56.9,-1.7226848718377272,-0.06855276036188584,0.13654098495351366
56.910000000000004,-1.7226662549118208,-0.05400256285253191,0.11976702830121552
56.92,-1.7226537045404497,-0.038986115691461404,0.10349486269556787
56.93,-1.7226471735780327,-0.023474292521794615,0.08769029542631215
56.94,-1.7226466061860615,-0.007433689338164184,0.07232291170567642
56.95,-1.7226519384021028,0.009173768210302968,0.0573657508580348
56.96,-1.7226630981266369,0.026391326534431936,0.0427950589073883
56.97,-1.722680005396645,0.04426803091563969,0.02859011287522978
56.980000000000004,-1.7227025727532657,0.06285949952796271,0.014733114830962901
56.99,-1.7227307042597408,0.0822288735744987,0.0012091574036233177
57.0,-1.7227642963420178,0.10244798291004109,-0.011993734426424763
57.01,-1.722803237048475,0.12359877693998139,-0.024884475524795252
57.02,-1.7228474059258017,0.14577508826958635,-0.03746869225371913
57.03,-1.7228966733601276,0.16908481691233473,-0.049748371498823885
57.04,-1.7229509001160115,0.19365265383896846,-0.06172135592161623
57.050000000000004,-1.7230099365180571,0.21962350247320456,-0.07338064041268927
57.06,-1.7230736214793552,0.2471668154060348,-0.08471340609098402
57.07,-1.7231417812753826,0.2764821461479597,-0.09569970044066031
57.08,-1.723214228047181,0.3078063355067974,-0.10631063104911677
57.09,-1.7232907579658188,0.34142292942709307,-0.11650587842831905
57.1,-1.7233711487957646,0.3776746926319559,-0.12623023773397476
57.11,-1.7234551569986225,0.4169804922663495,-0.1354087476843065
57.120000000000005,-1.72354251402808,0.45985847171231126,-0.14393972063614036
57.13,-1.723632921397966,0.5069584793705595,-0.151684581601634
57.14,-1.7237260446244664,0.5591084498978052,-0.1584527282162198
57.15,-1.7238215047782064,0.617382417306964,-0.16397839270306455
57.160000000000004,-1.7239188676232693,0.6832031531747164,-0.1678842195414111
57.17,-1.7240176281357378,0.7585023208093521,-0.16962190984593836
57.18,-1.7241171891907683,0.8459804140934486,-0.16837143590005796
57.19,-1.7242168299760035,0.9495490195110197,-0.16286124850713563
57.2,-1.724315658335812,1.0751278180940709,-0.1510275714209589
57.21,-1.7244125347033932,1.2321877844804965,-0.12931801879342283
57.22,-1.7245059429852962,1.4370285458457015,-0.09112206183596219
57.230000000000004,-1.724593752347444,1.7206572087297252,-0.0227354210541805
57.24,-1.7246727239336455,2.1513825814771197,0.10917343170147495
57.25,-1.7247372983565699,2.920162909208962,0.41007242608937655
57.26,-1.7247756654713218,4.876973985854864,1.4491039784455029
57.27,-1.7247677280643217,9.521951987259317,8.852695699032244
57.28,-1.7247848032726214,1.6159243208419083,3.6892218243971944
57.29,-1.7247688237805763,0.5858557637536721,2.440881730971736
57.300000000000004,-1.7247307554375464,0.2259901408794109,1.8855382579670386
57.31,-1.7246787668871528,0.04978511721433626,1.5567860845627277
57.32,-1.7246174335089415,-0.050951298689279,1.3331927855407772
57.33,-1.7245496747991953,-0.11362596169138983,1.1681206711844354
57.34,-1.7244775189665928,-0.1545423628160694,1.0394694681609278
57.35,-1.7244024579441548,-0.18191492923558972,0.9352752199466763
57.36,-1.7243256343877682,-0.20031738785279674,0.8484342111408776
57.370000000000005,-1.7242479498704995,-0.21248969727335454,0.77443137752441
57.38,-1.7241701319959963,-0.22016758856624088,0.7102428438963932
57.39,-1.7240927783494926,-0.22450002479248157,0.65375762833953
57.4,-1.7240163865401323,-0.22627489226312106,0.6034514904956388
57.410000000000004,-1.7239413755018775,-0.2260482483295435,0.5581926385745397
57.42,-1.7238681010061816,-0.22422192482451272,0.5171206502623188
57.43,-1.723796867249669,-0.22109200380633368,0.47956811262802856
57.44,-1.723727935736694,-0.21688013175385845,0.44500825153819956
57.45,-1.723661532134825,-0.21175433804605895,0.41301894758174135
57.46,-1.7235978517165225,-0.20584322370896424,0.3832574076316632
57.47,-1.7235370637076373,-0.199245842292834,0.35544195525703576
57.480000000000004,-1.7234793148050196,-0.19203871051245536,0.32933869145179867
57.49,-1.7234247320569847,-0.18428086312150072,0.30475155890075756
57.5,-1.723373425251379,-0.17601754758385257,0.28151482996530597
57.51,-1.7233254888811358,-0.16728295481848007,0.25948735074307644
57.52,-1.7232810038343969,-0.15810225454247412,0.23854807723405436
57.53,-1.7232400387651683,-0.14849312013631016,0.21859257574979793
57.54,-1.7232026512928966,-0.13846687237606617,0.19953025284165507
57.550000000000004,-1.723168889039224,-0.12802933323879495,0.18128214360430683
57.56,-1.7231387904419742,-0.11718145474937224,0.1637791324811768
57.57,-1.7231123855258488,-0.10591976943107523,0.14696051317163675
57.58,-1.7230896965246982,-0.09423669529165218,0.1307728170256106
57.59,-1.7230707384107342,-0.08212071856921083,0.11516885676439376
57.6,-1.7230555193514228,-0.06955646989538838,0.10010694498552786
57.61,-1.7230440410543009,-0.056524703558989225,0.0855502564818452
57.620000000000005,-1.723036299181789,-0.043002184699179824,0.07146631095302658
57.63,-1.7230322834925937,-0.028961484764261247,0.05782655826458882
57.64,-1.7230319780801395,-0.014370681640328897,0.044606053463468354
57.65,-1.7230353615363108,0.0008070434970984253,0.03178321244038271
57.660000000000004,-1.7230424068485821,0.01661392505016876,0.019339642785810046
57.67,-1.723053082068307,0.03309826545258124,0.007260047683778831
57.68,-1.7230673494676516,0.050315245042881235,-0.004467796060416085
57.69,-1.7230851658397428,0.06832792193980841,-0.015852981006638095
57.7,-1.7231064824990316,0.08720846418370337,-0.026901324134418814
57.71,-1.7231312449409808,0.10703967021710789,-0.03761511966960826
57.72,-1.7231593925583908,0.12791685184933443,-0.04799276873707614
57.730000000000004,-1.7231908583092326,0.1499501786715369,-0.05802825590129093
57.74,-1.723225568251139,0.17326761641980373,-0.06771043012934044
57.75,-1.723263441012717,0.19801863949889598,-0.07702203033444022
57.76,-1.72330438700153,0.22437896464201465,-0.0859383704458271
57.77,-1.7233483075342466,0.25255665002528566,-0.09442556227339294
57.78,-1.723395093791865,0.28280004561673466,-0.1024380992371974
57.79,-1.723444625373683,0.3154082913678518,-0.10991554038225725
57.800000000000004,-1.7234967685414704,0.35074538424509216,-0.1167779039508358
57.81,-1.7235513741204527,0.38925933366299875,-0.1229191717419035
57.82,-1.723608274644859,0.4315087264412171,-0.1281979670538072
57.83,-1.723667280720289,0.47820033378058246,-0.13242389905269375
57.84,-1.7237281764503058,0.5302436080248958,-0.13533707840451398
57.85,-1.7237907129051453,0.5888318027451149,-0.1365765318167044
57.86,-1.7238545997872952,0.6555665254631022,-0.1356299107777968
57.870000000000005,-1.723919493326419,0.7326560583538142,-0.13175033410924644
57.88,-1.7239849790213453,0.8232450634174799,-0.12381255550276525
57.89,-1.7240505461806575,0.9319920518082904,-0.1100502468283446
57.9,-1.7241155478567516,1.0661480000155716,-0.08754267015851187
57.910000000000004,-1.7241791351196252,1.2377420855492538,-0.051121994525090614
57.92,-1.7242401405831358,1.468510920217123,0.009230305312146692
57.93,-1.7242968505158207,1.8027806915215514,0.11563643750393623
57.94,-1.7243464916072897,2.349365594661988,0.3278530085242668
57.95,-1.7243837874027097,3.4783831098230267,0.8775131150766349
57.96,-1.7243952819310664,7.771225777062394,3.918578920372723
57.97,-1.7243979583649462,3.370676573068008,5.084171329899278
57.980000000000004,-1.724400072829491,1.0365275159177418,2.767376185880147
57.99,-1.7243835948322017,0.4532378912812912,2.0007938324612513
58.0,-1.7243555639034969,0.1975067311483566,1.597179055340972
58.01,-1.724319812716054,0.05780756214610819,1.3393920955145568
58.02,-1.7242786833826296,-0.02775614757222708,1.1564698715482458
58.03,-1.7242337588984085,-0.0837943657382321,1.0177806274393606
58.04,-1.7241861837570096,-0.12200944754780543,0.9077308031302199
58.050000000000004,-1.7241368252283524,-0.14866588861065416,0.8174589421728272
58.06,-1.7240863633962185,-0.16741301234334227,0.7415156879330593
58.07,-1.724035345490594,-0.18051586266469508,0.6763445084134565
58.08,-1.7239842207382123,-0.18945129681842873,0.6195137260968465
58.09,-1.723933363780602,-0.1952208312813072,0.5692974443313443
58.1,-1.7238830910465799,-0.19852564433064818,0.5244325193595608
58.11,-1.7238336725298222,-0.1998696835915135,0.4839704597672323
58.120000000000005,-1.7237853405421673,-0.1996230871244076,0.4471833756937034
58.13,-1.7237382963047965,-0.1980626351665041,0.4135021348180915
58.14,-1.7236927150485428,-0.19539836294917923,0.3824744645107807
58.15,-1.7236487500251867,-0.1917915424224961,0.3537358240751509
58.160000000000004,-1.7236065356798151,-0.18736711644061244,0.3269886921488804
58.17,-1.7235661902336197,-0.18222247154655483,0.3019875418559529
58.18,-1.723527817760015,-0.1764337364855046,0.2785277476195556
58.19,-1.7234915099279118,-0.17006037271247743,0.2564372647885578
58.2,-1.7234573474149384,-0.16314856265274408,0.23557030027758843
58.21,-1.7234254011089836,-0.15573373629892293,0.2158024366268605
58.22,-1.723395733127872,-0.14784246944669155,0.19702683278496144
58.230000000000004,-1.723368397652098,-0.1394939159300179,0.1791512337651944
58.24,-1.7233434416512532,-0.1307008882468077,0.16209559574694274
58.25,-1.7233209055323382,-0.12147066802813007,0.14579018523284792
58.26,-1.7233008236125549,-0.11180560463315098,0.13017404751219316
58.27,-1.7232832245973184,-0.10170354380597675,0.11519376644835083
58.28,-1.7232681319934602,-0.0911581161595578,0.10080245657956788
58.29,-1.7232555643616967,-0.08015890627986073,0.08695894286654773
58.300000000000004,-1.723245535652418,-0.06869151641233245,0.07362709434208517
58.31,-1.7232380553694322,-0.056737532886621644,0.06077528574373728
58.32,-1.7232331288911547,-0.04427439887758178,0.048375967942224096
58.33,-1.7232307573998626,-0.031275192589018175,0.036405332746902996
58.34,-1.7232309382022386,-0.0177083060072733,0.02484306235674738
58.35,-1.7232336645652568,-0.0035370147442876365,0.01367215693326615
58.36,-1.7232389259319247,0.011281075252709355,0.0028788376652945924
58.370000000000005,-1.7232467082980387,0.026794724205431886,-0.007547474332306653
58.38,-1.7232569930406774,0.04305992491512925,-0.017614098971557468
58.39,-1.7232697580169207,0.06014097588605122,-0.02732494992592635
58.4,-1.7232849768480705,0.07811180796773487,-0.036680285705697785
58.410000000000004,-1.723302618941347,0.09705762822779043,-0.045676339620235096
58.42,-1.723322649126175,0.1170769645006979,-0.05430480052503145
58.43,-1.723345027460242,0.13828422327619022,-0.062552105047079
58.44,-1.7233697088243018,0.160812912382842,-0.07039848584238648
58.45,-1.723396642514893,0.18481973582905423,-0.07781669797313563
58.46,-1.7234257715677122,0.21048984753127345,-0.084770312595173
58.47,-1.7234570320803155,0.2380436664040352,-0.09121141873869867
58.480000000000004,-1.7234903524161538,0.2677458262966411,-0.09707750075191585
58.49,-1.7235256520141173,0.2999170909917252,-0.1022871469617019
58.5,-1.7235628399491627,0.334950465257178,-0.10673406879266112
58.51,-1.7236018132964954,0.3733333557537259,-0.11027862529166112
58.52,-1.723642454741324,0.41567865378349134,-0.1127355791135704
58.53,-1.7236846296509478,0.46276930293602725,-0.1138560094109927
58.54,-1.7237281822360475,0.5156238289802324,-0.11329989666305906
58.550000000000004,-1.7237729301430076,0.5755955276909417,-0.11059330810499758
58.56,-1.7238186572573146,0.6445277514781368,-0.10505915487150153
58.57,-1.7238651033533217,0.725006904153886,-0.09570047666342599
58.58,-1.7239119488911094,0.8207947663019796,-0.08099368604263982
58.59,-1.723958791871109,0.9376115873996785,-0.058499356977604694
58.6,-1.72400511074899,1.0846617237587552,-0.02407156513696526
58.61,-1.7240502008218832,1.2778986499532115,0.029914484337830366
58.620000000000005,-1.7240930554517822,1.5479529637261877,0.1191000329157165
58.63,-1.724132116493239,1.9631873049881374,0.2812031769474266
58.64,-1.7241646456063897,2.718713429119948,0.6350495069928795
58.65,-1.724184592567246,4.720384102300329,1.8272992647258157
58.660000000000004,-1.724181466640374,8.726155275085189,8.429908986309208
58.67,-1.7241907357881683,1.7391844490300934,3.3489154950081463
58.68,-1.7241856819844523,0.7305579315247372,2.192900080495683
58.69,-1.7241704137517875,0.35831696840432814,1.6769299355284488
58.7,-1.7241484237533622,0.16874631255856437,1.3721865040351044
58.71,-1.724121753034951,0.05631876671148492,1.1656796201598196
58.72,-1.72409173648499,-0.016392273376483302,1.0138341681714993
58.730000000000004,-1.724059318671817,-0.06600130870910634,0.8959735781114668
58.74,-1.7240252053579486,-0.10100511638398092,0.8009035069675555
58.75,-1.7239899448401574,-0.12619625690030606,0.7219806622510505
58.76,-1.7239539757018667,-0.14447974037758543,0.6549862352832813
58.77,-1.7239176567486232,-0.15771626445397166,0.5970977258449961
58.78,-1.7238812867612563,-0.16715064150039913,0.5463470301518485
58.79,-1.723845118097899,-0.17364541058716196,0.501314838712957
58.800000000000004,-1.7238093663773122,-0.17781567512324498,0.46094864212720044
58.81,-1.7237742175662438,-0.18011065751147554,0.4244493683870657
58.82,-1.7237398333193443,-0.18086499740296666,0.3911980579111519
58.83,-1.7237063550513791,-0.18033211005588584,0.3607068893318124
58.84,-1.7236739071141538,-0.17870650710185593,0.3325855522679988
58.85,-1.7236425993248252,-0.17613910550267173,0.30651759543729207
58.86,-1.723612528973524,-0.17274795546342062,0.28224343569243204
58.870000000000005,-1.7235837824800133,-0.16862590013406056,0.25954792191166026
58.88,-1.7235564367192855,-0.1638461340928688,0.2382510801638562
58.89,-1.7235305601542523,-0.158466293525235,0.2182011234760421
58.9,-1.7235062137518384,-0.15253150106404612,0.1992691013027472
58.910000000000004,-1.7234834517568776,-0.14607665339047865,0.181344755289039
58.92,-1.7234623223839565,-0.13912815094593617,0.16433327503750605
58.93,-1.723442868327758,-0.1317052096677374,0.14815273434107024
58.94,-1.7234251272635386,-0.12382085425483098,0.1327320487743158
58.95,-1.7234091322739267,-0.11548266409544794,0.11800933718038767
58.96,-1.7233949121462024,-0.10669332308537292,0.1039305999280149
58.97,-1.7233824917048977,-0.09745101025192617,0.09044864880936548
58.980000000000004,-1.723371892034564,-0.08774965726176677,0.07752223906380287
58.99,-1.723363130745547,-0.07757909097188487,0.0651153663153674
59.0,-1.723356222061722,-0.06692507267207277,0.05319669999294438
59.01,-1.7233511770371661,-0.05576924058558644,0.041739132094305825
59.02,-1.723348003604805,-0.044088957451112826,0.030719425438266917
59.03,-1.7233467068437394,-0.03185706088801041,0.020117950356660586
59.04,-1.7233472887178745,-0.01904150983483044,0.00991850244020398
59.050000000000004,-1.7233497484155196,-0.005604915903279911,0.00010819783530058302
59.06,-1.7233540821304092,0.008496056920897804,-0.009322554364022267
59.07,-1.7233602833095996,0.02331144711406674,-0.018379999201264013
59.08,-1.723368342324874,0.038898935494603576,-0.027066895160351767
59.09,-1.7233782465119865,0.05532501123568423,-0.03538227363143648
59.1,-1.7233899800784085,0.07266641794497306,-0.043321080515423285
59.11,-1.7234035239598904,0.09101195174131171,-0.0508736741749056
59.120000000000005,-1.7234188555438974,0.11046470712465545,-0.058025143490550185
59.13,-1.7234359484791244,0.1311449000928704,-0.06475439542730832
59.14,-1.7234547723420897,0.1531934439639041,-0.07103294108530718
59.15,-1.7234752922781975,0.17677651969184474,-0.07682328015868102
59.160000000000004,-1.723497468455434,0.2020914778938162,-0.08207674106703511
59.17,-1.7235212554855217,0.2293745497298665,-0.08673057039753554
59.18,-1.7235466017367278,0.2589110531729475,-0.09070396865862534
59.19,-1.723573448289767,0.29104910114120897,-0.09389261939269879
59.2,-1.7236017277853262,0.3262183170689341,-0.09616102002112811
59.21,-1.7236313629787374,0.3649558613986249,-0.09733153418064716
59.22,-1.7236622646098023,0.4079433875557983,-0.09716843303819649
59.230000000000004,-1.723694329009624,0.45606077413691637,-0.09535406319664805
59.24,-1.723727434428174,0.5104664035314277,-0.09145224908543186
59.25,-1.723761436524199,0.5727209413049964,-0.08485023426857229
59.26,-1.7237961614924704,0.6449853731261611,-0.07466298557016005
59.27,-1.7238313966988026,0.7303520813723174,-0.05956810312247532
59.28,-1.7238668761740836,0.8334285671027235,-0.03750483122058593
59.29,-1.723902258089474,0.9614365337666113,-0.0050864289739192825
59.300000000000004,-1.7239370872478261,1.1264615749008133,0.04365150570197557
59.31,-1.7239707278131382,1.3505934123058738,0.12024230597179425
59.32,-1.7240022295548565,1.679604227166466,0.250178301008944
59.33,-1.7240300193376807,2.2286690264885274,0.5028713005249077
59.34,-1.7240509971850493,3.4078703834864177,1.154458646132745
59.35,-1.7240567600975005,8.353267607379099,4.985254934930096
59.36,-1.724059397575303,3.1280280774912383,4.513747488764643
59.370000000000005,-1.7240612142486604,1.1077159722236058,2.4980310927562286
59.38,-1.7240536107909579,0.5469344157459686,1.8015322632323616
59.39,-1.7240398881328471,0.2890187238610301,1.4304690129309714
59.4,-1.7240219437227098,0.14318073846054286,1.1926595750925044
59.410000000000004,-1.724000972900099,0.05106321533542796,1.0238548952013795
59.42,-1.7239778000754642,-0.011167515883481971,0.8960038092203373
59.43,-1.7239530306437492,-0.055064301107710684,0.7947333281476995
59.44,-1.7239271294194016,-0.0869057576409112,0.7118431697336884
59.45,-1.7239004652185415,-0.1103960454765958,0.6422779916176173
59.46,-1.723873338130725,-0.1278598950712413,0.5827332542578343
59.47,-1.7238459971774942,-0.14082839878667333,0.5309474393988249
59.480000000000004,-1.7238186522801227,-0.15034961924616994,0.48531460517619696
59.49,-1.7237914826672207,-0.15716389819874746,0.44465917872133204
59.5,-1.7237646429847608,-0.16180796936826858,0.40809847790355114
59.51,-1.7237382678279303,-0.16467946205670628,0.3749552932951913
59.52,-1.7237124751774,-0.16607831832291398,0.344700350162808
59.53,-1.7236873690915744,-0.1662342112086666,0.31691330047262095
59.54,-1.7236630417867145,-0.16532518025135923,0.29125559082641206
59.550000000000004,-1.723639575330439,-0.16349059082589176,0.26745116277147984
59.56,-1.723617042986082,-0.160840327795232,0.24527245066887846
59.57,-1.7235955103342533,-0.15746143199469226,0.22453004328442097
59.58,-1.723575036168361,-0.15342296337464006,0.20506493052297114
59.59,-1.7235556732794433,-0.14877961052929095,0.18674260714664803
59.6,-1.7235374690691845,-0.14357439807428132,0.16944853240531535
59.61,-1.723520466091336,-0.1378407337591434,0.15308459475549097
59.620000000000005,-1.723504702532005,-0.13160396429051946,0.13756633187952602
59.63,-1.7234902125551628,-0.1248825594454597,0.12282072569643204
59.64,-1.7234770266432864,-0.11768901004070448,0.10878444073007307
59.65,-1.7234651719301812,-0.11003050132959494,0.0954024083704838
59.660000000000004,-1.7234546723459616,-0.10190940619649982,0.08262668417101865
59.67,-1.723445548895471,-0.09332363019806637,0.07041552382543728
59.68,-1.7234378197975782,-0.08426683085690376,0.05873263623955241
59.69,-1.7234315006651522,-0.07472852657076258,0.047546582620137945
59.7,-1.7234266045596924,-0.06469410455809156,0.03683029798461643
59.71,-1.7234231421349668,-0.05414473243893668,0.026560717729499445
59.72,-1.7234211216790465,-0.04305717352820816,0.01671849666831879
59.730000000000004,-1.723420549314891,-0.031403501736232714,0.007287812217376816
59.74,-1.7234214287222347,-0.0191507074836412,-0.0017437530346657015
59.75,-1.7234237614606316,-0.006260181216741156,-0.010385250428805254
59.76,-1.7234275467492035,0.007312944695243795,-0.01864232378851105
59.77,-1.7234327816887705,0.02162062196644393,-0.026517081100264045
59.78,-1.7234394608669188,0.03672291515038728,-0.034007868560608945
59.79,-1.72344757655868,0.052689280181926146,-0.04110893070856883
59.800000000000004,-1.7234571184834988,0.06960015423457688,-0.04780993304101323
59.81,-1.7234680737617758,0.08754893974350356,-0.054095314124604194
59.82,-1.723480426619087,0.10664449308384905,-0.059943421084966406
59.83,-1.723494158239168,0.12701426829237455,-0.065325364295929
59.84,-1.7235092464906159,0.1488083211244649,-0.07020350107305824
59.85,-1.7235256655711328,0.1722044581190433,-0.07452942083554061
59.86,-1.7235433855430728,0.19741493194909465,-0.07824124884539987
59.870000000000005,-1.7235623718284367,0.22469525500671,-0.08126000220756843
59.88,-1.723582584600246,0.254355963738682,-0.08348460405008777
59.89,-1.7236039778300216,0.28677856808328456,-0.08478496085619294
59.9,-1.7236264982950922,0.3224375557770989,-0.08499218445698975
59.910000000000004,-1.7236500842491282,0.36193135423653033,-0.08388450587239965
59.92,-1.7236746634759905,0.40602688373911755,-0.08116651660961305
59.93,-1.723700151134997,0.4557253272187632,-0.07643776553620889
59.94,-1.7237264462785027,0.5123621307391174,-0.06914378893371911
59.95,-1.7237534276335633,0.5777643728488943,-0.058496986016155855
59.96,-1.7237809470946694,0.6545086965937885,-0.043343279069803564
59.97,-1.723808820285242,0.7463652143465462,-0.02192575469985672
59.980000000000004,-1.7238368122241943,0.8591085094271056,0.008561098523702265
59.99,-1.7238646138000617,1.002114591120132,0.052880152296755994
60.0,-1.723891801256232,1.1918257677704172,0.11980123007692484
60.01,-1.723917759083328,1.4603215756188372,0.22740239629074963
60.02,-1.723941514489285,1.8809263272265706,0.4197899997638119
60.03,-1.723961305738075,2.6715921718665756,0.8397086047640405
60.04,-1.7239730253455043,4.938873848296054,2.3250701370484603
60.050000000000004,-1.723971453343296,7.018800384127094,7.354448724036222
60.06,-1.723977121923065,1.6901326900078433,3.0027816702293224
60.07,-1.7239745920164937,0.7844493867836755,1.9858556867225547
60.08,-1.723966276608797,0.4263902436743384,1.51708915604231
60.09,-1.7239540308327186,0.23690722523849272,1.2370147257405604
60.1,-1.7239389793617335,0.12122568103151271,1.046332454972961
60.11,-1.7239218751547751,0.04445057159026472,0.905883399565951
60.120000000000005,-1.7239032598953177,-0.009289774115314231,0.7968493226918936
60.13,-1.723883543620322,-0.04825795125903594,0.7089603551215928
60.14,-1.7238630484758577,-0.07718039873758954,0.6360892520016904
60.15,-1.7238420347040895,-0.09895578414158282,0.5743305141804991
60.160000000000004,-1.723820717199903,-0.11545967312146835,0.5210644132773391
60.17,-1.7237992765164822,-0.12795825661921328,0.4744608299884684
60.18,-1.7237778664911725,-0.13733621884637295,0.4331982243643838
60.19,-1.723756619721572,-0.14422940340275373,0.3962957043743616
60.2,-1.7237356515796718,-0.14910567029049776,0.36300814121112823
60.21,-1.7237150632792348,-0.15231610589044473,0.33275818228813414
60.22,-1.7236949441856388,-0.1541285331725088,0.30509076394706436
60.230000000000004,-1.7236753736510342,-0.15475006426732735,0.2796418350801032
60.24,-1.7236564224741164,-0.15434265242637468,0.2561163342873237
60.25,-1.7236381540539747,-0.1530340462818909,0.2342723552669373
60.26,-1.7236206253534996,-0.1509256497580085,0.21390954934361778
60.27,-1.7236038876739619,-0.14809825324133888,0.19486049053953813
60.28,-1.7235879872976052,-0.1446162708976455,0.1769841516866813
60.29,-1.7235729660463321,-0.14053091027636963,0.16016091043591565
60.300000000000004,-1.723558861714418,-0.13588256558737366,0.1442886815956254
60.31,-1.7235457084647008,-0.13070263712711838,0.12927989061430378
60.32,-1.7235335371647065,-0.12501491953997798,0.11505908370822232
60.33,-1.723522375644519,-0.11883666065593992,0.1015610260609214
60.34,-1.7235122489281947,-0.11217936406914439,0.08872917881130843
60.35,-1.723503179503683,-0.10504938837666945,0.07651447373953416
60.36,-1.7234951873829907,-0.09744838119118943,0.06487432464561937
60.370000000000005,-1.7234882903371556,-0.08937357539453547,0.053771829942920235
60.38,-1.723482503982151,-0.0808179665750805,0.04317513161021075
60.39,-1.7234778419172097,-0.07177038428035978,0.03305690461543512
60.4,-1.723474315738433,-0.06221546425268458,0.023393957347270095
60.410000000000004,-1.7234719351621333,-0.05213352424636275,0.01416692905958053
60.42,-1.7234707080156662,-0.04150034160549841,0.0053600746214625405
60.43,-1.7234706404817368,-0.030286826534026867,-0.003038869152175744
60.44,-1.7234717367098913,-0.01845858032072878,-0.011038737892848677
60.45,-1.723473999199471,-0.005975322513982723,-0.01864491332278495
60.46,-1.7234774285598697,0.00720983526244115,-0.0258592111660238
60.47,-1.7234820236669914,0.021151299144209768,-0.03267967382166487
60.480000000000004,-1.72348778136708,0.035912126613723755,-0.03910025315111665
60.49,-1.723494696596262,0.051565437759358235,-0.04511036214804036
60.5,-1.7235027621825991,0.0681961752489301,-0.05069426545505436
60.51,-1.7235119688029483,0.08590330878854505,-0.05583026704457052
60.52,-1.7235223047024153,0.10480261271457919,-0.06048963705662491
60.53,-1.7235337555590746,0.1250301927416052,-0.06463519694643427
60.54,-1.723546304257964,0.14674700414762668,-0.06821944898761191
60.550000000000004,-1.7235599305507143,0.17014469977273397,-0.07118208817199949
60.56,-1.7235746106225462,0.19545328958811542,-0.07344666257798711
60.57,-1.723590316649639,0.22295130490069354,-0.07491603891449694
60.58,-1.7236070162347021,0.2529794875705968,-0.07546616038653396
60.59,-1.7236246715188064,0.2859595357586324,-0.07493731401304546
60.6,-1.7236432382936744,0.32242025805206026,-0.07312168408222548
60.61,-1.7236626646969961,0.36303484438330313,-0.06974522912705783
60.620000000000005,-1.723682889436643,0.4086752769685582,-0.0644406362133941
60.63,-1.7237038396606272,0.4604939943065197,-0.056705796553700796
60.64,-1.7237254277222749,0.5200504680113835,-0.045837905579928756
60.65,-1.7237475467762444,0.5895149462944798,-0.030824723420414132
60.660000000000004,-1.7237700644737886,0.672011514675345,-0.010156603944844245
60.67,-1.723792813207017,0.7722281629957776,0.01851732307807341
60.68,-1.723815574832583,0.8975776841203328,0.059063725720673865
60.69,-1.723838054928784,1.0606060254617775,0.11831267134664908
60.7,-1.7238598358981392,1.2845939371235944,0.2095565282129674
60.71,-1.723880281924889,1.6188421680818508,0.362541686525613
60.72,-1.723898312811711,2.1917966357831666,0.6602714442713368
60.730000000000004,-1.7239117072928334,3.4927712297633406,1.4522029639688852
60.74,-1.7239140998864144,9.584672960265037,6.687511105663836
60.75,-1.7239170884851855,2.768276960382607,3.940825390198196
60.76,-1.7239181893142836,1.1078629983906998,2.2607619415079157
60.77,-1.723913673733124,0.5912851648420238,1.6391179319383544
60.78,-1.7239053929453951,0.34197365311515016,1.3003664956590426
60.79,-1.723894451206613,0.19659732596505824,1.081146406819496
60.800000000000004,-1.72388156335481,0.10251094836877761,0.9248237528132672
60.81,-1.7238672315052113,0.037540937800565055,0.8061828417757612
60.82,-1.7238518295568692,-0.009290471885858909,0.7121463873055924
60.83,-1.7238356477189078,-0.044044888242347854,0.6351929348426937
60.84,-1.7238189184751744,-0.07034412197648846,0.5706593371198975
60.85,-1.7238018326072542,-0.09048545592079979,0.5154849109231676
60.86,-1.7237845496896391,-0.10599584957346578,0.46756866880865766
60.870000000000005,-1.7237672052614004,-0.11792910406498695,0.42541527920086475
60.88,-1.7237499158998997,-0.12703517486349528,0.38792827808072106
60.89,-1.7237327829359923,-0.13386154761008828,0.3542833469758173
60.9,-1.7237158952005305,-0.13881649915866814,0.3238474826703442
60.910000000000004,-1.723699331153983,-0.142209979143147,0.29612565928498524
60.92,-1.7236831605192655,-0.1442808321350109,0.27072459170273244
60.93,-1.7236674455754661,-0.14521539945751585,0.2473274872303294
60.94,-1.7236522422076281,-0.14516051979463607,0.2256760601452053
60.95,-1.7236376007317227,-0.1442327954992167,0.20555746760516044
60.96,-1.7236235665999677,-0.14252531150211295,0.18679465487518057
60.97,-1.7236101809588864,-0.14011258015435737,0.16923910934829708
60.980000000000004,-1.7235974811219836,-0.1370542270157599,0.15276534733884753
60.99,-1.7235855009850043,-0.13339776726152108,0.13726666749617106
61.0,-1.7235742713395665,-0.12918071426245253,0.12265184415933192
61.01,-1.723563820161717,-0.12443218972049823,0.10884252790604107
61.02,-1.723554172886216,-0.11917415567878424,0.09577118522995401
61.03,-1.7235453525600615,-0.11342235470616424,0.08337945430193514
61.04,-1.7235373800409166,-0.10718702068739018,0.07161682608720493
61.050000000000004,-1.723530274195806,-0.10047340539416517,0.06043958294487248
61.06,-1.7235240519351405,-0.093282153389727,0.04980994369705155
61.07,-1.7235187283979916,-0.08560954851083002,0.03969537703097348
61.08,-1.7235143169876745,-0.07744764766024004,0.03006805411241059
61.09,-1.723510829535577,-0.06878431193531856,0.02090441898738829
61.1,-1.7235082762210865,-0.05960314000938899,0.012184860843979683
61.11,-1.7235066657551477,-0.049883304361424574,0.0038934772342122947
61.120000000000005,-1.7235060052344227,-0.039599286507180476,-0.003982078889922552
61.13,-1.7235063004697302,-0.02872050302092405,-0.011450671488256875
61.14,-1.7235075557075719,-0.01721080921881918,-0.018517673005494603
61.15,-1.7235097736247933,-0.005027861557123758,-0.025184871115576685
61.160000000000004,-1.723512955490448,0.007877687225808838,-0.03145028262297814
61.17,-1.723517101032394,0.02156319510852811,-0.03730786151227082
61.18,-1.7235222083654436,0.03609528638946044,-0.04274708202991437
61.19,-1.7235282739356328,0.051551417889362294,-0.047752369760498015
61.2,-1.7235352923930725,0.06802183834386458,-0.05230234303522854
61.21,-1.7235432565857265,0.08561205247220935,-0.05636881244576708
61.22,-1.7235521572504502,0.10444594023765039,-0.05991546596018643
61.230000000000004,-1.7235619829148094,0.12466973935323578,-0.06289613815439055
61.24,-1.7235727196341073,0.14645717851166062,-0.06525251994538099
61.25,-1.7235843507470707,0.17001616792239976,-0.06691110322533132
61.26,-1.7235968564299284,0.19559762941719575,-0.06777906119825391
61.27,-1.723610213278246,0.22350731514964658,-0.06773862130780083
61.28,-1.7236243937956517,0.2541218778597695,-0.06663926164945716
61.29,-1.7236393655230207,0.2879111142203869,-0.06428669726466214
61.300000000000004,-1.7236550902266599,0.32546937579566093,-0.06042701905017249
61.31,-1.723671522572093,0.36756094879979806,-0.05472331718837191
61.32,-1.723688608497409,0.41518734876495417,-0.046720296514539156
61.33,-1.7237062829592749,0.46969016667008795,-0.035789033415149205
61.34,-1.7237244668461849,0.5329138844744592,-0.021037547226441272
61.35,-1.7237430623243482,0.6074746024570572,-0.0011596771311002396
61.36,-1.7237619463668432,0.6972263952161122,0.025833862897084003
61.370000000000005,-1.7237809602260203,0.8081220455048537,0.06312554316832963
61.38,-1.7237998924919973,0.949929713128842,0.11613911040706329
61.39,-1.7238184492207513,1.1400200368812448,0.19493053985761016
61.4,-1.7238361963544833,1.4129504764144372,0.32047907238264484
61.410000000000004,-1.72385243239557,1.8500878341754956,0.5450836481879333
61.42,-1.7238658426449671,2.7062881166360424,1.0455476103302486
61.43,-1.7238731539258936,5.441297669862315,2.9885301843459686
61.44,-1.72387252048496,5.445970721992162,6.092617026471698
61.45,-1.7238761522336556,1.5941731235348067,2.6925734026072776
61.46,-1.7238744859779755,0.7999403809053071,1.8099482216551674
61.47,-1.723869119358385,0.4641225943700522,1.3864573734704866
61.480000000000004,-1.7238611747881607,0.2799377002951068,1.1292878652861593
61.49,-1.7238513547932084,0.16463781812508907,0.9528141631482855
61.5,-1.7238401394805363,0.08652368504417685,0.8223027395783289
61.51,-1.723827879548456,0.030806001671165956,0.7207802909781248
61.52,-1.7238148434616845,-0.010355874989328356,0.6388817876874232
61.53,-1.7238012441448693,-0.04151032662509217,0.5709770815835632
61.54,-1.7237872550423408,-0.06547865211430498,0.5134576316867849
61.550000000000004,-1.7237730204356465,-0.08410386011246747,0.4638929033234396
61.56,-1.7237586623796588,-0.0986404999565296,0.4205796181841358
61.57,-1.7237442855566933,-0.10997159644945917,0.38228486554469043
61.58,-1.7237299807584099,-0.11873606252532465,0.34809183959321033
61.59,-1.7237158274990678,-0.12540694657224455,0.31730310685499324
61.6,-1.7237018959492758,-0.13034132258187567,0.2893776977319785
61.61,-1.7236882484705145,-0.13381313288428762,0.26388890233913054
61.620000000000005,-1.7236749407939664,-0.13603541177479195,0.24049518563880606
61.63,-1.7236620229635555,-0.13717568705785557,0.21891966857451234
61.64,-1.7236495401120573,-0.13736687846801057,0.19893535134816479
61.65,-1.7236375330715747,-0.13671515134667522,0.18035427629676215
61.660000000000004,-1.723626038892447,-0.13530566676537256,0.16301945050490885
61.67,-1.7236150912738322,-0.1332068496075483,0.14679873781129646
61.68,-1.723604720904223,-0.13047359350310964,0.1315801804450119
61.690000000000005,-1.7235949557915595,-0.12714969011224855,0.11726837450658165
61.7,-1.7235858214836866,-0.12326968322281329,0.10378163341151417
61.71,-1.7235773412996023,-0.11886028947792245,0.0910497488010078
61.72,-1.7235695365290393,-0.11394148711086773,0.07901220998950378
61.730000000000004,-1.7235624265620804,-0.1085273458468151,0.06761677991308249
61.74,-1.72355602904261,-0.10262665106802911,0.05681835190208773
61.75,-1.7235503599496318,-0.09624336064381826,0.046578030387151775
61.76,-1.7235454337874831,-0.08937692209484846,0.03686239302393085
61.77,-1.7235412635229967,-0.08202246935751911,0.027642901916079626
61.78,-1.7235378607723542,-0.07417091210267825,0.01889544015152783
61.79,-1.7235352357878675,-0.06580892497149357,0.010599955708589459
61.800000000000004,-1.7235333975822285,-0.05691883958874043,0.0027402002616354892
61.81,-1.7235323538307306,-0.04747843775586151,-0.004696445510448427
61.82,-1.72353211101998,-0.037460639957009156,-0.011719064520363753
61.83,-1.7235326742924542,-0.026833078595545665,-0.018333214750561863
61.84,-1.7235340477868635,-0.01555754003260272,-0.024540856763045085
61.85,-1.7235362341743117,-0.0035892533523502745,-0.030340190581376908
61.86,-1.7235392349192973,0.009124004584259937,-0.03572539050296178
61.870000000000005,-1.7235430501656934,0.022643027993253184,-0.0406862208381899
61.88,-1.7235476787359079,0.03703857891519738,-0.04520750825332201
61.89,-1.7235531179550845,0.052393133493051997,-0.04926843683626449
61.9,-1.7235593636376667,0.06880307444567454,-0.05284161898461234
61.910000000000004,-1.7235664099032486,0.08638145976197081,-0.055891877132468765
61.92,-1.7235742491767871,0.10526154609510746,-0.0583746458266694
61.93,-1.7235828718130968,0.12560131236248706,-0.060233867028525095
61.940000000000005,-1.7235922659853204,0.14758932971645486,-0.06139919765258667
61.95,-1.723602417406643,0.17145246818004656,-0.061782268038343066
61.96,-1.723613308967065,0.19746615095650408,-0.06127160803021452
61.97,-1.7236249202459089,0.22596820572229945,-0.059725666960598264
61.980000000000004,-1.723637227050291,0.25737789208819717,-0.05696305108714493
61.99,-1.7236502006332926,0.2922225420925274,-0.052748607027266706
62.0,-1.7236638067304928,0.33117567380966106,-0.046773145657151766
62.01,-1.7236780044742765,0.37511287651232283,-0.03862315064166656
62.02,-1.7236927445135608,0.4251961100868591,-0.027734193436195625
62.03,-1.7237079669312063,0.483005119887292,-0.013316829780244316
62.04,-1.7237235978941454,0.550750396498493,0.005766067713946416
62.050000000000004,-1.7237395448228736,0.6316346260442427,0.031212272425382714
62.06,-1.723755689312268,0.7305016964025515,0.06567200683274113
62.07,-1.7237718754276234,0.8550865853065384,0.11352278310461339
62.08,-1.723787889989389,1.0186484923476697,0.18255062759084398
62.09,-1.7238034261021844,1.2462228754358198,0.2880788890160668
62.1,-1.723818007314276,1.5921922200404977,0.4650495829992335
62.11,-1.7238308009825491,2.204287892060045,0.8143997614187106
62.120000000000005,-1.7238400070823836,3.695153460714121,1.795838828712772
62.13,-1.7238404685278894,10.516654555067705,8.485490119348846
62.14,-1.7238436743757468,2.439082024069964,3.4455135561782693
62.15,-1.7238442673575394,1.0809170465076858,2.0546689872992157
62.160000000000004,-1.7238411533530664,0.6116078093304432,1.5019378449051992
62.17,-1.7238354910558584,0.37467410256205946,1.1929060263393547
62.18,-1.723827992796933,0.2326255147496233,0.9904957789368449
62.190000000000005,-1.7238191306739692,0.13876042480471948,0.8452413147655781
62.2,-1.7238092420403246,0.07278788500783387,0.7346190571717259
62.21,-1.7237985810659826,0.024447156902087652,0.6467804811003987
62.22,-1.72378734702351,-0.012017166875867541,0.5748441642928404
62.230000000000004,-1.7237757008549992,-0.04008666594852353,0.514513777839573
62.24,-1.7237637755827184,-0.06199214552968696,0.462954662194861
62.25,-1.723751683191843,-0.07922915458517288,0.41821323363311735
62.26,-1.723739519376215,-0.0928375553055961,0.3788947842850565
62.27,-1.7237273669175186,-0.103562324810477,0.3439741686236241
62.28,-1.72371529816413,-0.11195061645029458,0.31267923079146676
62.29,-1.7237033768996612,-0.1184127559908501,0.2844161537421424
62.300000000000004,-1.7236916597546863,-0.12326190528627404,0.2587200369153676
62.31,-1.7236801973385347,-0.1267406208506188,0.23522122712121762
62.32,-1.7236690351042554,-0.12903909391497578,0.21362180459428254
62.33,-1.7236582140714731,-0.13030795718107152,0.19367879995371406
62.34,-1.72364777138756,-0.1306674519958399,0.17519198337119815
62.35,-1.723637740816217,-0.13021410195225702,0.15799482772346216
62.36,-1.7236281531076323,-0.1290256429435828,0.14194771879570128
62.370000000000005,-1.7236190363523287,-0.12716471122845846,0.12693278450437243
62.38,-1.7236104162292094,-0.12468163133938755,0.11284990948939011
62.39,-1.7236023162396865,-0.12161654082919544,0.0996136308067139
62.4,-1.7235947579449546,-0.11800101858773317,0.08715069747124633
62.410000000000004,-1.7235877610678052,-0.11385933549281338,0.0753981367293503
62.42,-1.7235813436759548,-0.10920941295455035,0.06430171243380839
62.43,-1.723575522317088,-0.10406355127333164,0.05381469032387952
62.440000000000005,-1.7235703120856327,-0.09842897282336534,0.04389684687012857
62.45,-1.723565726735736,-0.09230821266140149,0.03451367425105899
62.46,-1.7235617787235487,-0.08569937970740221,0.02563574559003945
62.47,-1.7235584793605636,-0.07859630445835558,0.01723821376192533
62.480000000000004,-1.7235558387274932,-0.07098858323590757,0.009300423767600721
62.49,-1.723553865832697,-0.06286152414201288,0.0018056245277988242
62.5,-1.7235525685357,-0.054195995275410414,-0.005259229801706844
62.51,-1.7235519537268205,-0.04496817155551029,-0.011903594621205785
62.52,-1.7235520271917437,-0.035149171976915944,-0.018133367967455405
62.53,-1.72355279363299,-0.024704574166111673,-0.023950840240078555
62.54,-1.7235542567205502,-0.01359378730488861,-0.02935455520049103
62.550000000000004,-1.7235564190742627,-0.0017692573231203879,-0.03433907242972464
62.56,-1.7235592821874226,0.0108245306863963,-0.03889461617004235
62.57,-1.7235628464035455,0.024252299802946214,-0.04300658881738251
62.58,-1.723567110839472,0.03858954081720026,-0.04665491865705203
62.59,-1.723572073416001,0.05392446787899516,-0.04981319970574044
62.6,-1.7235777306310684,0.07036048274616546,-0.05244756557424278
62.61,-1.7235840775208429,0.08801930176302206,-0.05451521669148021
62.620000000000005,-1.7235911074859471,0.10704495632960584,-0.055962488134817356
62.63,-1.7235988121880939,0.12760896167127858,-0.056722298656114487
62.64,-1.723607181238859,0.14991706987510514,-0.056710752515485546
62.65,-1.7236162019542567,0.17421820601205096,-0.05582256145795424
62.660000000000004,-1.7236258590880866,0.20081646240996656,-0.05392479379813167
62.67,-1.7236361343051478,0.23008745831278482,-0.05084820500510111
62.68,-1.7236470056426607,0.2625010611097009,-0.04637499570378496
62.690000000000005,-1.7236584469097633,0.2986535936676766,-0.040221165458746516
62.7,-1.7236704265545344,0.3393145639078346,-0.032010468497622596
62.71,-1.7236829066416937,0.38549629532739216,-0.021234914699994972
62.72,-1.7236958408842533,0.4385609346160253,-0.007192942740036776
62.730000000000004,-1.7237091724909572,0.5003909462525364,0.011111007076680418
62.74,-1.7237228305513397,0.573672655516728,0.035136958085524805
62.75,-1.7237367248352844,0.6623928145233251,0.06711453705713616
62.76,-1.7237507377341674,0.7727653984485298,0.11062616931486006
62.77,-1.7237647107962513,0.91510636166591,0.17181807369132732
62.78,-1.7237784206801936,1.108047137688768,0.2622036160203899
62.79,-1.7237915318645043,1.3894772202037942,0.40620010072432844
62.800000000000004,-1.7238034892432248,1.85171154860297,0.6664186771872371
62.81,-1.7238132113298477,2.802527548101559,1.2668138720013153
62.82,-1.7238178039144785,6.284699370891198,3.928809810089116
62.83,-1.7238178774904185,4.300502880336756,5.029120175394278
62.84,-1.7238202647040328,1.491302832867479,2.423794997203495
62.85,-1.723818978237846,0.7974363379505895,1.6582078259082684
62.86,-1.7238151249437208,0.48545937150500684,1.275642124470165
62.870000000000005,-1.723809446361472,0.3086490108712151,1.0391844753730342
62.88,-1.723802419241364,0.1954688285650402,0.8754327284875222
62.89,-1.7237943756299066,0.11743006011510701,0.7537097765978431
62.9,-1.7237855612826682,0.0609046958252832,0.6587497725217454
62.910000000000004,-1.723776166328104,0.018537619049773232,0.5820269113396502
62.92,-1.7237663428218726,-0.013996420018181924,0.5183712664599892
62.93,-1.723756215517105,-0.03940972474872072,0.4644481356337395
62.940000000000005,-1.723745888846696,-0.059490204268445174,0.4180005493794665
62.95,-1.723735451663854,-0.07546434160722064,0.3774409221472814
62.96,-1.7237249805856845,-0.08820126306639982,0.34161669598831396
62.97,-1.7237145423973184,-0.09833363593961883,0.30966881444135735
62.980000000000004,-1.7237041958833839,-0.10633246916589859,0.2809425665028195
62.99,-1.7236939931731543,-0.11255511694764782,0.2549293831084559
63.0,-1.723683980809632,-0.11727706216478155,0.2312276637896897
63.01,-1.72367420059425,-0.1207135346113008,0.20951570703024475
63.02,-1.7236646902427104,-0.12303456332549971,0.1895325689956614
63.03,-1.7236554839426683,-0.12437567367406528,0.17106425178147372
63.04,-1.7236466127763908,-0.12484562655152173,0.1539335571450126
63.050000000000004,-1.7236381051023293,-0.12453210568140038,0.13799251350659816
63.06,-1.7236299868525204,-0.12350595382424641,0.12311664284328694
63.07,-1.7236222817763474,-0.12182436439254829,0.10920056562724245
63.08,-1.723615011689339,-0.11953330847566077,0.09615459370990358
63.09,-1.7236081966109489,-0.11666939316780164,0.08390206310160948
63.1,-1.7236018549389398,-0.113261290193764,0.07237722869540963
63.11,-1.7235960036107136,-0.10933083450693733,0.06152359103094911
63.120000000000005,-1.7235906581597837,-0.10489386496100533,0.05129255956855579
63.13,-1.7235858328569231,-0.09996085953915797,0.041642381737805045
63.14,-1.7235815407472341,-0.09453740317355495,0.03253728447213676
63.15,-1.7235777938229526,-0.08862451562820714,0.023946788567232674
63.160000000000004,-1.7235746029195012,-0.08221885862325806,0.015845165762268645
63.17,-1.7235719779011558,-0.07531283510756642,0.0082110165514339
63.18,-1.723569927621062,-0.06789458804672704,0.0010269522901310557
63.190000000000005,-1.7235684600495522,-0.05994790159060065,-0.0057206295557442055
63.2,-1.7235675821377217,-0.051452003029289595,-0.01204168420668944
63.21,-1.7235672999842173,-0.042381259658153744,-0.017942575631478816
63.22,-1.7235676186842452,-0.03270475992184993,-0.02342604963592082
63.230000000000004,-1.723568542625823,-0.022385762821911542,-0.02849111979511794
63.24,-1.723570075056384,-0.011380993322664179,-0.03313285802455877
63.25,-1.723572218384248,0.00036024696864299377,-0.03734207650984836
63.26,-1.7235749740022515,0.012897194474474738,-0.04110488169756857
63.27,-1.7235783423570643,0.026299018422174622,-0.044402073094080285
63.28,-1.7235823227525162,0.04064656838579224,-0.04720834918150102
63.29,-1.7235869133821111,0.05603457297007053,-0.049491268431465604
63.300000000000004,-1.7235921111535832,0.072574422139537,-0.05120989354632423
63.31,-1.723597911751423,0.09039771559936231,-0.052313018858693286
63.32,-1.7236043092704931,0.1096608285918062,-0.05273684044243375
63.33,-1.7236112961760186,0.1305508507714403,-0.052401868703228244
63.34,-1.7236188630822127,0.15329340300724087,-0.05120879433955082
63.35,-1.7236269984775756,0.17816306691295897,-0.04903288288532212
63.36,-1.7236356883288313,0.2054975150424395,-0.0457162610908068
63.370000000000005,-1.7236449157509863,0.2357169856078285,-0.0410571205700294
63.38,-1.7236546603832994,0.26935164917834814,-0.034794310016023455
63.39,-1.7236648976351217,0.30708092199802883,-0.02658485064317516
63.4,-1.723675597864026,0.3497913779667823,-0.015970274489054276
63.410000000000004,-1.7236867248690368,0.3986645687463906,-0.0023247150955752055
63.42,-1.7236982342651146,0.45531476708680574,0.015227953566511021
63.43,-1.7237100708258417,0.5220137882952474,0.037951892781234814
63.440000000000005,-1.7237221646319552,0.6020758497366012,0.06773986157340006
63.45,-1.723734425318629,0.7005558396197469,0.10755909581514239
63.46,-1.723746732593244,0.8256116786627886,0.1623418141198466
63.47,-1.723758920011829,0.9914230604770274,0.24094353359877446
63.480000000000004,-1.7237707441828563,1.2252813207370528,0.36104522123302163
63.49,-1.7237818195934747,1.5881851662781834,0.5639211928025397
63.5,-1.7237914515664032,2.2540126342708966,0.9740167973946974
63.51,-1.7237980523157734,4.021793733072387,2.2174344964914448
63.52,-1.7237976947301163,9.349983585735364,8.544610746956609
63.53,-1.7238006916884103,2.1655930721158745,3.0336365975563973
63.54,-1.7238009544714226,1.0440406373408915,1.8754817556839172
63.550000000000004,-1.7237985915945373,0.619084549133623,1.3833650095992334
63.56,-1.7237943864503404,0.39553945897252674,1.101027043967081
63.57,-1.7237888323701722,0.25809764167033195,0.9137252387489645
63.58,-1.7237822634263122,0.16558837545086902,0.7783576823615042
63.59,-1.7237749219474172,0.09957800124548019,0.674839437560507
63.6,-1.7237669925357542,0.05055130569492272,0.592445410541756
63.61,-1.7237586212090998,0.013089209230978963,0.5248814124517148
63.620000000000005,-1.7237499267631287,-0.016125622212255067,0.4681877517507643
63.63,-1.7237410080056077,-0.03923940243977145,0.4197368395252815
63.64,-1.723731948586598,-0.057702686673733766,0.3777097449041747
63.65,-1.7237228203573607,-0.07253111753963512,0.34080334989245054
63.660000000000004,-1.723713685763515,-0.08445680199692483,0.3080571665572968
63.67,-1.723704599645222,-0.0940204094760016,0.2787461328302399
63.68,-1.723695610554483,-0.10162944653511549,0.2523116605048688
63.690000000000005,-1.7236867617890934,-0.10759637922489637,0.22831581836992015
63.7,-1.7236780922092811,-0.11216429633473154,0.2064100225762457
63.71,-1.7236696368641338,-0.1155246193874059,0.18631311280076795
63.72,-1.7236614275261881,-0.11782959153228155,0.16779566891305467
63.730000000000004,-1.7236534930906982,-0.11920125294275352,0.1506685782990944
63.74,-1.7236458599450923,-0.11973799894490515,0.13477456116177514
63.75,-1.7236385522314195,-0.11951944145162585,0.11998179438700345
63.76,-1.7236315921081562,-0.1186100574801599,0.10617905049203406
63.77,-1.7236249999393594,-0.11706195568883453,0.09327194783056746
63.78,-1.7236187944622032,-0.1149169911287505,0.081180028247515
63.79,-1.7236129929531734,-0.11220839067474654,0.06983445919995387
63.800000000000004,-1.7236076113272738,-0.10896200521002308,0.059176213465112246
63.81,-1.723602664258657,-0.10519727236551067,0.049154619013649564
63.82,-1.7235981652431618,-0.10092795064467038,0.039726199293757106
63.83,-1.7235941267641803,-0.09616266928230971,0.03085374473801486
63.84,-1.7235905602153117,-0.0909053258874142,0.02250557080122395
63.85,-1.7235874760738332,-0.08515535486914683,0.014654929440513262
63.86,-1.723584883880538,-0.07890788230136347,0.007279548892460672
63.870000000000005,-1.7235827923727567,-0.0721537772300095,0.0003612836045759904
63.88,-1.72358120934724,-0.0648796043861001,-0.0061141387768182676
63.89,-1.7235801418466883,-0.057067478923095626,-0.012157281761834157
63.9,-1.7235795960118778,-0.04869481935377658,-0.017775080458615783
63.910000000000004,-1.7235795773974367,-0.03973399043210035,-0.02297083890174438
63.92,-1.7235800905316083,-0.030151822758354124,-0.027744141599276698
63.93,-1.7235811392523082,-0.01990898984997748,-0.032090672359819494
63.940000000000005,-1.7235827265364236,-0.008959216382245644,-0.0360019290444705
63.95,-1.7235848545906276,0.0027517181178895456,-0.039464817083329565
63.96,-1.723587524678179,0.01528722756750675,-0.042461097499319075
63.97,-1.7235907371809742,0.028721483478634346,-0.044966655680009154
63.980000000000004,-1.7235944914559795,0.04314138004622654,-0.04695054441562205
63.99,-1.7235987859272712,0.0586490158047578,-0.04837373706666041
64.0,-1.723603617786307,0.07536484842397416,-0.04918750218601693
64.01,-1.72360898301215,0.09343174030538329,-0.049331275364722586
64.02,-1.7236148761971557,0.1130201971244146,-0.04872985274942504
64.03,-1.7236212904173753,0.13433522908433332,-0.047289654404289436
64.04,-1.7236282169361308,0.15762545422130375,-0.044893690310765164
64.05,-1.7236356449835912,0.18319535264926318,-0.04139468378885873
64.06,-1.7236435614666257,0.21142203388678338,-0.03660552617649952
64.07000000000001,-1.7236519503922483,0.24277860657190214,-0.030285780963299952
64.08,-1.7236607924787761,0.27786743590729673,-0.022122196885243944
64.09,-1.7236700642104124,0.31746861080964167,-0.01169988392037731
64.1,-1.7236797370273482,0.36261252970045105,0.0015415233050222604
64.11,-1.7236897757352172,0.4146920990949711,0.01837672123454985
64.12,-1.7237001367551434,0.47564271475544306,0.03990707249427898
64.13,-1.7237107651318058,0.5482439921146615,0.06775234071018138
64.14,-1.7237215902951541,0.6366533260903147,0.10439633908720608
64.15,-1.7237325193497237,0.7474137212671125,0.15385365665338518
64.16,-1.7237434256254827,0.8915237789110559,0.22307123594210113
64.17,-1.7237541282189812,1.089185016740363,0.3252287142205893
64.18,-1.7237643504884619,1.3824864444115623,0.4888359882283139
64.19,-1.7237736229881877,1.8779955755765576,0.7895100067662666
64.2,-1.723780991648809,2.9578932893738914,1.5169650661120901
64.21000000000001,-1.723783691137104,7.601423743656224,5.333204196903069
64.22,-1.7237843850333014,3.505595570868898,4.213615599625599
64.23,-1.7237859772897952,1.3944019569632264,2.1924664919150545
64.24,-1.7237848901766037,0.7861597713860717,1.5256436521138637
64.25,-1.7237819163085,0.49720409629973294,1.1793307163530837
64.26,-1.7237775771196624,0.3284735543694244,0.9614602522674144
64.27,-1.7237722161192748,0.21826640319002955,0.8091332310337128
64.28,-1.723766076548508,0.14108652188220688,0.6952709030951859
64.29,-1.7237593406656235,0.08444069515043703,0.6061470853659453
64.3,-1.7237521508107763,0.041469215870498885,0.5339991843561628
64.31,-1.72374462169177,0.008084924838210342,0.4740774931965565
64.32000000000001,-1.7237368480254904,-0.01830209489506722,0.4232976710763672
64.33,-1.723728909546772,-0.039413847024593066,0.37956136823879993
64.34,-1.7237208744372199,-0.056440258705169444,0.3413865713273696
64.35,-1.723712801762495,-0.07022990471401819,0.30769388532890063
64.36,-1.7237047432315578,-0.08140395853476981,0.2776766977208046
64.37,-1.723696744548643,-0.09042720768560045,0.25071898322407554
64.38,-1.7236888464034226,-0.09765391634642434,0.22634142327826184
64.39,-1.7236810852713278,-0.10335836051681327,0.20416501608026483
64.4,-1.7236734940386014,-0.10775570046888969,0.1838858558821045
64.41,-1.7236661024916387,-0.11101657887654538,0.16525725395468255
64.42,-1.7236589377341671,-0.11327753731889954,0.1480768096682627
64.43,-1.723652024512945,-0.11464858058315192,0.13217689512883488
64.44,-1.723645385488254,-0.11521875456902678,0.11741754196057821
64.45,-1.7236390414780511,-0.11506031433759832,0.10368104931464198
64.46000000000001,-1.7236330116284961,-0.1142318738309588,0.09086784600981447
64.47,-1.7236273135965308,-0.11278080788698433,0.07889328042534002
64.48,-1.7236219636781438,-0.11074509649423703,0.06768510648466045
64.49,-1.7236169769243743,-0.10815474642452635,0.0571814991740814
64.5,-1.7236123672309207,-0.10503288742766215,0.04732947798917948
64.51,-1.7236081474822316,-0.10139661349418864,0.03808364893806131
64.52,-1.7236043295264118,-0.09725762050334948,0.029405198444683242
64.53,-1.7236009243078996,-0.09262267768270718,0.021261089648521567
64.54,-1.723597941914257,-0.08749395977314947,0.013623423661322465
64.55,-1.7235953916200897,-0.08186925884809751,0.00646893797541194
64.56,-1.7235932818764295,-0.07574208835649311,-0.0002213785761559367
64.57000000000001,-1.7235916203863708,-0.06910168670554548,-0.006462569119206077
64.58,-1.7235904141415213,-0.061932923021399945,-0.01226590040488168
64.59,-1.723589669412487,-0.05421610342211745,-0.017638968805905653
64.6,-1.723589391731792,-0.045926671736256836,-0.02258572283183441
64.61,-1.723589585933637,-0.0370347938839444,-0.027106400683118967
64.62,-1.7235902561601022,-0.027504809677722133,-0.03119737745864959
64.63,-1.7235914058756827,-0.017294529296748268,-0.03485091225476633
64.64,-1.7235930377215458,-0.006354343470803603,-0.03805478012449193
64.65,-1.7235951536299563,0.0053738942753601415,-0.040791767313145835
64.66,-1.7235977547077679,0.017958268827706236,-0.04303899961572255
64.67,-1.7236008413441266,0.03147856270411235,-0.04476706233071363
64.68,-1.7236044128687311,0.04602847321277112,-0.045938854684732244
64.69,-1.7236084677234698,0.06171842437333851,-0.04650809982785051
64.7,-1.7236130032977668,0.0786791599446671,-0.046417400633581296
64.71000000000001,-1.7236180158144287,0.09706637745933726,-0.04559568706429025
64.72,-1.7236235001657918,0.11706676961661872,-0.04395483515067321
64.73,-1.7236294497637568,0.1389059967576443,-0.04138513948079116
64.74,-1.7236358563736296,0.16285935386824876,-0.037749170948219266
64.75,-1.723642709728407,0.18926626661848342,-0.03287331662812329
64.76,-1.723649997255213,0.21855033837529764,-0.02653592271154251
64.77,-1.7236577036589047,0.25124762744185547,-0.018450343194177293
64.78,-1.723665810177108,0.2880474412937405,-0.00824014761558417
64.79,-1.7236742940154517,0.3298527198423572,0.004598098746396606
64.8,-1.7236831270038546,0.3778721092806263,0.020752428713107826
64.81,-1.7236922743475407,0.4337653041958486,0.041187800762246124
64.82000000000001,-1.7237016923341015,0.49988206432227283,0.0673004324271371
64.83,-1.7237113250986982,0.5796750800760552,0.10118908434322141
64.84,-1.7237210997834995,0.6784573630096219,0.14616221843011293
64.85,-1.7237309183483749,0.8049005919636238,0.20776237169706638
64.86,-1.723740643474406,0.9743037125362449,0.2960535562906964
64.87,-1.7237500712146874,1.2167314968530578,0.43147296211559827
64.88,-1.7237588715526062,1.601535097317296,0.663055129209843
64.89,-1.7237664297144217,2.3375356283621587,1.1463223882682032
64.9,-1.7237712467212774,4.5098641962232495,2.7658578412013095
64.91,-1.7237708124701001,7.066426511229471,7.056837280938873
64.92,-1.7237732727084438,1.9431712855280152,2.692832121210112
64.93,-1.7237733178098402,1.0045356044341873,1.7187975035407437
64.94,-1.723771405640524,0.6193324707656073,1.2791786795636944
64.95,-1.7237680951132166,0.40901316995647974,1.0206335478212654
64.96000000000001,-1.7237637465125029,0.27669858780918066,0.846914707729838
64.97,-1.7237586085395402,0.18614826806804396,0.7204415499018667
64.98,-1.7237528639695636,0.12066540830190113,0.623296841964876
64.99,-1.7237466535315333,0.07145978432698787,0.545767736206534
65.0,-1.7237400894258175,0.033451499952611555,0.48209322178173114
65.01,-1.7237332635484635,0.0034951866478745153,0.4286205114557967
65.02,-1.7237262527686723,-0.020463007021706878,0.3829111463159089
65.03,-1.723719122489699,-0.0398219618044969,0.34326922762444145
65.04,-1.723711929146115,-0.05556762233912683,0.30847527180910195
65.05,-1.7237047219913093,-0.0684147930404673,0.2776277575407237
65.06,-1.7236975444504918,-0.0788940744254086,0.2500444983140369
65.07000000000001,-1.723690435116143,-0.0874072386176073,0.2251989156005025
65.08,-1.7236834285285723,-0.0942636665088526,0.20267753026815583
65.09,-1.7236765558014877,-0.09970500326433186,0.18215081828195884
65.1,-1.7236698450944057,-0.10392225149568521,0.1633527457537695
65.11,-1.7236633220272772,-0.10706787545293629,0.1460660939183445
65.12,-1.7236570099804802,-0.10926453295976311,0.13011173933567072
65.13,-1.723650930385655,-0.11061147784814424,0.11534069360081228
65.14,-1.723645102921548,-0.11118932122640149,0.10162810532648665
65.15,-1.7236395457167177,-0.11106361549403747,0.08886868180472442
65.16,-1.723634275502226,-0.1102875795820151,0.07697315401592161
65.17,-1.7236293077342704,-0.10890418765227523,0.06586551992797776
65.18,-1.723624656717071,-0.10694777857527962,0.055480876265922685
65.19,-1.7236203357041424,-0.10444529889460624,0.045763701242774166
65.2,-1.7236163569623952,-0.10141726082008354,0.03666648743636229
65.21000000000001,-1.7236127318318255,-0.09787847460676084,0.028148650133656472
65.22,-1.723609470868859,-0.09383859863469637,0.020175655559007147
65.23,-1.7236065837626005,-0.08930253856558393,0.012718327142480279
65.24,-1.723604079490584,-0.08427071807293426,0.005752298903560132
65.25,-1.7236019662680298,-0.07873923647567183,-0.0007424074363265587
65.26,-1.7236002517169187,-0.07269992301918338,-0.006781698295632466
65.27,-1.7235989426848362,-0.06614029256090634,-0.012377628920543005
65.28,-1.723598045445226,-0.05904340309439996,-0.0175385361594452
65.29,-1.7235975655419005,-0.05138761111289579,-0.02226908700839754
65.3,-1.7235975079901698,-0.04314621633711947,-0.026570242614822145
65.31,-1.7235978772307796,-0.03428698228976389,-0.030439133869216345
65.32000000000001,-1.723598676852513,-0.02477151321310722,-0.03386884034499049
65.33,-1.7235999099540873,-0.014554460350376025,-0.036848059522606474
65.34,-1.7236015789195371,-0.0035825214140279837,-0.03936064720854217
65.35,-1.723603685497419,0.008206815456276773,-0.041385002278991334
65.36,-1.7236062306202742,0.020886848163295585,-0.04289325867427075
65.37,-1.7236092144765833,0.03454364512374186,-0.04385023369538928
65.38,-1.7236126364222346,0.0492785559206155,-0.04421206242764449
65.39,-1.7236164949550843,0.06521140976568382,-0.04392442122647829
65.4,-1.7236207874986675,0.08248462524150599,-0.042920204372832116
65.41,-1.7236255103776967,0.10126854463275974,-0.04111646153385569
65.42,-1.723630658705296,0.12176843782512149,-0.038410319705134824
65.43,-1.723636226141874,0.1442338194966199,-0.03467348630154524
65.44,-1.7236422046579438,0.168971028824881,-0.029744732890047726
65.45,-1.7236485843713505,0.1963604981236456,-0.02341944761082991
65.46000000000001,-1.723655353024747,0.22688090826152146,-0.01543483752779333
65.47,-1.723662495598585,0.2611437043619511,-0.005448514320728265
65.48,-1.723669993718596,0.299943627225441,0.006993267473367926
65.49,-1.7236778246881697,0.34433478828959474,0.022504077533021125
65.5,-1.7236859604328885,0.3957489734190536,0.04193375262870122
65.51,-1.7236943658130253,0.4561867646158594,0.06649374484175688
65.52,-1.7237029960918266,0.5285406512568158,0.09797242529725726
65.53,-1.7237117933957367,0.6171722510965959,0.1391263420139436
65.54,-1.7237206807207195,0.7290165046465993,0.1944427734291828
65.55,-1.723729551886212,0.875886711146945,0.2717649712860535
65.56,-1.7237382531619239,1.079877075256722,0.3861928616019199
65.57000000000001,-1.7237465451101786,1.388251886135165,0.5711416914654882
65.58,-1.7237540102157567,1.9259318867587276,0.9187725435413162
65.59,-1.7237597583258655,3.1806314088318732,1.8123703358488563
65.6,-1.7237610336293017,9.357016477681123,7.318955560207298
65.61,-1.7237622997109696,2.9451331183552334,3.5935991828571447
65.62,-1.7237633680565851,1.307079445537843,1.992785915026306
65.63,-1.7237624006617276,0.7706831412807115,1.408588412013406
65.64,-1.7237599839802216,0.5030558907479047,1.0941817396863418
65.65,-1.7237565029113386,0.3424654082857434,0.8929729847394111
65.66,-1.723752216282735,0.23562933137458839,0.750949014540246
65.67,-1.7237473101967709,0.15975327451181137,0.6441798786644019
65.68,-1.7237419257087263,0.10340930910593661,0.5603126809256364
65.69,-1.7237361739148094,0.06021842863827284,0.4922733571834602
65.7,-1.7237301449779268,0.026331809747495882,0.4356939040914987
65.71000000000001,-1.7237239137856588,-0.000713963475251711,0.38771830384538764
65.72,-1.7237175437016075,-0.022570317153294286,0.346393169522906
65.73,-1.7237110891594645,-0.04038635934471764,0.3103330516423909
65.74,-1.723704597495824,-0.054986476644701215,0.2785254731095087
65.75,-1.7236981103320197,-0.06697731913378602,0.25021175827659803
65.76,-1.723691664572803,-0.07681494555646176,0.22481120562226625
65.77,-1.7236852931926196,-0.08484845261252912,0.20187116933960753
65.78,-1.7236790258537562,-0.0913491798372839,0.18103322337791705
65.79,-1.7236728893785527,-0.09653076844768696,0.16200963829906445
65.8,-1.7236669081540337,-0.10056325077266155,0.1445666613990323
65.81,-1.7236611044290595,-0.10358314288919739,0.1285123983429366
65.82000000000001,-1.7236554985955714,-0.10570079970732744,0.11368787694424158
65.83,-1.7236501093846481,-0.10700585624071943,0.09996035563607479
65.84,-1.7236449540545589,-0.10757130573955699,0.08721824419304722
65.85,-1.7236400485506476,-0.10745659005122184,0.07536720143818933
65.86,-1.723635407615168,-0.10670996248952395,0.06432710543204143
65.87,-1.723631044905346,-0.10537030647839397,0.05402967954716932
65.88,-1.7236269731019562,-0.10346854069409402,0.04441661834996119
65.89,-1.723623203957513,-0.10102870496788562,0.03543809938285958
65.9,-1.7236197483638735,-0.09806879546352164,0.027051596904841463
65.91,-1.723616616484785,-0.09460139914398896,0.019220935218658794
65.92,-1.7236138176806697,-0.09063416393533974,0.011915534795103183
65.93,-1.723611360654879,-0.08617013093057413,0.005109816546363916
65.94,-1.723609253405313,-0.0812079470389691,-0.0012172619740251633
65.95,-1.7236075033945926,-0.07574197035676698,-0.00708255734940362
65.96000000000001,-1.7236061173660022,-0.06976227523175302,-0.012498991760276398
65.97,-1.7236051015425584,-0.06325455951636912,-0.017475713884872762
65.98,-1.7236044614941726,-0.056199952051171044,-0.022018174303026425
65.99,-1.7236042023376383,-0.0485747140953277,-0.02612811642465457
66.0,-1.7236043285501317,-0.0403498236540816,-0.029803480437343044
66.01,-1.7236048440168863,-0.031490426090976784,-0.033038213556906296
66.02,-1.7236057520656636,-0.021955127802541927,-0.035821975387466204
66.03,-1.7236070554572205,-0.011695101287371515,-0.03813972154500697
66.04,-1.7236087563306817,-0.0006529591780967681,-0.03997114170840489
66.05,-1.7236108561535417,0.011238659722232022,-0.04128991900104499
66.06,-1.7236133557019835,0.024058868656897228,-0.042062765304764084
66.07000000000001,-1.723616255082724,0.03790077849182749,-0.04224817003408177
66.08,-1.7236195535924121,0.05287435047654511,-0.041794776430871865
66.09,-1.7236232496402917,0.06911004947280794,-0.04063926544971292
66.1,-1.7236273406740081,0.08676356594170398,-0.03870357869720718
66.11,-1.7236318231186507,0.10602198650993869,-0.03589123980154338
66.12,-1.7236366921472501,0.12711195793815427,-0.03208242573739546
66.13,-1.7236419415048307,0.1503106418374791,-0.027127273671042382
66.14,-1.7236475633832282,0.1759606477677545,-0.020836649511289315
66.15,-1.7236535479771002,0.20449075658165372,-0.012969187102304214
66.16,-1.7236598831708796,0.23644526567242152,-0.0032127179205391765
66.17,-1.7236665541038538,0.27252650812035606,0.008842961533612775
66.18,-1.7236735423115568,0.31365810409863104,0.023747107192682457
66.19,-1.7236808250066116,0.36108195865970877,0.04225174900337687
66.2,-1.7236883736749082,0.41651239889565433,0.06541433787949293
66.21000000000001,-1.723696152127031,0.48239165031027076,0.09477035565059685
66.22,-1.7237041138873235,0.5623353189071957,0.13263899980197524
66.23,-1.7237121976640861,0.6619591534787576,0.18270012018046683
66.24,-1.723720320160821,0.7905388064152,0.2511741395894022
66.25,-1.7237283631576266,0.964700990266934,0.34950164782254156
66.26,-1.7237361484066556,1.217862526132193,0.5013655484708691
66.27,-1.723743380799732,1.6298289679697595,0.7653896164455927
66.28,-1.7237494898287862,2.4563330259787515,1.3387924861449259
66.29,-1.7237529780228193,5.235571279422344,3.5240274690676854
66.3,-1.7237527672596613,5.30885070566881,5.608410629717644
66.31,-1.7237546670079809,1.7620053500917867,2.4088925804692827
66.32000000000001,-1.723754566486721,0.9656264232849998,1.5808115619958147
66.33,-1.723752947254396,0.6154222535953141,1.186484988536618
66.34,-1.7237502260770623,0.41766472341185684,0.9491163494666781
66.35,-1.7237466770157641,0.29061021661067254,0.7876383847579367
66.36,-1.723742492497554,0.20233105719459044,0.6692161742645913
66.37,-1.723737815772236,0.1377148730476743,0.5778439800610911
66.38,-1.7237327581442414,0.08865473688204469,0.5047154458746772
66.39,-1.723727409031296,0.05039964434345208,0.44455167838172466
66.4,-1.7237218421154061,0.01997555256363885,0.3939791071490528
66.41,-1.7237161193546915,-0.004576774767490022,0.35073199526575294
66.42,-1.7237102937130953,-0.02460164414737752,0.3132270522429593
66.43,-1.7237044110659783,-0.041052503534544274,0.28032142922242176
66.44,-1.7236985116238142,-0.054624379104946524,0.25116765534010915
66.45,-1.723692630949358,-0.06583568393014344,0.2251228373191813
66.46000000000001,-1.7236868007521386,-0.07508066491339119,0.2016897146092697
66.47,-1.7236810495143495,-0.08266410814164483,0.18047718471893465
66.48,-1.7236754029574217,-0.08882493987690657,0.1611731474831241
66.49,-1.7236698844489018,-0.09375266160692389,0.14352538104298393
66.5,-1.7236645152942858,-0.09759903483665756,0.12732779418386958
66.51,-1.7236593150155521,-0.10048654112524555,0.1124103622313441
66.52,-1.7236543015393184,-0.10251460569693634,0.09863163992953883
66.53,-1.7236494913991263,-0.10376423979112706,0.08587311119902336
66.54,-1.7236448998617104,-0.10430154495766936,0.0740348706239712
66.55,-1.7236405410510278,-0.10418038457340976,0.06303228590993838
66.56,-1.7236364280931948,-0.10344443630761199,0.0527933933482119
66.57000000000001,-1.72363257314711,-0.10212877722995051,0.04325684856886039
66.58,-1.7236289875134234,-0.10026111053664954,0.034370303868916596
66.59,-1.723625681726887,-0.09786271290836356,0.026089117317791136
66.6,-1.7236226655547906,-0.09494916011655026,0.01837532353228441
66.61,-1.7236199480927947,-0.091530873002018,0.011196814022891244
66.62,-1.723617537751319,-0.08761351437537804,0.004526687870811466
66.63,-1.7236154424101746,-0.08319825869031988,-0.0016572562693915605
66.64,-1.7236136692723727,-0.07828194939384203,-0.007372908546639467
66.65,-1.723612225033687,-0.07285715335906853,-0.012634131972946633
66.66,-1.7236111157950984,-0.06691211686673021,-0.01745095291450738
66.67,-1.723610347222038,-0.06043062328055083,-0.021829664231549153
66.68,-1.7236099243626708,-0.053391748191208864,-0.02577284365862549
66.69,-1.7236098517995075,-0.04576950325601244,-0.029279286090539564
66.7,-1.7236101335537217,-0.0375323548481539,-0.03234384469696637
66.71000000000001,-1.7236107732019903,-0.028642597495402003,-0.03495717129408428
66.72,-1.7236117737307084,-0.019055554691463472,-0.03710534133258629
66.73,-1.7236131375855657,-0.008718569824910774,-0.03876934232485937
66.74,-1.7236148666160804,0.002430262453243362,-0.03992439630235832
66.75,-1.7236169621394677,0.01446369129434251,-0.04053907573683932
66.76,-1.7236194247867656,0.02746732069350377,-0.040574157505110724
66.77,-1.7236222544941704,0.04154215866468117,-0.03998113843190855
66.78,-1.723625450431382,0.05680787108423735,-0.03870030667925162
66.79,-1.7236290109965384,0.073406971638711,-0.0366582208092546
66.8,-1.7236329336135268,0.09151027222194315,-0.033764386753140876
66.81,-1.7236372146521752,0.11132405757837467,-0.02990683047778217
66.82000000000001,-1.7236418493167176,0.13309965576003335,-0.024946124451633203
66.83,-1.7236468314246567,0.15714639791376633,-0.018707208971113498
66.84,-1.7236521531061184,0.18384946878701053,-0.01096800390779594
66.85,-1.7236578046403452,0.21369496812962868,-0.0014432441240154331
66.86,-1.7236637738462577,0.24730587050278885,0.01023897394501913
66.87,-1.7236700457509695,0.2854949201635162,0.024572088466432468
66.88,-1.7236766016337266,0.3293446947328716,0.042224524454119006
66.89,-1.7236834182233132,0.38033289361436556,0.0641243887707101
66.9,-1.7236904659958474,0.4405362342953958,0.0915991333370299
66.91,-1.7236977072578703,0.5129781937078253,0.1266171248312527
66.92,-1.7237050926845017,0.6022568935880052,0.17223050593176198
66.93,-1.7237125560336137,0.7157623264328242,0.23344814921335555
66.94,-1.7237200049446488,0.8662614498613004,0.3191244259658417
66.95,-1.7237273037671468,1.0780996356842254,0.4465882492865655
66.96000000000001,-1.723734237143277,1.4048748806910345,0.6551805291090812
66.97,-1.7237404182792266,1.995195373461622,1.0583569749653494
66.98,-1.7237449763095931,3.489820309252941,2.1762972857906284
66.99,-1.7237452638838278,10.192001722086387,8.834364600617162
67.0,-1.7237469377384276,2.5371969984509155,3.114005746917222
67.01,-1.7237476485815568,1.2296765487802965,1.8193016052681066
67.02,-1.7237467600342908,0.7534118901894622,1.3042781215642678
67.03,-1.7237447193453432,0.5051814170281145,1.0179317286683214
67.04,-1.7237418214245426,0.3524804096093605,0.8316804506891935
67.05,-1.723738268318875,0.24916455041150315,0.6989880822206395
67.06,-1.7237342073617847,0.1748419962162728,0.5986649376975568
67.07000000000001,-1.7237297514051497,0.11906515064604722,0.5195774855529324
67.08,-1.723724990037715,0.07590983418989415,0.45527085767063985
67.09,-1.723719996440269,0.041758381098518316,0.4017231873717448
67.1,-1.7237148317304682,0.01427302345573217,0.35628664363273965
67.11,-1.7237095478585975,-0.00812582597231959,0.317140490669874
67.12,-1.7237041896426024,-0.026544603687782914,0.28298783979694053
67.13,-1.7236987962123727,-0.04178162331005171,0.25287766514723836
67.14,-1.72369340208204,-0.05442728753030507,0.2260953387645814
67.15,-1.7236880379538622,-0.06492741428443502,0.20209262075281753
67.16,-1.7236827313552183,-0.07362462956171516,0.18044137095265078
67.17,-1.7236775071088362,-0.0807862200684433,0.1608020579239524
67.18,-1.7236723877410982,-0.08662335207009501,0.14290179683891568
67.19,-1.7236673937737688,-0.09130462681544282,0.126518696741128
67.2,-1.723662544001224,-0.09496582702023489,0.11147048893307458
67.21000000000001,-1.7236578556767308,-0.09771704380805278,0.09760612449835387
67.22,-1.7236533447126465,-0.09964796554451653,0.08479947164875212
67.23,-1.7236490258042145,-0.10083185299371214,0.07294452464834653
67.24,-1.7236449125559532,-0.10132855950042365,0.06195171878568567
67.25,-1.7236410176106254,-0.10118684576834996,0.051745066777613355
67.26,-1.7236373527013735,-0.10044616544520635,0.042259913918662836
67.27,-1.7236339287321543,-0.09913804754516149,0.03344116573426238
67.28,-1.7236307559044943,-0.09728716680990432,0.025241881247398568
67.29,-1.7236278436663457,-0.09491216833254607,0.017622152844739974
67.3,-1.723625200844762,-0.09202629496797501,0.01054821438736775
67.31,-1.7236228356317898,-0.08863785288561754,0.003991733544200959
67.32000000000001,-1.7236207557173324,-0.08475054081353253,-0.002070744181278922
67.33,-1.7236189681485756,-0.08036366083958404,-0.007658224125199106
67.34,-1.7236174795049934,-0.07547222262590564,-0.012785581315055
67.35,-1.7236162958216374,-0.0700669476608452,-0.017463781997822517
67.36,-1.7236154227480351,-0.06413417571613345,-0.021700015587398355
67.37,-1.723614865315333,-0.05765567129286583,-0.025497741005081453
67.38,-1.7236146281681402,-0.05060832347360411,-0.02885664742694126
67.39,-1.7236147154147885,-0.042963727738696306,-0.03177252583100337
67.4,-1.7236151308157257,-0.034687632699801754,-0.0342370433943938
67.41,-1.7236158775024908,-0.025739228025770333,-0.03623740809048886
67.42,-1.7236169581992051,-0.01607024097961307,-0.03775590479308679
67.43,-1.7236183750325464,-0.005623798184813011,-0.038769276780964625
67.44,-1.7236201297467515,0.00566700605042908,-0.03924791646326198
67.45,-1.7236222233693979,0.01788091283785488,-0.03915481605059532
67.46000000000001,-1.7236246563791318,0.031110779982497824,-0.03844421019079435
67.47,-1.7236274285583009,0.045466485485121805,-0.03705981712389746
67.48,-1.7236305390266968,0.06107865325223302,-0.034932547949811016
67.49,-1.7236339860411722,0.0781034792351188,-0.03197750054613131
67.5,-1.7236377669488325,0.09672905346552899,-0.028089975614906518
67.51,-1.7236418780979932,0.11718374648498533,-0.023140133935773785
67.52,-1.7236463146407415,0.13974749441126624,-0.016965731719248756
67.53,-1.7236510702848773,0.1647672322347083,-0.00936208382815211
67.54,-1.7236561371811234,0.19267838678227645,-6.794295351865431e-05
67.55,-1.7236615053953677,0.22403543293581193,0.011254783726421996
67.56,-1.7236671626379696,0.25955636681723215,0.025050869898377015
67.57000000000001,-1.723673093536549,0.3001892022462246,0.041916870875411724
67.58,-1.7236792789481161,0.34721454873681656,0.0626714964231623
67.59,-1.723685694621405,0.40240974028837156,0.08846957454872696
67.6,-1.723692309726607,0.46832309985914616,0.12099494393729433
67.61,-1.723699084180963,0.5487569135732522,0.1628048422765386
67.62,-1.723705964695672,0.649674738662851,0.2179866397936157
67.63,-1.723712878090618,0.7810512611455606,0.29351923402652635
67.64,-1.7237197192056928,0.9610713123697597,0.40242209156723924
67.65,-1.7237263267761351,1.2271798101062295,0.5722282280716818
67.66,-1.723732427306584,1.6722809480935181,0.8735277980550008
67.67,-1.723737469785652,2.615968814344925,1.5605621744229679
67.68,-1.7237398832114543,6.333814406793661,4.637481937297284
67.69,-1.7237400094474964,4.163668078047296,4.550320227042451
67.7,-1.723741448063297,1.6131057829511815,2.1697647974889476
67.71000000000001,-1.7237412468498734,0.9287180949668027,1.4583990784180998
67.72,-1.723739829558392,0.6091342849101986,1.103193410534406
67.73,-1.7237375174433636,0.42307988218509285,0.8846968940201709
67.74,-1.7237345259434482,0.3012138142336384,0.7342849870230058
67.75,-1.723731008703357,0.21534987779156756,0.6231890271374362
67.76,-1.723727081371717,0.15180318398625542,0.5370837156615846
67.77,-1.7237228346220907,0.10310032500700311,0.4679726246974227
67.78,-1.7237183418108546,0.06480264291185599,0.4110122536139281
67.79,-1.723713663732479,0.034102386880521696,0.36308301942922955
67.8,-1.7237088517562822,0.009134119070034391,0.32207707750089865
67.81,-1.7237039499752578,-0.011391173203234295,0.2865144215854666
67.82000000000001,-1.7236989967401761,-0.02839322604871823,0.25532264747294975
67.83,-1.723694025760921,-0.04254598824697736,0.2277040379027619
67.84,-1.7236890669644316,-0.054354460060185704,0.20305189748632446
67.85,-1.723684147113192,-0.0642042638841188,0.18089598338372093
67.86,-1.7236792903051066,-0.07239462639060579,0.16086581445819415
67.87,-1.723674518377657,-0.0791609163156964,0.1426653441225361
67.88,-1.7236698512061464,-0.08469040681215154,0.126055071518605
67.89,-1.723665306979305,-0.08913352539130484,0.11083914899543101
67.9,-1.723660902387235,-0.09261202760250226,0.0968559233219772
67.91,-1.723656652816169,-0.09522502910383125,0.0839708856318468
67.92,-1.7236525724794283,-0.09705351820303992,0.07207134242580303
67.93,-1.7236486745339916,-0.09816377118042892,0.061062337406765727
67.94,-1.7236449712161341,-0.09860996232682968,0.05086349640669906
67.95,-1.723641473884709,-0.0984361736393363,0.0414065634859828
67.96000000000001,-1.7236381931091678,-0.09767795004695431,0.03263346190873492
67.97,-1.7236351387827527,-0.0963635052294967,0.024494758924779717
67.98,-1.7236323200882264,-0.09451465434131263,0.016948445361370815
67.99,-1.7236297456162109,-0.09214752942327936,0.009958964398844208
68.0,-1.7236274233512685,-0.08927311827797248,0.003496440205069784
68.01,-1.723625360813379,-0.08589765646705513,-0.00246393006110672
68.02,-1.7236235649094849,-0.08202289353001274,-0.00794234831308216
68.03,-1.7236220421137276,-0.07764624791008357,-0.012954771478172561
68.04,-1.723620798382117,-0.07276085946967084,-0.017513165743170064
68.05,-1.72361983932729,-0.06735554380987624,-0.021625668439355372
68.06,-1.7236191699724608,-0.06141464816303641,-0.02529666299657171
68.07000000000001,-1.7236187949939983,-0.05491780435348951,-0.028526768336343045
68.08,-1.7236187185623812,-0.04783956967773809,-0.03131274053044604
68.09,-1.7236189445467474,-0.04014894135892505,-0.03364728032984319
68.1,-1.7236194762290966,-0.03180872414521642,-0.03551873577890164
68.11,-1.7236203165266881,-0.022774722680285173,-0.03691068351173489
68.12,-1.723621467814567,-0.012994720697199494,-0.03780136560977808
68.13,-1.7236229321088996,-0.002407195664082276,-0.038162949805521866
68.14,-1.7236247108320013,0.00906029940514183,-0.03796056916771556
68.15,-1.7236268048610632,0.021493179928349967,-0.037151080860507495
68.16,-1.7236292144808938,0.03499242498112595,-0.035681461213141884
68.17,-1.7236319393935586,0.04967789662024527,-0.0334867221437161
68.18,-1.7236349785384961,0.0656926227522537,-0.03048718817528051
68.19,-1.7236383300641818,0.0832083819159731,-0.026584905364295322
68.2,-1.7236419912372387,0.10243307281091822,-0.021658852875981363
68.21000000000001,-1.7236459583090575,0.12362057187898093,-0.015558474352747445
68.22,-1.723650226282503,0.14708412339322544,-0.008094806666768248
68.23,-1.7236547887961353,0.1732148445040479,0.0009718973384367363
68.24,-1.7236596377925266,0.2025078045505516,0.011949779999601812
68.25,-1.7236647631048272,0.23559960560145166,0.025241005802370528
68.26,-1.7236701521303166,0.27332392935016303,0.04138002376745391
68.27,-1.723675788951084,0.31679608460403086,0.06109242033502252
68.28,-1.7236816536086084,0.3675461686172505,0.08538863892825937
68.29,-1.7236877206909569,0.42773743075147785,0.11571946944232357
68.3,-1.7236939573269379,0.500542095343381,0.15424702227042747
68.31,-1.7237003202196166,0.5908275529346064,0.20434621830952665
68.32000000000001,-1.7237067506492076,0.7065053615760098,0.27160544699228184
68.33,-1.7237131658714504,0.8614487946388821,0.3660271555214749
68.34,-1.7237194424454354,1.0826676732982043,0.5075451252708492
68.35000000000001,-1.7237253804532608,1.4315136341699715,0.74271925022487
68.36,-1.723730609074468,2.087445633081324,1.2128044776904732
68.37,-1.7237342375632423,3.92018481637002,2.6452999844183274
68.38,-1.723734078794486,8.495412688180977,8.001880935491858
68.39,-1.7237358108795853,2.2305138084136127,2.7344267912395557
68.4,-1.7237362695656726,1.1614294364751785,1.6674197234671935
68.41,-1.723735436671487,0.7356583854248988,1.210583202917575
68.42,-1.7237336618894714,0.5049201870873421,0.9489617500106189
68.43,-1.7237311782628324,0.35971251785137015,0.7761724845391601
68.44,-1.723728148097036,0.2599251994062354,0.6519665621984614
68.45,-1.7237246913414408,0.1872875826184153,0.5575352521193699
68.46000000000001,-1.7237209006988303,0.13224476864327045,0.4828261666202276
68.47,-1.7237168503497662,0.08929700389355501,0.4219408146665729
68.48,-1.723712601255181,0.055046915721249604,0.3711711959604882
68.49,-1.7237082045840197,0.02727882218311481,0.3280594590526094
68.5,-1.7237037040276957,0.004484273718422471,0.2909064587526604
68.51,-1.7236991374150636,-0.014400077670861239,0.25849673642785376
68.52,-1.7236945378941475,-0.03014565573867116,0.22993589103099057
68.53,-1.7236899347980819,-0.04332570115744591,0.20454994104500676
68.54,-1.7236853542957022,-0.054374903704200964,0.1818206287130015
68.55,-1.7236808199142053,-0.0636286059523202,0.16134245926450452
68.56,-1.7236763529345414,-0.07134931678018247,0.14279336534487438
68.57000000000001,-1.7236719727051204,-0.07774508845753154,0.12591418294052964
68.58,-1.7236676969118707,-0.0829825304678813,0.1104939832979514
68.59,-1.723663541781305,-0.08719620041879224,0.09635939131926884
68.60000000000001,-1.723659522253457,-0.09049549345136762,0.08336667678247768
68.61,-1.7236556521380664,-0.0929697700334937,0.07139581156159062
68.62,-1.7236519442155798,-0.09469222051063514,0.06034594560398067
68.63,-1.7236484103676402,-0.09572280853254733,0.050131923202095044
68.64,-1.7236450616368884,-0.09611053209842296,0.04068157343361284
68.65,-1.7236419083114614,-0.09589517124897068,0.03193358513083609
68.66,-1.7236389599967885,-0.09510864364703393,0.023835828959079833
68.67,-1.7236362256640332,-0.09377605584082183,0.016344026247834792
68.68,-1.7236337136890976,-0.09191651428038115,0.00942069049295649
68.69,-1.723631431874623,-0.08954374298770498,0.0030342863649887586
68.7,-1.7236293875755107,-0.08666654213185872,-0.0028414348179121585
68.71000000000001,-1.723627587585363,-0.08328911218156303,-0.00822795393572072
68.72,-1.7236260382790125,-0.07941126095536383,-0.013142379653128033
68.73,-1.7236247455369356,-0.07502850485318062,-0.017597737238451927
68.74,-1.7236237149031501,-0.07013207058007229,-0.02160316167024079
68.75,-1.7236229514239974,-0.06470879912598182,-0.025164001968729907
68.76,-1.7236224597686605,-0.05874094948806228,-0.028281839538294454
68.77,-1.7236222441757556,-0.05220589516687265,-0.030954419715448808
68.78,-1.7236223085293936,-0.04507570157828622,-0.03317549167468729
68.79,-1.7236226563155825,-0.037316566882947676,-0.034934547617517735
68.8,-1.7236232905411464,-0.02888810172658668,-0.03621644701220033
68.81,-1.723624213829741,-0.019742414575479428,-0.03700090541800957
68.82000000000001,-1.7236254283405752,-0.009822957872993462,-0.03726181933815258
68.83,-1.723626935896932,0.0009369251458579836,-0.036966387927926926
68.84,-1.7236287376532429,0.012615833588038,-0.03607397802407634
68.85000000000001,-1.7236308343317202,0.025306632022354336,-0.03453465892272963
68.86,-1.7236332260798013,0.03911941281943697,-0.03228730556960466
68.87,-1.7236359124246892,0.05418530479360362,-0.02925712884476875
68.88,-1.723638892171436,0.07066141813831744,-0.025352433407024116
68.89,-1.7236421633275962,0.08873733731192729,-0.02046031763428459
68.9,-1.7236457230620739,0.10864375709644929,-0.014440900195807904
68.91,-1.7236495674463648,0.1306641379829459,-0.007119457434392754
68.92,-1.7236536913304552,0.1551506972477611,0.0017244604624320203
68.93,-1.7236580881847083,0.18254675956193256,0.012372377766767209
68.94,-1.7236627496313957,0.21341866209136706,0.02518900147301148
68.95,-1.723667665250947,0.24850240456203665,0.04065484862621169
68.96000000000001,-1.7236728218243955,0.28877376859025683,0.05941576271085387
68.97,-1.7236782028201474,0.33555714279210747,0.08236054173988402
68.98,-1.7236837870979946,0.39070088999195735,0.11074737099504857
68.99,-1.7236895475797982,0.45687287903266793,0.14641931986874246
69.0,-1.7236954487826017,0.5380862706999366,0.19219244904191374
69.01,-1.7237014431006523,0.640699894904804,0.252604154737602
69.02,-1.7237074644661297,0.7754913467753051,0.3354871578903058
69.03,-1.7237134167189527,0.9624661222200519,0.4556831930713324
69.04,-1.7237191497332107,1.2439088189426422,0.6453263604101582
69.05,-1.723724402316714,1.7292368053722287,0.9901062875251051
69.06,-1.7237286232658011,2.826760551797413,1.8240669381793417
69.07000000000001,-1.7237301029768268,7.9658596954025755,6.311628314847612
69.08,-1.723730632779926,3.405641320546754,3.7928751618854757
69.09,-1.7237317161980918,1.4893605043022775,1.9660194314937103
69.10000000000001,-1.7237314438873934,0.8943641979050966,1.3490321215337475
69.11,-1.7237301718749896,0.6015454628198488,1.0277342950255774
69.12,-1.7237281552390873,0.42628618031650245,0.8260992744332443
69.13,-1.7237255678073247,0.3094290690499598,0.6857249323139456
69.14,-1.7237225354474939,0.2260238279238554,0.5813266329787915
69.15,-1.7237191538649566,0.16366354740717576,0.5000556002466152
69.16,-1.7237154987622432,0.11545686807154701,0.4346387957985121
69.17,-1.7237116317605445,0.07725824914965994,0.38062596030362417
69.18,-1.7237076041941601,0.04641892775446414,0.33512871789164694
69.19,-1.7237034596490257,0.021164716791212512,0.296183763967958
69.2,-1.7236992356851322,0.0002613235955345877,0.262406025386962
69.21000000000001,-1.72369496508259,-0.017177031361610418,0.23278803547256705
69.22,-1.7236906767565072,-0.031802657709312745,0.20657803631562455
69.23,-1.7236863964401428,-0.044106486361771,0.18320281863383728
69.24,-1.7236821472197643,-0.05446486164090417,0.16221715791257746
69.25,-1.7236779499328403,-0.06317084073974139,0.14326968049027955
69.26,-1.723673823513543,-0.07045568229388331,0.12607922041027791
69.27,-1.7236697852336555,-0.0765039378192906,0.11041807056734532
69.28,-1.723665850939521,-0.08146426322797361,0.09609988077655642
69.29,-1.7236620352035958,-0.0854573005282346,0.08297075937643457
69.3,-1.7236583514954107,-0.08858151225310311,0.07090262820841536
69.31,-1.7236548122826711,-0.0909175582974323,0.0597881917246665
69.32000000000001,-1.7236514291365965,-0.09253161693068856,0.04953708185715065
69.33,-1.7236482128421922,-0.09347792860433496,0.04007287246021021
69.34,-1.723645173438792,-0.09380075872671395,0.03133074624766925
69.35000000000001,-1.7236423202855364,-0.09353591940882491,0.023255658182628508
69.36,-1.7236396621776946,-0.09271195124155193,0.01580088170843734
69.37,-1.7236372072874337,-0.09135103867153728,0.008926854112075652
69.38,-1.7236349632858148,-0.08946971281657275,0.0026002593292795
69.39,-1.723632937331499,-0.08707938113714103,-0.003206698179494011
69.4,-1.7236311361806984,-0.0841867126190261,-0.00851686275272659
69.41,-1.7236295660623926,-0.08079389884573193,-0.013348565665326731
69.42,-1.7236282328329444,-0.076898804865086,-0.01771595052643385
69.43,-1.723627141908889,-0.07249501829809801,-0.0216291991106162
69.44,-1.7236262984226909,-0.0675718005078672,-0.025094665937404753
69.45,-1.7236257069754397,-0.06211393924783518,-0.028114926016422334
69.46000000000001,-1.723625371887694,-0.05610149791346058,-0.030688736168145166
69.47,-1.7236252970338732,-0.04950945184974212,-0.03281090670224402
69.48,-1.7236254860548212,-0.042307196882781256,-0.034472075905471605
69.49,-1.7236259420505977,-0.034457909036588345,-0.03565837519425812
69.5,-1.7236266678285197,-0.025917726248970777,-0.03635096684928586
69.51,-1.7236276657102692,-0.016634713054242425,-0.036525429108063806
69.52,-1.7236289377429337,-0.006547555337697547,-0.036150953633799755
69.53,-1.723630485410689,0.0044160851987394,-0.03518930787742043
69.54,-1.7236323097611532,0.01634165293856045,-0.03359349693292557
69.55,-1.7236344113072755,0.029330346296646242,-0.03130603536839712
69.56,-1.7236367900685037,0.04350251107330097,-0.028256704513789907
69.57000000000001,-1.7236394453870303,0.05900202811582929,-0.024359620890049755
69.58,-1.7236423759127972,0.07600204801413088,-0.01950936737899671
69.59,-1.7236455795306271,0.0947125777730857,-0.013575828751435523
69.60000000000001,-1.7236490532254791,0.11539065735627832,-0.006397204741991833
69.61,-1.7236527928713097,0.13835422606961234,0.002229589758490788
69.62,-1.7236567931643874,0.16400135212937056,0.012562348401801315
69.63,-1.7236610472491494,0.19283743833782147,0.024932724532703107
69.64,-1.723665546427714,0.22551459714794753,0.03977418716719135
69.65,-1.7236702797827164,0.26289014042296416,0.0576639172825479
69.66,-1.7236752334716634,0.30611611683043005,0.07938753796528396
69.67,-1.7236803899226278,0.3567812749608591,0.1060427463275975
69.68,-1.7236857266399015,0.41714569914623867,0.13921236978756513
69.69,-1.7236912143324572,0.4905484759832117,0.18126838262841843
69.7,-1.723696813996312,0.5821607257475638,0.23594025582622757
69.71000000000001,-1.7237024723218957,0.7004878873235325,0.30946391225522063
69.72,-1.7237081132054244,0.8606818198207156,0.41315294011854553
69.73,-1.7237136214520166,1.09290450107263,0.5700054422032076
69.74,-1.7237188063486153,1.4680404242699414,0.8354562878609516
69.75,-1.7237233015664897,2.206279545415278,1.387651043461755
69.76,-1.7237261608874128,4.533120137016992,3.2811508164976644
69.77,-1.723725959708375,6.329484434160814,6.296767923397094
69.78,-1.7237274956985758,1.993228362659608,2.42722193562794
69.79,-1.7237277713752333,1.1012776512191285,1.533409676202263
69.8,-1.7237269795127053,0.7181515832472057,1.1258318624199415
69.81,-1.7237253996815918,0.5031349719933692,0.8860652471671348
69.82000000000001,-1.7237232206489548,0.36496435139112926,0.7254288032115578
69.83,-1.7237205759609266,0.268633191154976,0.6089702581595821
69.84,-1.7237175655742978,0.19773792238232157,0.5199505919269468
69.85000000000001,-1.7237142673719552,0.14353196409781888,0.44927618159560795
69.86,-1.7237107441285198,0.10090846470272095,0.3915486450353801
69.87,-1.7237070477277432,0.06667781100346752,0.34334479888451125
69.88,-1.7237032219287514,0.03874139232095264,0.3023803720590989
69.89,-1.7236993042487267,0.01566005411990372,0.26706787160720385
69.9,-1.7236953272937956,-0.0035869216719441738,0.2362668894053717
69.91,-1.7236913197206087,-0.01974392373566504,0.2091353552483024
69.92,-1.7236873069695777,-0.03336663612099357,0.18503692695561397
69.93,-1.7236833117996246,-0.04487814072055322,0.16348115123696705
69.94,-1.723679354721261,-0.054606007774440225,0.14408355588949148
69.95,-1.723675454336545,-0.0628075039577834,0.12653829804359246
69.96000000000001,-1.7236716275962065,-0.06968714099115486,0.11059896703089424
69.97,-1.7236678900323614,-0.07540915125443055,0.09606482681591892
69.98,-1.7236642559259145,-0.0801065218833267,0.08277077354002844
69.99,-1.7236607384556581,-0.08388764339489392,0.07057988467259267
70.0,-1.7236573498309604,-0.08684127246818785,0.059377810498193115
70.01,-1.7236541013751565,-0.08904028187317053,0.04906849831110342
70.02,-1.72365100364025,-0.09054452334205174,0.03957089598316253
70.03,-1.7236480664549307,-0.09140303142632512,0.03081638591838627
70.04,-1.7236452989983773,-0.09165573022600587,0.022746771627753848
70.05,-1.7236427098565748,-0.09133475940616104,0.01531268790730711
70.06,-1.7236403070798216,-0.09046550397093851,0.008472340314925511
70.07000000000001,-1.723638098191416,-0.08906738954772167,0.0021905042219739074
70.08,-1.7236360902252885,-0.08715448844391714,-0.0035622683900443097
70.09,-1.7236342898256536,-0.08473596954118114,-0.008810273001803703
70.10000000000001,-1.7236327031598142,-0.0818164158428971,-0.013573136305242109
70.11,-1.7236313360218811,-0.0783960263203158,-0.01786618056933345
70.12,-1.7236301937835048,-0.07447071284378837,-0.02170068379582761
70.13,-1.7236292815089804,-0.07003209806491802,-0.025084045665908578
70.14,-1.723628603879577,-0.06506741564454871,-0.02801986518223676
70.15,-1.7236281651860663,-0.05955930992358607,-0.03050793187543946
70.16,-1.7236279693914873,-0.05348552768203641,-0.03254412872382599
70.17,-1.72362802010325,-0.04681848966644873,-0.03412024089938829
70.18,-1.723628320663574,-0.03952472379060171,-0.03522365996725991
70.19,-1.72362887390973,-0.03156413483453212,-0.03583696783381367
70.2,-1.7236296824049704,-0.02288907624539098,-0.03593737802414907
70.21000000000001,-1.7236307482573916,-0.013443178041238804,-0.0354960033511002
70.22,-1.7236320733340857,-0.003159868652283987,-0.03447690749445879
70.23,-1.723633658882755,0.008039492399498097,-0.032835882728457985
70.24,-1.7236355057849213,0.020247984943375,-0.030518874188209776
70.25,-1.7236376144003847,0.03357615635296911,-0.02745994118445265
70.26,-1.7236399845671726,0.048155922838216986,-0.02357860249063809
70.27,-1.7236426154706466,0.06414564580850449,-0.018776349328654296
70.28,-1.7236455055874371,0.08173681375434431,-0.012932015845742828
70.29,-1.7236486526575785,0.10116295362340358,-0.005895554664342273
70.3,-1.7236520534455007,0.12271169353017775,0.00252045484937119
70.31,-1.7236557036130176,0.1467413675687291,0.012552586435835983
70.32000000000001,-1.7236595976003715,0.17370431007972398,0.02450322114082791
70.33,-1.7236637281733775,0.20418024620076122,0.03876460889486774
70.34,-1.7236680862649811,0.23892534463667459,0.05585450494519445
70.35000000000001,-1.7236726602583199,0.27894634755506864,0.07647048114389257
70.36,-1.7236774355266116,0.32561634187309735,0.10157550014019301
70.37,-1.7236823932229064,0.38086269464125044,0.13253813754306926
70.38,-1.7236875090074262,0.44748655139620064,0.1713733613705881
70.39,-1.7236927507470154,0.5297373524330701,0.2211801980895267
70.4,-1.7236980749336155,0.6344205578805124,0.28699563857381005
70.41,-1.7237034205248087,0.7732328689796822,0.37761871529816093
70.42,-1.7237086975061051,0.9683058395771076,0.5100068870220051
70.43,-1.723713762730207,1.267756651450622,0.7218352661714214
70.44,-1.7237183598835486,1.80202047977927,1.118084275825283
70.45,-1.7237219195931885,3.1058866888733134,2.1475910610898663
70.46000000000001,-1.7237225749968275,9.753056241898875,8.337434122581142
70.47,-1.7237235412004512,2.879756562246585,3.234003797675011
70.48,-1.7237243521723578,1.3853731259179938,1.7904508665586727
70.49,-1.7237240279818709,0.8627109560588071,1.2506692213795103
70.5,-1.7237228640147544,0.5933276663130049,0.9588937221324575
70.51,-1.7237210673250738,0.4279752652609119,0.7723711105246245
70.52,-1.7237187815235586,0.3158930935199542,0.6411319910299906
70.53,-1.7237161119264608,0.2349287058168704,0.5428817531142149
70.54,-1.7237131394218779,0.1738159229088889,0.4660700305619274
70.55,-1.7237099285061632,0.12619541561397882,0.40407031598880616
70.56,-1.7237065319726053,0.08819475914337634,0.35278781836652545
70.57000000000001,-1.7237029940322015,0.057315793408186405,0.30954487663986585
70.58,-1.7236993523868909,0.03187207374989799,0.27251071119233256
70.59,-1.723695639649614,0.010682679992745608,0.24038768260037913
70.60000000000001,-1.723691884376368,-0.007104573057194724,0.21222833435374427
70.61,-1.7236881118327867,-0.02212026891389804,0.18732348902944967
70.62,-1.7236843445659036,-0.03484098640983106,0.16513102136052377
70.63,-1.7236806028566487,-0.045633435463566865,0.14522896417993478
70.64,-1.7236769050540248,-0.054784132804807775,0.12728372569160412
70.65,-1.723673267871749,-0.06251986895228123,0.11102799949774621
70.66,-1.7236697065886375,-0.06902214064643963,0.09624506972287562
70.67,-1.7236662352548446,-0.07443752791614548,0.08275744158078846
70.68,-1.723662866817483,-0.0788852838757634,0.07041846304155931
70.69,-1.7236596132701407,-0.0824629697261203,0.05910605628702503
70.7,-1.723656485738244,-0.08525069334907659,0.04871796420070189
70.71000000000001,-1.7236534945654447,-0.087314333239551,0.039168103031011384
70.72,-1.7236506494218609,-0.08870801337041169,0.03038373494079917
70.73,-1.7236479593195313,-0.08947601652496988,0.022303257025426904
70.74,-1.7236454326831132,-0.08965427025366132,0.014874460450849183
70.75,-1.723643077446157,-0.08927150254123085,0.008053152865364108
70.76,-1.7236409010003748,-0.0883501379790912,0.0018020654014509196
70.77,-1.7236389103044627,-0.08690698632050908,-0.003910013802414791
70.78,-1.723637111849426,-0.0849537614452256,-0.009108923164589583
70.79,-1.7236355118126565,-0.08249745836129582,-0.013815660443472502
70.8,-1.7236341158755133,-0.07954060786065797,-0.018046788749507908
70.81,-1.7236329294211863,-0.07608142213759643,-0.02181473282120927
70.82000000000001,-1.7236319574139336,-0.07211383934283078,-0.025127977643752478
70.83,-1.723631204610212,-0.06762747046992632,-0.027991176664862935
70.84,-1.7236306752773136,-0.06260744761449168,-0.030405173102239044
70.85000000000001,-1.7236303734456995,-0.057034168315660286,-0.03236693376773704
70.86,-1.7236303027494695,-0.05088292600630244,-0.03386939116632748
70.87,-1.7236304665952016,-0.04412341119661996,-0.03490118514879751
70.88,-1.7236308679878578,-0.03671906166478645,-0.03544629058915522
70.89,-1.7236315095901082,-0.028626231641489697,-0.03548351129796111
70.9,-1.7236323937030185,-0.019793139663510123,-0.03498581273741169
70.91,-1.7236335222903643,-0.010158540703118599,-0.03391945574238382
70.92,-1.7236348969756934,0.0003499503936797571,-0.032242879862072256
70.93,-1.7236365188484932,0.011817982998319501,-0.02990526589907532
70.94,-1.7236383885990456,0.024347177425229224,-0.026844680773784414
70.95,-1.723640506449004,0.038058600043789,-0.022985670269667635
70.96000000000001,-1.7236428720452128,0.05309726636359975,-0.01823611086509845
70.97,-1.7236454844016453,0.06963804033130991,-0.012483051263613085
70.98,-1.723648341833961,0.087893458931383,-0.00558715408462318
70.99,-1.7236514418789763,0.10812425793115818,0.00262483646961989
71.0,-1.7236547810619387,0.13065375935212298,0.012370464798579159
71.01,-1.723658354819198,0.15588789431247335,0.02392610013378607
71.02,-1.7236621572363955,0.1843436430851042,0.03764773429501013
71.03,-1.7236661806655595,0.2166903814525838,0.054001443954102946
71.04,-1.7236704154829907,0.2538116127632334,0.07360922497488825
71.05,-1.7236748493310767,0.29690002636442925,0.09732014239833553
71.06,-1.7236794664573998,0.3476092529470595,0.1263248876199978
71.07000000000001,-1.723684246516088,0.4083067341170895,0.16234839936895273
71.08,-1.7236891628120867,0.4825174030047874,0.2079911353660871
71.09,-1.7236941795132428,0.5757532274090239,0.2673739331452434
71.10000000000001,-1.7236992471496593,0.6971937890304089,0.34745984084192316
71.11,-1.7237042942330572,0.8634674602112957,0.4610679137960525
71.12,-1.723709210844968,1.108473500555288,0.6348251492260608
71.13,-1.723713810809655,1.5148986060826717,0.9351853131783245
71.14,-1.7237177213221688,2.3576526821204267,1.5901846753566398
71.15,-1.7237199048231453,5.437198829054754,4.193119094239853
71.16,-1.7237198486184404,4.8363988692812505,4.96954088571393
71.17,-1.7237211288549776,1.8050863729265163,2.173566358229298
71.18,-1.7237212687725503,1.048164307449917,1.4142761206433745
71.19,-1.7237205078771871,0.7012959683383625,1.0486902065328672
71.2,-1.7237190747670064,0.5003995736380182,0.8283136049873625
71.21000000000001,-1.7237171255781316,0.36879468309616104,0.6786832744180807
71.22,-1.7237147725254867,0.27580151518887563,0.5693225754526746
71.23,-1.7237121004603648,0.20665867165038684,0.4852944837003572
71.24,-1.7237091760946879,0.15334937814461833,0.418356525372655
71.25,-1.7237060535462572,0.11112880140177715,0.36356030143830537
71.26,-1.7237027777860372,0.07700200786026533,0.3177413847672269
71.27,-1.7236993869150825,0.0489817186652364,0.27877432885762493
71.28,-1.7236959137272874,0.025695577850821757,0.24517434916660602
71.29,-1.723692386820888,0.00616450117612799,0.21587035726113574
71.3,-1.7236888314089196,-0.010329149659841275,0.19006876851288335
71.31,-1.7236852699366834,-0.02432344956770309,0.16716819807302752
71.32000000000001,-1.7236817225360872,-0.03622966619103766,0.14670406380633463
71.33,-1.7236782073937365,-0.04636732875596524,0.12831148245996704
71.34,-1.7236747410431645,-0.054988176538230224,0.11169974618065892
71.35000000000001,-1.7236713385830815,-0.06229290145204042,0.09663435176268177
71.36,-1.7236680138762335,-0.06844309579284102,0.08292408660406468
71.37,-1.723664779699393,-0.07356993355347592,0.07041157955012
71.38,-1.723661647862432,-0.07778057903375675,0.05896627586213178
71.39,-1.723658629333611,-0.08116298374798439,0.048479139997240336
71.4,-1.723655734304582,-0.08378952012433293,0.038858611240119856
71.41,-1.7236529722857403,-0.08571976192202851,0.03002748211512915
71.42,-1.723650352164439,-0.08700262895061059,0.021920466492311358
71.43,-1.7236478822550372,-0.08767805097241814,0.014482290574366688
71.44,-1.7236455703345746,-0.08777826241558248,0.00766618561115423
71.45,-1.7236434237484295,-0.08732880906172073,0.0014326936887611441
71.46000000000001,-1.7236414493360916,-0.08634932615036349,-0.004251279154089058
71.47,-1.7236396535416731,-0.08485413149669115,-0.00941321107041622
71.48,-1.723638042415514,-0.0828526654922473,-0.014075550269793138
71.49,-1.7236366216775174,-0.08034980092488528,-0.01825616543631886
71.5,-1.7236353966228322,-0.07734603855782494,-0.021968680370300517
71.51,-1.7236343722465282,-0.07383759874936864,-0.025222706630077002
71.52,-1.7236335531864269,-0.06981641449571147,-0.028023983288496028
71.53,-1.7236329438781528,-0.06527002689970829,-0.030374428608906455
71.54,-1.7236325482767054,-0.06018137975378436,-0.032272104686121204
71.55,-1.7236323701377534,-0.05452850544307064,-0.03371109209715749
71.56,-1.723632412829432,-0.04828408937219181,-0.034681267680067684
71.57000000000001,-1.723632679556416,-0.041414894147447055,-0.03516797370343223
71.58,-1.7236331730391934,-0.03388101761798974,-0.03515156124426545
71.59,-1.7236338957677486,-0.025634949225687917,-0.03460678332325222
71.60000000000001,-1.7236348498035916,-0.016620377297834388,-0.033502004386709035
71.61,-1.7236360370000137,-0.006770682995775781,-0.03179818019374053
71.62,-1.7236374587070313,0.0039929649845586584,-0.029447545911398136
71.63,-1.7236391158969284,0.015764032993884264,-0.02639192648368819
71.64,-1.723641009072006,0.028653722956475225,-0.022560551130033052
71.65,-1.7236431382993909,0.04279497510903729,-0.017867206382005896
71.66,-1.7236455030429279,0.05834768776166667,-0.01220649369391738
71.67,-1.7236481021307073,0.07550560527019569,-0.005448854757199875
71.68,-1.7236509337054853,0.09450552931193802,0.0025661275137485173
71.69,-1.7236539950699679,0.11563982512983087,0.012038885684666864
71.7,-1.7236572824833387,0.13927369526303068,0.02322259958781557
71.71000000000001,-1.7236607911144513,0.16586950365978453,0.036441245463653474
71.72,-1.723664514586431,0.19602179075308845,0.05211575639873961
71.73,-1.7236684448477577,0.2305089620918208,0.07080291357115231
71.74,-1.723672571486098,0.27037183570277834,0.09325488221479945
71.75,-1.7236768813034267,0.3170371047814116,0.1205135169451744
71.76,-1.7236813571426517,0.37251928347718005,0.15406588208083175
71.77,-1.7236859767232182,0.4397671526278829,0.19611339820384424
71.78,-1.7236907103608434,0.5232936765251883,0.2500658706428708
71.79,-1.7236955175095274,0.6304075445665965,0.3215174681726068
71.8,-1.7237003406466442,0.7738566422583548,0.42036624407148787
71.81,-1.7237050937739684,0.9782590441236471,0.5660405321615553
71.82000000000001,-1.7237096374341387,1.2987977534651525,0.8029427503089621
71.83,-1.7237137139952257,1.8929896614969255,1.2610440570688473
71.84,-1.723716714835751,3.4817394073627344,2.559782216880753
71.85000000000001,-1.7237168052851715,9.548669708414593,8.733044870266868
71.86,-1.7237180562989174,2.4980793368572947,2.8067318991331414
71.87,-1.7237186590808307,1.2970849327675125,1.637565582029509
71.88,-1.7237182962731046,0.8337108557628161,1.1616550528130272
71.89,-1.7237172144005184,0.5849096503615209,0.8957105758707908
71.9,-1.723715585276973,0.42862724771157457,0.7227786187303187
71.91,-1.7237135298430162,0.321061726098053,0.5998807020847835
71.92,-1.7237111378649579,0.24248282035716567,0.5072947580209681
71.93,-1.7237084789635333,0.1826415105256446,0.4346139985953551
71.94,-1.7237056090236367,0.1356634245652608,0.3757904760603803
71.95,-1.723702574064078,0.09792951535871063,0.32705111817354326
71.96000000000001,-1.7236994128067744,0.06708344490530263,0.2859105666542713
71.97,-1.7236961584100803,0.041522502140758255,0.25065974628120585
71.98,-1.723692839657308,0.02011733538381752,0.22008169732128824
71.99,-1.7236894818321007,0.002048609821544825,0.19328454286103458
72.0,-1.7236861073658376,-0.013292755395298672,0.1695986560653952
72.01,-1.7236827363330223,-0.026368955056970386,0.1485108492491702
72.02,-1.7236793868314502,-0.0375369114504337,0.12962084537711233
72.03,-1.7236760752733704,-0.047076395437245296,0.11261165991446899
72.04,-1.7236728166413624,-0.05520950754280392,0.09722894538919188
72.05,-1.7236696246596315,-0.062114469568376116,0.0832662726029634
72.06,-1.7236665119760346,-0.06793557602515218,0.07055444114415142
72.07000000000001,-1.7236634902677463,-0.07279049583161837,0.058953584733849596
72.08,-1.7236605703715289,-0.07677570899821254,0.04834725342014708
72.09,-1.7236577623624143,-0.07997060668668422,0.038637918875742944
72.10000000000001,-1.7236550756230142,-0.08244061706946945,0.029743521200813264
72.11,-1.7236525189449678,-0.08423960995004878,0.02159478937213788
72.12,-1.7236501005339053,-0.08541175925160979,0.014133144618392185
72.13,-1.7236478280872922,-0.08599299179240287,0.007309049364891615
72.14,-1.7236457088387036,-0.08601211552131494,0.0010807011849620074
72.15,-1.7236437495870316,-0.08549169524297556,-0.004587002151264424
72.16,-1.7236419567132777,-0.08444872576867204,-0.00972328136117935
72.17,-1.7236403361980037,-0.08289513910922003,-0.014352118919824589
72.18,-1.7236388937207057,-0.08083817229990023,-0.018492757183667816
72.19,-1.7236376345700661,-0.0782806147084774,-0.02216007372718759
72.2,-1.723636563724582,-0.07522094750083559,-0.025364849730170773
72.21000000000001,-1.7236356858226267,-0.07165338276521857,-0.028113942305779092
72.22,-1.7236350052346472,-0.06756780523243511,-0.030410367116385194
72.23,-1.7236345260744494,-0.0629496152356557,-0.032253293755185604
72.24,-1.7236342520494132,-0.05777946718191336,-0.03363795246947112
72.25,-1.723634186652712,-0.052032893080749994,-0.034555446818031375
72.26,-1.7236343330372583,-0.04567979521752082,-0.0349924624824917
72.27,-1.7236346941837417,-0.0386837854078106,-0.03493085715843849
72.28,-1.7236352725987358,-0.031001340068802147,-0.03434711010294811
72.29,-1.7236360705803229,-0.022580729219398937,-0.03321160148019968
72.3,-1.7236370899975502,-0.013360663554758359,-0.03148768091425319
72.31,-1.7236383325626494,-0.0032685837108227256,-0.029130469596385475
72.32000000000001,-1.7236397994134418,0.007781510092122676,-0.02608532042772753
72.33,-1.7236414913677272,0.019891828912783308,-0.022285831377386767
72.34,-1.723643408769358,0.033184359151392215,-0.017651267250118313
72.35000000000001,-1.7236455515081415,0.04780549113962615,-0.012083185424802828
72.36,-1.7236479188703853,0.06393209689805716,-0.005460974017471296
72.37,-1.7236505094858336,0.0817796127999546,0.002364120757895466
72.38,-1.7236533213136482,0.10161294407604951,0.011577103276576003
72.39,-1.7236563513761582,0.12376141781972354,0.02241041651513352
72.4,-1.7236595956559313,0.1486396680991382,0.03515966545865348
72.41,-1.7236630489615592,0.17677742079043957,0.05020618181307912
72.42,-1.723666704442861,0.20886299376084258,0.06805019227142674
72.43,-1.7236705534560413,0.24580858563298016,0.08936093422556114
72.44,-1.7236745847502362,0.28885142082527593,0.11505483965535782
72.45,-1.7236787839604435,0.339716369016068,0.14642216994751267
72.46000000000001,-1.723683132341215,0.40088920689440427,0.1853414913153198
72.47,-1.7236876051229562,0.47610098784906063,0.23466307993624522
72.48,-1.7236921687708167,0.5712451696182445,0.2989416297717941
72.49,-1.7236967765329183,0.6962658490696536,0.3859603912388647
72.5,-1.7237013599924302,0.8694983063813333,0.5102760728758083
72.51,-1.7237058121703273,1.1292903627910764,0.7028427491366317
72.52,-1.723709947165645,1.5730728249311,1.0439429847540624
72.53,-1.7237133765491617,2.5508434765583328,1.830582374987112
72.54,-1.7237149143998955,6.8058362422120116,5.563869006300746
72.55,-1.7237151172036143,3.87187706231741,4.047677126172402
72.56,-1.7237161615001906,1.6528076641512734,1.9604363364822814
72.57000000000001,-1.7237161981588693,1.0011388091133002,1.3076154416241088
72.58,-1.7237154611716345,0.6853104142955232,0.9780787985767402
72.59,-1.7237141406883247,0.4971056908313129,0.7749735100920121
72.60000000000001,-1.7237123684713782,0.3716039929205024,0.6353429971472458
72.61,-1.7237102404654303,0.28180576995133755,0.5325066588475722
72.62,-1.7237078299528952,0.21439482292296858,0.45309983340856663
72.63,-1.723705195014554,0.16201248869839407,0.38963684946326366
72.64,-1.723702383060005,0.120246598363809,0.33757474285996136
72.65,-1.7236994336879177,0.08628390397997444,0.29398449056302567
72.66,-1.7236963805924153,0.05824242692637334,0.2568861889712779
72.67,-1.723693252884197,0.03481375867915239,0.22488969679710377
72.68,-1.7236900760240108,0.015059126787697358,0.196988077853472
72.69,-1.7236868725382233,-0.0017129178164069087,0.1724327708312538
72.7,-1.723683662524223,-0.01602301648315388,0.15065493918968703
72.71000000000001,-1.7236804640517813,-0.028270603004404565,0.1312141408133967
72.72,-1.7236772934907851,-0.038767050012346094,0.113763802302521
72.73,-1.7236741657415056,-0.0477584103607765,0.09802738258323183
72.74,-1.7236710944560985,-0.05544138166013228,0.0837815372505091
72.75,-1.7236680921792271,-0.061974740845609756,0.07084398729533295
72.76,-1.7236651705058983,-0.0674876801580313,0.059064621745358245
72.77,-1.7236623401675795,-0.07208597919722472,0.048318869384908286
72.78,-1.7236596111534397,-0.07585663718265576,0.03850269212943484
72.79,-1.7236569927648377,-0.07887139049059039,0.02952875695448963
72.8,-1.7236544936818332,-0.08118941002408575,0.021323478008503233
72.81,-1.7236521220610463,-0.08285938589888386,0.013824710501883414
72.82000000000001,-1.723649885519223,-0.08392114752372666,0.006979939640601812
72.83,-1.7236477912164332,-0.08440692595076563,0.0007448510165911776
72.84,-1.7236458458924175,-0.08434233646710623,-0.004917801221000065
72.85000000000001,-1.7236440558917867,-0.08374713854237573,-0.010039090125727498
72.86,-1.7236424271714659,-0.0826358150914491,-0.014644621526610058
72.87,-1.7236409653237417,-0.08101800171737361,-0.018755083558704935
72.88,-1.723639675657573,-0.07889878797100118,-0.022386665318145732
72.89,-1.7236385631419333,-0.07627890588610653,-0.025551362955773094
72.9,-1.7236376324274623,-0.07315481549758346,-0.028257185824106357
72.91,-1.723636887872835,-0.06951869228089816,-0.030508270749895927
72.92,-1.7236363335497187,-0.06535831706139747,-0.0323049083309805
72.93,-1.7236359733566307,-0.06065686466791667,-0.03364348131177473
72.94,-1.7236358107343566,-0.05539258308294847,-0.03451631120340252
72.95,-1.7236358489663428,-0.049538349721174324,-0.03491140500446181
72.96000000000001,-1.723636090986077,-0.043061085487408154,-0.0348120891361363
72.97,-1.7236365395743767,-0.03592099966206811,-0.03419651163456895
72.98,-1.7236371970585591,-0.028070629268432276,-0.03303698631727223
72.99,-1.7236380655548689,-0.019453623524845726,-0.03129914261865081
73.0,-1.7236391467572458,-0.010003207484929402,-0.028940831937303305
73.01,-1.7236404422035323,0.00035976496919888634,-0.02591072302048436
73.02,-1.7236419528811386,0.011729289935199713,-0.022146494562354936
73.03,-1.7236436794385535,0.024217392709906693,-0.017572496873269602
73.04,-1.7236456220516967,0.03795823992102065,-0.012096704436302647
73.05,-1.7236477804378572,0.0531135145558819,-0.005606705808018475
73.06,-1.7236501536967066,0.06987952627589161,0.0020356340081937735
73.07000000000001,-1.7236527402528736,0.08849674667136329,0.011001373767107164
73.08,-1.7236555378337233,0.10926279539204392,0.021504358330299844
73.09,-1.723658543175671,0.13255043806956948,0.03381496513061187
73.10000000000001,-1.7236617519436983,0.15883302842499536,0.04827964833079175
73.11,-1.7236651585061262,0.18872129168929241,0.06534936152632358
73.12,-1.723668755481238,0.22301789380375586,0.08562198012325344
73.13,-1.723672533458598,0.2628008389546657,0.10990754657984002
73.14,-1.7236764802898947,0.3095554282525861,0.1393321963778692
73.15,-1.7236805801026562,0.3653917972352563,0.17551069774286063
73.16,-1.723684812140816,0.43342163394305855,0.2208475179219369
73.17,-1.7236891485159935,0.5184510806906718,0.2790951505720097
73.18,-1.723693550785704,0.6283552484748938,0.3564717619937711
73.19,-1.7236979638055412,0.7770851135390608,0.46413126466315713
73.2,-1.7237023038964328,0.9921756902334466,0.624404794107111
73.21000000000001,-1.7237064325421416,1.3374284035612434,0.889933454147541
73.22,-1.7237100846906648,2.005776391855095,1.4235753689483646
73.23,-1.7237125865774114,4.0024888583406035,3.1082183315275858
73.24,-1.7237124638888623,7.402322696384864,7.100018700260882
73.25,-1.723713742482344,2.210403421581209,2.4695729027734368
73.26,-1.723714184155038,1.2214316631543467,1.503148695929469
73.27,-1.723713791326607,0.8072289510897723,1.0806385829082243
73.28,-1.7237127727953871,0.5765695455901069,0.8374092146397697
73.29,-1.723711273499387,0.42858417431053786,0.6767416659842806
73.3,-1.7237093970705124,0.32527014734842286,0.5614839817520973
73.31,-1.7237072212713818,0.24899865806683336,0.4741340868446588
73.32000000000001,-1.7237048069444723,0.1904277723966291,0.4052944151442936
73.33,-1.7237022032652438,0.14412456898454182,0.34943556831988143
73.34,-1.7236994509443464,0.10670445334650865,0.303076067944475
73.35000000000001,-1.723696584400742,0.07594413270359723,0.26390631379823615
73.36,-1.7236936332226844,0.05032040134750669,0.23032917641032385
73.37,-1.7236906231764588,0.028753415098376964,0.2012022757180119
73.38,-1.7236875769683064,0.010455708104195383,0.1756853134664504
73.39,-1.723684514791941,-0.0051607250835356555,0.1531454809395878
73.4,-1.7236814547722543,-0.018543833551426747,0.13309659651611822
73.41,-1.7236784132822824,-0.030040739846603215,0.11515866693421177
73.42,-1.723675405203593,-0.03992438051911042,0.0990302642844347
73.43,-1.723672444149389,-0.04841204158237821,0.08446919730328474
73.44,-1.7236695426150583,-0.055678531301012024,0.07127869789038382
73.45,-1.7236667121338078,-0.06186571788354256,0.059297363844208126
73.46000000000001,-1.7236639633832416,-0.0670895493416078,0.04839171487366993
73.47,-1.723661306275407,-0.0714452949185289,0.03845060220590632
73.48,-1.7236587500579883,-0.07501150785031688,0.02938095594277093
73.49,-1.7236563033576076,-0.07785305341092905,0.021104513648898288
73.5,-1.7236539742452854,-0.08002344298183453,0.013555279494552264
73.51,-1.7236517703111345,-0.08156664507228757,0.0066775351407635936
73.52,-1.7236496986642715,-0.08251849620123715,0.00042427308717579715
73.53,-1.7236477659776146,-0.08290780090392806,-0.005244041901542956
73.54,-1.723645978586684,-0.08275718621625576,-0.010360452923261931
73.55,-1.7236443424000962,-0.08208375865720627,-0.014952284378364544
73.56,-1.7236428630204073,-0.08089959890108951,-0.019041746930997208
73.57000000000001,-1.723641545677486,-0.0792121197155619,-0.022646402609085015
73.58,-1.7236403954007942,-0.07702430522457743,-0.025779510687437474
73.59,-1.723639416807445,-0.07433484354521591,-0.028450269220224984
73.60000000000001,-1.7236386143057585,-0.07113815979882705,-0.03066396181203379
73.61,-1.7236379919600262,-0.0674243519773041,-0.032422015214195445
73.62,-1.7236375536588142,-0.06317902786269212,-0.03372196914750042
73.63,-1.723637303006078,-0.05838303684600534,-0.03455735608058771
73.64,-1.7236372432667328,-0.05301208566397394,-0.03491748446653412
73.65,-1.7236373774991307,-0.0470362215315499,-0.03478711443419934
73.66,-1.723637708476313,-0.04041915935834071,-0.03414600943324873
73.67,-1.723638238771649,-0.03311742114493353,-0.032968340506657465
73.68,-1.723638970547296,-0.025079244549749517,-0.0312219110865219
73.69,-1.7236399057387057,-0.016243202496371872,-0.028867158425857284
73.7,-1.723641045899502,-0.006536455743069006,-0.02585587204074838
73.71000000000001,-1.7236423924068491,0.004127468036174753,-0.02212954745516238
73.72,-1.7236439460740545,0.015851513637106296,-0.01761726310848223
73.73,-1.723645707384898,0.02875875866550838,-0.012232923448888974
73.74,-1.7236476763684014,0.04299717696320318,-0.005871647919796913
73.75,-1.7236498525478092,0.058745908476952935,0.0015950099004222035
73.76,-1.723652234819142,0.07622361975827469,0.010325472388602208
73.77,-1.7236548214022278,0.09569981664122212,0.020516857612892972
73.78,-1.7236576097530887,0.11751040761475971,0.032417038361233164
73.79,-1.7236605962795637,0.14207952172334792,0.0463416362323351
73.8,-1.7236637763219798,0.1699507524944875,0.0626984880494529
73.81,-1.7236671436674795,0.20183300314941277,0.08202374381775211
73.82000000000001,-1.7236706903960393,0.238669666126808,0.1050366496868206
73.83,-1.7236744061377907,0.2817464636638429,0.13272545882804138
73.84,-1.723678277552683,0.33286610278958195,0.16648745316366886
73.85000000000001,-1.7236822871212463,0.3946443251633063,0.2083678969652143
73.86,-1.723686411439689,0.4710402487122656,0.261491230954937
73.87,-1.7236906186497913,0.5683738525076572,0.3308949724407903
73.88,-1.7236948638489444,0.6974565969342186,0.4252915379505239
73.89,-1.7236990804448893,0.8786016450846541,0.561253757604572
73.9,-1.7237031624557968,1.155480053988746,0.774932552276692
73.91,-1.7237069205311046,1.6441428958714295,1.1641728884148586
73.92,-1.7237099393671702,2.8002733104255495,2.123800816667018
73.93,-1.7237108401209795,8.702173095589913,7.512742127276763
73.94,-1.7237113869008809,3.2232873170509615,3.392401502641299
73.95,-1.7237122290208085,1.5274114674020518,1.7786250906807097
73.96000000000001,-1.7237121851045014,0.9593818765952314,1.2114903395714531
73.97,-1.723711466398203,0.6703058176848368,0.9131131329483376
73.98,-1.723710233492584,0.49352671371758494,0.7254535610619793
73.99,-1.7237085995239618,0.3736866090171639,0.5949375295215599
74.0,-1.7237066477839795,0.28692815051960474,0.49811707504232033
74.01,-1.7237044425049926,0.22120875118589892,0.4230030129480275
74.02,-1.72370203498994,0.16976308610015872,0.3627838358868111
74.03,-1.7236994673623407,0.12848423697342154,0.31328244941054484
74.04,-1.7236967749775212,0.09472808499718866,0.2717843085894172
74.05,-1.723693988042894,0.066711888078937,0.23644308568827696
74.06,-1.7236911327486875,0.04318816679578957,0.20595599420618663
74.07000000000001,-1.723688232074276,0.023256948499052854,0.17937557506698443
74.08,-1.7236853064056183,0.006252236058178567,0.1559951585992026
74.09,-1.7236823739783815,-0.008329506612734308,0.13527628023915805
74.10000000000001,-1.7236794512253262,-0.020875988877637447,0.11680107708066509
74.11,-1.723676553067665,-0.03169041926312977,0.10024013527200151
74.12,-1.7236736931131535,-0.041013095656115724,0.08533021233817796
74.13,-1.723670883856076,-0.049036622864429655,0.07185845359260527
74.14,-1.7236681367971336,-0.055916851401181605,0.05965098833339523
74.15,-1.7236654625875039,-0.06178087777972403,0.048564546517600254
74.16,-1.7236628711017454,-0.06673298523449854,0.03848020086739788
74.17,-1.7236603715477508,-0.07085911402751247,0.029298631969447042
74.18,-1.7236579725147316,-0.07423026400159592,0.02093650288793518
74.19,-1.7236556820325748,-0.07690510925895826,0.013323654865063275
74.2,-1.7236535076579176,-0.07893202268981642,0.006400919363426211
74.21000000000001,-1.723651456462811,-0.08035065181008849,0.00011839928912714404
74.22,-1.723649535110395,-0.08119314822771703,-0.00556588743507061
74.23,-1.7236477498628429,-0.08148512553573006,-0.010687080722967868
74.24,-1.7236461066691555,-0.08124640048081418,-0.01527432566333932
74.25,-1.7236446110798354,-0.08049155775655722,-0.019351437639811078
74.26,-1.7236432683531724,-0.07923036787651284,-0.022937417181079903
74.27,-1.7236420834405886,-0.07746807927821026,-0.026046838213327733
74.28,-1.7236410610718949,-0.07520559921962083,-0.028690126607485468
74.29,-1.7236402055955617,-0.07243957260765083,-0.030873740642172687
74.3,-1.7236395211663424,-0.06916236322159282,-0.032600260356530575
74.31,-1.7236390116042948,-0.06536193743488562,-0.033868388866141415
74.32000000000001,-1.723638680662456,-0.0610216462496487,-0.03467286468034374
74.33,-1.7236385316121008,-0.056119896940446765,-0.035004280267438924
74.34,-1.7236385676101813,-0.05062970033095961,-0.03484879753408266
74.35000000000001,-1.7236387914818536,-0.04451807368606286,-0.034187746031218845
74.36,-1.7236392059048224,-0.03774527132353344,-0.03299708323300894
74.37,-1.7236398131795279,-0.030263805382916807,-0.03124668850852498
74.38,-1.723640615377009,-0.022017205711676785,-0.02889945169299027
74.39,-1.7236416142308706,-0.012938450576344546,-0.0259101033661248
74.4,-1.7236428112443747,-0.0029479752348764293,-0.02222371440214501
74.41,-1.7236442074971208,0.008048867871304613,-0.017773765789528273
74.42,-1.723645803719636,0.020165072266354306,-0.012479651001311154
74.43,-1.7236476002235606,0.033536207192424825,-0.0062434184097992645
74.44,-1.7236495968865235,0.0483259588994588,0.0010545201043324626
74.45,-1.7236517930095547,0.06473347976524559,0.00956110988724343
74.46000000000001,-1.7236541872794566,0.08300327152395197,0.019458384749648575
74.47,-1.723656777722079,0.10343868759986453,0.0309740800701383
74.48,-1.7236595614297068,0.12642071220089893,0.04439646421228892
74.49,-1.723662534534106,0.15243461113423998,0.06009548904137135
74.5,-1.7236656918630044,0.1821086347245951,0.07855365772099045
74.51,-1.7236690266882704,0.21627172639664533,0.10041228738998706
74.52,-1.7236725302597757,0.25604223581032326,0.12654300910441713
74.53,-1.7236761912713854,0.3029692491420677,0.15816232070711683
74.54,-1.723679994809023,0.35926746619651495,0.19702310940574727
74.55,-1.7236839212458421,0.4282279258418077,0.24575173261585365
74.56,-1.7236879439868549,0.51498257592383,0.30847992031607746
74.57000000000001,-1.723692026027127,0.6280441930407629,0.3921274167576626
74.58,-1.7236961136501394,0.7827431910323485,0.5092898828526444
74.59,-1.7237001241118635,1.0100506653176364,0.6857296071956345
74.60000000000001,-1.7237039172006643,1.384366983673988,0.9842722553166737
74.61,-1.7237072147725838,2.1457586367537527,1.6118339235441501
74.62,-1.723709255341408,4.752540001767336,3.875925857976467
74.63,-1.7237091461594147,5.569252039792907,5.490426373150335
74.64,-1.7237103093318549,1.9868212232655735,2.196357291655029
74.65,-1.723710622907463,1.1560793058499517,1.3839339842661693
74.66,-1.7237102062510217,0.7830967601749917,1.006508735441203
74.67,-1.7237092368993427,0.5684899533988731,0.7833536135085308
74.68,-1.7237078393493221,0.42809541226818987,0.6337916748526629
74.69,-1.7237061037501542,0.32877083827536785,0.5255533719933225
74.7,-1.7237040983885072,0.2547154517436506,0.44305859002647
74.71000000000001,-1.723701877232449,0.19739692435314915,0.37780239976351504
74.72,-1.723699484100264,0.15178400402709696,0.32472098222553547
74.73,-1.723696955501582,0.11470871200696083,0.2805975595774086
74.74,-1.7236943224273706,0.08407225884740242,0.2432834109500394
74.75,-1.7236916116125316,0.058426670281193915,0.21128453695758742
74.76,-1.7236888464235425,0.036739419483806726,0.18352761320122318
74.77,-1.7236860475067637,0.018253785281419577,0.15922029377115648
74.78,-1.7236832332758993,0.002402277528588459,0.13776411216296425
74.79,-1.7236804202909273,-0.011249061626474863,0.11869814472908019
74.8,-1.7236776235492075,-0.023037641972762937,0.10166141151444581
74.81,-1.7236748567084423,-0.033229561102219404,0.08636709437255499
74.82000000000001,-1.7236721322876654,-0.042037236802681864,0.07258443679134383
74.83,-1.7236694617982637,-0.04963198518511743,0.0601257712646316
74.84,-1.7236668558868447,-0.05615315846591425,0.04883705070436005
74.85000000000001,-1.7236643244247785,-0.061714890818675816,0.03859082509071879
74.86,-1.7236618765931797,-0.06641114892173919,0.029280957270378008
74.87,-1.7236595209723156,-0.07031955975457115,0.020818597059278215
74.88,-1.723657265579041,-0.07350434192464632,0.013129080471392593
74.89,-1.7236551179272024,-0.07601856957863345,0.0061495192635168255
74.9,-1.7236530850953704,-0.07790593195067563,-0.00017308701526666526
74.91,-1.7236511737244145,-0.07920210607232966,-0.005883337984319281
74.92,-1.7236493900569776,-0.07993582816596786,-0.011018607238627312
74.93,-1.7236477400356467,-0.08012972643263226,-0.01560997057157995
74.94,-1.7236462292078598,-0.07980096137039143,-0.01968293635629286
74.95,-1.7236448628470762,-0.07896170742679681,-0.0232580140244176
74.96000000000001,-1.7236436458817257,-0.07761950054502012,-0.026351147477329667
74.97,-1.7236425830682456,-0.0757774688702918,-0.028974032668969023
74.98,-1.723641678777699,-0.0734344580517787,-0.031134333043112805
74.99,-1.7236409371962989,-0.07058505760982627,-0.032835801408278305
75.0,-1.723640362192584,-0.0672195303952012,-0.0340783128875082
75.01,-1.7236399574645678,-0.06332364288409953,-0.03485780943585128
75.02,-1.7236397264964676,-0.05887838968499867,-0.03516615268752382
75.03,-1.7236396723985574,-0.05385960075040707,-0.03499087759316806
75.04,-1.7236397981361937,-0.04823741410461906,-0.03431483457396803
75.05,-1.7236401063865914,-0.04197558997902566,-0.03311570220820254
75.06,-1.7236405996717452,-0.035030633331383954,-0.03136534517963718
75.07000000000001,-1.7236412801137775,-0.02735068031421694,-0.02902898294349316
75.08,-1.7236421496321546,-0.01887408848407654,-0.026064121892068706
75.09,-1.7236432098397776,-0.009527649836525529,-0.02241918697569288
75.10000000000001,-1.7236444620664126,0.0007756836945837647,-0.018031765052596654
75.11,-1.7236459072512558,0.012139713648521719,-0.01282633901793874
75.12,-1.7236475459520118,0.024688757675858125,-0.006711344041709505
75.13,-1.7236493783509894,0.03857255731354613,0.000424692342912647
75.14,-1.7236514041181898,0.053972753400304926,0.008718267610061517
75.15,-1.7236536223484251,0.0711115441267111,0.018337777529746968
75.16,-1.7236560315390517,0.09026343544863305,0.02949288547799145
75.17,-1.7236586294184775,0.11177146093841678,0.04244751174028423
75.18,-1.7236614127523877,0.1360700052531466,0.057538191166921285
75.19,-1.7236643773012537,0.16371762635351825,0.07520059104513857
75.2,-1.7236675173311933,0.19544544871391592,0.09600878900386381
75.21000000000001,-1.7236708255061661,0.23223059088333586,0.12073515541827873
75.22,-1.7236742921102914,0.2754113630185481,0.15044477307484067
75.23,-1.7236779045816921,0.326875245804254,0.18665033232286185
75.24,-1.7236816462791016,0.38938040584413364,0.23157857189423114
75.25,-1.7236854948630385,0.46713801490407747,0.28865582859401506
75.26,-1.7236894196022887,0.5669449156316518,0.36345888360625356
75.27,-1.723693376686549,0.700597973890046,0.4657571618260762
75.28,-1.7236973003173541,0.890709781942752,0.6144751380752209
75.29,-1.7237010837389626,1.187362107128406,0.8520530675104958
75.3,-1.7237045305377343,1.7304214414866357,1.2989361649605964
75.31,-1.7237071843401939,3.1288888126312497,2.4929400274188436
75.32000000000001,-1.7237075114277403,9.89022091641312,8.969869148108348
75.33,-1.7237084090323247,2.764690530111672,2.9067082156101116
75.34,-1.7237090858658837,1.4226480669213706,1.6214766170299173
75.35000000000001,-1.7237089778416887,0.9222009897687689,1.1243287648547453
75.36,-1.7237082726491124,0.6563299589270578,0.8530602486727057
75.37,-1.7237071084734374,0.4898573287853283,0.6792683201855798
75.38,-1.7237055835280262,0.3752638105507342,0.557085638524448
75.39,-1.7237037712556749,0.29138564523522686,0.46582851600314945
75.4,-1.723701728701704,0.22730472791838255,0.3947142760005863
75.41,-1.7236995017647545,0.17679091426168037,0.33753316858565374
75.42,-1.7236971283487672,0.13601720748889867,0.29043881783263664
75.43,-1.7236946404148057,0.10249668625596521,0.25091239149086375
75.44,-1.723692065376473,0.07453990500164437,0.2172303406118905
75.45,-1.7236894270818774,0.05095724666831347,0.18817063289245703
75.46000000000001,-1.7236867465228967,0.03088592552725776,0.16284104403398242
75.47,-1.7236840423646678,0.013684549963495649,0.14057395234982073
75.48,-1.7236813313500443,-0.0011337407717906395,0.12085928979094164
75.49,-1.7236786285981551,-0.013945130551826404,0.10330035751749056
75.5,-1.7236759478667731,-0.025044733328811443,0.08758386009224964
75.51,-1.7236733017273589,-0.034667089208695774,0.07345906960649436
75.52,-1.7236707017442336,-0.04300066770653238,0.06072301842544177
75.53,-1.7236681585810372,-0.050198329682264675,0.04920977240003918
75.54,-1.723665682131635,-0.05638500298758749,0.03878252709749479
75.55,-1.723663281583037,-0.061663398253448715,0.0293276962228034
75.56,-1.7236609655177793,-0.06611832089609748,0.020750431278375434
75.57000000000001,-1.7236587419537617,-0.0698199606869764,0.012971186411605329
75.58,-1.7236566183993507,-0.07282642474816564,0.005923058516665289
75.59,-1.7236546019322847,-0.07518570233116262,-0.0004502894385402939
75.60000000000001,-1.7236526991876795,-0.07693719646106904,-0.006196260109955137
75.61,-1.723650916428594,-0.07811292035601249,-0.011354609014749759
75.62,-1.7236492595438047,-0.07873843033479518,-0.01595846148615644
75.63,-1.723647734153741,-0.07883354785278493,-0.02003511401930661
75.64,-1.723646345493997,-0.07841290943264975,-0.02360666079159214
75.65,-1.7236450985487892,-0.07748637275471817,-0.026690475328497
75.66,-1.7236439979999618,-0.07605929918129892,-0.029299569480236987
75.67,-1.7236430483630298,-0.07413272657424849,-0.03144284531790649
75.68,-1.7236422537656693,-0.07170344098595757,-0.03312525053557887
75.69,-1.7236416181863339,-0.06876395118803207,-0.034347843344629446
75.7,-1.7236411452678193,-0.06530236569528329,-0.03510776904518095
75.71000000000001,-1.72364083861499,-0.061302167623659004,-0.035398146358776694
75.72,-1.723640701397692,-0.056741878186424385,-0.035207857783618936
75.73,-1.7236407366501916,-0.05159459424270605,-0.03452123347293739
75.74,-1.723640947128688,-0.045827379136617725,-0.03331761305907061
75.75,-1.7236413354187905,-0.039400477978858796,-0.03157076305241408
75.76,-1.723641903816608,-0.032266318464138716,-0.029248119191969513
75.77,-1.7236426543493895,-0.02436824450417789,-0.026309811775296996
75.78,-1.7236435887619534,-0.01563891179162917,-0.02270741711113912
75.79,-1.7236447085694673,-0.005998248930402239,-0.01838235735054193
75.8,-1.7236460149133583,0.004649147227633113,-0.013263842254287936
75.81,-1.7236475085977512,0.016417364305525664,-0.007266204697832096
75.82000000000001,-1.7236491900295112,0.02944352939899718,-0.00028542236990979075
75.83,-1.7236510592243497,0.04389352782852286,0.007805470258119299
75.84,-1.7236531156516988,0.05996960717580668,0.017162507993249185
75.85000000000001,-1.7236553581960896,0.07792063280392263,0.02797909028071871
75.86,-1.7236577851307857,0.09805614366763067,0.0404973952488574
75.87,-1.723660393837426,0.12076597109500158,0.05502437377855962
75.88,-1.723663180783411,0.1465481934239966,0.07195463029205598
75.89,-1.7236661411995415,0.17604991753431082,0.09180393894300248
75.9,-1.7236692688243973,0.2101284039634252,0.11525969248344939
75.91,-1.723672555445429,0.24994559849520598,0.14325926942396794
75.92,-1.7236759903819416,0.2971197940177809,0.177116352329814
75.93,-1.7236795594452534,0.3539797898497315,0.21873367384052703
75.94,-1.7236832438096765,0.4240138440029552,0.27098083901296066
75.95,-1.7236870177756705,0.512715906290476,0.3384106697797224
75.96000000000001,-1.7236908451974498,0.6293173660046292,0.4287347122261225
75.97,-1.7236946730696467,0.7907344295205079,0.5562115175948866
75.98,-1.7236984182276123,1.032006335200423,0.7506851027387729
75.99,-1.723701936457788,1.440693140652066,1.0877004681065063
76.0,-1.7237049287885498,2.3208894376825997,1.8344207366366039
76.01,-1.7237065037580237,5.878138060273452,5.008307393612872
76.02,-1.7237065426360125,4.372438593801199,4.367473306292726
76.03,-1.7237075557878905,1.8086758250633925,1.9700086674727886
76.04,-1.723707766868288,1.0992307876132168,1.2773612601049444
76.05,-1.7237073301833399,0.7611394908661636,0.9383443025614292
76.06,-1.723706399051296,0.5607918018697249,0.7330149536833748
76.07000000000001,-1.7237050817940425,0.4273466686721701,0.5935431755973283
76.08,-1.7237034577886419,0.3317582196439171,0.49177263748389416
76.09,-1.7237015879397672,0.25982047681522763,0.4137927108667556
76.10000000000001,-1.7236995206056622,0.2037246474692564,0.35188984164907594
76.11,-1.7236972953583742,0.15880500825150143,0.301419004762132
76.12,-1.7236949453165655,0.12209356393992384,0.2594040968091467
76.13,-1.7236924987190363,0.09160785149879672,0.223843880392704
76.14,-1.723689980004176,0.06597091601327536,0.19333950860510551
76.15,-1.723687410600619,0.044195311762165804,0.16688169824518076
76.16,-1.72368480949702,0.025553858309965496,0.1437227585703347
76.17,-1.7236821936726545,0.009498936209104497,0.12329631304711225
76.18,-1.7236795784266317,-0.0043897544343332595,0.10516510648557176
76.19,-1.7236769776488918,-0.016440067483741924,0.08898601832075945
76.2,-1.7236744040112395,-0.02691131752241651,0.07448598160292107
76.21000000000001,-1.7236718691524053,-0.036011052514718894,0.06144502179365968
76.22,-1.7236693837919157,-0.043907062560459086,0.04968406609169582
76.23,-1.7236669578638684,-0.05073613270138332,0.03905602375059482
76.24,-1.7236646005912126,-0.05661052362457879,0.029439155885599436
76.25,-1.723662320568586,-0.06162283657164494,0.02073207806516686
76.26,-1.7236601258401016,-0.06584970922539723,0.0128499472121065
76.27,-1.7236580239334516,-0.0693546520385787,0.00572152127319385
76.28,-1.7236560219166646,-0.07219024288914948,-0.0007131284072003641
76.29,-1.7236541264576233,-0.07439983555727382,-0.006504409574035433
76.3,-1.723652343823303,-0.07601889435347674,-0.011694620668037323
76.31,-1.7236506799117766,-0.07707603680353557,-0.016319065204464175
76.32000000000001,-1.7236491403529453,-0.07759384453006841,-0.020406930675146075
76.33,-1.7236477304053042,-0.07758948662983575,-0.02398197788484157
76.34,-1.7236464550804824,-0.0770751879885374,-0.027063074515418208
76.35000000000001,-1.7236453190669856,-0.07605856609111286,-0.029664598065080247
76.36,-1.7236443269052117,-0.07454285280827021,-0.03179672606103739
76.37,-1.7236434827711302,-0.07252701198046033,-0.033465626091552986
76.38,-1.7236427906751484,-0.07000575873560112,-0.03467355326285256
76.39,-1.7236422543315963,-0.06696948210379136,-0.03541885878695713
76.4,-1.7236418772883852,-0.06340406820646538,-0.03569590928809526
76.41,-1.723641662937879,-0.059290616908192144,-0.03549491261617507
76.42,-1.7236416142689752,-0.054605039875297176,-0.034801641562326006
76.43,-1.7236417341752903,-0.049317522153273806,-0.03359704189924992
76.44,-1.723642025262901,-0.04339182231141545,-0.03185670521828341
76.45,-1.7236424900151373,-0.036784376957719786,-0.029550179266794263
76.46000000000001,-1.7236431305264839,-0.0294431636628784,-0.02664007867452549
76.47,-1.723643948712325,-0.021306259905227616,-0.023080945347453266
76.48,-1.7236449461939278,-0.012300014122605188,-0.018817789825930555
76.49,-1.7236461243415624,-0.0023367141479009867,-0.013784219365713848
76.5,-1.723647484149892,0.008688404569754685,-0.007900022747550972
76.51,-1.7236490262593334,0.0209010305820624,-0.001068030138852094
76.52,-1.7236507509576664,0.03445283761743821,0.006830009036408111
76.53,-1.7236526580527756,0.04952817897488761,0.015938899365719947
76.54,-1.7236547468048387,0.06635306298629062,0.02643736437732526
76.55,-1.7236570159128206,0.08520737150044601,0.0385481081226504
76.56,-1.7236594633424196,0.10644178348270215,0.05255180018382127
76.57000000000001,-1.723662086139334,0.13050167999990941,0.0688068997694723
76.58,-1.723664880394546,0.15796167064319927,0.08777839165524527
76.59,-1.7236678407514976,0.1895767504912858,0.11008052255173766
76.60000000000001,-1.7236709603152183,0.22636036144599073,0.1365422674312165
76.61,-1.7236742298871204,0.26970766806960056,0.16831113869887437
76.62,-1.7236776374706202,0.3215982862064728,0.20702464425176842
76.63,-1.7236811670777843,0.3849462699845606,0.2551076698243205
76.64,-1.7236847970688727,0.4642412708725723,0.3163200253666779
76.65,-1.7236884974084652,0.5668136773968013,0.3968428911127421
76.66,-1.7236922247975532,0.705582218834552,0.507653143041563
76.67,-1.7236959133065137,0.9058436078638069,0.6704333336824224
76.68,-1.7236994537201058,1.2254573805710993,0.9352979266318581
76.69,-1.7237026384940837,1.835199560441479,1.4522090837136346
76.7,-1.7237049530748436,3.5746013676939477,2.975547178357009
76.71000000000001,-1.7237049387456338,8.46393672825041,7.963237711015692
76.72,-1.7237060184093167,2.426059325254636,2.532562261570579
76.73,-1.7237065589666418,1.334054775721678,1.48407455023885
76.74,-1.7237063988025874,0.8890157704976674,1.0448448597182667
76.75,-1.7237057033952907,0.6433940345956183,0.797306416005725
76.76,-1.7237045930600647,0.48623887765834467,0.6360131917398112
76.77,-1.7237031545314792,0.3765055454072599,0.5214726726796822
76.78,-1.7237014532307684,0.29534873207980156,0.4353747405811305
76.79,-1.7236995404648838,0.23284526895813185,0.36799796227289117
76.8,-1.7236974577893098,0.18324815589817878,0.31367083714378885
76.81,-1.7236952397027827,0.14298707067369046,0.2688464501477076
76.82000000000001,-1.7236929154251646,0.10972107225204458,0.2311848355859495
76.83,-1.7236905101118802,0.0818482869119815,0.19907546741222443
76.84,-1.7236880457165271,0.05823392041790776,0.1713710779037343
76.85000000000001,-1.723685541623677,0.03805071923906321,0.14723081787529135
76.86,-1.7236830151070848,0.02068098732072081,0.12602352308094797
76.87,-1.723680481703095,0.0056540430204318065,0.1072657218088795
76.88,-1.723677955472802,-0.007395032856792119,0.09058059033807657
76.89,-1.7236754492305568,-0.01875338437194818,0.07567000442517975
76.9,-1.7236729747160875,-0.028649839221379675,0.06229503858210811
76.91,-1.7236705427408474,-0.037268730889472586,0.050262065956508145
76.92,-1.7236681632962303,-0.044759903469852945,0.039412662392327574
76.93,-1.7236658456659073,-0.05124607452075053,0.029616150651729983
76.94,-1.7236635984833288,-0.05682833306650789,0.02076401311431947
76.95,-1.7236614298309287,-0.06159029761336199,0.012765650283644958
76.96000000000001,-1.723659347267069,-0.06560129529440864,0.005545124480377306
76.97,-1.723657357879608,-0.06891881466096163,-0.0009613640498715159
76.98,-1.7236554683694452,-0.07159041151000803,-0.006807448785667566
76.99,-1.7236536850171236,-0.07365519671892873,-0.012038146300477878
77.0,-1.7236520137639126,-0.07514499973002363,-0.016691077927303094
77.01,-1.723650460213225,-0.07608527642120148,-0.020797433600529165
77.02,-1.7236490297080664,-0.07649581186053031,-0.024382729393431335
77.03,-1.7236477272463988,-0.07639125515018924,-0.027467397094235665
77.04,-1.7236465575822202,-0.0757815134772427,-0.03006723400827664
77.05,-1.7236455252073066,-0.07467202476484376,-0.032193733635771465
77.06,-1.7236446344434955,-0.07306392209696748,-0.03385431167532895
77.07000000000001,-1.7236438892603447,-0.07095409792984753,-0.035052436868547726
77.08,-1.7236432934863626,-0.06833517155654471,-0.03578767177150331
77.09,-1.7236428506334633,-0.06519535902051213,-0.03605562470322764
77.10000000000001,-1.7236425642130764,-0.06151824033697942,-0.03584781003887599
77.11,-1.723642437275725,-0.05728241430720591,-0.03515141008337624
77.12,-1.723642472790997,-0.052461025700461884,-0.033948926827919154
77.13,-1.7236426734463874,-0.04702114327718761,-0.03221770659449518
77.14,-1.7236430417929192,-0.040922958768051805,-0.029929313372862615
77.15,-1.723643580083643,-0.034118766559729535,-0.027048717926332566
77.16,-1.723644290343974,-0.02655166945175364,-0.023533257583141495
77.17,-1.7236451743206822,-0.01815393702972362,-0.01933130575609858
77.18,-1.7236462335593137,-0.008844916526365584,-0.014380567740353567
77.19,-1.723647469240857,0.0014716405156191825,-0.008605888484170932
77.2,-1.7236488822345146,0.012911025914045485,-0.0019164128980313083
77.21000000000001,-1.7236504730390445,0.025612062735630853,0.005798124951402528
77.22,-1.7236522417802456,0.039743012494455915,0.014672303332188344
77.23,-1.7236541880618554,0.05550945052088313,0.024871568859061013
77.24,-1.7236563109391299,0.07316491848511471,0.03660113246669397
77.25,-1.7236586088799026,0.09302557195851872,0.05011823969147147
77.26,-1.7236610794910638,0.11549069991057988,0.06574941340044038
77.27,-1.723663719536019,0.14107208299084265,0.08391520202738714
77.28,-1.7236665245223401,0.17043702298866398,0.10516657029855404
77.29,-1.7236694885944666,0.2044731820286827,0.13023992039041196
77.3,-1.72367260391544,0.24438947957766954,0.16014301446260687
77.31,-1.7236758602723774,0.2918791427004417,0.19629434670466772
77.32000000000001,-1.7236792440462307,0.3493953168849358,0.24075967265989012
77.33,-1.723682736907484,0.42064303305163314,0.2966760393909842
77.34,-1.7236863137217049,0.5115186635250641,0.3690653375788433
77.35000000000001,-1.7236899387577065,0.6320647851342404,0.46653609809517455
77.36,-1.7236935589499591,0.8010266173564939,0.6052739953792036
77.37,-1.7236970895959374,1.0582882436164702,0.8200117456631678
77.38,-1.723700379832688,1.5079283310773912,1.202358935113981
77.39,-1.7237031017221103,2.5431438870655274,2.103847748153538
77.4,-1.7237041790403325,7.562224399762244,6.6975948089219886
77.41,-1.7237044744959196,3.585511862245332,3.592669820926277
77.42,-1.7237053399841793,1.6638272907946474,1.778987625475535
77.43,-1.7237054673995393,1.0494871999706485,1.18140018928332
77.44,-1.7237050133932144,0.741189667401343,0.8753752692018644
77.45,-1.7237041116234302,0.5535558678481929,0.6859481928490516
77.46000000000001,-1.7237028576607076,0.4264792156510121,0.5556740118680722
77.47,-1.723701322372628,0.33438523033763334,0.4598796842082599
77.48,-1.7236995605924295,0.2644634879553511,0.3861096113375283
77.49,-1.7236976162145972,0.20955282755215218,0.3273535221212928
77.5,-1.7236955253565742,0.16532034796442657,0.27934381483598086
77.51,-1.7236933183917278,0.1289826344935703,0.23932357160483825
77.52,-1.723691021319199,0.0986658062293294,0.20542696147005668
77.53,-1.723688656724773,0.07305984278378012,0.17634305834610522
77.54,-1.723686244458498,0.05122015118446106,0.1511220582648815
77.55,-1.7236838021691887,0.03244785078738202,0.12905791951654355
77.56,-1.7236813456713667,0.016214497072014875,0.10961429997134026
77.57000000000001,-1.7236788892454054,0.0021130621804984484,0.09237616196418094
77.58,-1.723676445886416,-0.010174957812108365,0.07701719159953387
77.59,-1.7236740274683722,-0.020902194460173634,0.06327729075657544
77.60000000000001,-1.723671644920682,-0.030271363025199165,0.05094667299514323
77.61,-1.7236693083238337,-0.038446727517798755,0.03985440093185787
77.62,-1.7236670270392092,-0.04556248404906965,0.02985997900578538
77.63,-1.7236648097660248,-0.05172898584582572,0.020847091248577546
77.64,-1.7236626646326114,-0.05703742832452886,0.012718872888233923
77.65,-1.7236605992492247,-0.061563416631163395,0.005394297244505658
77.66,-1.7236586207501048,-0.06536970911327669,-0.001194613492304042
77.67,-1.7236567358567136,-0.06850834398462077,-0.007104959982641365
77.68,-1.7236549508976349,-0.07102229745200431,-0.012384667991322262
77.69,-1.7236532718482926,-0.0729467806004941,-0.017073828566587304
77.7,-1.7236517043299004,-0.07431025350463842,-0.021205755037012705
77.71000000000001,-1.7236502537327296,-0.07513521418169361,-0.024807814924410088
77.72,-1.7236489250782285,-0.07543880491630077,-0.027902080047740578
77.73,-1.7236477231712588,-0.07523326706169847,-0.030505826564817526
77.74,-1.7236466525138607,-0.07452626689670891,-0.032631908506711306
77.75,-1.723645717488911,-0.07332110824372091,-0.03428902142053235
77.76,-1.7236449221036665,-0.07161684205501491,-0.03548186756670099
77.77,-1.7236442702415438,-0.0694082783723038,-0.03621122931755567
77.78,-1.7236437654758152,-0.06668590175260805,-0.03647395356088631
77.79,-1.723643411308585,-0.06343568695531808,-0.036262845765922966
77.8,-1.7236432109681419,-0.059638807299010846,-0.03556646856209474
77.81,-1.723643167417211,-0.0552712230104582,-0.03436883505269986
77.82000000000001,-1.7236432834661222,-0.0503031310208214,-0.032648982042005455
77.83,-1.7236435617029948,-0.04469825028868969,-0.030380401936155377
77.84,-1.7236440045555155,-0.03841290731848037,-0.027530304005658195
77.85000000000001,-1.7236446141176278,-0.03139487417787484,-0.024058665081531094
77.86,-1.7236453922942971,-0.02358189446344776,-0.01991701538073841
77.87,-1.7236463407475289,-0.014899809978328654,-0.01504688569708118
77.88,-1.723647460858013,-0.005260168968315396,-0.009377814946459465
77.89,-1.7236487536857406,0.005442848587713572,-0.002824778199666339
77.9,-1.723650219940146,0.01733641784373305,0.004715160168434776
77.91,-1.7236518600065027,0.03057429279704499,0.013367245566451455
77.92,-1.7236536738020307,0.04534373316426407,0.02328488369631447
77.93,-1.7236556607200464,0.061874817463264606,0.03465752843747322
77.94,-1.7236578196487917,0.08045316064605436,0.047721482672968885
77.95,-1.7236601487187388,0.10143759065032211,0.06277495125375546
77.96000000000001,-1.723662645218276,0.12528521447975577,0.08019944523693509
77.97,-1.7236653054933826,0.1525877821661612,0.10049092057240376
77.98,-1.7236681244853505,0.18412583874526853,0.12430628325730407
77.99,-1.7236710956154315,0.2209518369708059,0.15253498191016573
78.0,-1.7236742101348217,0.2645222823255929,0.18641319954407035
78.01,-1.7236774563894233,0.31691679497240416,0.22771379599317726
78.02,-1.7236808188602666,0.3812199577031988,0.27907860414467023
78.03,-1.7236842763390734,0.4622291886250143,0.3446368851272648
78.04,-1.723687799115897,0.5678726253428705,0.4312495354737456
78.05,-1.723691343854338,0.7123496281074115,0.551278561055838
78.06,-1.7236948436037962,0.924104928062445,0.7296598700419821
78.07000000000001,-1.7236981850466364,1.2705142316634055,1.0259555385067618
78.08,-1.7237011443305406,1.9631538340221095,1.6293297282998958
78.09,-1.723703125787729,4.202781573817376,3.6357759435145773
78.10000000000001,-1.723703017235085,6.387486991867158,6.13220078512948
78.11,-1.7237040972315434,2.1670830430618553,2.2349404371800494
78.12,-1.7237045252310281,1.2583717680391588,1.3627149096595466
78.13,-1.72370432141425,0.8593416566053178,0.9719781416728394
78.14,-1.723703632301036,0.6314888441298633,0.7453328497419798
78.15,-1.7237025639185135,0.4827761738533294,0.595346453859127
78.16,-1.7237011937468907,0.3775451918414913,0.48783475180014213
78.17,-1.7236995807613427,0.2989542227621952,0.40653400987187793
78.18,-1.723697771620571,0.2379624286685686,0.34265887312147175
78.19,-1.723695804364958,0.1892594753653477,0.2910203031803794
78.2,-1.7236937107095212,0.1495104675720868,0.24834301551624632
78.21000000000001,-1.7236915176401688,0.11650997250527405,0.2124507681098809
78.22,-1.7236892484821866,0.08873822973787043,0.18183722914527745
78.23,-1.7236869236501386,0.06511230293247947,0.15542444997105992
78.24,-1.7236845612204323,0.04483881340148306,0.13241943682427879
78.25,-1.7236821773413697,0.027322818418913195,0.11222511631245982
78.26,-1.723679786569198,0.012109277635890772,0.09438296720468098
78.27,-1.7236774021098165,-0.0011557665413231555,0.07853486244107666
78.28,-1.7236750360138857,-0.012751652443002387,0.06439698350680109
78.29,-1.7236726993508489,-0.022901576248229097,0.05174155743301878
78.3,-1.7236704023241982,-0.03178576609156985,0.040383800455734614
78.31,-1.723668154385181,-0.039551049781945104,0.030172410588112125
78.32000000000001,-1.7236659643270207,-0.04631791714122608,0.020982530877512437
78.33,-1.7236638403396143,-0.052185807829925546,0.012710466130733358
78.34,-1.7236617901042959,-0.05723712010913651,0.005269665839919432
78.35000000000001,-1.7236598208131133,-0.06154028249971586,-0.0014123637309965825
78.36,-1.7236579392192972,-0.06515212818264568,-0.0073964551330777395
78.37,-1.7236561517226714,-0.06811974296368412,-0.01273365210311267
78.38,-1.7236544643240503,-0.07048190992076084,-0.017466680936237183
78.39,-1.723652882709797,-0.07227024027993915,-0.021631109886842477
78.4,-1.7236514122582776,-0.0735100563776827,-0.025256262433944403
78.41,-1.7236500580946816,-0.07422107513579715,-0.02836593296035312
78.42,-1.723648825030956,-0.07441792773516176,-0.030978940896052798
78.43,-1.723647717642706,-0.07411054148565643,-0.03310954980293055
78.44,-1.723646740272336,-0.07330440242022916,-0.03476777062152492
78.45,-1.7236458970943187,-0.07200071110866268,-0.03595956239968084
78.46000000000001,-1.7236451919564075,-0.07019643913871054,-0.036686938994698486
78.47,-1.7236446285744842,-0.06788428923151132,-0.03694798593525459
78.48,-1.7236442103605416,-0.06505255771806807,-0.036736787774482096
78.49,-1.7236439407542743,-0.061684893743109676,-0.03604326216932426
78.5,-1.7236438227272024,-0.057759944944778714,-0.03485289288003887
78.51,-1.7236438591961656,-0.05325087372359329,-0.0331463487585581
78.52,-1.723644052805951,-0.048124721767112015,-0.030898970250783753
78.53,-1.7236444060802418,-0.04234159186942647,-0.028080097319659922
78.54,-1.7236449212545315,-0.035853605363391196,-0.024652203432305356
78.55,-1.7236456003550007,-0.02860357854662081,-0.020569787265565694
78.56,-1.7236464451408624,-0.020523341888157465,-0.015777956805051924
78.57000000000001,-1.7236474571868414,-0.01153159794394179,-0.010210616343996878
78.58,-1.7236486377170013,-0.0015311756143688016,-0.003788133674503813
78.59,-1.7236499876603095,0.009594517731559213,0.003585683965010536
78.60000000000001,-1.7236515075960903,0.021986124598388876,0.012027546136212416
78.61,-1.7236531977457077,0.035814444117043556,0.02167991269715218
78.62,-1.7236550578290115,0.051288595309554846,0.03271800675827499
78.63,-1.7236570870426635,0.06866709197415873,0.0453593513900854
78.64,-1.7236592840168274,0.08827312167696834,0.059876957062883554
78.65,-1.7236616465449779,0.11051602970883968,0.07661790784944995
78.66,-1.7236641716146,0.13592218658284427,0.09603012896370464
78.67,-1.7236668549725942,0.165180446000725,0.11870190312306018
78.68,-1.7236696910480513,0.19921101939720554,0.1454218951968076
78.69,-1.723672672307333,0.23927333514333046,0.17727340318428364
78.7,-1.723675788868826,0.2871416453390658,0.21578824333157104
78.71000000000001,-1.7236790274942861,0.345404519425057,0.263209991594033
78.72,-1.7236823701695783,0.41800527967131107,0.32297055628395754
78.73,-1.7236857919853876,0.5112881064999473,0.40061597793966686
78.74,-1.723689257267198,0.6362132533860234,0.5057747633074928
78.75,-1.7236927121579568,0.813643607660638,0.6568769903762743
78.76,-1.7236960692281142,1.089271619237052,0.8945531676137188
78.77,-1.7236991680165543,1.5881700144570394,1.3309571886492593
78.78,-1.7237016407198222,2.8311126442479027,2.439106947227137
78.79,-1.7237021989503987,9.435192351030606,8.635516519868494
78.8,-1.723702825336769,3.041921462022485,3.0350110510404544
78.81,-1.723703560266924,1.5440800650329876,1.615241100770683
78.82000000000001,-1.7237036185689671,1.00574817868216,1.094422040649582
78.83,-1.7237031487577306,0.7230935760193197,0.8169527964665175
78.84,-1.7237022690132138,0.5468367987145107,0.6417746832499664
78.85000000000001,-1.7237010646503914,0.4256029803407833,0.5199111399506249
78.86,-1.7236995995943731,0.3367748054876964,0.4296537882203795
78.87,-1.7236979238340824,0.2687667966561536,0.3598193412147195
78.88,-1.7236960776005337,0.21499849118550524,0.30402402584661803
78.89,-1.7236940941976078,0.17144027521358698,0.25834102731927694
78.9,-1.7236920017618986,0.135479112438016,0.22021336774682593
78.91,-1.7236898244668817,0.10534242140884681,0.18789971888001655
78.92,-1.7236875833819003,0.07978319699983423,0.1601705090183091
78.93,-1.7236852970887209,0.05789751335888445,0.1361312547728996
78.94,-1.7236829821392048,0.03901354057034906,0.1151148161392953
78.95,-1.7236806534010745,0.022621285325378673,0.09661300404101837
78.96000000000001,-1.7236783243358464,0.008326571780650813,0.08023166959894698
78.97,-1.7236760072105912,-0.004179994310946511,0.0656603416846226
78.98,-1.7236737132603372,-0.015144493504702011,0.05265117514432412
78.99,-1.7236714528367105,-0.024764874405279497,0.04100402896863306
79.0,-1.7236692355163163,-0.03320190061169791,0.030555682194844128
79.01,-1.7236670701880583,-0.04058718028202509,0.021171905710917524
79.02,-1.7236649651467295,-0.047029145276490075,0.012741544787327058
79.03,-1.723662928134996,-0.05261756255066463,0.00517204332038039
79.04,-1.7236609664266618,-0.057426977186050526,-0.0016139809613374134
79.05,-1.7236590868490702,-0.06151936550717317,-0.007681383282971438
79.06,-1.723657295831023,-0.06494619526534003,-0.01308455398301911
79.07000000000001,-1.7236555994469862,-0.06775003432836942,-0.01786903525611077
79.08,-1.7236540034407728,-0.06996581040656183,-0.022072793591509265
79.09,-1.7236525132442344,-0.07162179686151718,-0.025727222102987043
79.10000000000001,-1.7236511339794618,-0.07274037988022505,-0.02885792762511523
79.11,-1.723649870573813,-0.07333864773110126,-0.03148534313642245
79.12,-1.7236487276285681,-0.07342883202154332,-0.03362519560556641
79.13,-1.7236477095560532,-0.07301862246587308,-0.03528885100599986
79.14,-1.7236468204886088,-0.07211137018837396,-0.03648355211136094
79.15,-1.7236460644337634,-0.07070618910544749,-0.03721255926577687
79.16,-1.7236454451374774,-0.06879796030979411,-0.03747520003983564
79.17,-1.723644966130335,-0.06637724002705679,-0.03726682948307491
79.18,-1.723644630756815,-0.06343006750731914,-0.036578698869263564
79.19,-1.7236444421458441,-0.05993766468357403,-0.035397726659271836
79.2,-1.7236444033749632,-0.05587601435705772,-0.03370616085504132
79.21000000000001,-1.7236445171031225,-0.05121529766227036,-0.031481116562636774
79.22,-1.723644785928503,-0.04591916383388746,-0.028693965719519217
79.23,-1.7236452121756396,-0.0399437958056272,-0.025309547595124653
79.24,-1.7236457980618545,-0.03323672204106925,-0.021285157098329816
79.25,-1.723646545449078,-0.02573530796132991,-0.016569252961237582
79.26,-1.7236474560155686,-0.017364835990677868,-0.011099806480881394
79.27,-1.7236485311673468,-0.008036050389341992,-0.004802182573850372
79.28,-1.7236497720469166,0.002358004619736148,0.0024135969949778957
79.29,-1.723651179441372,0.013946093314749053,0.010656418610997115
79.3,-1.7236527537646353,0.026884183833357014,0.020058768995105905
79.31,-1.7236544950733135,0.04136262122233131,0.030782986410952562
79.32000000000001,-1.7236564029040893,0.05761579867499554,0.043029705750445166
79.33,-1.7236584762074885,0.07593540665887545,0.057049450413891464
79.34,-1.723660713342623,0.0966889134254432,0.07315883258576991
79.35000000000001,-1.7236631117554992,0.12034587613688823,0.09176366320105667
79.36,-1.723665667997467,0.14751628439297804,0.11339269825307276
79.37,-1.723668377253118,0.17900795544892584,0.13874825790041445
79.38,-1.723671233209263,0.2159151525777498,0.1687845530919897
79.39,-1.7236742273162844,0.2597604689877123,0.20483338035440252
79.4,-1.7236773482906218,0.31273198773124766,0.24881473661571024
79.41,-1.7236805808422038,0.3781008259328322,0.30360860659838534
79.42,-1.7236839039521508,0.46100478996091476,0.37375474847053836
79.43,-1.7236872878955292,0.5700428718039475,0.4668810857774522
79.44,-1.7236906888104495,0.7208809120688405,0.5969454657254605
79.45,-1.7236940378092993,0.945675551624029,0.7927446833882655
79.46000000000001,-1.723697215477629,1.3235566057337478,1.1255849838681078
79.47,-1.7236999766510959,2.1210191165571306,1.8377022701154735
79.48,-1.7237016054247576,5.12901904343374,4.586487915888834
79.49,-1.7237015621891736,4.929257181648806,4.766774477788907
79.5,-1.7237025614266894,1.9633814342475124,1.9918835949530271
79.51,-1.7237028958839948,1.1931698728790543,1.2545560841029746
79.52,-1.7237026548120293,0.8327746075680377,0.9048465830540312
79.53,-1.7237019688201554,0.62059476149433,0.6966970484603804
79.54,-1.7237009325792645,0.47954889075940077,0.5569759905456277
79.55,-1.7236996160087394,0.37848982976687057,0.45594735147878085
79.56,-1.7236980729038773,0.3023143088298835,0.37911868441023533
79.57000000000001,-1.7236963461240762,0.24276580781347945,0.3185325944823136
79.58,-1.723694470808181,0.19492917025158596,0.26943341386346487
79.59,-1.7236924764250452,0.15568555611070362,0.22879267331440994
79.60000000000001,-1.723690388141125,0.12295530926706169,0.19458422336501197
79.61,-1.7236882277791852,0.09529561519608722,0.16539792458203792
79.62,-1.7236860145058237,0.07167253412202206,0.140220187811603
79.63,-1.7236837653274022,0.051324928142919696,0.1183026584087571
79.64,-1.7236814954893502,0.03367965489608166,0.09908018662363155
79.65,-1.7236792187526695,0.018296753402495064,0.08211769276607273
79.66,-1.7236769476241385,0.0048328964124177975,0.06707466560492822
79.67,-1.7236746935525913,-0.006983640923521675,0.05368079881329965
79.68,-1.723672467054879,-0.017370530409143825,0.0417188765594584
79.69,-1.7236702778591484,-0.026503949314417893,0.031012502848833445
79.7,-1.7236681349789702,-0.03452773094459974,0.021417143681717182
79.71000000000001,-1.7236660468158285,-0.04156013884180005,0.01281348277701283
79.72,-1.7236640212177106,-0.04769895234443,0.005102423609540399
79.73,-1.7236620655269317,-0.05302533107667225,-0.0017987165091604695
79.74,-1.7236601866663337,-0.0576067822900672,-0.007959135531758366
79.75,-1.7236583911320518,-0.06149945896176322,-0.013436821102765659
79.76,-1.7236566850507187,-0.06474995118185553,-0.018280328923196483
79.77,-1.7236550742436314,-0.067396688384722,-0.022530180040103015
79.78,-1.7236535641898465,-0.06947103814591607,-0.026219961084490435
79.79,-1.7236521601005261,-0.07099816447742435,-0.02937718923160125
79.8,-1.723650866881516,-0.07199769215621639,-0.032023987810122084
79.81,-1.7236496892815187,-0.07248421123716184,-0.034177606333962475
79.82000000000001,-1.7236486317068995,-0.07246764671516093,-0.03585080993294765
79.83,-1.7236476984080094,-0.07195351095291534,-0.03705215588891653
79.84,-1.723646893351231,-0.07094305075164647,-0.03778616962428727
79.85000000000001,-1.7236462204280913,-0.06943329591741772,-0.03805342754350389
79.86,-1.7236456832076215,-0.06741701182480381,-0.037850550142508814
79.87,-1.7236452851175983,-0.0648825541875701,-0.037170104661268154
79.88,-1.7236450293607373,-0.061813619961757715,-0.03600041271837784
79.89,-1.7236449189813738,-0.05818888346882168,-0.034325253867605585
79.9,-1.7236449569043721,-0.053981501305284695,-0.032123451083326676
79.91,-1.7236451457045456,-0.04915846276658804,-0.02936831800001325
79.92,-1.7236454878594156,-0.04367975374166913,-0.026026939903167595
79.93,-1.7236459856086002,-0.03749729083027452,-0.022059250465450736
79.94,-1.7236466410415814,-0.03055356708399637,-0.017416852546387376
79.95,-1.7236474559258341,-0.022779930199640856,-0.012041513035111473
79.96000000000001,-1.7236484318148115,-0.014094384940463917,-0.005863235848229537
79.97,-1.7236495700200138,-0.0043987712032614035,0.0012022188285115282
79.98,-1.7236508715402392,0.006424889062368294,0.0092565528372716
79.99,-1.723652337022693,0.018519168277335657,0.01842314595524125
80.0,-1.7236539667230228,0.03205755081835175,0.028852641777803376
